timestamp,flood_probability,risk_class,risk_label,forecast_horizon
2010-01-31,2.3008240532362834e-05,1,Low,7day
2010-02-01,2.2816484488430433e-05,1,Low,7day
2010-02-02,1.980669730983209e-05,1,Low,7day
2010-02-03,4.430168337421492e-05,1,Low,7day
2010-02-04,5.00845599162858e-05,1,Low,7day
2010-02-05,6.342225970001891e-05,1,Low,7day
2010-02-06,7.585208368254825e-05,1,Low,7day
2010-02-07,9.598390897735953e-05,1,Low,7day
2010-02-08,0.00020082983246538788,1,Low,7day
2010-02-09,0.00010594254126772285,1,Low,7day
2010-02-10,7.026747334748507e-05,1,Low,7day
2010-02-11,0.0002016272337641567,1,Low,7day
2010-02-12,0.0001694256061455235,1,Low,7day
2010-02-13,9.624024824006483e-05,1,Low,7day
2010-02-14,9.576211596140638e-05,1,Low,7day
2010-02-15,0.00017860086518339813,1,Low,7day
2010-02-16,0.0001801619364414364,1,Low,7day
2010-02-17,3.065319106099196e-05,1,Low,7day
2010-02-18,7.277240365510806e-05,1,Low,7day
2010-02-19,5.4360705689759925e-05,1,Low,7day
2010-02-20,4.7572917537763715e-05,1,Low,7day
2010-02-21,2.927279274445027e-05,1,Low,7day
2010-02-22,7.492071017622948e-05,1,Low,7day
2010-02-23,6.905015470692888e-05,1,Low,7day
2010-02-24,7.593734335387126e-05,1,Low,7day
2010-02-25,4.622541382559575e-05,1,Low,7day
2010-02-26,3.332841879455373e-05,1,Low,7day
2010-02-27,6.142701749922708e-05,1,Low,7day
2010-02-28,8.97394711500965e-05,1,Low,7day
2010-03-01,4.964399340678938e-05,1,Low,7day
2010-03-02,4.2906220187433064e-05,1,Low,7day
2010-03-03,9.768829477252439e-05,1,Low,7day
2010-03-04,8.50317082949914e-05,1,Low,7day
2010-03-05,7.940064824651927e-05,1,Low,7day
2010-03-06,8.015180355869234e-05,1,Low,7day
2010-03-07,5.462536500999704e-05,1,Low,7day
2010-03-08,3.080325768678449e-05,1,Low,7day
2010-03-09,3.158620165777393e-05,1,Low,7day
2010-03-10,2.717234383453615e-05,1,Low,7day
2010-03-11,3.274661139585078e-05,1,Low,7day
2010-03-12,4.872136560152285e-05,1,Low,7day
2010-03-13,7.192203338490799e-05,1,Low,7day
2010-03-14,5.614597102976404e-05,1,Low,7day
2010-03-15,5.7640216255094856e-05,1,Low,7day
2010-03-16,7.512109004892409e-05,1,Low,7day
2010-03-17,7.462572102667764e-05,1,Low,7day
2010-03-18,0.00010291783837601542,1,Low,7day
2010-03-19,0.00010895383456954733,1,Low,7day
2010-03-20,7.6228279795032e-05,1,Low,7day
2010-03-21,9.85919323284179e-05,1,Low,7day
2010-03-22,0.00011936466762563214,1,Low,7day
2010-03-23,0.00010703341104090214,1,Low,7day
2010-03-24,0.0001077434717444703,1,Low,7day
2010-03-25,5.5335684010060504e-05,1,Low,7day
2010-03-26,7.922276563476771e-05,1,Low,7day
2010-03-27,8.526410238118842e-05,1,Low,7day
2010-03-28,6.033683166606352e-05,1,Low,7day
2010-03-29,6.509783997898921e-05,1,Low,7day
2010-03-30,0.00010959559585899115,1,Low,7day
2010-03-31,0.00011323697253828868,1,Low,7day
2010-04-01,3.3405965950805694e-05,1,Low,7day
2010-04-02,5.851716923643835e-05,1,Low,7day
2010-04-03,4.015610466012731e-05,1,Low,7day
2010-04-04,3.368312172824517e-05,1,Low,7day
2010-04-05,2.5548353733029217e-05,1,Low,7day
2010-04-06,2.713810681598261e-05,1,Low,7day
2010-04-07,2.6061854441650212e-05,1,Low,7day
2010-04-08,2.2517811885336414e-05,1,Low,7day
2010-04-09,2.7018546461476944e-05,1,Low,7day
2010-04-10,4.644643922802061e-05,1,Low,7day
2010-04-11,6.538427987834439e-05,1,Low,7day
2010-04-12,3.189327253494412e-05,1,Low,7day
2010-04-13,2.545232382544782e-05,1,Low,7day
2010-04-14,2.7102365493192337e-05,1,Low,7day
2010-04-15,2.6172665457124822e-05,1,Low,7day
2010-04-16,5.350821447791532e-05,1,Low,7day
2010-04-17,3.343496791785583e-05,1,Low,7day
2010-04-18,5.901046461076476e-05,1,Low,7day
2010-04-19,6.464969919761643e-05,1,Low,7day
2010-04-20,0.00022923182405065745,1,Low,7day
2010-04-21,0.00012768866145052016,1,Low,7day
2010-04-22,5.306409366312437e-05,1,Low,7day
2010-04-23,5.604374746326357e-05,1,Low,7day
2010-04-24,4.333465767558664e-05,1,Low,7day
2010-04-25,5.674810381606221e-05,1,Low,7day
2010-04-26,0.00013842200860381126,1,Low,7day
2010-04-27,7.096023909980431e-05,1,Low,7day
2010-04-28,3.620174538809806e-05,1,Low,7day
2010-04-29,4.498835915001109e-05,1,Low,7day
2010-04-30,8.15325474832207e-05,1,Low,7day
2010-05-01,5.136848267284222e-05,1,Low,7day
2010-05-02,3.6910136259393767e-05,1,Low,7day
2010-05-03,3.790052869589999e-05,1,Low,7day
2010-05-04,3.752760312636383e-05,1,Low,7day
2010-05-05,4.257221371517517e-05,1,Low,7day
2010-05-06,6.693012255709618e-05,1,Low,7day
2010-05-07,2.182252865168266e-05,1,Low,7day
2010-05-08,1.8014759916695766e-05,1,Low,7day
2010-05-09,1.4455397831625305e-05,1,Low,7day
2010-05-10,1.3851604308001697e-05,1,Low,7day
2010-05-11,2.6459914806764573e-05,1,Low,7day
2010-05-12,2.0338226022431627e-05,1,Low,7day
2010-05-13,5.9736263210652396e-05,1,Low,7day
2010-05-14,5.000839155400172e-05,1,Low,7day
2010-05-15,2.6244095352012664e-05,1,Low,7day
2010-05-16,1.95977627299726e-05,1,Low,7day
2010-05-17,2.1495890905498527e-05,1,Low,7day
2010-05-18,1.4303948773886077e-05,1,Low,7day
2010-05-19,1.6785890693427064e-05,1,Low,7day
2010-05-20,1.78107602550881e-05,1,Low,7day
2010-05-21,1.875705856946297e-05,1,Low,7day
2010-05-22,2.7721152946469374e-05,1,Low,7day
2010-05-23,2.625125489430502e-05,1,Low,7day
2010-05-24,4.1666575270937756e-05,1,Low,7day
2010-05-25,8.14471350167878e-05,1,Low,7day
2010-05-26,7.363956683548167e-05,1,Low,7day
2010-05-27,0.0002426593127893284,1,Low,7day
2010-05-28,0.0003906329220626503,1,Low,7day
2010-05-29,0.00032548888702876866,1,Low,7day
2010-05-30,0.00023324725043494254,1,Low,7day
2010-05-31,0.000376768788555637,1,Low,7day
2010-06-01,0.0005004708655178547,1,Low,7day
2010-06-02,0.0003065766941290349,1,Low,7day
2010-06-03,9.305413550464436e-05,1,Low,7day
2010-06-04,5.299329859553836e-05,1,Low,7day
2010-06-05,0.00012588585377670825,1,Low,7day
2010-06-06,0.0011139021953567863,1,Low,7day
2010-06-07,0.0018128219526261091,1,Low,7day
2010-06-08,0.0007852741400711238,1,Low,7day
2010-06-09,0.000825808965601027,1,Low,7day
2010-06-10,0.001536559546366334,1,Low,7day
2010-06-11,0.0009405522141605616,1,Low,7day
2010-06-12,0.0004101066442672163,1,Low,7day
2010-06-13,0.000508584373164922,1,Low,7day
2010-06-14,0.0019858567975461483,1,Low,7day
2010-06-15,0.0016039869515225291,1,Low,7day
2010-06-16,0.0010208990424871445,1,Low,7day
2010-06-17,0.00035460060462355614,1,Low,7day
2010-06-18,0.00027900870190933347,1,Low,7day
2010-06-19,0.00027125340420752764,1,Low,7day
2010-06-20,0.000126937564346008,1,Low,7day
2010-06-21,8.991970389615744e-05,1,Low,7day
2010-06-22,0.0008537796093150973,1,Low,7day
2010-06-23,0.001575397327542305,1,Low,7day
2010-06-24,0.001440086169168353,1,Low,7day
2010-06-25,0.001635426189750433,1,Low,7day
2010-06-26,0.0006071950774639845,1,Low,7day
2010-06-27,0.0008945082081481814,1,Low,7day
2010-06-28,0.0005262655904516578,1,Low,7day
2010-06-29,0.0007603481644764543,1,Low,7day
2010-06-30,0.0004595329810399562,1,Low,7day
2010-07-01,0.0010477523319423199,1,Low,7day
2010-07-02,0.00218972098082304,1,Low,7day
2010-07-03,0.002279976848512888,1,Low,7day
2010-07-04,0.007923029363155365,1,Low,7day
2010-07-05,0.012482131831347942,1,Low,7day
2010-07-06,0.021862877532839775,1,Low,7day
2010-07-07,0.026116475462913513,1,Low,7day
2010-07-08,0.005327596794813871,1,Low,7day
2010-07-09,0.029051663354039192,1,Low,7day
2010-07-10,0.005587836727499962,1,Low,7day
2010-07-11,0.06877987086772919,1,Low,7day
2010-07-12,0.19911083579063416,1,Low,7day
2010-07-13,0.16810402274131775,1,Low,7day
2010-07-14,0.12947756052017212,1,Low,7day
2010-07-15,0.12340188026428223,1,Low,7day
2010-07-16,0.9836742877960205,4,Very High,7day
2010-07-17,0.9912633895874023,4,Very High,7day
2010-07-18,0.9830321073532104,4,Very High,7day
2010-07-19,0.9933573603630066,4,Very High,7day
2010-07-20,0.9912890195846558,4,Very High,7day
2010-07-21,0.9879667162895203,4,Very High,7day
2010-07-22,0.9951174259185791,4,Very High,7day
2010-07-23,0.998187243938446,4,Very High,7day
2010-07-24,0.9996196031570435,4,Very High,7day
2010-07-25,0.9997617602348328,4,Very High,7day
2010-07-26,0.9994660019874573,4,Very High,7day
2010-07-27,0.9997535347938538,4,Very High,7day
2010-07-28,0.9997678399085999,4,Very High,7day
2010-07-29,0.9997817873954773,4,Very High,7day
2010-07-30,0.999792754650116,4,Very High,7day
2010-07-31,0.9998268485069275,4,Very High,7day
2010-08-01,0.9998472929000854,4,Very High,7day
2010-08-02,0.9997634291648865,4,Very High,7day
2010-08-03,0.9994620680809021,4,Very High,7day
2010-08-04,0.9992725253105164,4,Very High,7day
2010-08-05,0.9995267391204834,4,Very High,7day
2010-08-06,0.9988024234771729,4,Very High,7day
2010-08-07,0.9990935325622559,4,Very High,7day
2010-08-08,0.9995172023773193,4,Very High,7day
2010-08-09,0.9996161460876465,4,Very High,7day
2010-08-10,0.9994340538978577,4,Very High,7day
2010-08-11,0.9991868138313293,4,Very High,7day
2010-08-12,0.9990625977516174,4,Very High,7day
2010-08-13,0.9992638230323792,4,Very High,7day
2010-08-14,0.9993094205856323,4,Very High,7day
2010-08-15,0.9992300271987915,4,Very High,7day
2010-08-16,0.9988728165626526,4,Very High,7day
2010-08-17,0.9987295269966125,4,Very High,7day
2010-08-18,0.999396562576294,4,Very High,7day
2010-08-19,0.9994856119155884,4,Very High,7day
2010-08-20,0.9992959499359131,4,Very High,7day
2010-08-21,0.9989656209945679,4,Very High,7day
2010-08-22,0.9987772107124329,4,Very High,7day
2010-08-23,0.9989330172538757,4,Very High,7day
2010-08-24,0.9991729855537415,4,Very High,7day
2010-08-25,0.9992924928665161,4,Very High,7day
2010-08-26,0.9993447661399841,4,Very High,7day
2010-08-27,0.9991974234580994,4,Very High,7day
2010-08-28,0.9994285702705383,4,Very High,7day
2010-08-29,0.9996029734611511,4,Very High,7day
2010-08-30,0.9994280934333801,4,Very High,7day
2010-08-31,0.9990317821502686,4,Very High,7day
2010-09-01,0.9993202686309814,4,Very High,7day
2010-09-02,0.9994193315505981,4,Very High,7day
2010-09-03,0.9988164901733398,4,Very High,7day
2010-09-04,0.9989820122718811,4,Very High,7day
2010-09-05,0.9987267851829529,4,Very High,7day
2010-09-06,0.9986644983291626,4,Very High,7day
2010-09-07,0.9937210083007812,4,Very High,7day
2010-09-08,0.16790594160556793,1,Low,7day
2010-09-09,0.07750923186540604,1,Low,7day
2010-09-10,0.0969466120004654,1,Low,7day
2010-09-11,0.0718013122677803,1,Low,7day
2010-09-12,0.0034319336991757154,1,Low,7day
2010-09-13,0.0007384222117252648,1,Low,7day
2010-09-14,0.001263045589439571,1,Low,7day
2010-09-15,0.00031993570155464113,1,Low,7day
2010-09-16,0.0003014285466633737,1,Low,7day
2010-09-17,0.0003002568846568465,1,Low,7day
2010-09-18,0.000965921557508409,1,Low,7day
2010-09-19,0.00011206032650079578,1,Low,7day
2010-09-20,6.174709415063262e-05,1,Low,7day
2010-09-21,5.61183514946606e-05,1,Low,7day
2010-09-22,6.322829722194001e-05,1,Low,7day
2010-09-23,8.550845086574554e-05,1,Low,7day
2010-09-24,2.5305676899733953e-05,1,Low,7day
2010-09-25,2.041105108219199e-05,1,Low,7day
2010-09-26,2.7217052775085904e-05,1,Low,7day
2010-09-27,4.1888248233590275e-05,1,Low,7day
2010-09-28,5.220365710556507e-05,1,Low,7day
2010-09-29,4.039993291371502e-05,1,Low,7day
2010-09-30,3.2836767786648124e-05,1,Low,7day
2010-10-01,4.834223000216298e-05,1,Low,7day
2010-10-02,1.4863223441352602e-05,1,Low,7day
2010-10-03,2.3521553885075264e-05,1,Low,7day
2010-10-04,3.492762698442675e-05,1,Low,7day
2010-10-05,8.255106513388455e-05,1,Low,7day
2010-10-06,0.00011898976663360372,1,Low,7day
2010-10-07,8.177072595572099e-05,1,Low,7day
2010-10-08,9.959023009287193e-05,1,Low,7day
2010-10-09,8.09916527941823e-05,1,Low,7day
2010-10-10,0.00012384651927277446,1,Low,7day
2010-10-11,5.661772229359485e-05,1,Low,7day
2010-10-12,3.917646608897485e-05,1,Low,7day
2010-10-13,3.726466457010247e-05,1,Low,7day
2010-10-14,5.750696800532751e-05,1,Low,7day
2010-10-15,5.442979818326421e-05,1,Low,7day
2010-10-16,9.381252311868593e-05,1,Low,7day
2010-10-17,8.466736471746117e-05,1,Low,7day
2010-10-18,2.922295061580371e-05,1,Low,7day
2010-10-19,4.890971467830241e-05,1,Low,7day
2010-10-20,0.00011204813927179202,1,Low,7day
2010-10-21,0.00015790593170095235,1,Low,7day
2010-10-22,0.00024413783103227615,1,Low,7day
2010-10-23,5.605203114100732e-05,1,Low,7day
2010-10-24,2.5374914912390523e-05,1,Low,7day
2010-10-25,1.973710095626302e-05,1,Low,7day
2010-10-26,1.706847979221493e-05,1,Low,7day
2010-10-27,1.6042413335526362e-05,1,Low,7day
2010-10-28,3.388486948097125e-05,1,Low,7day
2010-10-29,2.9383296350715682e-05,1,Low,7day
2010-10-30,2.8680819013970904e-05,1,Low,7day
2010-10-31,3.72731956304051e-05,1,Low,7day
2010-11-01,2.2168163923197426e-05,1,Low,7day
2010-11-02,2.8256785299163312e-05,1,Low,7day
2010-11-03,6.312316691037267e-05,1,Low,7day
2010-11-04,2.2203032131073996e-05,1,Low,7day
2010-11-05,1.314830660703592e-05,1,Low,7day
2010-11-06,1.5316887584049255e-05,1,Low,7day
2010-11-07,1.770366907294374e-05,1,Low,7day
2010-11-08,1.9332926967763342e-05,1,Low,7day
2010-11-09,3.2870542781893164e-05,1,Low,7day
2010-11-10,3.592082066461444e-05,1,Low,7day
2010-11-11,4.694858216680586e-05,1,Low,7day
2010-11-12,4.034603261970915e-05,1,Low,7day
2010-11-13,5.426209099823609e-05,1,Low,7day
2010-11-14,4.3128315155627206e-05,1,Low,7day
2010-11-15,3.4839271393138915e-05,1,Low,7day
2010-11-16,3.008785643032752e-05,1,Low,7day
2010-11-17,6.485859921667725e-05,1,Low,7day
2010-11-18,4.05639257223811e-05,1,Low,7day
2010-11-19,3.499424201436341e-05,1,Low,7day
2010-11-20,3.214812750229612e-05,1,Low,7day
2010-11-21,3.264957194915041e-05,1,Low,7day
2010-11-22,3.670623118523508e-05,1,Low,7day
2010-11-23,7.276151154655963e-05,1,Low,7day
2010-11-24,4.94881569466088e-05,1,Low,7day
2010-11-25,2.133768612111453e-05,1,Low,7day
2010-11-26,2.6637268092599697e-05,1,Low,7day
2010-11-27,3.13552918669302e-05,1,Low,7day
2010-11-28,2.778999987640418e-05,1,Low,7day
2010-11-29,0.00010961117368424311,1,Low,7day
2010-11-30,0.00012362541747279465,1,Low,7day
2010-12-01,5.164639878785238e-05,1,Low,7day
2010-12-02,3.855720206047408e-05,1,Low,7day
2010-12-03,5.9420886827865615e-05,1,Low,7day
2010-12-04,6.562176713487133e-05,1,Low,7day
2010-12-05,8.140412683133036e-05,1,Low,7day
2010-12-06,6.537461740663275e-05,1,Low,7day
2010-12-07,5.031270848121494e-05,1,Low,7day
2010-12-08,4.1581628465792164e-05,1,Low,7day
2010-12-09,4.324226756580174e-05,1,Low,7day
2010-12-10,6.8115652538836e-05,1,Low,7day
2010-12-11,3.829669003607705e-05,1,Low,7day
2010-12-12,9.037229756359011e-05,1,Low,7day
2010-12-13,6.840799323981628e-05,1,Low,7day
2010-12-14,7.56052540964447e-05,1,Low,7day
2010-12-15,5.393907485995442e-05,1,Low,7day
2010-12-16,5.474405406857841e-05,1,Low,7day
2010-12-17,5.237464210949838e-05,1,Low,7day
2010-12-18,4.1301511373603716e-05,1,Low,7day
2010-12-19,5.318294279277325e-05,1,Low,7day
2010-12-20,7.429349352605641e-05,1,Low,7day
2010-12-21,7.182463741628453e-05,1,Low,7day
2010-12-22,5.816183329443447e-05,1,Low,7day
2010-12-23,6.974335701670498e-05,1,Low,7day
2010-12-24,5.193131073610857e-05,1,Low,7day
2010-12-25,5.769163544755429e-05,1,Low,7day
2010-12-26,9.734664490679279e-05,1,Low,7day
2010-12-27,0.00016569337458349764,1,Low,7day
2010-12-28,0.00020598855917342007,1,Low,7day
2010-12-29,9.51491529121995e-05,1,Low,7day
2010-12-30,0.00015246782277245075,1,Low,7day
2010-12-31,0.00016272833454422653,1,Low,7day
2011-01-01,0.0002594106481410563,1,Low,7day
2011-01-02,0.00025073837605305016,1,Low,7day
2011-01-03,0.00023036148922983557,1,Low,7day
2011-01-04,0.00024971322272904217,1,Low,7day
2011-01-05,0.00019402916950639337,1,Low,7day
2011-01-06,0.00012357426749076694,1,Low,7day
2011-01-07,0.00011973265645792708,1,Low,7day
2011-01-08,0.00014686505892314017,1,Low,7day
2011-01-09,0.0001372109109070152,1,Low,7day
2011-01-10,0.000128274317830801,1,Low,7day
2011-01-11,0.0002092003996949643,1,Low,7day
2011-01-12,0.00024125142954289913,1,Low,7day
2011-01-13,0.0001322503958363086,1,Low,7day
2011-01-14,0.00030745830736123025,1,Low,7day
2011-01-15,9.74549402599223e-05,1,Low,7day
2011-01-16,0.00010937666957033798,1,Low,7day
2011-01-17,0.00011262788757449016,1,Low,7day
2011-01-18,9.507033973932266e-05,1,Low,7day
2011-01-19,7.646539597772062e-05,1,Low,7day
2011-01-20,8.278874884126708e-05,1,Low,7day
2011-01-21,4.2727460822789e-05,1,Low,7day
2011-01-22,3.515097341733053e-05,1,Low,7day
2011-01-23,5.061985211796127e-05,1,Low,7day
2011-01-24,3.2280440791510046e-05,1,Low,7day
2011-01-25,2.2262673155637458e-05,1,Low,7day
2011-01-26,5.8207111578667536e-05,1,Low,7day
2011-01-27,0.00010243544238619506,1,Low,7day
2011-01-28,4.4052616431145e-05,1,Low,7day
2011-01-29,7.302231097128242e-05,1,Low,7day
2011-01-30,9.341839177068323e-05,1,Low,7day
2011-01-31,6.557585584232584e-05,1,Low,7day
2011-02-01,9.576685988577083e-05,1,Low,7day
2011-02-02,6.621277134399861e-05,1,Low,7day
2011-02-03,0.0001467404654249549,1,Low,7day
2011-02-04,0.00010265115997754037,1,Low,7day
2011-02-05,0.00015175189764704555,1,Low,7day
2011-02-06,0.00018173128773923963,1,Low,7day
2011-02-07,0.00010468863183632493,1,Low,7day
2011-02-08,6.432604277506471e-05,1,Low,7day
2011-02-09,8.6065789218992e-05,1,Low,7day
2011-02-10,0.00013891654089093208,1,Low,7day
2011-02-11,0.00020223837054800242,1,Low,7day
2011-02-12,0.0005239102756604552,1,Low,7day
2011-02-13,0.000319977814797312,1,Low,7day
2011-02-14,0.0002718045434448868,1,Low,7day
2011-02-15,0.00015486300981137902,1,Low,7day
2011-02-16,0.00020161781867500395,1,Low,7day
2011-02-17,0.0003338820533826947,1,Low,7day
2011-02-18,0.00022869391250424087,1,Low,7day
2011-02-19,0.0003156267339363694,1,Low,7day
2011-02-20,0.0002400013036094606,1,Low,7day
2011-02-21,0.00029350208933465183,1,Low,7day
2011-02-22,0.0002520376874599606,1,Low,7day
2011-02-23,0.000244849274167791,1,Low,7day
2011-02-24,0.00011035452916985378,1,Low,7day
2011-02-25,0.00017092475900426507,1,Low,7day
2011-02-26,6.423862942028791e-05,1,Low,7day
2011-02-27,0.00016748177586123347,1,Low,7day
2011-02-28,0.0003414461971260607,1,Low,7day
2011-03-01,0.0007541131926700473,1,Low,7day
2011-03-02,0.0005671867402270436,1,Low,7day
2011-03-03,0.0005876544746570289,1,Low,7day
2011-03-04,0.0004354642587713897,1,Low,7day
2011-03-05,0.0007140038651414216,1,Low,7day
2011-03-06,0.0013726145261898637,1,Low,7day
2011-03-07,0.0007347454084083438,1,Low,7day
2011-03-08,0.00043605102109722793,1,Low,7day
2011-03-09,0.0003232620074413717,1,Low,7day
2011-03-10,0.00046331697376444936,1,Low,7day
2011-03-11,0.0005154263344593346,1,Low,7day
2011-03-12,0.00037822319427505136,1,Low,7day
2011-03-13,0.00023853647871874273,1,Low,7day
2011-03-14,0.00016241474077105522,1,Low,7day
2011-03-15,0.0001373039704049006,1,Low,7day
2011-03-16,9.710105223348364e-05,1,Low,7day
2011-03-17,9.573800343787298e-05,1,Low,7day
2011-03-18,8.493089990224689e-05,1,Low,7day
2011-03-19,0.0001254533854080364,1,Low,7day
2011-03-20,0.00014590889622922987,1,Low,7day
2011-03-21,8.126095053739846e-05,1,Low,7day
2011-03-22,8.273185085272416e-05,1,Low,7day
2011-03-23,8.177664858521894e-05,1,Low,7day
2011-03-24,8.226690260926262e-05,1,Low,7day
2011-03-25,3.394781015231274e-05,1,Low,7day
2011-03-26,2.282194691360928e-05,1,Low,7day
2011-03-27,2.2321135475067422e-05,1,Low,7day
2011-03-28,4.827851807931438e-05,1,Low,7day
2011-03-29,3.5195615055272356e-05,1,Low,7day
2011-03-30,1.7312480849795975e-05,1,Low,7day
2011-03-31,1.7709662643028423e-05,1,Low,7day
2011-04-01,2.2616271962760948e-05,1,Low,7day
2011-04-02,1.4644309885625262e-05,1,Low,7day
2011-04-03,2.392658825556282e-05,1,Low,7day
2011-04-04,3.6199675378156826e-05,1,Low,7day
2011-04-05,3.055434353882447e-05,1,Low,7day
2011-04-06,3.921687675756402e-05,1,Low,7day
2011-04-07,8.58007842907682e-05,1,Low,7day
2011-04-08,9.577580931363627e-05,1,Low,7day
2011-04-09,0.000130579894175753,1,Low,7day
2011-04-10,0.00017437631322536618,1,Low,7day
2011-04-11,7.759676373098046e-05,1,Low,7day
2011-04-12,7.106635166564956e-05,1,Low,7day
2011-04-13,4.627865564543754e-05,1,Low,7day
2011-04-14,6.81529490975663e-05,1,Low,7day
2011-04-15,0.00010519909847062081,1,Low,7day
2011-04-16,0.00036801875103265047,1,Low,7day
2011-04-17,0.00010863513307413086,1,Low,7day
2011-04-18,0.00011169834033353254,1,Low,7day
2011-04-19,9.626016981201246e-05,1,Low,7day
2011-04-20,6.781932461308315e-05,1,Low,7day
2011-04-21,6.746267899870872e-05,1,Low,7day
2011-04-22,3.837975600617938e-05,1,Low,7day
2011-04-23,6.844616291346028e-05,1,Low,7day
2011-04-24,4.014990190626122e-05,1,Low,7day
2011-04-25,3.851787550956942e-05,1,Low,7day
2011-04-26,2.4330083761014976e-05,1,Low,7day
2011-04-27,3.426803232287057e-05,1,Low,7day
2011-04-28,1.3209765711508226e-05,1,Low,7day
2011-04-29,1.3034409676038194e-05,1,Low,7day
2011-04-30,1.1753498256439343e-05,1,Low,7day
2011-05-01,1.598946073499974e-05,1,Low,7day
2011-05-02,2.9815906600560993e-05,1,Low,7day
2011-05-03,2.71797562163556e-05,1,Low,7day
2011-05-04,2.5996843760367483e-05,1,Low,7day
2011-05-05,1.03627598946332e-05,1,Low,7day
2011-05-06,1.1364074453013018e-05,1,Low,7day
2011-05-07,1.0508856576052494e-05,1,Low,7day
2011-05-08,1.203360989165958e-05,1,Low,7day
2011-05-09,1.5394442016258836e-05,1,Low,7day
2011-05-10,1.3111882253724616e-05,1,Low,7day
2011-05-11,2.155420952476561e-05,1,Low,7day
2011-05-12,2.210369348176755e-05,1,Low,7day
2011-05-13,2.423095611447934e-05,1,Low,7day
2011-05-14,2.161474731110502e-05,1,Low,7day
2011-05-15,3.6276844184612855e-05,1,Low,7day
2011-05-16,4.7207216994138435e-05,1,Low,7day
2011-05-17,3.860090873786248e-05,1,Low,7day
2011-05-18,5.387717828853056e-05,1,Low,7day
2011-05-19,3.186420872225426e-05,1,Low,7day
2011-05-20,0.00015256977349054068,1,Low,7day
2011-05-21,0.0001445018860977143,1,Low,7day
2011-05-22,0.00020326235971879214,1,Low,7day
2011-05-23,0.00010168684093514457,1,Low,7day
2011-05-24,0.0001794940762920305,1,Low,7day
2011-05-25,0.000195644490304403,1,Low,7day
2011-05-26,0.00016871756815817207,1,Low,7day
2011-05-27,0.0002815435000229627,1,Low,7day
2011-05-28,0.00016012738342396915,1,Low,7day
2011-05-29,0.00020197589765302837,1,Low,7day
2011-05-30,0.00016399002925027162,1,Low,7day
2011-05-31,0.00032316340366378427,1,Low,7day
2011-06-01,0.00027669130940921605,1,Low,7day
2011-06-02,0.000384188984753564,1,Low,7day
2011-06-03,0.00026480856467969716,1,Low,7day
2011-06-04,0.00027372429030947387,1,Low,7day
2011-06-05,0.0001898784830700606,1,Low,7day
2011-06-06,0.00015496773994527757,1,Low,7day
2011-06-07,0.00019813093240372837,1,Low,7day
2011-06-08,0.00016017150483094156,1,Low,7day
2011-06-09,0.0003390885249245912,1,Low,7day
2011-06-10,0.00018772293697111309,1,Low,7day
2011-06-11,0.00020636836416088045,1,Low,7day
2011-06-12,0.0003039463481400162,1,Low,7day
2011-06-13,0.00019663810962811112,1,Low,7day
2011-06-14,7.007669046288356e-05,1,Low,7day
2011-06-15,0.00011703534983098507,1,Low,7day
2011-06-16,0.0001654248480917886,1,Low,7day
2011-06-17,0.000353775336407125,1,Low,7day
2011-06-18,0.0002078374964185059,1,Low,7day
2011-06-19,0.00018773153715301305,1,Low,7day
2011-06-20,0.0006928093498572707,1,Low,7day
2011-06-21,0.0005464785499498248,1,Low,7day
2011-06-22,0.0002645241911523044,1,Low,7day
2011-06-23,0.000525257084518671,1,Low,7day
2011-06-24,0.00041119297384284437,1,Low,7day
2011-06-25,0.0002497770474292338,1,Low,7day
2011-06-26,0.0006922322208993137,1,Low,7day
2011-06-27,0.0005909714382141829,1,Low,7day
2011-06-28,0.00035419786581769586,1,Low,7day
2011-06-29,0.0001695877144811675,1,Low,7day
2011-06-30,0.0006765246507711709,1,Low,7day
2011-07-01,0.0010343396570533514,1,Low,7day
2011-07-02,0.0010945763206109405,1,Low,7day
2011-07-03,0.017754776403307915,1,Low,7day
2011-07-04,0.001034311018884182,1,Low,7day
2011-07-05,0.0007972099119797349,1,Low,7day
2011-07-06,0.0011103214928880334,1,Low,7day
2011-07-07,0.007312629837542772,1,Low,7day
2011-07-08,0.0125817209482193,1,Low,7day
2011-07-09,0.010498043149709702,1,Low,7day
2011-07-10,0.027003249153494835,1,Low,7day
2011-07-11,0.052181120961904526,1,Low,7day
2011-07-12,0.030105341225862503,1,Low,7day
2011-07-13,0.00448210583999753,1,Low,7day
2011-07-14,0.005021176300942898,1,Low,7day
2011-07-15,0.048394251614809036,1,Low,7day
2011-07-16,0.08013974130153656,1,Low,7day
2011-07-17,0.03166912868618965,1,Low,7day
2011-07-18,0.02951548621058464,1,Low,7day
2011-07-19,0.02220640517771244,1,Low,7day
2011-07-20,0.002978795673698187,1,Low,7day
2011-07-21,0.0017772482242435217,1,Low,7day
2011-07-22,0.005837951321154833,1,Low,7day
2011-07-23,0.007854941301047802,1,Low,7day
2011-07-24,0.01283092238008976,1,Low,7day
2011-07-25,0.05280559882521629,1,Low,7day
2011-07-26,0.05431607738137245,1,Low,7day
2011-07-27,0.056047871708869934,1,Low,7day
2011-07-28,0.06418018043041229,1,Low,7day
2011-07-29,0.08028024435043335,1,Low,7day
2011-07-30,0.11503820866346359,1,Low,7day
2011-07-31,0.03863950073719025,1,Low,7day
2011-08-01,0.04311307147145271,1,Low,7day
2011-08-02,0.04818310961127281,1,Low,7day
2011-08-03,0.23262858390808105,1,Low,7day
2011-08-04,0.9829435348510742,4,Very High,7day
2011-08-05,0.9900738000869751,4,Very High,7day
2011-08-06,0.9855079054832458,4,Very High,7day
2011-08-07,0.9868983030319214,4,Very High,7day
2011-08-08,0.9871582388877869,4,Very High,7day
2011-08-09,0.9932426810264587,4,Very High,7day
2011-08-10,0.9934817552566528,4,Very High,7day
2011-08-11,0.9956358075141907,4,Very High,7day
2011-08-12,0.9955217838287354,4,Very High,7day
2011-08-13,0.29110437631607056,2,Moderate,7day
2011-08-14,0.02890319749712944,1,Low,7day
2011-08-15,0.051610782742500305,1,Low,7day
2011-08-16,0.10253620147705078,1,Low,7day
2011-08-17,0.07028011977672577,1,Low,7day
2011-08-18,0.03749905526638031,1,Low,7day
2011-08-19,0.02751730941236019,1,Low,7day
2011-08-20,0.0063611287623643875,1,Low,7day
2011-08-21,0.010099045000970364,1,Low,7day
2011-08-22,0.00994429737329483,1,Low,7day
2011-08-23,0.0059527079574763775,1,Low,7day
2011-08-24,0.00785562489181757,1,Low,7day
2011-08-25,0.0016617062501609325,1,Low,7day
2011-08-26,0.0019961711950600147,1,Low,7day
2011-08-27,0.004788097459822893,1,Low,7day
2011-08-28,0.018036825582385063,1,Low,7day
2011-08-29,0.03268846496939659,1,Low,7day
2011-08-30,0.12065573036670685,1,Low,7day
2011-08-31,0.08846350759267807,1,Low,7day
2011-09-01,0.052037954330444336,1,Low,7day
2011-09-02,0.03872111439704895,1,Low,7day
2011-09-03,0.052724357694387436,1,Low,7day
2011-09-04,0.016524750739336014,1,Low,7day
2011-09-05,0.026279931887984276,1,Low,7day
2011-09-06,0.032755911350250244,1,Low,7day
2011-09-07,0.028530223295092583,1,Low,7day
2011-09-08,0.04363362491130829,1,Low,7day
2011-09-09,0.13164022564888,1,Low,7day
2011-09-10,0.05380288138985634,1,Low,7day
2011-09-11,0.015840789303183556,1,Low,7day
2011-09-12,0.01283066812902689,1,Low,7day
2011-09-13,0.026070091873407364,1,Low,7day
2011-09-14,0.04004702717065811,1,Low,7day
2011-09-15,0.005537088960409164,1,Low,7day
2011-09-16,0.004951257258653641,1,Low,7day
2011-09-17,0.003524518571794033,1,Low,7day
2011-09-18,0.0025973296724259853,1,Low,7day
2011-09-19,0.0012910210061818361,1,Low,7day
2011-09-20,0.0022564802784472704,1,Low,7day
2011-09-21,0.0008974694064818323,1,Low,7day
2011-09-22,0.0006242120289243758,1,Low,7day
2011-09-23,0.0006473479443229735,1,Low,7day
2011-09-24,0.0007832749397493899,1,Low,7day
2011-09-25,0.0012562667252495885,1,Low,7day
2011-09-26,0.00040445468039251864,1,Low,7day
2011-09-27,0.00012013796367682517,1,Low,7day
2011-09-28,0.00011513038043631241,1,Low,7day
2011-09-29,9.962584590539336e-05,1,Low,7day
2011-09-30,0.00014304665091913193,1,Low,7day
2011-10-01,0.00016098239575512707,1,Low,7day
2011-10-02,0.00011055897630285472,1,Low,7day
2011-10-03,8.458295633317903e-05,1,Low,7day
2011-10-04,6.974322604946792e-05,1,Low,7day
2011-10-05,0.00011469940363895148,1,Low,7day
2011-10-06,0.00020434611360542476,1,Low,7day
2011-10-07,8.641579916002229e-05,1,Low,7day
2011-10-08,2.5988612833316438e-05,1,Low,7day
2011-10-09,1.7615639080759138e-05,1,Low,7day
2011-10-10,4.3682390241883695e-05,1,Low,7day
2011-10-11,4.256235115462914e-05,1,Low,7day
2011-10-12,9.135607251664624e-05,1,Low,7day
2011-10-13,7.684309093747288e-05,1,Low,7day
2011-10-14,4.4996122596785426e-05,1,Low,7day
2011-10-15,4.11622786486987e-05,1,Low,7day
2011-10-16,3.820939309662208e-05,1,Low,7day
2011-10-17,3.0295532269519754e-05,1,Low,7day
2011-10-18,1.7797196051105857e-05,1,Low,7day
2011-10-19,3.753404598683119e-05,1,Low,7day
2011-10-20,1.5485778931179084e-05,1,Low,7day
2011-10-21,8.460436220047995e-06,1,Low,7day
2011-10-22,7.068887953209924e-06,1,Low,7day
2011-10-23,6.864483111712616e-06,1,Low,7day
2011-10-24,8.045745744311716e-06,1,Low,7day
2011-10-25,9.074007721210364e-06,1,Low,7day
2011-10-26,1.2361894732748624e-05,1,Low,7day
2011-10-27,1.4356139217852615e-05,1,Low,7day
2011-10-28,1.2919477740069851e-05,1,Low,7day
2011-10-29,2.4894432499422692e-05,1,Low,7day
2011-10-30,2.315433266630862e-05,1,Low,7day
2011-10-31,1.915737993840594e-05,1,Low,7day
2011-11-01,2.3467264327337034e-05,1,Low,7day
2011-11-02,3.067690704483539e-05,1,Low,7day
2011-11-03,4.471325519261882e-05,1,Low,7day
2011-11-04,3.513877163641155e-05,1,Low,7day
2011-11-05,1.9717630493687466e-05,1,Low,7day
2011-11-06,2.3858985514380038e-05,1,Low,7day
2011-11-07,1.6893374777282588e-05,1,Low,7day
2011-11-08,2.01696439035004e-05,1,Low,7day
2011-11-09,2.0823918021051213e-05,1,Low,7day
2011-11-10,2.444536949042231e-05,1,Low,7day
2011-11-11,1.5190404155873694e-05,1,Low,7day
2011-11-12,2.576783845142927e-05,1,Low,7day
2011-11-13,3.798748002736829e-05,1,Low,7day
2011-11-14,2.039888931903988e-05,1,Low,7day
2011-11-15,2.2582047677133232e-05,1,Low,7day
2011-11-16,1.657595748838503e-05,1,Low,7day
2011-11-17,1.579718264110852e-05,1,Low,7day
2011-11-18,1.539623372082133e-05,1,Low,7day
2011-11-19,1.2327494914643466e-05,1,Low,7day
2011-11-20,2.7279598725726828e-05,1,Low,7day
2011-11-21,3.540696343407035e-05,1,Low,7day
2011-11-22,3.407999247428961e-05,1,Low,7day
2011-11-23,3.5386103263590485e-05,1,Low,7day
2011-11-24,3.4453169064363465e-05,1,Low,7day
2011-11-25,4.843895658268593e-05,1,Low,7day
2011-11-26,2.6357389288023114e-05,1,Low,7day
2011-11-27,4.818045999854803e-05,1,Low,7day
2011-11-28,7.427146192640066e-05,1,Low,7day
2011-11-29,8.091954805422574e-05,1,Low,7day
2011-11-30,7.34405402909033e-05,1,Low,7day
2011-12-01,7.549660949734971e-05,1,Low,7day
2011-12-02,3.735895370482467e-05,1,Low,7day
2011-12-03,4.724288737634197e-05,1,Low,7day
2011-12-04,0.00011441473907325417,1,Low,7day
2011-12-05,0.00011774470476666465,1,Low,7day
2011-12-06,0.00013983833196107298,1,Low,7day
2011-12-07,0.00012478894495870918,1,Low,7day
2011-12-08,0.00012208725092932582,1,Low,7day
2011-12-09,0.00012026621698169038,1,Low,7day
2011-12-10,0.0001257890253327787,1,Low,7day
2011-12-11,7.401989569189027e-05,1,Low,7day
2011-12-12,6.056084021111019e-05,1,Low,7day
2011-12-13,6.434365059249103e-05,1,Low,7day
2011-12-14,3.515191201586276e-05,1,Low,7day
2011-12-15,1.5580835679429583e-05,1,Low,7day
2011-12-16,3.1702988053439185e-05,1,Low,7day
2011-12-17,3.0106886697467417e-05,1,Low,7day
2011-12-18,2.3632872398593463e-05,1,Low,7day
2011-12-19,2.891199073928874e-05,1,Low,7day
2011-12-20,6.355321238515899e-05,1,Low,7day
2011-12-21,4.591852848534472e-05,1,Low,7day
2011-12-22,6.177430623210967e-05,1,Low,7day
2011-12-23,6.714824849041179e-05,1,Low,7day
2011-12-24,6.086914800107479e-05,1,Low,7day
2011-12-25,5.5361862905556336e-05,1,Low,7day
2011-12-26,4.4025611714459956e-05,1,Low,7day
2011-12-27,5.841647362103686e-05,1,Low,7day
2011-12-28,4.897454346064478e-05,1,Low,7day
2011-12-29,7.654821092728525e-05,1,Low,7day
2011-12-30,7.14563429937698e-05,1,Low,7day
2011-12-31,5.06608012074139e-05,1,Low,7day
2012-01-01,0.00020927302830386907,1,Low,7day
2012-01-02,6.0637587012024596e-05,1,Low,7day
2012-01-03,5.800452709081583e-05,1,Low,7day
2012-01-04,0.0001371016987832263,1,Low,7day
2012-01-05,0.00012166688975412399,1,Low,7day
2012-01-06,0.00017800412024371326,1,Low,7day
2012-01-07,0.0003033063549082726,1,Low,7day
2012-01-08,0.00047082192031666636,1,Low,7day
2012-01-09,0.00019507708202581853,1,Low,7day
2012-01-10,0.00040321412961930037,1,Low,7day
2012-01-11,0.00018754528719000518,1,Low,7day
2012-01-12,0.00014113116776570678,1,Low,7day
2012-01-13,0.00017343959189020097,1,Low,7day
2012-01-14,0.0002635434502735734,1,Low,7day
2012-01-15,0.00022237541270442307,1,Low,7day
2012-01-16,9.57781812758185e-05,1,Low,7day
2012-01-17,0.00015134210116229951,1,Low,7day
2012-01-18,0.00013229995965957642,1,Low,7day
2012-01-19,8.506772428518161e-05,1,Low,7day
2012-01-20,8.65616966621019e-05,1,Low,7day
2012-01-21,0.0001586871949257329,1,Low,7day
2012-01-22,0.00015698715287726372,1,Low,7day
2012-01-23,8.93189207999967e-05,1,Low,7day
2012-01-24,0.00018527943757362664,1,Low,7day
2012-01-25,0.00017646544438321143,1,Low,7day
2012-01-26,0.00011245007044635713,1,Low,7day
2012-01-27,0.00011636300041573122,1,Low,7day
2012-01-28,0.00011366494436515495,1,Low,7day
2012-01-29,0.00012095132115064189,1,Low,7day
2012-01-30,0.0001505615218775347,1,Low,7day
2012-01-31,0.00015830484335310757,1,Low,7day
2012-02-01,5.8418478147359565e-05,1,Low,7day
2012-02-02,6.117459997767583e-05,1,Low,7day
2012-02-03,9.23762854654342e-05,1,Low,7day
2012-02-04,0.0002638111764099449,1,Low,7day
2012-02-05,0.0002158804563805461,1,Low,7day
2012-02-06,0.0003111585392616689,1,Low,7day
2012-02-07,0.000190282822586596,1,Low,7day
2012-02-08,0.00016625250282231718,1,Low,7day
2012-02-09,0.00019988724670838565,1,Low,7day
2012-02-10,0.0001995098718907684,1,Low,7day
2012-02-11,0.0002808143326546997,1,Low,7day
2012-02-12,0.0007730842917226255,1,Low,7day
2012-02-13,0.00035235864925198257,1,Low,7day
2012-02-14,0.00024813308846205473,1,Low,7day
2012-02-15,0.00020974603830836713,1,Low,7day
2012-02-16,0.00010518766066525131,1,Low,7day
2012-02-17,0.00031067238887771964,1,Low,7day
2012-02-18,0.0004954724572598934,1,Low,7day
2012-02-19,0.0004506883560679853,1,Low,7day
2012-02-20,0.00028100580675527453,1,Low,7day
2012-02-21,0.00022076816821936518,1,Low,7day
2012-02-22,0.00013602945546153933,1,Low,7day
2012-02-23,0.0001222912542289123,1,Low,7day
2012-02-24,0.00011582586012082174,1,Low,7day
2012-02-25,0.00017168396152555943,1,Low,7day
2012-02-26,0.00025805021869018674,1,Low,7day
2012-02-27,0.0001867725804913789,1,Low,7day
2012-02-28,0.00012982515909243375,1,Low,7day
2012-02-29,0.00014454916527029127,1,Low,7day
2012-03-01,0.0001817943702917546,1,Low,7day
2012-03-02,0.00012991458061151206,1,Low,7day
2012-03-03,0.00017749075777828693,1,Low,7day
2012-03-04,0.0001672034995863214,1,Low,7day
2012-03-05,7.945957622723654e-05,1,Low,7day
2012-03-06,5.826969936606474e-05,1,Low,7day
2012-03-07,8.737259486224502e-05,1,Low,7day
2012-03-08,4.941538645653054e-05,1,Low,7day
2012-03-09,4.369651651359163e-05,1,Low,7day
2012-03-10,6.557416782015935e-05,1,Low,7day
2012-03-11,0.0002443448465783149,1,Low,7day
2012-03-12,0.0001690770295681432,1,Low,7day
2012-03-13,0.00015687641280237585,1,Low,7day
2012-03-14,0.00016167030844371766,1,Low,7day
2012-03-15,0.0002090988855343312,1,Low,7day
2012-03-16,8.621068263892084e-05,1,Low,7day
2012-03-17,0.00010380679304944351,1,Low,7day
2012-03-18,7.652580097783357e-05,1,Low,7day
2012-03-19,7.476019527530298e-05,1,Low,7day
2012-03-20,7.9449346230831e-05,1,Low,7day
2012-03-21,7.855893636588007e-05,1,Low,7day
2012-03-22,5.068931568530388e-05,1,Low,7day
2012-03-23,5.518949546967633e-05,1,Low,7day
2012-03-24,4.869976328336634e-05,1,Low,7day
2012-03-25,4.2088173358934e-05,1,Low,7day
2012-03-26,4.554877523332834e-05,1,Low,7day
2012-03-27,0.0001323180040344596,1,Low,7day
2012-03-28,0.00017707186634652317,1,Low,7day
2012-03-29,3.958876186516136e-05,1,Low,7day
2012-03-30,3.851251312880777e-05,1,Low,7day
2012-03-31,3.268063301220536e-05,1,Low,7day
2012-04-01,8.11322606750764e-05,1,Low,7day
2012-04-02,5.534523734240793e-05,1,Low,7day
2012-04-03,4.379468009574339e-05,1,Low,7day
2012-04-04,3.9766069676261395e-05,1,Low,7day
2012-04-05,6.564104842254892e-05,1,Low,7day
2012-04-06,7.237840327434242e-05,1,Low,7day
2012-04-07,0.00010586356074782088,1,Low,7day
2012-04-08,8.001914829947054e-05,1,Low,7day
2012-04-09,0.00012233943562023342,1,Low,7day
2012-04-10,3.529840614646673e-05,1,Low,7day
2012-04-11,3.4125783713534474e-05,1,Low,7day
2012-04-12,6.646873225690797e-05,1,Low,7day
2012-04-13,8.17241016193293e-05,1,Low,7day
2012-04-14,0.0001234287046827376,1,Low,7day
2012-04-15,8.257515582954511e-05,1,Low,7day
2012-04-16,7.062277290970087e-05,1,Low,7day
2012-04-17,0.00011857203935505822,1,Low,7day
2012-04-18,0.00010357412975281477,1,Low,7day
2012-04-19,0.00010908689728239551,1,Low,7day
2012-04-20,0.0002165293990401551,1,Low,7day
2012-04-21,8.475509093841538e-05,1,Low,7day
2012-04-22,3.4808286727638915e-05,1,Low,7day
2012-04-23,5.095082087791525e-05,1,Low,7day
2012-04-24,3.078187728533521e-05,1,Low,7day
2012-04-25,3.973051207140088e-05,1,Low,7day
2012-04-26,6.787431630073115e-05,1,Low,7day
2012-04-27,5.636743298964575e-05,1,Low,7day
2012-04-28,4.202580385026522e-05,1,Low,7day
2012-04-29,5.077959576738067e-05,1,Low,7day
2012-04-30,4.704130333266221e-05,1,Low,7day
2012-05-01,3.5388668038649485e-05,1,Low,7day
2012-05-02,2.1020470740040764e-05,1,Low,7day
2012-05-03,2.3171009161160327e-05,1,Low,7day
2012-05-04,1.916675319080241e-05,1,Low,7day
2012-05-05,2.766991383396089e-05,1,Low,7day
2012-05-06,3.7208628782536834e-05,1,Low,7day
2012-05-07,3.0481523936032318e-05,1,Low,7day
2012-05-08,2.158565985155292e-05,1,Low,7day
2012-05-09,2.3019259970169514e-05,1,Low,7day
2012-05-10,4.719038406619802e-05,1,Low,7day
2012-05-11,5.170069925952703e-05,1,Low,7day
2012-05-12,3.1305989978136495e-05,1,Low,7day
2012-05-13,4.498440830502659e-05,1,Low,7day
2012-05-14,2.5982764782384038e-05,1,Low,7day
2012-05-15,2.0114130165893584e-05,1,Low,7day
2012-05-16,3.9900693082017824e-05,1,Low,7day
2012-05-17,2.316181780770421e-05,1,Low,7day
2012-05-18,2.512935498089064e-05,1,Low,7day
2012-05-19,3.8794132706243545e-05,1,Low,7day
2012-05-20,4.197301677777432e-05,1,Low,7day
2012-05-21,3.3395965147065e-05,1,Low,7day
2012-05-22,2.3419755962095223e-05,1,Low,7day
2012-05-23,1.872640677902382e-05,1,Low,7day
2012-05-24,2.1111516616656445e-05,1,Low,7day
2012-05-25,1.8726317648543045e-05,1,Low,7day
2012-05-26,1.322612752119312e-05,1,Low,7day
2012-05-27,1.1381839613022748e-05,1,Low,7day
2012-05-28,1.0276294233335648e-05,1,Low,7day
2012-05-29,1.3078674783173483e-05,1,Low,7day
2012-05-30,1.1245816494920291e-05,1,Low,7day
2012-05-31,2.1415007722680457e-05,1,Low,7day
2012-06-01,3.516170181683265e-05,1,Low,7day
2012-06-02,3.8239031709963456e-05,1,Low,7day
2012-06-03,5.8212830481352285e-05,1,Low,7day
2012-06-04,7.64837022870779e-05,1,Low,7day
2012-06-05,0.00010308776836609468,1,Low,7day
2012-06-06,8.268705278169364e-05,1,Low,7day
2012-06-07,5.977073305984959e-05,1,Low,7day
2012-06-08,9.498334839008749e-05,1,Low,7day
2012-06-09,0.00012625227100215852,1,Low,7day
2012-06-10,9.957987640518695e-05,1,Low,7day
2012-06-11,9.393175423610955e-05,1,Low,7day
2012-06-12,5.385082840803079e-05,1,Low,7day
2012-06-13,8.210404484998435e-05,1,Low,7day
2012-06-14,8.001762034837157e-05,1,Low,7day
2012-06-15,6.778227543691173e-05,1,Low,7day
2012-06-16,0.00010159534576814622,1,Low,7day
2012-06-17,8.931475167628378e-05,1,Low,7day
2012-06-18,8.29217242426239e-05,1,Low,7day
2012-06-19,0.00021456711692735553,1,Low,7day
2012-06-20,0.00022513861767947674,1,Low,7day
2012-06-21,0.00013703256263397634,1,Low,7day
2012-06-22,0.00010301485599484295,1,Low,7day
2012-06-23,0.00015642963990103453,1,Low,7day
2012-06-24,0.00017506853328086436,1,Low,7day
2012-06-25,0.000222849179408513,1,Low,7day
2012-06-26,0.0003003776946570724,1,Low,7day
2012-06-27,0.0004107504209969193,1,Low,7day
2012-06-28,0.0008102849824354053,1,Low,7day
2012-06-29,0.0004719171847682446,1,Low,7day
2012-06-30,0.00041519859223626554,1,Low,7day
2012-07-01,0.0003040773735847324,1,Low,7day
2012-07-02,0.00010832231782842427,1,Low,7day
2012-07-03,0.00011564311716938391,1,Low,7day
2012-07-04,0.00016821992176119238,1,Low,7day
2012-07-05,0.00020427948038559407,1,Low,7day
2012-07-06,0.00023729407985229045,1,Low,7day
2012-07-07,0.0003225613327231258,1,Low,7day
2012-07-08,0.00010723753075581044,1,Low,7day
2012-07-09,5.80807427468244e-05,1,Low,7day
2012-07-10,0.0006771138869225979,1,Low,7day
2012-07-11,0.0036272371653467417,1,Low,7day
2012-07-12,0.003188144648447633,1,Low,7day
2012-07-13,0.002677977317944169,1,Low,7day
2012-07-14,0.006589137949049473,1,Low,7day
2012-07-15,0.016859538853168488,1,Low,7day
2012-07-16,0.0073075019754469395,1,Low,7day
2012-07-17,0.0045991563238203526,1,Low,7day
2012-07-18,0.05027762055397034,1,Low,7day
2012-07-19,0.09383400529623032,1,Low,7day
2012-07-20,0.10870476067066193,1,Low,7day
2012-07-21,0.08511194586753845,1,Low,7day
2012-07-22,0.026536529883742332,1,Low,7day
2012-07-23,0.017615674063563347,1,Low,7day
2012-07-24,0.019880440086126328,1,Low,7day
2012-07-25,0.006967509165406227,1,Low,7day
2012-07-26,0.015858743339776993,1,Low,7day
2012-07-27,0.01156285684555769,1,Low,7day
2012-07-28,0.02182803675532341,1,Low,7day
2012-07-29,0.0039001561235636473,1,Low,7day
2012-07-30,0.0010940810898318887,1,Low,7day
2012-07-31,0.003169925883412361,1,Low,7day
2012-08-01,0.004943693522363901,1,Low,7day
2012-08-02,0.00991902593523264,1,Low,7day
2012-08-03,0.007961125113070011,1,Low,7day
2012-08-04,0.014090198092162609,1,Low,7day
2012-08-05,0.015317555516958237,1,Low,7day
2012-08-06,0.0012159598991274834,1,Low,7day
2012-08-07,0.01548407319933176,1,Low,7day
2012-08-08,0.033939968794584274,1,Low,7day
2012-08-09,0.0034980555064976215,1,Low,7day
2012-08-10,0.005015205126255751,1,Low,7day
2012-08-11,0.029465889558196068,1,Low,7day
2012-08-12,0.01102504413574934,1,Low,7day
2012-08-13,0.004061566665768623,1,Low,7day
2012-08-14,0.001661609043367207,1,Low,7day
2012-08-15,0.016441358253359795,1,Low,7day
2012-08-16,0.002727566286921501,1,Low,7day
2012-08-17,0.0013096511829644442,1,Low,7day
2012-08-18,0.004866470582783222,1,Low,7day
2012-08-19,0.003152979537844658,1,Low,7day
2012-08-20,0.010302274487912655,1,Low,7day
2012-08-21,0.010301059111952782,1,Low,7day
2012-08-22,0.009482058696448803,1,Low,7day
2012-08-23,0.00698830233886838,1,Low,7day
2012-08-24,0.006961679086089134,1,Low,7day
2012-08-25,0.01301182247698307,1,Low,7day
2012-08-26,0.0031109419651329517,1,Low,7day
2012-08-27,0.0028972739819437265,1,Low,7day
2012-08-28,0.004276275169104338,1,Low,7day
2012-08-29,0.002526761731132865,1,Low,7day
2012-08-30,0.0031527187675237656,1,Low,7day
2012-08-31,0.002371347974985838,1,Low,7day
2012-09-01,0.00896543450653553,1,Low,7day
2012-09-02,0.00988172646611929,1,Low,7day
2012-09-03,0.025983266532421112,1,Low,7day
2012-09-04,0.16825421154499054,1,Low,7day
2012-09-05,0.9725707173347473,4,Very High,7day
2012-09-06,0.9885783195495605,4,Very High,7day
2012-09-07,0.9907512664794922,4,Very High,7day
2012-09-08,0.9969866871833801,4,Very High,7day
2012-09-09,0.9934988021850586,4,Very High,7day
2012-09-10,0.9889671206474304,4,Very High,7day
2012-09-11,0.992908239364624,4,Very High,7day
2012-09-12,0.9992412328720093,4,Very High,7day
2012-09-13,0.9995984435081482,4,Very High,7day
2012-09-14,0.999356210231781,4,Very High,7day
2012-09-15,0.9764789938926697,4,Very High,7day
2012-09-16,0.137933149933815,1,Low,7day
2012-09-17,0.024151789024472237,1,Low,7day
2012-09-18,0.010828705504536629,1,Low,7day
2012-09-19,0.00077154760947451,1,Low,7day
2012-09-20,0.00044948511640541255,1,Low,7day
2012-09-21,0.00016338180284947157,1,Low,7day
2012-09-22,0.000305683322949335,1,Low,7day
2012-09-23,9.066663915291429e-05,1,Low,7day
2012-09-24,2.4799366656225175e-05,1,Low,7day
2012-09-25,2.87488401227165e-05,1,Low,7day
2012-09-26,3.844921229756437e-05,1,Low,7day
2012-09-27,1.5058571989357006e-05,1,Low,7day
2012-09-28,2.471130937919952e-05,1,Low,7day
2012-09-29,8.289555262308568e-05,1,Low,7day
2012-09-30,5.519633486983366e-05,1,Low,7day
2012-10-01,0.00011101218115072697,1,Low,7day
2012-10-02,0.00016201708058360964,1,Low,7day
2012-10-03,0.00012958324805367738,1,Low,7day
2012-10-04,0.00010602550901239738,1,Low,7day
2012-10-05,5.046484511694871e-05,1,Low,7day
2012-10-06,6.123757339082658e-05,1,Low,7day
2012-10-07,5.014458656660281e-05,1,Low,7day
2012-10-08,4.5532971853390336e-05,1,Low,7day
2012-10-09,3.6895038647344336e-05,1,Low,7day
2012-10-10,2.7126488930662163e-05,1,Low,7day
2012-10-11,1.7792273865779862e-05,1,Low,7day
2012-10-12,1.532645728730131e-05,1,Low,7day
2012-10-13,1.626287485123612e-05,1,Low,7day
2012-10-14,1.165256071544718e-05,1,Low,7day
2012-10-15,1.778287514753174e-05,1,Low,7day
2012-10-16,1.8871982319978997e-05,1,Low,7day
2012-10-17,1.6718999177101068e-05,1,Low,7day
2012-10-18,1.9193092157365754e-05,1,Low,7day
2012-10-19,1.2190047527838033e-05,1,Low,7day
2012-10-20,1.3602309081761632e-05,1,Low,7day
2012-10-21,1.5016038560133893e-05,1,Low,7day
2012-10-22,2.2238144083530642e-05,1,Low,7day
2012-10-23,2.08055971597787e-05,1,Low,7day
2012-10-24,1.717292434477713e-05,1,Low,7day
2012-10-25,1.849054569902364e-05,1,Low,7day
2012-10-26,1.625236291147303e-05,1,Low,7day
2012-10-27,1.828035783546511e-05,1,Low,7day
2012-10-28,1.8612638086779043e-05,1,Low,7day
2012-10-29,1.9416367649682797e-05,1,Low,7day
2012-10-30,1.6910331396502443e-05,1,Low,7day
2012-10-31,2.830967423506081e-05,1,Low,7day
2012-11-01,3.127785021206364e-05,1,Low,7day
2012-11-02,2.490806218702346e-05,1,Low,7day
2012-11-03,1.965001501957886e-05,1,Low,7day
2012-11-04,1.863839315774385e-05,1,Low,7day
2012-11-05,1.9462193449726328e-05,1,Low,7day
2012-11-06,1.685192546574399e-05,1,Low,7day
2012-11-07,1.7244279661099426e-05,1,Low,7day
2012-11-08,3.0923813028493896e-05,1,Low,7day
2012-11-09,2.963402948807925e-05,1,Low,7day
2012-11-10,1.9322289517731406e-05,1,Low,7day
2012-11-11,1.904346027004067e-05,1,Low,7day
2012-11-12,2.3587683244841173e-05,1,Low,7day
2012-11-13,2.5209234081557952e-05,1,Low,7day
2012-11-14,1.947545024449937e-05,1,Low,7day
2012-11-15,1.7744674551067874e-05,1,Low,7day
2012-11-16,1.4756957170902751e-05,1,Low,7day
2012-11-17,1.5126423022593372e-05,1,Low,7day
2012-11-18,1.810348840081133e-05,1,Low,7day
2012-11-19,1.4987354916229378e-05,1,Low,7day
2012-11-20,3.1220366508932784e-05,1,Low,7day
2012-11-21,1.7283578927163035e-05,1,Low,7day
2012-11-22,2.2198964870767668e-05,1,Low,7day
2012-11-23,1.738768332870677e-05,1,Low,7day
2012-11-24,1.4319301953946706e-05,1,Low,7day
2012-11-25,1.5252168850565795e-05,1,Low,7day
2012-11-26,1.878313923953101e-05,1,Low,7day
2012-11-27,7.949379323690664e-06,1,Low,7day
2012-11-28,2.3373413569061086e-05,1,Low,7day
2012-11-29,2.2232165065361187e-05,1,Low,7day
2012-11-30,2.7162472179043107e-05,1,Low,7day
2012-12-01,5.055781002738513e-05,1,Low,7day
2012-12-02,3.2720421586418524e-05,1,Low,7day
2012-12-03,4.699283454101533e-05,1,Low,7day
2012-12-04,0.00012426161265466362,1,Low,7day
2012-12-05,8.85833433130756e-05,1,Low,7day
2012-12-06,6.144640792626888e-05,1,Low,7day
2012-12-07,4.936795448884368e-05,1,Low,7day
2012-12-08,4.727001942228526e-05,1,Low,7day
2012-12-09,7.555494812550023e-05,1,Low,7day
2012-12-10,7.880684279371053e-05,1,Low,7day
2012-12-11,5.105709715280682e-05,1,Low,7day
2012-12-12,4.135183917242102e-05,1,Low,7day
2012-12-13,3.3658845495665446e-05,1,Low,7day
2012-12-14,4.1441413486609235e-05,1,Low,7day
2012-12-15,5.931071791565046e-05,1,Low,7day
2012-12-16,6.30259673926048e-05,1,Low,7day
2012-12-17,4.559367152978666e-05,1,Low,7day
2012-12-18,7.640424882993102e-05,1,Low,7day
2012-12-19,7.649829058209434e-05,1,Low,7day
2012-12-20,5.881698234588839e-05,1,Low,7day
2012-12-21,3.817894321400672e-05,1,Low,7day
2012-12-22,5.138220149092376e-05,1,Low,7day
2012-12-23,8.974358206614852e-05,1,Low,7day
2012-12-24,9.024802420753986e-05,1,Low,7day
2012-12-25,5.747839895775542e-05,1,Low,7day
2012-12-26,6.770558684365824e-05,1,Low,7day
2012-12-27,4.641048872144893e-05,1,Low,7day
2012-12-28,0.00010398175072623417,1,Low,7day
2012-12-29,7.598470983793959e-05,1,Low,7day
2012-12-30,0.0001282051089219749,1,Low,7day
2012-12-31,9.761063847690821e-05,1,Low,7day
2013-01-01,0.00024213538563344628,1,Low,7day
2013-01-02,9.971300460165367e-05,1,Low,7day
2013-01-03,0.00012976488505955786,1,Low,7day
2013-01-04,0.0001559485972393304,1,Low,7day
2013-01-05,0.0003079543821513653,1,Low,7day
2013-01-06,0.0001660224806983024,1,Low,7day
2013-01-07,0.00011297251330688596,1,Low,7day
2013-01-08,7.044815720291808e-05,1,Low,7day
2013-01-09,5.8580593758961186e-05,1,Low,7day
2013-01-10,3.7710025935666636e-05,1,Low,7day
2013-01-11,5.332371802069247e-05,1,Low,7day
2013-01-12,6.806967576267198e-05,1,Low,7day
2013-01-13,4.594669371726923e-05,1,Low,7day
2013-01-14,7.226867455756292e-05,1,Low,7day
2013-01-15,5.9101308579556644e-05,1,Low,7day
2013-01-16,4.2357223719591275e-05,1,Low,7day
2013-01-17,6.244786345632747e-05,1,Low,7day
2013-01-18,0.0001249983033630997,1,Low,7day
2013-01-19,0.0001145422356785275,1,Low,7day
2013-01-20,0.00014987870235927403,1,Low,7day
2013-01-21,0.00014927027223166078,1,Low,7day
2013-01-22,0.0001849125255830586,1,Low,7day
2013-01-23,9.44501007325016e-05,1,Low,7day
2013-01-24,0.00019022441119886935,1,Low,7day
2013-01-25,8.138851990224794e-05,1,Low,7day
2013-01-26,6.626121466979384e-05,1,Low,7day
2013-01-27,0.00010841542825801298,1,Low,7day
2013-01-28,8.905425784178078e-05,1,Low,7day
2013-01-29,0.0001677587570156902,1,Low,7day
2013-01-30,0.0001582901895744726,1,Low,7day
2013-01-31,7.487806578865275e-05,1,Low,7day
2013-02-01,5.5248521675821394e-05,1,Low,7day
2013-02-02,8.52788143674843e-05,1,Low,7day
2013-02-03,0.00025464611826464534,1,Low,7day
2013-02-04,0.0001937672059284523,1,Low,7day
2013-02-05,0.00012037533451803029,1,Low,7day
2013-02-06,0.00011830416042357683,1,Low,7day
2013-02-07,0.0002167173515772447,1,Low,7day
2013-02-08,0.0002944303269032389,1,Low,7day
2013-02-09,4.103106402908452e-05,1,Low,7day
2013-02-10,0.00014873576583340764,1,Low,7day
2013-02-11,0.0004280117282178253,1,Low,7day
2013-02-12,3.89354900107719e-05,1,Low,7day
2013-02-13,0.00020829816639889032,1,Low,7day
2013-02-14,0.00038816063897684216,1,Low,7day
2013-02-15,0.0005810913862660527,1,Low,7day
2013-02-16,0.00030677084578201175,1,Low,7day
2013-02-17,0.000171030405908823,1,Low,7day
2013-02-18,0.0002376368793193251,1,Low,7day
2013-02-19,0.0006943484768271446,1,Low,7day
2013-02-20,0.0011168081546202302,1,Low,7day
2013-02-21,0.0011069840984418988,1,Low,7day
2013-02-22,0.00044286687625572085,1,Low,7day
2013-02-23,0.00016163608233910054,1,Low,7day
2013-02-24,0.0003216661571059376,1,Low,7day
2013-02-25,0.0004597617080435157,1,Low,7day
2013-02-26,0.0006777404341846704,1,Low,7day
2013-02-27,0.0003532454138621688,1,Low,7day
2013-02-28,0.000178179019712843,1,Low,7day
2013-03-01,0.00039394403574988246,1,Low,7day
2013-03-02,0.0004063286178279668,1,Low,7day
2013-03-03,0.00039758702041581273,1,Low,7day
2013-03-04,0.0006570200202986598,1,Low,7day
2013-03-05,0.0009162342175841331,1,Low,7day
2013-03-06,0.00026453856844455004,1,Low,7day
2013-03-07,0.00015429421910084784,1,Low,7day
2013-03-08,0.00015308227739296854,1,Low,7day
2013-03-09,0.0001200330734718591,1,Low,7day
2013-03-10,9.050389780895784e-05,1,Low,7day
2013-03-11,0.00014348654076457024,1,Low,7day
2013-03-12,0.0002620596205815673,1,Low,7day
2013-03-13,0.00017352991562802345,1,Low,7day
2013-03-14,0.00010807965009007603,1,Low,7day
2013-03-15,0.0001601548574399203,1,Low,7day
2013-03-16,0.00021622591884806752,1,Low,7day
2013-03-17,0.00013671723718289286,1,Low,7day
2013-03-18,0.00014095914957579225,1,Low,7day
2013-03-19,0.0001740019506542012,1,Low,7day
2013-03-20,0.00022175739286467433,1,Low,7day
2013-03-21,8.03962248028256e-05,1,Low,7day
2013-03-22,0.0001039270282490179,1,Low,7day
2013-03-23,9.604369552107528e-05,1,Low,7day
2013-03-24,2.9479146178346127e-05,1,Low,7day
2013-03-25,3.752860357053578e-05,1,Low,7day
2013-03-26,0.00015591098053846508,1,Low,7day
2013-03-27,0.00024892808869481087,1,Low,7day
2013-03-28,6.830246275058016e-05,1,Low,7day
2013-03-29,7.660677511012182e-05,1,Low,7day
2013-03-30,6.661569204879925e-05,1,Low,7day
2013-03-31,2.8488582756835967e-05,1,Low,7day
2013-04-01,2.923535430454649e-05,1,Low,7day
2013-04-02,0.0001153751218225807,1,Low,7day
2013-04-03,0.0001021865609800443,1,Low,7day
2013-04-04,4.487994738155976e-05,1,Low,7day
2013-04-05,4.037489998154342e-05,1,Low,7day
2013-04-06,4.2902578570647165e-05,1,Low,7day
2013-04-07,4.140451710554771e-05,1,Low,7day
2013-04-08,3.674093750305474e-05,1,Low,7day
2013-04-09,3.1491399568039924e-05,1,Low,7day
2013-04-10,2.1647359972121194e-05,1,Low,7day
2013-04-11,1.3191134712542407e-05,1,Low,7day
2013-04-12,1.75670393218752e-05,1,Low,7day
2013-04-13,2.0733123164973222e-05,1,Low,7day
2013-04-14,1.845951919676736e-05,1,Low,7day
2013-04-15,4.079070276929997e-05,1,Low,7day
2013-04-16,0.00011779748456319794,1,Low,7day
2013-04-17,4.910694042337127e-05,1,Low,7day
2013-04-18,2.1663283405359834e-05,1,Low,7day
2013-04-19,2.175742520194035e-05,1,Low,7day
2013-04-20,3.837825352093205e-05,1,Low,7day
2013-04-21,5.760313069913536e-05,1,Low,7day
2013-04-22,0.0004414232971612364,1,Low,7day
2013-04-23,0.00023958837846294045,1,Low,7day
2013-04-24,0.00018352294864598662,1,Low,7day
2013-04-25,0.00025984953390434384,1,Low,7day
2013-04-26,0.0001934777246788144,1,Low,7day
2013-04-27,0.00016123155364766717,1,Low,7day
2013-04-28,0.00010936728358501568,1,Low,7day
2013-04-29,7.671203638892621e-05,1,Low,7day
2013-04-30,4.248631375958212e-05,1,Low,7day
2013-05-01,4.5926368329674006e-05,1,Low,7day
2013-05-02,4.542792521533556e-05,1,Low,7day
2013-05-03,9.039246651809663e-05,1,Low,7day
2013-05-04,0.00012109673116356134,1,Low,7day
2013-05-05,7.74857762735337e-05,1,Low,7day
2013-05-06,3.0189081371645443e-05,1,Low,7day
2013-05-07,2.5199236915796064e-05,1,Low,7day
2013-05-08,3.1441886676475406e-05,1,Low,7day
2013-05-09,3.6590794479707256e-05,1,Low,7day
2013-05-10,7.324471516767517e-05,1,Low,7day
2013-05-11,0.00015775348583701998,1,Low,7day
2013-05-12,0.00011901246034540236,1,Low,7day
2013-05-13,5.112428334541619e-05,1,Low,7day
2013-05-14,1.785506356100086e-05,1,Low,7day
2013-05-15,2.3616674297954887e-05,1,Low,7day
2013-05-16,2.977212170662824e-05,1,Low,7day
2013-05-17,3.799715341301635e-05,1,Low,7day
2013-05-18,1.917841836984735e-05,1,Low,7day
2013-05-19,3.375380038050935e-05,1,Low,7day
2013-05-20,4.342935426393524e-05,1,Low,7day
2013-05-21,5.4040399845689535e-05,1,Low,7day
2013-05-22,4.952639574185014e-05,1,Low,7day
2013-05-23,5.347470141714439e-05,1,Low,7day
2013-05-24,3.337125963298604e-05,1,Low,7day
2013-05-25,1.683753180259373e-05,1,Low,7day
2013-05-26,3.445497713983059e-05,1,Low,7day
2013-05-27,2.175364897993859e-05,1,Low,7day
2013-05-28,1.8891860236180946e-05,1,Low,7day
2013-05-29,2.0778272300958633e-05,1,Low,7day
2013-05-30,1.4786863175686449e-05,1,Low,7day
2013-05-31,1.8334270862396806e-05,1,Low,7day
2013-06-01,3.7379377317847684e-05,1,Low,7day
2013-06-02,3.211246075807139e-05,1,Low,7day
2013-06-03,0.0002636844292283058,1,Low,7day
2013-06-04,0.00016047664394136518,1,Low,7day
2013-06-05,0.0001643881550990045,1,Low,7day
2013-06-06,0.00029429307323880494,1,Low,7day
2013-06-07,0.0005003022379241884,1,Low,7day
2013-06-08,0.0005515486700460315,1,Low,7day
2013-06-09,0.0005817048368044198,1,Low,7day
2013-06-10,0.0011594532988965511,1,Low,7day
2013-06-11,0.004893920850008726,1,Low,7day
2013-06-12,0.024063928052783012,1,Low,7day
2013-06-13,0.017412183806300163,1,Low,7day
2013-06-14,0.025192057713866234,1,Low,7day
2013-06-15,0.020617054775357246,1,Low,7day
2013-06-16,0.022957693785429,1,Low,7day
2013-06-17,0.002086881548166275,1,Low,7day
2013-06-18,0.04366077855229378,1,Low,7day
2013-06-19,0.029451582580804825,1,Low,7day
2013-06-20,0.00886140763759613,1,Low,7day
2013-06-21,0.0028134393505752087,1,Low,7day
2013-06-22,0.02592935413122177,1,Low,7day
2013-06-23,0.02067665569484234,1,Low,7day
2013-06-24,0.022942787036299706,1,Low,7day
2013-06-25,0.0226365365087986,1,Low,7day
2013-06-26,0.038176629692316055,1,Low,7day
2013-06-27,0.007329714018851519,1,Low,7day
2013-06-28,0.007761484012007713,1,Low,7day
2013-06-29,0.007543410174548626,1,Low,7day
2013-06-30,0.014737779274582863,1,Low,7day
2013-07-01,0.023568198084831238,1,Low,7day
2013-07-02,0.006084260065108538,1,Low,7day
2013-07-03,0.0014995962847024202,1,Low,7day
2013-07-04,0.0014122817665338516,1,Low,7day
2013-07-05,0.005346569232642651,1,Low,7day
2013-07-06,0.014319959096610546,1,Low,7day
2013-07-07,0.050398651510477066,1,Low,7day
2013-07-08,0.02770327962934971,1,Low,7day
2013-07-09,0.018365653231739998,1,Low,7day
2013-07-10,0.020850686356425285,1,Low,7day
2013-07-11,0.00872125569730997,1,Low,7day
2013-07-12,0.01408875361084938,1,Low,7day
2013-07-13,0.004430545959621668,1,Low,7day
2013-07-14,0.018377352505922318,1,Low,7day
2013-07-15,0.08641275018453598,1,Low,7day
2013-07-16,0.011668496765196323,1,Low,7day
2013-07-17,0.006588360760360956,1,Low,7day
2013-07-18,0.0009640027419663966,1,Low,7day
2013-07-19,0.003296892624348402,1,Low,7day
2013-07-20,0.010764436796307564,1,Low,7day
2013-07-21,0.002186201512813568,1,Low,7day
2013-07-22,0.006688348017632961,1,Low,7day
2013-07-23,0.0146461371332407,1,Low,7day
2013-07-24,0.010084315203130245,1,Low,7day
2013-07-25,0.024939512833952904,1,Low,7day
2013-07-26,0.016337867826223373,1,Low,7day
2013-07-27,0.019912756979465485,1,Low,7day
2013-07-28,0.02258344367146492,1,Low,7day
2013-07-29,0.03572315350174904,1,Low,7day
2013-07-30,0.9821212291717529,4,Very High,7day
2013-07-31,0.9913279414176941,4,Very High,7day
2013-08-01,0.9869441986083984,4,Very High,7day
2013-08-02,0.9933449029922485,4,Very High,7day
2013-08-03,0.9859864711761475,4,Very High,7day
2013-08-04,0.9875746369361877,4,Very High,7day
2013-08-05,0.996281087398529,4,Very High,7day
2013-08-06,0.9996050000190735,4,Very High,7day
2013-08-07,0.9985224604606628,4,Very High,7day
2013-08-08,0.9986984729766846,4,Very High,7day
2013-08-09,0.9990363121032715,4,Very High,7day
2013-08-10,0.998540997505188,4,Very High,7day
2013-08-11,0.9954614043235779,4,Very High,7day
2013-08-12,0.9925408363342285,4,Very High,7day
2013-08-13,0.9933604598045349,4,Very High,7day
2013-08-14,0.9959185719490051,4,Very High,7day
2013-08-15,0.9972420930862427,4,Very High,7day
2013-08-16,0.9996740818023682,4,Very High,7day
2013-08-17,0.9997099041938782,4,Very High,7day
2013-08-18,0.9995321035385132,4,Very High,7day
2013-08-19,0.9996757507324219,4,Very High,7day
2013-08-20,0.9997711777687073,4,Very High,7day
2013-08-21,0.9994655251502991,4,Very High,7day
2013-08-22,0.999387264251709,4,Very High,7day
2013-08-23,0.998788058757782,4,Very High,7day
2013-08-24,0.9985670447349548,4,Very High,7day
2013-08-25,0.9984949827194214,4,Very High,7day
2013-08-26,0.9953455328941345,4,Very High,7day
2013-08-27,0.11735856533050537,1,Low,7day
2013-08-28,0.010206886567175388,1,Low,7day
2013-08-29,0.0002435981441522017,1,Low,7day
2013-08-30,6.187494727782905e-05,1,Low,7day
2013-08-31,0.00021491048391908407,1,Low,7day
2013-09-01,0.00028846340137533844,1,Low,7day
2013-09-02,9.43388367886655e-05,1,Low,7day
2013-09-03,6.344681605696678e-05,1,Low,7day
2013-09-04,9.352499182568863e-05,1,Low,7day
2013-09-05,6.08920818194747e-05,1,Low,7day
2013-09-06,9.198617044603452e-05,1,Low,7day
2013-09-07,7.705677126068622e-05,1,Low,7day
2013-09-08,6.464236503234133e-05,1,Low,7day
2013-09-09,0.00011277242447249591,1,Low,7day
2013-09-10,0.00024383307027164847,1,Low,7day
2013-09-11,0.0003653902094811201,1,Low,7day
2013-09-12,0.00021142179321032017,1,Low,7day
2013-09-13,6.0562746512005106e-05,1,Low,7day
2013-09-14,2.3136299205361865e-05,1,Low,7day
2013-09-15,9.500337182544172e-05,1,Low,7day
2013-09-16,2.6836967663257383e-05,1,Low,7day
2013-09-17,8.320846973219886e-06,1,Low,7day
2013-09-18,6.360980933095561e-06,1,Low,7day
2013-09-19,9.591738489689305e-06,1,Low,7day
2013-09-20,1.3433907042781357e-05,1,Low,7day
2013-09-21,0.00028769191703759134,1,Low,7day
2013-09-22,0.0005026844446547329,1,Low,7day
2013-09-23,0.0020704041235148907,1,Low,7day
2013-09-24,0.004512632265686989,1,Low,7day
2013-09-25,0.002636826829984784,1,Low,7day
2013-09-26,0.007672834675759077,1,Low,7day
2013-09-27,0.026389170438051224,1,Low,7day
2013-09-28,0.030063705518841743,1,Low,7day
2013-09-29,0.04506434500217438,1,Low,7day
2013-09-30,0.03307803347706795,1,Low,7day
2013-10-01,0.020675906911492348,1,Low,7day
2013-10-02,0.016784097999334335,1,Low,7day
2013-10-03,0.004816838074475527,1,Low,7day
2013-10-04,0.0019003729103133082,1,Low,7day
2013-10-05,0.001202141516841948,1,Low,7day
2013-10-06,0.004256853833794594,1,Low,7day
2013-10-07,0.0007746037445031106,1,Low,7day
2013-10-08,0.0008796828333288431,1,Low,7day
2013-10-09,0.00039129858487285674,1,Low,7day
2013-10-10,0.0005200359737500548,1,Low,7day
2013-10-11,0.0005020648241043091,1,Low,7day
2013-10-12,0.0005556991673074663,1,Low,7day
2013-10-13,0.000466748169856146,1,Low,7day
2013-10-14,0.0002801268419716507,1,Low,7day
2013-10-15,0.0002451396139804274,1,Low,7day
2013-10-16,0.00039592510438524187,1,Low,7day
2013-10-17,0.0003430562501307577,1,Low,7day
2013-10-18,0.0001624135038582608,1,Low,7day
2013-10-19,0.00014851723972242326,1,Low,7day
2013-10-20,0.0001265309110749513,1,Low,7day
2013-10-21,0.00017809087876230478,1,Low,7day
2013-10-22,0.00011948698374908417,1,Low,7day
2013-10-23,0.00018174237629864365,1,Low,7day
2013-10-24,0.00026627443730831146,1,Low,7day
2013-10-25,0.00018808216555044055,1,Low,7day
2013-10-26,0.00016294540546368808,1,Low,7day
2013-10-27,6.0599835705943406e-05,1,Low,7day
2013-10-28,6.123389903223142e-05,1,Low,7day
2013-10-29,4.612673365045339e-05,1,Low,7day
2013-10-30,4.2096198740182444e-05,1,Low,7day
2013-10-31,2.919314465543721e-05,1,Low,7day
2013-11-01,1.714945574349258e-05,1,Low,7day
2013-11-02,1.757949030434247e-05,1,Low,7day
2013-11-03,3.750888936338015e-05,1,Low,7day
2013-11-04,6.127647793618962e-05,1,Low,7day
2013-11-05,9.607639367459342e-05,1,Low,7day
2013-11-06,0.00011144066957058385,1,Low,7day
2013-11-07,5.243490886641666e-05,1,Low,7day
2013-11-08,0.00015216122847050428,1,Low,7day
2013-11-09,0.00023074529599398375,1,Low,7day
2013-11-10,0.00023839187633711845,1,Low,7day
2013-11-11,0.00012583281204570085,1,Low,7day
2013-11-12,0.00010142429528059438,1,Low,7day
2013-11-13,4.09182976000011e-05,1,Low,7day
2013-11-14,3.704540722537786e-05,1,Low,7day
2013-11-15,5.3619110985891894e-05,1,Low,7day
2013-11-16,4.549256118480116e-05,1,Low,7day
2013-11-17,3.0561539460904896e-05,1,Low,7day
2013-11-18,3.107466909568757e-05,1,Low,7day
2013-11-19,3.16950972774066e-05,1,Low,7day
2013-11-20,0.00010202883277088404,1,Low,7day
2013-11-21,0.00010428579844301566,1,Low,7day
2013-11-22,8.849342702887952e-05,1,Low,7day
2013-11-23,0.00011593260569497943,1,Low,7day
2013-11-24,9.785910515347496e-05,1,Low,7day
2013-11-25,9.042599413078278e-05,1,Low,7day
2013-11-26,7.016435847617686e-05,1,Low,7day
2013-11-27,4.814477142645046e-05,1,Low,7day
2013-11-28,6.93422116455622e-05,1,Low,7day
2013-11-29,5.939119728282094e-05,1,Low,7day
2013-11-30,0.00010325894982088357,1,Low,7day
2013-12-01,3.3552445529494435e-05,1,Low,7day
2013-12-02,3.073902189498767e-05,1,Low,7day
2013-12-03,4.1644609154900536e-05,1,Low,7day
2013-12-04,4.94763080496341e-05,1,Low,7day
2013-12-05,3.246350752306171e-05,1,Low,7day
2013-12-06,5.492435593623668e-05,1,Low,7day
2013-12-07,4.961323065799661e-05,1,Low,7day
2013-12-08,4.124089900869876e-05,1,Low,7day
2013-12-09,3.425094473641366e-05,1,Low,7day
2013-12-10,2.57160409091739e-05,1,Low,7day
2013-12-11,1.7542330169817433e-05,1,Low,7day
2013-12-12,2.0244895495125093e-05,1,Low,7day
2013-12-13,1.976929524971638e-05,1,Low,7day
2013-12-14,1.9571223674574867e-05,1,Low,7day
2013-12-15,1.9270912162028253e-05,1,Low,7day
2013-12-16,1.5195996638794895e-05,1,Low,7day
2013-12-17,2.076278360618744e-05,1,Low,7day
2013-12-18,2.0991723431507125e-05,1,Low,7day
2013-12-19,2.0421934095793404e-05,1,Low,7day
2013-12-20,2.5122380975517444e-05,1,Low,7day
2013-12-21,2.6946163416141644e-05,1,Low,7day
2013-12-22,0.00011719728354364634,1,Low,7day
2013-12-23,0.00019321097352076322,1,Low,7day
2013-12-24,0.00022569614520762116,1,Low,7day
2013-12-25,0.00020210014190524817,1,Low,7day
2013-12-26,0.00020263520127627999,1,Low,7day
2013-12-27,0.00012200578203191981,1,Low,7day
2013-12-28,4.8862671974347904e-05,1,Low,7day
2013-12-29,6.837733963038772e-05,1,Low,7day
2013-12-30,8.381920633837581e-05,1,Low,7day
2013-12-31,7.530613947892562e-05,1,Low,7day
2014-01-01,0.0003013673413079232,1,Low,7day
2014-01-02,0.0003013673413079232,1,Low,7day
2014-01-03,0.0003471614036243409,1,Low,7day
2014-01-04,0.00018680552602745593,1,Low,7day
2014-01-05,0.00027551097446121275,1,Low,7day
2014-01-06,0.00027108765789307654,1,Low,7day
2014-01-07,0.00015858978440519422,1,Low,7day
2014-01-08,0.00017693972040433437,1,Low,7day
2014-01-09,0.00014896698121447116,1,Low,7day
2014-01-10,0.00011937286035390571,1,Low,7day
2014-01-11,0.00015988662198651582,1,Low,7day
2014-01-12,0.0001832506968639791,1,Low,7day
2014-01-13,0.00010299972927896306,1,Low,7day
2014-01-14,0.00013885005319025367,1,Low,7day
2014-01-15,0.00011605958570726216,1,Low,7day
2014-01-16,0.0001131606477429159,1,Low,7day
2014-01-17,9.982917254092172e-05,1,Low,7day
2014-01-18,0.00010599800589261577,1,Low,7day
2014-01-19,0.0003496253630146384,1,Low,7day
2014-01-20,0.00021977182768750936,1,Low,7day
2014-01-21,0.0001746908383211121,1,Low,7day
2014-01-22,0.0001700642897048965,1,Low,7day
2014-01-23,0.00015484278264921159,1,Low,7day
2014-01-24,7.594501948915422e-05,1,Low,7day
2014-01-25,5.0820770411519334e-05,1,Low,7day
2014-01-26,4.56367815786507e-05,1,Low,7day
2014-01-27,3.6886351153953e-05,1,Low,7day
2014-01-28,2.8122423827880993e-05,1,Low,7day
2014-01-29,2.8763841328327544e-05,1,Low,7day
2014-01-30,3.6488385376287624e-05,1,Low,7day
2014-01-31,5.4012165492167696e-05,1,Low,7day
2014-02-01,5.2030951337656006e-05,1,Low,7day
2014-02-02,5.245706415735185e-05,1,Low,7day
2014-02-03,8.685149805387482e-05,1,Low,7day
2014-02-04,0.0001327995996689424,1,Low,7day
2014-02-05,0.00014227291103452444,1,Low,7day
2014-02-06,0.00023981761478353292,1,Low,7day
2014-02-07,0.00010559568181633949,1,Low,7day
2014-02-08,8.007272845134139e-05,1,Low,7day
2014-02-09,5.4848354920977727e-05,1,Low,7day
2014-02-10,6.896862032590434e-05,1,Low,7day
2014-02-11,5.908253660891205e-05,1,Low,7day
2014-02-12,7.927679689601064e-05,1,Low,7day
2014-02-13,6.404516170732677e-05,1,Low,7day
2014-02-14,3.8998590753180906e-05,1,Low,7day
2014-02-15,5.8322122640674934e-05,1,Low,7day
2014-02-16,3.634689710452221e-05,1,Low,7day
2014-02-17,6.619957275688648e-05,1,Low,7day
2014-02-18,5.455274731502868e-05,1,Low,7day
2014-02-19,5.667108780471608e-05,1,Low,7day
2014-02-20,9.925443009706214e-05,1,Low,7day
2014-02-21,7.995279156602919e-05,1,Low,7day
2014-02-22,8.562676521250978e-05,1,Low,7day
2014-02-23,0.00023294033599086106,1,Low,7day
2014-02-24,0.0003967901866417378,1,Low,7day
2014-02-25,0.00029141560662537813,1,Low,7day
2014-02-26,0.00014870002632960677,1,Low,7day
2014-02-27,0.00013670172484125942,1,Low,7day
2014-02-28,0.00012373061326798052,1,Low,7day
2014-03-01,0.00014791150169912726,1,Low,7day
2014-03-02,0.00017369478882756084,1,Low,7day
2014-03-03,9.037358540808782e-05,1,Low,7day
2014-03-04,0.00011022979742847383,1,Low,7day
2014-03-05,0.00020723989291582257,1,Low,7day
2014-03-06,0.0002940042468253523,1,Low,7day
2014-03-07,0.0003188979171682149,1,Low,7day
2014-03-08,0.0003772259515244514,1,Low,7day
2014-03-09,0.00024717042106203735,1,Low,7day
2014-03-10,0.00027579927700571716,1,Low,7day
2014-03-11,8.892510231817141e-05,1,Low,7day
2014-03-12,0.00018955649284180254,1,Low,7day
2014-03-13,0.00018354080384597182,1,Low,7day
2014-03-14,0.0001701142464298755,1,Low,7day
2014-03-15,0.00024125810887198895,1,Low,7day
2014-03-16,0.00023589684860780835,1,Low,7day
2014-03-17,0.00015843047003727406,1,Low,7day
2014-03-18,6.641804793616757e-05,1,Low,7day
2014-03-19,4.539137444226071e-05,1,Low,7day
2014-03-20,3.545450454112142e-05,1,Low,7day
2014-03-21,8.84261098690331e-05,1,Low,7day
2014-03-22,6.974122516112402e-05,1,Low,7day
2014-03-23,0.00013815946294926107,1,Low,7day
2014-03-24,0.0002008390292758122,1,Low,7day
2014-03-25,0.0001163710912805982,1,Low,7day
2014-03-26,8.609870565123856e-05,1,Low,7day
2014-03-27,6.831392965978011e-05,1,Low,7day
2014-03-28,7.382308103842661e-05,1,Low,7day
2014-03-29,0.00014216428098734468,1,Low,7day
2014-03-30,0.00017631171795073897,1,Low,7day
2014-03-31,3.638493944890797e-05,1,Low,7day
2014-04-01,4.407060259836726e-05,1,Low,7day
2014-04-02,2.221135400759522e-05,1,Low,7day
2014-04-03,6.592578574782237e-05,1,Low,7day
2014-04-04,9.190542186843231e-05,1,Low,7day
2014-04-05,8.902479021344334e-05,1,Low,7day
2014-04-06,0.0002640396705828607,1,Low,7day
2014-04-07,9.453417442273349e-05,1,Low,7day
2014-04-08,3.659899448393844e-05,1,Low,7day
2014-04-09,2.4581402612966485e-05,1,Low,7day
2014-04-10,3.376303720870055e-05,1,Low,7day
2014-04-11,3.962233677157201e-05,1,Low,7day
2014-04-12,2.5654484488768503e-05,1,Low,7day
2014-04-13,3.799638943746686e-05,1,Low,7day
2014-04-14,3.722151450347155e-05,1,Low,7day
2014-04-15,6.866052717668936e-05,1,Low,7day
2014-04-16,5.766517642769031e-05,1,Low,7day
2014-04-17,0.00011320372141199186,1,Low,7day
2014-04-18,0.0001283870224142447,1,Low,7day
2014-04-19,9.496560232946649e-05,1,Low,7day
2014-04-20,9.633004810893908e-05,1,Low,7day
2014-04-21,0.0001879503979580477,1,Low,7day
2014-04-22,0.0005007867584936321,1,Low,7day
2014-04-23,0.0004012635035905987,1,Low,7day
2014-04-24,0.0005836199270561337,1,Low,7day
2014-04-25,0.0008419444784522057,1,Low,7day
2014-04-26,0.000132943649077788,1,Low,7day
2014-04-27,0.00012026037438772619,1,Low,7day
2014-04-28,7.412309059873223e-05,1,Low,7day
2014-04-29,5.102384966448881e-05,1,Low,7day
2014-04-30,6.924269837327302e-05,1,Low,7day
2014-05-01,8.360662468476221e-05,1,Low,7day
2014-05-02,0.00018893792002927512,1,Low,7day
2014-05-03,0.00015911977970972657,1,Low,7day
2014-05-04,6.174238660605624e-05,1,Low,7day
2014-05-05,3.08517919620499e-05,1,Low,7day
2014-05-06,4.8416186473332345e-05,1,Low,7day
2014-05-07,3.7515510484809056e-05,1,Low,7day
2014-05-08,2.455115827615373e-05,1,Low,7day
2014-05-09,2.6196161343250424e-05,1,Low,7day
2014-05-10,6.65597544866614e-05,1,Low,7day
2014-05-11,2.1597543309326284e-05,1,Low,7day
2014-05-12,3.354364889673889e-05,1,Low,7day
2014-05-13,4.884813824901357e-05,1,Low,7day
2014-05-14,3.922970427083783e-05,1,Low,7day
2014-05-15,6.002571899443865e-05,1,Low,7day
2014-05-16,0.0003095527645200491,1,Low,7day
2014-05-17,0.00023844507813919336,1,Low,7day
2014-05-18,8.021840039873496e-05,1,Low,7day
2014-05-19,6.934737029951066e-05,1,Low,7day
2014-05-20,7.655558147234842e-05,1,Low,7day
2014-05-21,6.0935064539080486e-05,1,Low,7day
2014-05-22,9.841882274486125e-05,1,Low,7day
2014-05-23,0.00018948112847283483,1,Low,7day
2014-05-24,0.00012369485921226442,1,Low,7day
2014-05-25,0.00018494126561563462,1,Low,7day
2014-05-26,0.0002064529835479334,1,Low,7day
2014-05-27,5.7821562222670764e-05,1,Low,7day
2014-05-28,7.563099643448368e-05,1,Low,7day
2014-05-29,0.0002135505055775866,1,Low,7day
2014-05-30,0.00029367313254624605,1,Low,7day
2014-05-31,0.00020909789600409567,1,Low,7day
2014-06-01,0.00012322267866693437,1,Low,7day
2014-06-02,0.0001074814863386564,1,Low,7day
2014-06-03,6.148655666038394e-05,1,Low,7day
2014-06-04,5.0733706302708015e-05,1,Low,7day
2014-06-05,8.839686051942408e-05,1,Low,7day
2014-06-06,5.774998135166243e-05,1,Low,7day
2014-06-07,9.374947694595903e-05,1,Low,7day
2014-06-08,3.7397025153040886e-05,1,Low,7day
2014-06-09,4.282650479581207e-05,1,Low,7day
2014-06-10,0.00011765401723096147,1,Low,7day
2014-06-11,0.00010464312072144821,1,Low,7day
2014-06-12,0.0002126059989677742,1,Low,7day
2014-06-13,0.00023044474073685706,1,Low,7day
2014-06-14,0.00019005000649485737,1,Low,7day
2014-06-15,0.00031071563716977835,1,Low,7day
2014-06-16,0.0002587841881904751,1,Low,7day
2014-06-17,0.0002362961822655052,1,Low,7day
2014-06-18,0.00022799198632128537,1,Low,7day
2014-06-19,0.0001064369862433523,1,Low,7day
2014-06-20,0.0003430705110076815,1,Low,7day
2014-06-21,0.0005515552475117147,1,Low,7day
2014-06-22,0.0006822970462962985,1,Low,7day
2014-06-23,0.001986732007935643,1,Low,7day
2014-06-24,0.002575937658548355,1,Low,7day
2014-06-25,0.0019098569173365831,1,Low,7day
2014-06-26,0.0005410185549408197,1,Low,7day
2014-06-27,0.0001977860665647313,1,Low,7day
2014-06-28,0.0002519084664527327,1,Low,7day
2014-06-29,0.000903983716852963,1,Low,7day
2014-06-30,0.0013207531301304698,1,Low,7day
2014-07-01,0.00126323860604316,1,Low,7day
2014-07-02,0.0006646838737651706,1,Low,7day
2014-07-03,0.006248722318559885,1,Low,7day
2014-07-04,0.0070702796801924706,1,Low,7day
2014-07-05,0.020459860563278198,1,Low,7day
2014-07-06,0.014011107385158539,1,Low,7day
2014-07-07,0.007830983027815819,1,Low,7day
2014-07-08,0.0013693143846467137,1,Low,7day
2014-07-09,0.00075717136496678,1,Low,7day
2014-07-10,0.0009160697227343917,1,Low,7day
2014-07-11,0.0007871035486459732,1,Low,7day
2014-07-12,0.0011098497780039907,1,Low,7day
2014-07-13,0.005235055927187204,1,Low,7day
2014-07-14,0.0006141241756267846,1,Low,7day
2014-07-15,0.0037003359757363796,1,Low,7day
2014-07-16,0.005283232778310776,1,Low,7day
2014-07-17,0.013780801557004452,1,Low,7day
2014-07-18,0.06414304673671722,1,Low,7day
2014-07-19,0.044775284826755524,1,Low,7day
2014-07-20,0.008973822928965092,1,Low,7day
2014-07-21,0.00953156128525734,1,Low,7day
2014-07-22,0.01717301458120346,1,Low,7day
2014-07-23,0.006870028097182512,1,Low,7day
2014-07-24,0.10535912960767746,1,Low,7day
2014-07-25,0.07343360781669617,1,Low,7day
2014-07-26,0.07177957892417908,1,Low,7day
2014-07-27,0.025737179443240166,1,Low,7day
2014-07-28,0.05945448949933052,1,Low,7day
2014-07-29,0.09287113696336746,1,Low,7day
2014-07-30,0.010713418945670128,1,Low,7day
2014-07-31,0.03409305959939957,1,Low,7day
2014-08-01,0.04495633766055107,1,Low,7day
2014-08-02,0.060852233320474625,1,Low,7day
2014-08-03,0.00933927483856678,1,Low,7day
2014-08-04,0.032556768506765366,1,Low,7day
2014-08-05,0.01592697575688362,1,Low,7day
2014-08-06,0.04303905740380287,1,Low,7day
2014-08-07,0.03627856820821762,1,Low,7day
2014-08-08,0.09987383335828781,1,Low,7day
2014-08-09,0.06466750055551529,1,Low,7day
2014-08-10,0.0380440279841423,1,Low,7day
2014-08-11,0.04680904373526573,1,Low,7day
2014-08-12,0.020735671743750572,1,Low,7day
2014-08-13,0.007558936253190041,1,Low,7day
2014-08-14,0.01704072393476963,1,Low,7day
2014-08-15,0.003451138036325574,1,Low,7day
2014-08-16,0.007719206158071756,1,Low,7day
2014-08-17,0.008858970366418362,1,Low,7day
2014-08-18,0.012812442146241665,1,Low,7day
2014-08-19,0.003014718648046255,1,Low,7day
2014-08-20,0.005938943009823561,1,Low,7day
2014-08-21,0.000586500100325793,1,Low,7day
2014-08-22,0.001291006221435964,1,Low,7day
2014-08-23,0.00044552324106916785,1,Low,7day
2014-08-24,0.0002579687861725688,1,Low,7day
2014-08-25,0.00024209290859289467,1,Low,7day
2014-08-26,0.0009442942682653666,1,Low,7day
2014-08-27,0.0011369468411430717,1,Low,7day
2014-08-28,0.00043633102905005217,1,Low,7day
2014-08-29,0.0004142012039665133,1,Low,7day
2014-08-30,0.0018890388309955597,1,Low,7day
2014-08-31,0.01905987225472927,1,Low,7day
2014-09-01,0.9692293405532837,4,Very High,7day
2014-09-02,0.9857666492462158,4,Very High,7day
2014-09-03,0.9931653141975403,4,Very High,7day
2014-09-04,0.986365556716919,4,Very High,7day
2014-09-05,0.9876158833503723,4,Very High,7day
2014-09-06,0.9872149229049683,4,Very High,7day
2014-09-07,0.9865769147872925,4,Very High,7day
2014-09-08,0.9997658133506775,4,Very High,7day
2014-09-09,0.9996750354766846,4,Very High,7day
2014-09-10,0.9994213581085205,4,Very High,7day
2014-09-11,0.9991440773010254,4,Very High,7day
2014-09-12,0.998980700969696,4,Very High,7day
2014-09-13,0.997895359992981,4,Very High,7day
2014-09-14,0.13166341185569763,1,Low,7day
2014-09-15,0.023191213607788086,1,Low,7day
2014-09-16,0.004138167481869459,1,Low,7day
2014-09-17,0.0018186978995800018,1,Low,7day
2014-09-18,0.0009801422711461782,1,Low,7day
2014-09-19,0.0017523966962471604,1,Low,7day
2014-09-20,0.0011258497834205627,1,Low,7day
2014-09-21,0.0001854372676461935,1,Low,7day
2014-09-22,0.00033327940036542714,1,Low,7day
2014-09-23,0.0002709008695092052,1,Low,7day
2014-09-24,0.0003375218657311052,1,Low,7day
2014-09-25,0.00017571156786289066,1,Low,7day
2014-09-26,0.00010567465506028384,1,Low,7day
2014-09-27,0.00011656466813292354,1,Low,7day
2014-09-28,0.00023395262542180717,1,Low,7day
2014-09-29,0.0002008875017054379,1,Low,7day
2014-09-30,0.00017919823585543782,1,Low,7day
2014-10-01,0.00014521933917421848,1,Low,7day
2014-10-02,0.000524050323292613,1,Low,7day
2014-10-03,0.00045102054718881845,1,Low,7day
2014-10-04,0.00032466204720549285,1,Low,7day
2014-10-05,0.0002946962777059525,1,Low,7day
2014-10-06,0.00015640488709323108,1,Low,7day
2014-10-07,0.00013500718341674656,1,Low,7day
2014-10-08,9.494295954937115e-05,1,Low,7day
2014-10-09,0.0001413985446561128,1,Low,7day
2014-10-10,5.635292109218426e-05,1,Low,7day
2014-10-11,6.385184678947553e-05,1,Low,7day
2014-10-12,6.574353756150231e-05,1,Low,7day
2014-10-13,0.000274145306320861,1,Low,7day
2014-10-14,0.00023080229584593326,1,Low,7day
2014-10-15,0.00034385453909635544,1,Low,7day
2014-10-16,0.00035586344893090427,1,Low,7day
2014-10-17,0.00022153569443617016,1,Low,7day
2014-10-18,0.00024465020396746695,1,Low,7day
2014-10-19,5.299491749610752e-05,1,Low,7day
2014-10-20,5.365409379010089e-05,1,Low,7day
2014-10-21,5.215409692027606e-05,1,Low,7day
2014-10-22,4.9080765165854245e-05,1,Low,7day
2014-10-23,2.902976848417893e-05,1,Low,7day
2014-10-24,3.3707445254549384e-05,1,Low,7day
2014-10-25,2.9121241823304445e-05,1,Low,7day
2014-10-26,4.337856807978824e-05,1,Low,7day
2014-10-27,5.2335046348161995e-05,1,Low,7day
2014-10-28,5.43545356777031e-05,1,Low,7day
2014-10-29,0.0001407378149451688,1,Low,7day
2014-10-30,0.00021435382950585335,1,Low,7day
2014-10-31,0.00021424595615826547,1,Low,7day
2014-11-01,0.00014274225395638496,1,Low,7day
2014-11-02,0.00010104501416208223,1,Low,7day
2014-11-03,0.0003401884459890425,1,Low,7day
2014-11-04,0.00048165133921429515,1,Low,7day
2014-11-05,0.0006843601004220545,1,Low,7day
2014-11-06,0.0005273564602248371,1,Low,7day
2014-11-07,0.000683253922034055,1,Low,7day
2014-11-08,0.0003186283283866942,1,Low,7day
2014-11-09,0.001129794865846634,1,Low,7day
2014-11-10,0.0020383873488754034,1,Low,7day
2014-11-11,0.00041971931932494044,1,Low,7day
2014-11-12,0.0005059154354967177,1,Low,7day
2014-11-13,0.0003367899917066097,1,Low,7day
2014-11-14,0.00019170859013684094,1,Low,7day
2014-11-15,0.0001542081736261025,1,Low,7day
2014-11-16,0.00011611094669206068,1,Low,7day
2014-11-17,8.042911213124171e-05,1,Low,7day
2014-11-18,0.0001446968672098592,1,Low,7day
2014-11-19,0.00014028682198841125,1,Low,7day
2014-11-20,5.785151370218955e-05,1,Low,7day
2014-11-21,4.2225667129969224e-05,1,Low,7day
2014-11-22,4.7285346226999536e-05,1,Low,7day
2014-11-23,4.0981718484545127e-05,1,Low,7day
2014-11-24,4.502213414525613e-05,1,Low,7day
2014-11-25,3.967678640037775e-05,1,Low,7day
2014-11-26,4.38972856500186e-05,1,Low,7day
2014-11-27,6.292087346082553e-05,1,Low,7day
2014-11-28,5.941969357081689e-05,1,Low,7day
2014-11-29,6.170712731545791e-05,1,Low,7day
2014-11-30,3.8808419049018994e-05,1,Low,7day
2014-12-01,4.2992967792088166e-05,1,Low,7day
2014-12-02,6.507786019938067e-05,1,Low,7day
2014-12-03,4.689139677793719e-05,1,Low,7day
2014-12-04,3.301552715129219e-05,1,Low,7day
2014-12-05,5.2150764531688765e-05,1,Low,7day
2014-12-06,6.57576383673586e-05,1,Low,7day
2014-12-07,8.444892591796815e-05,1,Low,7day
2014-12-08,5.8373483625473455e-05,1,Low,7day
2014-12-09,6.482935714302585e-05,1,Low,7day
2014-12-10,0.00015226630785036832,1,Low,7day
2014-12-11,0.00010022692003985867,1,Low,7day
2014-12-12,9.223729284713045e-05,1,Low,7day
2014-12-13,8.993556548375636e-05,1,Low,7day
2014-12-14,5.935626177233644e-05,1,Low,7day
2014-12-15,0.00011203147732885554,1,Low,7day
2014-12-16,0.00012874254025518894,1,Low,7day
2014-12-17,0.00011983545846305788,1,Low,7day
2014-12-18,0.00013367916108109057,1,Low,7day
2014-12-19,0.00011501352128107101,1,Low,7day
2014-12-20,0.00014822735101915896,1,Low,7day
2014-12-21,6.443606253014877e-05,1,Low,7day
2014-12-22,8.6928230302874e-05,1,Low,7day
2014-12-23,0.00010379659215686843,1,Low,7day
2014-12-24,9.998741006711498e-05,1,Low,7day
2014-12-25,9.89527688943781e-05,1,Low,7day
2014-12-26,7.019179611233994e-05,1,Low,7day
2014-12-27,6.766718433937058e-05,1,Low,7day
2014-12-28,5.076569868833758e-05,1,Low,7day
2014-12-29,5.3292249504011124e-05,1,Low,7day
2014-12-30,4.875050581176765e-05,1,Low,7day
2014-12-31,0.00015506795898545533,1,Low,7day
2015-01-01,0.00011614151298999786,1,Low,7day
2015-01-02,0.00014281985932029784,1,Low,7day
2015-01-03,0.00010225664300378412,1,Low,7day
2015-01-04,7.315083348657936e-05,1,Low,7day
2015-01-05,4.1500694351270795e-05,1,Low,7day
2015-01-06,9.234166645910591e-05,1,Low,7day
2015-01-07,0.00017016696801874787,1,Low,7day
2015-01-08,0.00012197948672110215,1,Low,7day
2015-01-09,8.278630411950871e-05,1,Low,7day
2015-01-10,7.644272409379482e-05,1,Low,7day
2015-01-11,6.015683538862504e-05,1,Low,7day
2015-01-12,5.884570418857038e-05,1,Low,7day
2015-01-13,6.828513869550079e-05,1,Low,7day
2015-01-14,0.00011811783042503521,1,Low,7day
2015-01-15,7.486542745027691e-05,1,Low,7day
2015-01-16,0.0001422825298504904,1,Low,7day
2015-01-17,8.069653995335102e-05,1,Low,7day
2015-01-18,0.00011341732169967145,1,Low,7day
2015-01-19,9.728095028549433e-05,1,Low,7day
2015-01-20,0.0001225866435561329,1,Low,7day
2015-01-21,0.0001210023183375597,1,Low,7day
2015-01-22,9.330790635431185e-05,1,Low,7day
2015-01-23,0.0001150996467913501,1,Low,7day
2015-01-24,0.0001258294505532831,1,Low,7day
2015-01-25,9.715958731248975e-05,1,Low,7day
2015-01-26,0.0001272671070182696,1,Low,7day
2015-01-27,0.0001166491856565699,1,Low,7day
2015-01-28,0.00020392744045238942,1,Low,7day
2015-01-29,0.00010893305443460122,1,Low,7day
2015-01-30,8.44876776682213e-05,1,Low,7day
2015-01-31,5.552703805733472e-05,1,Low,7day
2015-02-01,8.372901356779039e-05,1,Low,7day
2015-02-02,0.00015892872761469334,1,Low,7day
2015-02-03,8.336206519743428e-05,1,Low,7day
2015-02-04,8.194604743039235e-05,1,Low,7day
2015-02-05,0.00013936046161688864,1,Low,7day
2015-02-06,0.00019418669398874044,1,Low,7day
2015-02-07,0.00014387383998837322,1,Low,7day
2015-02-08,0.00023425482504535466,1,Low,7day
2015-02-09,0.0005106849130243063,1,Low,7day
2015-02-10,0.0002557651314418763,1,Low,7day
2015-02-11,0.00018259923672303557,1,Low,7day
2015-02-12,0.00017415880574844778,1,Low,7day
2015-02-13,0.00010449723049532622,1,Low,7day
2015-02-14,0.00016464699001517147,1,Low,7day
2015-02-15,0.000245159724727273,1,Low,7day
2015-02-16,0.00030023654107935727,1,Low,7day
2015-02-17,0.00015606090892106295,1,Low,7day
2015-02-18,6.286911229835823e-05,1,Low,7day
2015-02-19,0.00010622740228427574,1,Low,7day
2015-02-20,0.00019117265765089542,1,Low,7day
2015-02-21,0.00022142652596812695,1,Low,7day
2015-02-22,0.0001602110714884475,1,Low,7day
2015-02-23,0.000255937862675637,1,Low,7day
2015-02-24,0.0002758082118816674,1,Low,7day
2015-02-25,0.00016339660214725882,1,Low,7day
2015-02-26,0.00010479240154381841,1,Low,7day
2015-02-27,0.00016491803398821503,1,Low,7day
2015-02-28,0.0007094577304087579,1,Low,7day
2015-03-01,0.0011076127411797643,1,Low,7day
2015-03-02,0.001011103973723948,1,Low,7day
2015-03-03,0.0007287272019311786,1,Low,7day
2015-03-04,0.0007284303428605199,1,Low,7day
2015-03-05,0.0013886098749935627,1,Low,7day
2015-03-06,0.0020200854633003473,1,Low,7day
2015-03-07,0.00034148740814998746,1,Low,7day
2015-03-08,0.00030932147637940943,1,Low,7day
2015-03-09,0.00025601888773962855,1,Low,7day
2015-03-10,0.0003200748178642243,1,Low,7day
2015-03-11,0.00029430908034555614,1,Low,7day
2015-03-12,0.0003072786785196513,1,Low,7day
2015-03-13,0.0013253246434032917,1,Low,7day
2015-03-14,0.0024021032731980085,1,Low,7day
2015-03-15,0.0006094530690461397,1,Low,7day
2015-03-16,0.0004960300284437835,1,Low,7day
2015-03-17,0.0014917764347046614,1,Low,7day
2015-03-18,0.0012548681115731597,1,Low,7day
2015-03-19,0.0009160640765912831,1,Low,7day
2015-03-20,0.0015725258272141218,1,Low,7day
2015-03-21,0.0006477043498307467,1,Low,7day
2015-03-22,0.0016261363634839654,1,Low,7day
2015-03-23,0.0009181533241644502,1,Low,7day
2015-03-24,0.0016436887672170997,1,Low,7day
2015-03-25,0.0024067815393209457,1,Low,7day
2015-03-26,0.0011028554290533066,1,Low,7day
2015-03-27,0.0005178412538953125,1,Low,7day
2015-03-28,0.0011310838162899017,1,Low,7day
2015-03-29,0.0016798041760921478,1,Low,7day
2015-03-30,0.0005157990963198245,1,Low,7day
2015-03-31,0.0004035611927974969,1,Low,7day
2015-04-01,0.0004937480553053319,1,Low,7day
2015-04-02,0.003765752073377371,1,Low,7day
2015-04-03,0.002846027258783579,1,Low,7day
2015-04-04,0.0011530393967404962,1,Low,7day
2015-04-05,0.0019247649470344186,1,Low,7day
2015-04-06,0.002070091664791107,1,Low,7day
2015-04-07,0.001668933080509305,1,Low,7day
2015-04-08,0.0003246109699830413,1,Low,7day
2015-04-09,0.0007792877731844783,1,Low,7day
2015-04-10,0.0008458230295218527,1,Low,7day
2015-04-11,0.0025349257048219442,1,Low,7day
2015-04-12,0.0015715849585831165,1,Low,7day
2015-04-13,0.001451976946555078,1,Low,7day
2015-04-14,0.0009673485765233636,1,Low,7day
2015-04-15,0.0016102002700790763,1,Low,7day
2015-04-16,0.0009425405878573656,1,Low,7day
2015-04-17,0.0005066600861027837,1,Low,7day
2015-04-18,0.000766492506954819,1,Low,7day
2015-04-19,0.00036733891465701163,1,Low,7day
2015-04-20,0.00037385441828519106,1,Low,7day
2015-04-21,0.00010838617890840396,1,Low,7day
2015-04-22,0.00013633786875288934,1,Low,7day
2015-04-23,0.00012274795153643936,1,Low,7day
2015-04-24,0.00015864105080254376,1,Low,7day
2015-04-25,0.0001832756825024262,1,Low,7day
2015-04-26,0.0001316115667577833,1,Low,7day
2015-04-27,0.0001495100004831329,1,Low,7day
2015-04-28,0.0001307399943470955,1,Low,7day
2015-04-29,2.8430396923795342e-05,1,Low,7day
2015-04-30,4.627556336345151e-05,1,Low,7day
2015-05-01,3.24681204801891e-05,1,Low,7day
2015-05-02,3.080842725466937e-05,1,Low,7day
2015-05-03,5.468165181810036e-05,1,Low,7day
2015-05-04,5.041414260631427e-05,1,Low,7day
2015-05-05,5.40368419024162e-05,1,Low,7day
2015-05-06,4.574230842990801e-05,1,Low,7day
2015-05-07,2.3572909412905574e-05,1,Low,7day
2015-05-08,2.4654720618855208e-05,1,Low,7day
2015-05-09,4.9120757466880605e-05,1,Low,7day
2015-05-10,5.182934910408221e-05,1,Low,7day
2015-05-11,7.225826266221702e-05,1,Low,7day
2015-05-12,6.534656859003007e-05,1,Low,7day
2015-05-13,7.112017920007929e-05,1,Low,7day
2015-05-14,2.8382095479173586e-05,1,Low,7day
2015-05-15,5.489607428899035e-05,1,Low,7day
2015-05-16,5.6691471399972215e-05,1,Low,7day
2015-05-17,0.0002032993797911331,1,Low,7day
2015-05-18,0.0002028053131652996,1,Low,7day
2015-05-19,0.0001158601080533117,1,Low,7day
2015-05-20,4.2482224671402946e-05,1,Low,7day
2015-05-21,4.534183972282335e-05,1,Low,7day
2015-05-22,0.00023528067686129361,1,Low,7day
2015-05-23,0.0003648929123301059,1,Low,7day
2015-05-24,0.0004911124124191701,1,Low,7day
2015-05-25,0.00038313400000333786,1,Low,7day
2015-05-26,0.00025928427930921316,1,Low,7day
2015-05-27,0.0004627938906196505,1,Low,7day
2015-05-28,0.0003917787689715624,1,Low,7day
2015-05-29,0.00010249250044580549,1,Low,7day
2015-05-30,0.0001503477687947452,1,Low,7day
2015-05-31,0.00018124950292985886,1,Low,7day
2015-06-01,0.00012355422950349748,1,Low,7day
2015-06-02,0.00028172394377179444,1,Low,7day
2015-06-03,0.0005862829857505858,1,Low,7day
2015-06-04,0.0007695693639107049,1,Low,7day
2015-06-05,0.00019072294526267797,1,Low,7day
2015-06-06,0.0001441462809452787,1,Low,7day
2015-06-07,0.00016635796055197716,1,Low,7day
2015-06-08,0.00028447943623177707,1,Low,7day
2015-06-09,0.0004247207834850997,1,Low,7day
2015-06-10,0.0007304911850951612,1,Low,7day
2015-06-11,0.0007460687775164843,1,Low,7day
2015-06-12,0.00022334203822538257,1,Low,7day
2015-06-13,0.0005245630745775998,1,Low,7day
2015-06-14,0.0009248123969882727,1,Low,7day
2015-06-15,0.0011148789199069142,1,Low,7day
2015-06-16,0.0005736193852499127,1,Low,7day
2015-06-17,0.0013887203531339765,1,Low,7day
2015-06-18,0.0015792939811944962,1,Low,7day
2015-06-19,0.0015755114145576954,1,Low,7day
2015-06-20,0.002853529993444681,1,Low,7day
2015-06-21,0.002079601399600506,1,Low,7day
2015-06-22,0.003105822252109647,1,Low,7day
2015-06-23,0.004044985398650169,1,Low,7day
2015-06-24,0.05355708673596382,1,Low,7day
2015-06-25,0.047388069331645966,1,Low,7day
2015-06-26,0.09442329406738281,1,Low,7day
2015-06-27,0.027269823476672173,1,Low,7day
2015-06-28,0.015607818961143494,1,Low,7day
2015-06-29,0.014103698544204235,1,Low,7day
2015-06-30,0.015571968629956245,1,Low,7day
2015-07-01,0.007887416519224644,1,Low,7day
2015-07-02,0.025408148765563965,1,Low,7day
2015-07-03,0.022573266178369522,1,Low,7day
2015-07-04,0.9825730323791504,4,Very High,7day
2015-07-05,0.9917565584182739,4,Very High,7day
2015-07-06,0.9931829571723938,4,Very High,7day
2015-07-07,0.9934362173080444,4,Very High,7day
2015-07-08,0.9923478364944458,4,Very High,7day
2015-07-09,0.980170488357544,4,Very High,7day
2015-07-10,0.9963276982307434,4,Very High,7day
2015-07-11,0.9914864301681519,4,Very High,7day
2015-07-12,0.9953504800796509,4,Very High,7day
2015-07-13,0.99949049949646,4,Very High,7day
2015-07-14,0.9995703101158142,4,Very High,7day
2015-07-15,0.9996227025985718,4,Very High,7day
2015-07-16,0.9990358352661133,4,Very High,7day
2015-07-17,0.9992857575416565,4,Very High,7day
2015-07-18,0.9996094107627869,4,Very High,7day
2015-07-19,0.999811589717865,4,Very High,7day
2015-07-20,0.9998698234558105,4,Very High,7day
2015-07-21,0.9997543692588806,4,Very High,7day
2015-07-22,0.999617338180542,4,Very High,7day
2015-07-23,0.9995867609977722,4,Very High,7day
2015-07-24,0.9998196959495544,4,Very High,7day
2015-07-25,0.9997900128364563,4,Very High,7day
2015-07-26,0.9995978474617004,4,Very High,7day
2015-07-27,0.9998792409896851,4,Very High,7day
2015-07-28,0.9998024106025696,4,Very High,7day
2015-07-29,0.9998395442962646,4,Very High,7day
2015-07-30,0.9995912909507751,4,Very High,7day
2015-07-31,0.9996073842048645,4,Very High,7day
2015-08-01,0.999800980091095,4,Very High,7day
2015-08-02,0.9997887015342712,4,Very High,7day
2015-08-03,0.9996860027313232,4,Very High,7day
2015-08-04,0.9995566010475159,4,Very High,7day
2015-08-05,0.9995877146720886,4,Very High,7day
2015-08-06,0.9993690848350525,4,Very High,7day
2015-08-07,0.9993964433670044,4,Very High,7day
2015-08-08,0.9996086955070496,4,Very High,7day
2015-08-09,0.9994387030601501,4,Very High,7day
2015-08-10,0.9986763596534729,4,Very High,7day
2015-08-11,0.9989798665046692,4,Very High,7day
2015-08-12,0.9992326498031616,4,Very High,7day
2015-08-13,0.9991569519042969,4,Very High,7day
2015-08-14,0.999106228351593,4,Very High,7day
2015-08-15,0.9992895126342773,4,Very High,7day
2015-08-16,0.9991681575775146,4,Very High,7day
2015-08-17,0.9993264675140381,4,Very High,7day
2015-08-18,0.9992309808731079,4,Very High,7day
2015-08-19,0.9984475374221802,4,Very High,7day
2015-08-20,0.9978874325752258,4,Very High,7day
2015-08-21,0.99058598279953,4,Very High,7day
2015-08-22,0.07963578402996063,1,Low,7day
2015-08-23,0.0699959546327591,1,Low,7day
2015-08-24,0.07872466742992401,1,Low,7day
2015-08-25,0.014213155023753643,1,Low,7day
2015-08-26,0.0037724284920841455,1,Low,7day
2015-08-27,0.0015671938890591264,1,Low,7day
2015-08-28,0.0002416075294604525,1,Low,7day
2015-08-29,0.00021516553533729166,1,Low,7day
2015-08-30,0.00018835424270946532,1,Low,7day
2015-08-31,0.00014521434786729515,1,Low,7day
2015-09-01,3.301156175439246e-05,1,Low,7day
2015-09-02,5.1905863074352965e-05,1,Low,7day
2015-09-03,7.796368299750611e-05,1,Low,7day
2015-09-04,7.568409637315199e-05,1,Low,7day
2015-09-05,0.0002707170497160405,1,Low,7day
2015-09-06,0.0003285482234787196,1,Low,7day
2015-09-07,0.0001556828065076843,1,Low,7day
2015-09-08,5.180300649954006e-05,1,Low,7day
2015-09-09,4.6781835408182815e-05,1,Low,7day
2015-09-10,3.3305575925624e-05,1,Low,7day
2015-09-11,3.670220758067444e-05,1,Low,7day
2015-09-12,3.808879409916699e-05,1,Low,7day
2015-09-13,4.561511013889685e-05,1,Low,7day
2015-09-14,0.00012790667824447155,1,Low,7day
2015-09-15,0.00018588727107271552,1,Low,7day
2015-09-16,0.0001416141603840515,1,Low,7day
2015-09-17,5.349270941223949e-05,1,Low,7day
2015-09-18,3.6655790609074757e-05,1,Low,7day
2015-09-19,0.0016810994129627943,1,Low,7day
2015-09-20,0.023664064705371857,1,Low,7day
2015-09-21,0.016479361802339554,1,Low,7day
2015-09-22,0.008075814694166183,1,Low,7day
2015-09-23,0.002250851131975651,1,Low,7day
2015-09-24,0.000504860479850322,1,Low,7day
2015-09-25,0.002221200382336974,1,Low,7day
2015-09-26,0.0014269840903580189,1,Low,7day
2015-09-27,0.00021730457956437021,1,Low,7day
2015-09-28,0.00022724173322785646,1,Low,7day
2015-09-29,0.0019096079049631953,1,Low,7day
2015-09-30,0.0007467918330803514,1,Low,7day
2015-10-01,0.000636167882476002,1,Low,7day
2015-10-02,0.000877533049788326,1,Low,7day
2015-10-03,0.00020853443129453808,1,Low,7day
2015-10-04,0.00016091656289063394,1,Low,7day
2015-10-05,6.957974255783483e-05,1,Low,7day
2015-10-06,8.680960308993235e-05,1,Low,7day
2015-10-07,0.00011631573579506949,1,Low,7day
2015-10-08,6.270840094657615e-05,1,Low,7day
2015-10-09,0.00019470544066280127,1,Low,7day
2015-10-10,3.1402960303239524e-05,1,Low,7day
2015-10-11,2.484209107933566e-05,1,Low,7day
2015-10-12,2.1430494598462246e-05,1,Low,7day
2015-10-13,1.3197967746236827e-05,1,Low,7day
2015-10-14,1.4915817700966727e-05,1,Low,7day
2015-10-15,1.5857242033234797e-05,1,Low,7day
2015-10-16,1.9239108951296657e-05,1,Low,7day
2015-10-17,1.5048522982397117e-05,1,Low,7day
2015-10-18,1.664364208409097e-05,1,Low,7day
2015-10-19,1.6798381693661213e-05,1,Low,7day
2015-10-20,1.980520573852118e-05,1,Low,7day
2015-10-21,1.6768322893767618e-05,1,Low,7day
2015-10-22,1.542480276839342e-05,1,Low,7day
2015-10-23,1.4901089343766216e-05,1,Low,7day
2015-10-24,1.4564089724444784e-05,1,Low,7day
2015-10-25,3.366426972206682e-05,1,Low,7day
2015-10-26,2.6099562091985717e-05,1,Low,7day
2015-10-27,6.214583845576271e-05,1,Low,7day
2015-10-28,0.00018504091713111848,1,Low,7day
2015-10-29,0.00017417674825992435,1,Low,7day
2015-10-30,0.00022681726841256022,1,Low,7day
2015-10-31,0.0003762149717658758,1,Low,7day
2015-11-01,0.00028088100953027606,1,Low,7day
2015-11-02,0.00010002212366089225,1,Low,7day
2015-11-03,0.00014158998965285718,1,Low,7day
2015-11-04,0.00033802518737502396,1,Low,7day
2015-11-05,0.0002572901139501482,1,Low,7day
2015-11-06,0.00019684614380821586,1,Low,7day
2015-11-07,0.0001232995418831706,1,Low,7day
2015-11-08,0.0002770746359601617,1,Low,7day
2015-11-09,0.0003468486247584224,1,Low,7day
2015-11-10,0.0002276911400258541,1,Low,7day
2015-11-11,0.00018100495799444616,1,Low,7day
2015-11-12,0.00015381006232928485,1,Low,7day
2015-11-13,0.0001594980276422575,1,Low,7day
2015-11-14,9.758141095517203e-05,1,Low,7day
2015-11-15,0.00010566417768131942,1,Low,7day
2015-11-16,7.381822069874033e-05,1,Low,7day
2015-11-17,5.954732478130609e-05,1,Low,7day
2015-11-18,3.1373176170745865e-05,1,Low,7day
2015-11-19,3.696861313073896e-05,1,Low,7day
2015-11-20,4.262762740836479e-05,1,Low,7day
2015-11-21,6.220323120942339e-05,1,Low,7day
2015-11-22,4.404354331200011e-05,1,Low,7day
2015-11-23,4.28825369453989e-05,1,Low,7day
2015-11-24,5.088677062303759e-05,1,Low,7day
2015-11-25,6.025926268193871e-05,1,Low,7day
2015-11-26,5.855378185515292e-05,1,Low,7day
2015-11-27,6.333443889161572e-05,1,Low,7day
2015-11-28,4.8520785639993846e-05,1,Low,7day
2015-11-29,4.1313171095680445e-05,1,Low,7day
2015-11-30,3.553011629264802e-05,1,Low,7day
2015-12-01,3.296085196780041e-05,1,Low,7day
2015-12-02,2.3620750653208233e-05,1,Low,7day
2015-12-03,2.7108644644613378e-05,1,Low,7day
2015-12-04,3.434239260968752e-05,1,Low,7day
2015-12-05,3.806896711466834e-05,1,Low,7day
2015-12-06,4.443750367499888e-05,1,Low,7day
2015-12-07,3.218333949916996e-05,1,Low,7day
2015-12-08,2.584869071142748e-05,1,Low,7day
2015-12-09,4.456333044799976e-05,1,Low,7day
2015-12-10,6.631760334130377e-05,1,Low,7day
2015-12-11,6.46340413368307e-05,1,Low,7day
2015-12-12,7.95134692452848e-05,1,Low,7day
2015-12-13,0.00010457637836225331,1,Low,7day
2015-12-14,9.643215889809653e-05,1,Low,7day
2015-12-15,9.573235001880676e-05,1,Low,7day
2015-12-16,9.381189738633111e-05,1,Low,7day
2015-12-17,0.00012516493734437972,1,Low,7day
2015-12-18,0.00012291673920117319,1,Low,7day
2015-12-19,5.8579807955538854e-05,1,Low,7day
2015-12-20,5.997782864142209e-05,1,Low,7day
2015-12-21,8.21877911221236e-05,1,Low,7day
2015-12-22,6.332097109407187e-05,1,Low,7day
2015-12-23,7.945791003294289e-05,1,Low,7day
2015-12-24,4.329752118792385e-05,1,Low,7day
2015-12-25,3.595622183638625e-05,1,Low,7day
2015-12-26,3.399377965251915e-05,1,Low,7day
2015-12-27,3.29396098095458e-05,1,Low,7day
2015-12-28,3.1525261874776334e-05,1,Low,7day
2015-12-29,3.23255080729723e-05,1,Low,7day
2015-12-30,4.071542571182363e-05,1,Low,7day
2015-12-31,2.254611172247678e-05,1,Low,7day
2016-01-01,5.029942258261144e-05,1,Low,7day
2016-01-02,3.728129740920849e-05,1,Low,7day
2016-01-03,3.8548303564311936e-05,1,Low,7day
2016-01-04,3.924411066691391e-05,1,Low,7day
2016-01-05,6.133769056759775e-05,1,Low,7day
2016-01-06,6.364260480040684e-05,1,Low,7day
2016-01-07,7.434501458192244e-05,1,Low,7day
2016-01-08,3.752688644453883e-05,1,Low,7day
2016-01-09,2.9973758501000702e-05,1,Low,7day
2016-01-10,3.9410813769791275e-05,1,Low,7day
2016-01-11,3.183920853189193e-05,1,Low,7day
2016-01-12,2.6126581360585988e-05,1,Low,7day
2016-01-13,3.594833833631128e-05,1,Low,7day
2016-01-14,3.0366545615834184e-05,1,Low,7day
2016-01-15,2.860111817426514e-05,1,Low,7day
2016-01-16,4.837534288526513e-05,1,Low,7day
2016-01-17,4.3427946366136894e-05,1,Low,7day
2016-01-18,5.202549436944537e-05,1,Low,7day
2016-01-19,4.173919296590611e-05,1,Low,7day
2016-01-20,0.00010063777153845876,1,Low,7day
2016-01-21,5.1181941671529785e-05,1,Low,7day
2016-01-22,4.583483678288758e-05,1,Low,7day
2016-01-23,3.895970803569071e-05,1,Low,7day
2016-01-24,4.989411172573455e-05,1,Low,7day
2016-01-25,4.363363768788986e-05,1,Low,7day
2016-01-26,2.86251579382224e-05,1,Low,7day
2016-01-27,7.95299929450266e-05,1,Low,7day
2016-01-28,5.7224031479563564e-05,1,Low,7day
2016-01-29,4.0848197386367247e-05,1,Low,7day
2016-01-30,2.9015900508966297e-05,1,Low,7day
2016-01-31,3.4705073630902916e-05,1,Low,7day
2016-02-01,2.4312294044648297e-05,1,Low,7day
2016-02-02,1.71659321495099e-05,1,Low,7day
2016-02-03,2.0071745893801562e-05,1,Low,7day
2016-02-04,4.5591888920171186e-05,1,Low,7day
2016-02-05,4.93689913128037e-05,1,Low,7day
2016-02-06,5.298576797940768e-05,1,Low,7day
2016-02-07,4.1908024286385626e-05,1,Low,7day
2016-02-08,2.2088270270614885e-05,1,Low,7day
2016-02-09,2.0733441488118842e-05,1,Low,7day
2016-02-10,3.084243871853687e-05,1,Low,7day
2016-02-11,3.4126594982808456e-05,1,Low,7day
2016-02-12,4.032172364532016e-05,1,Low,7day
2016-02-13,2.3789370970916934e-05,1,Low,7day
2016-02-14,3.415029641473666e-05,1,Low,7day
2016-02-15,5.812451854581013e-05,1,Low,7day
2016-02-16,0.00010675636440282688,1,Low,7day
2016-02-17,0.00018816844385582954,1,Low,7day
2016-02-18,0.0002410729939583689,1,Low,7day
2016-02-19,0.000146299964399077,1,Low,7day
2016-02-20,0.00011838269711006433,1,Low,7day
2016-02-21,0.00013618428783956915,1,Low,7day
2016-02-22,0.00015449766942765564,1,Low,7day
2016-02-23,0.00014233830734156072,1,Low,7day
2016-02-24,0.00013809624942950904,1,Low,7day
2016-02-25,7.585577259305865e-05,1,Low,7day
2016-02-26,0.0001687920739641413,1,Low,7day
2016-02-27,0.00017376220785081387,1,Low,7day
2016-02-28,0.0001364121271762997,1,Low,7day
2016-02-29,0.00019010601681657135,1,Low,7day
2016-03-01,0.00018199902842752635,1,Low,7day
2016-03-02,0.0001063461895682849,1,Low,7day
2016-03-03,5.136329491506331e-05,1,Low,7day
2016-03-04,3.8807491364423186e-05,1,Low,7day
2016-03-05,6.191762076923624e-05,1,Low,7day
2016-03-06,6.24901003902778e-05,1,Low,7day
2016-03-07,6.413200753740966e-05,1,Low,7day
2016-03-08,0.0001526680134702474,1,Low,7day
2016-03-09,0.00023013997997622937,1,Low,7day
2016-03-10,0.00022220269602257758,1,Low,7day
2016-03-11,0.00010282416042173281,1,Low,7day
2016-03-12,0.00013613534974865615,1,Low,7day
2016-03-13,0.00019525739480741322,1,Low,7day
2016-03-14,0.00015516321582254022,1,Low,7day
2016-03-15,0.0003009200154338032,1,Low,7day
2016-03-16,0.00029768332024104893,1,Low,7day
2016-03-17,0.0004067401750944555,1,Low,7day
2016-03-18,0.00025003915652632713,1,Low,7day
2016-03-19,0.00023230642545968294,1,Low,7day
2016-03-20,6.828526966273785e-05,1,Low,7day
2016-03-21,5.3202020353637636e-05,1,Low,7day
2016-03-22,7.049183477647603e-05,1,Low,7day
2016-03-23,0.00015912098751869053,1,Low,7day
2016-03-24,0.00017860409570857882,1,Low,7day
2016-03-25,0.0002429373562335968,1,Low,7day
2016-03-26,9.711438178783283e-05,1,Low,7day
2016-03-27,6.292009493336082e-05,1,Low,7day
2016-03-28,7.131883467081934e-05,1,Low,7day
2016-03-29,4.013822763226926e-05,1,Low,7day
2016-03-30,4.0820741560310125e-05,1,Low,7day
2016-03-31,0.0001277812261832878,1,Low,7day
2016-04-01,0.00010685719462344423,1,Low,7day
2016-04-02,0.0001078289860743098,1,Low,7day
2016-04-03,0.0002364110987400636,1,Low,7day
2016-04-04,0.00011082802666351199,1,Low,7day
2016-04-05,7.00161763234064e-05,1,Low,7day
2016-04-06,9.052893437910825e-05,1,Low,7day
2016-04-07,7.398376328637823e-05,1,Low,7day
2016-04-08,0.00018833861395251006,1,Low,7day
2016-04-09,0.0001981617242563516,1,Low,7day
2016-04-10,8.552206418244168e-05,1,Low,7day
2016-04-11,1.977317879209295e-05,1,Low,7day
2016-04-12,3.06102228933014e-05,1,Low,7day
2016-04-13,4.4363194319885224e-05,1,Low,7day
2016-04-14,5.380622314987704e-05,1,Low,7day
2016-04-15,2.6149786208407022e-05,1,Low,7day
2016-04-16,3.947129880543798e-05,1,Low,7day
2016-04-17,0.00012121364125050604,1,Low,7day
2016-04-18,7.950171857373789e-05,1,Low,7day
2016-04-19,0.00014150860079098493,1,Low,7day
2016-04-20,8.820756920613348e-05,1,Low,7day
2016-04-21,9.13074763957411e-05,1,Low,7day
2016-04-22,7.99118570284918e-05,1,Low,7day
2016-04-23,0.00020453908655326813,1,Low,7day
2016-04-24,0.00020176262478344142,1,Low,7day
2016-04-25,0.00013362130266614258,1,Low,7day
2016-04-26,8.475396316498518e-05,1,Low,7day
2016-04-27,4.8654321290086955e-05,1,Low,7day
2016-04-28,3.986353476648219e-05,1,Low,7day
2016-04-29,3.4140492061851546e-05,1,Low,7day
2016-04-30,4.825136056751944e-05,1,Low,7day
2016-05-01,4.564730988931842e-05,1,Low,7day
2016-05-02,5.209211303736083e-05,1,Low,7day
2016-05-03,6.804819713579491e-05,1,Low,7day
2016-05-04,0.00010264253069180995,1,Low,7day
2016-05-05,5.7482291595079005e-05,1,Low,7day
2016-05-06,4.272538353689015e-05,1,Low,7day
2016-05-07,2.8475627914303914e-05,1,Low,7day
2016-05-08,2.5603185349609703e-05,1,Low,7day
2016-05-09,1.972084464796353e-05,1,Low,7day
2016-05-10,2.4438611944788136e-05,1,Low,7day
2016-05-11,3.297748480690643e-05,1,Low,7day
2016-05-12,2.0902707547065802e-05,1,Low,7day
2016-05-13,5.702069029211998e-05,1,Low,7day
2016-05-14,4.20949945691973e-05,1,Low,7day
2016-05-15,2.239708737761248e-05,1,Low,7day
2016-05-16,2.1328367438400164e-05,1,Low,7day
2016-05-17,3.791541894315742e-05,1,Low,7day
2016-05-18,3.96325413021259e-05,1,Low,7day
2016-05-19,5.793460150016472e-05,1,Low,7day
2016-05-20,6.791258056182414e-05,1,Low,7day
2016-05-21,6.80020748404786e-05,1,Low,7day
2016-05-22,5.758686893386766e-05,1,Low,7day
2016-05-23,7.837635348550975e-05,1,Low,7day
2016-05-24,6.091815885156393e-05,1,Low,7day
2016-05-25,3.690981975523755e-05,1,Low,7day
2016-05-26,4.9274643970420584e-05,1,Low,7day
2016-05-27,0.00012063467875123024,1,Low,7day
2016-05-28,6.401365681085736e-05,1,Low,7day
2016-05-29,9.728549048304558e-05,1,Low,7day
2016-05-30,0.00013883205247111619,1,Low,7day
2016-05-31,0.00016493312432430685,1,Low,7day
2016-06-01,0.0002262882626382634,1,Low,7day
2016-06-02,0.00034305822919122875,1,Low,7day
2016-06-03,0.0007633719360455871,1,Low,7day
2016-06-04,0.00016769846843089908,1,Low,7day
2016-06-05,7.595297938678414e-05,1,Low,7day
2016-06-06,5.340921416063793e-05,1,Low,7day
2016-06-07,6.437507545342669e-05,1,Low,7day
2016-06-08,9.8515345598571e-05,1,Low,7day
2016-06-09,0.00010741253208834678,1,Low,7day
2016-06-10,0.0001549008156871423,1,Low,7day
2016-06-11,0.00023672055976931006,1,Low,7day
2016-06-12,0.0002803245442919433,1,Low,7day
2016-06-13,0.0003707430441863835,1,Low,7day
2016-06-14,0.0004760684387292713,1,Low,7day
2016-06-15,0.00032321916660293937,1,Low,7day
2016-06-16,0.00048637710278853774,1,Low,7day
2016-06-17,0.00011083850404247642,1,Low,7day
2016-06-18,7.270740752574056e-05,1,Low,7day
2016-06-19,0.00013696920359507203,1,Low,7day
2016-06-20,0.00010799959272844717,1,Low,7day
2016-06-21,0.00017105617735069245,1,Low,7day
2016-06-22,0.0003562611236702651,1,Low,7day
2016-06-23,0.00046130188275128603,1,Low,7day
2016-06-24,0.001178684993647039,1,Low,7day
2016-06-25,0.001108855940401554,1,Low,7day
2016-06-26,0.03752295300364494,1,Low,7day
2016-06-27,0.06152024492621422,1,Low,7day
2016-06-28,0.06575626879930496,1,Low,7day
2016-06-29,0.9868598580360413,4,Very High,7day
2016-06-30,0.9923849105834961,4,Very High,7day
2016-07-01,0.9942396879196167,4,Very High,7day
2016-07-02,0.9884192943572998,4,Very High,7day
2016-07-03,0.9941258430480957,4,Very High,7day
2016-07-04,0.9907289743423462,4,Very High,7day
2016-07-05,0.9967016577720642,4,Very High,7day
2016-07-06,0.9996414184570312,4,Very High,7day
2016-07-07,0.9994717240333557,4,Very High,7day
2016-07-08,0.9994885921478271,4,Very High,7day
2016-07-09,0.9995706677436829,4,Very High,7day
2016-07-10,0.9988051652908325,4,Very High,7day
2016-07-11,0.9988870024681091,4,Very High,7day
2016-07-12,0.9936519861221313,4,Very High,7day
2016-07-13,0.9937171936035156,4,Very High,7day
2016-07-14,0.9913008809089661,4,Very High,7day
2016-07-15,0.9915012121200562,4,Very High,7day
2016-07-16,0.993563175201416,4,Very High,7day
2016-07-17,0.996982991695404,4,Very High,7day
2016-07-18,0.9987092018127441,4,Very High,7day
2016-07-19,0.9989812970161438,4,Very High,7day
2016-07-20,0.998997151851654,4,Very High,7day
2016-07-21,0.9986557960510254,4,Very High,7day
2016-07-22,0.9989287257194519,4,Very High,7day
2016-07-23,0.9968326687812805,4,Very High,7day
2016-07-24,0.1597740799188614,1,Low,7day
2016-07-25,0.04771791398525238,1,Low,7day
2016-07-26,0.009923746809363365,1,Low,7day
2016-07-27,0.0017769640544429421,1,Low,7day
2016-07-28,0.001952499384060502,1,Low,7day
2016-07-29,0.0019463439239189029,1,Low,7day
2016-07-30,0.019955474883317947,1,Low,7day
2016-07-31,0.004127947613596916,1,Low,7day
2016-08-01,0.03640125319361687,1,Low,7day
2016-08-02,0.020047493278980255,1,Low,7day
2016-08-03,0.09834625571966171,1,Low,7day
2016-08-04,0.032642628997564316,1,Low,7day
2016-08-05,0.040564969182014465,1,Low,7day
2016-08-06,0.03307391330599785,1,Low,7day
2016-08-07,0.02423885278403759,1,Low,7day
2016-08-08,0.005596942733973265,1,Low,7day
2016-08-09,0.007949432358145714,1,Low,7day
2016-08-10,0.00361804966814816,1,Low,7day
2016-08-11,0.019102836027741432,1,Low,7day
2016-08-12,0.010909548960626125,1,Low,7day
2016-08-13,0.013511477038264275,1,Low,7day
2016-08-14,0.028705064207315445,1,Low,7day
2016-08-15,0.01379834208637476,1,Low,7day
2016-08-16,0.01424483209848404,1,Low,7day
2016-08-17,0.006946103647351265,1,Low,7day
2016-08-18,0.04636064171791077,1,Low,7day
2016-08-19,0.02896045707166195,1,Low,7day
2016-08-20,0.01743651181459427,1,Low,7day
2016-08-21,0.0020273341797292233,1,Low,7day
2016-08-22,0.0010930664138868451,1,Low,7day
2016-08-23,0.0008830786682665348,1,Low,7day
2016-08-24,0.0030388752929866314,1,Low,7day
2016-08-25,0.005028852727264166,1,Low,7day
2016-08-26,0.007370314095169306,1,Low,7day
2016-08-27,0.034305643290281296,1,Low,7day
2016-08-28,0.035536691546440125,1,Low,7day
2016-08-29,0.05010798200964928,1,Low,7day
2016-08-30,0.03203967958688736,1,Low,7day
2016-08-31,0.11121633648872375,1,Low,7day
2016-09-01,0.03436683863401413,1,Low,7day
2016-09-02,0.026687728241086006,1,Low,7day
2016-09-03,0.009205933660268784,1,Low,7day
2016-09-04,0.015587151981890202,1,Low,7day
2016-09-05,0.02226284146308899,1,Low,7day
2016-09-06,0.014988550916314125,1,Low,7day
2016-09-07,0.007316524628549814,1,Low,7day
2016-09-08,0.0032805325463414192,1,Low,7day
2016-09-09,0.003506644396111369,1,Low,7day
2016-09-10,0.0004813820996787399,1,Low,7day
2016-09-11,0.00033540657022967935,1,Low,7day
2016-09-12,0.0004668983747251332,1,Low,7day
2016-09-13,0.0020350669510662556,1,Low,7day
2016-09-14,0.0020757843740284443,1,Low,7day
2016-09-15,0.0004079081991221756,1,Low,7day
2016-09-16,0.0004407910746522248,1,Low,7day
2016-09-17,0.0006887760246172547,1,Low,7day
2016-09-18,0.0007085482939146459,1,Low,7day
2016-09-19,0.0010922098299488425,1,Low,7day
2016-09-20,0.0019475233275443316,1,Low,7day
2016-09-21,0.00033018263638950884,1,Low,7day
2016-09-22,0.00014170899521559477,1,Low,7day
2016-09-23,0.00035499397199600935,1,Low,7day
2016-09-24,0.00029100471874698997,1,Low,7day
2016-09-25,0.0001964737311936915,1,Low,7day
2016-09-26,0.00017410318832844496,1,Low,7day
2016-09-27,0.0001022383221425116,1,Low,7day
2016-09-28,3.629158527473919e-05,1,Low,7day
2016-09-29,2.224189847765956e-05,1,Low,7day
2016-09-30,5.1432059990474954e-05,1,Low,7day
2016-10-01,2.333897828066256e-05,1,Low,7day
2016-10-02,5.874310227227397e-05,1,Low,7day
2016-10-03,4.180528048891574e-05,1,Low,7day
2016-10-04,9.720519301481545e-05,1,Low,7day
2016-10-05,0.0005031374748796225,1,Low,7day
2016-10-06,0.00037141446955502033,1,Low,7day
2016-10-07,0.0003037855785805732,1,Low,7day
2016-10-08,0.0002418223157292232,1,Low,7day
2016-10-09,0.00016314331151079386,1,Low,7day
2016-10-10,7.863478094805032e-05,1,Low,7day
2016-10-11,7.890535198384896e-05,1,Low,7day
2016-10-12,0.00011889982124557719,1,Low,7day
2016-10-13,7.421439659083262e-05,1,Low,7day
2016-10-14,8.368989801965654e-05,1,Low,7day
2016-10-15,4.693094524554908e-05,1,Low,7day
2016-10-16,2.8662527256528847e-05,1,Low,7day
2016-10-17,4.099164289073087e-05,1,Low,7day
2016-10-18,8.480020915158093e-05,1,Low,7day
2016-10-19,0.00015724662807770073,1,Low,7day
2016-10-20,0.00011414078471716493,1,Low,7day
2016-10-21,7.02114703017287e-05,1,Low,7day
2016-10-22,4.308371353545226e-05,1,Low,7day
2016-10-23,3.053951513720676e-05,1,Low,7day
2016-10-24,4.399434692459181e-05,1,Low,7day
2016-10-25,7.017466123215854e-05,1,Low,7day
2016-10-26,6.415139796445146e-05,1,Low,7day
2016-10-27,3.61984311894048e-05,1,Low,7day
2016-10-28,3.1711606425233185e-05,1,Low,7day
2016-10-29,2.9274553526192904e-05,1,Low,7day
2016-10-30,2.986274193972349e-05,1,Low,7day
2016-10-31,4.9867096095113084e-05,1,Low,7day
2016-11-01,5.7159897551173344e-05,1,Low,7day
2016-11-02,5.130958743393421e-05,1,Low,7day
2016-11-03,7.029179687378928e-05,1,Low,7day
2016-11-04,5.2545285143423826e-05,1,Low,7day
2016-11-05,5.410800076788291e-05,1,Low,7day
2016-11-06,5.167694325791672e-05,1,Low,7day
2016-11-07,3.920842573279515e-05,1,Low,7day
2016-11-08,2.9533230190281756e-05,1,Low,7day
2016-11-09,3.355807712068781e-05,1,Low,7day
2016-11-10,4.905082460027188e-05,1,Low,7day
2016-11-11,5.381735900300555e-05,1,Low,7day
2016-11-12,3.8986581785138696e-05,1,Low,7day
2016-11-13,5.517018507816829e-05,1,Low,7day
2016-11-14,6.496730202343315e-05,1,Low,7day
2016-11-15,6.215324538061395e-05,1,Low,7day
2016-11-16,5.596694609266706e-05,1,Low,7day
2016-11-17,7.008818647591397e-05,1,Low,7day
2016-11-18,7.795015699230134e-05,1,Low,7day
2016-11-19,0.00010452303831698373,1,Low,7day
2016-11-20,9.166655945591629e-05,1,Low,7day
2016-11-21,0.00013245560694485903,1,Low,7day
2016-11-22,7.558702054666355e-05,1,Low,7day
2016-11-23,6.940690946066752e-05,1,Low,7day
2016-11-24,4.6147677494445816e-05,1,Low,7day
2016-11-25,6.647779810009524e-05,1,Low,7day
2016-11-26,5.995781612000428e-05,1,Low,7day
2016-11-27,4.397010343382135e-05,1,Low,7day
2016-11-28,3.418816049816087e-05,1,Low,7day
2016-11-29,4.050915231346153e-05,1,Low,7day
2016-11-30,2.3287333533517085e-05,1,Low,7day
2016-12-01,3.5874982131645083e-05,1,Low,7day
2016-12-02,5.3919789934298024e-05,1,Low,7day
2016-12-03,8.794686436885968e-05,1,Low,7day
2016-12-04,0.00010430071415612474,1,Low,7day
2016-12-05,6.566414958797395e-05,1,Low,7day
2016-12-06,6.973630661377683e-05,1,Low,7day
2016-12-07,5.648241494782269e-05,1,Low,7day
2016-12-08,6.230166036402807e-05,1,Low,7day
2016-12-09,5.905742000322789e-05,1,Low,7day
2016-12-10,4.6883884351700544e-05,1,Low,7day
2016-12-11,5.5369680922012776e-05,1,Low,7day
2016-12-12,4.6902710892027244e-05,1,Low,7day
2016-12-13,4.674597948906012e-05,1,Low,7day
2016-12-14,0.00012971182877663523,1,Low,7day
2016-12-15,8.849975711200386e-05,1,Low,7day
2016-12-16,7.636112422915176e-05,1,Low,7day
2016-12-17,5.45825096196495e-05,1,Low,7day
2016-12-18,5.988992779748514e-05,1,Low,7day
2016-12-19,5.984744711895473e-05,1,Low,7day
2016-12-20,6.674898031633347e-05,1,Low,7day
2016-12-21,7.930485298857093e-05,1,Low,7day
2016-12-22,6.436157127609476e-05,1,Low,7day
2016-12-23,7.417760934913531e-05,1,Low,7day
2016-12-24,8.916608203435317e-05,1,Low,7day
2016-12-25,0.00023519726528320462,1,Low,7day
2016-12-26,0.0001546493440400809,1,Low,7day
2016-12-27,0.00011010908929165453,1,Low,7day
2016-12-28,7.650522456970066e-05,1,Low,7day
2016-12-29,7.482410728698596e-05,1,Low,7day
2016-12-30,5.6949171266751364e-05,1,Low,7day
2016-12-31,3.9278820622712374e-05,1,Low,7day
2017-01-01,0.00010946379916276783,1,Low,7day
2017-01-02,0.00010624979040585458,1,Low,7day
2017-01-03,4.878091931459494e-05,1,Low,7day
2017-01-04,4.281237852410413e-05,1,Low,7day
2017-01-05,7.64232681831345e-05,1,Low,7day
2017-01-06,8.81292944541201e-05,1,Low,7day
2017-01-07,0.00012676398910116404,1,Low,7day
2017-01-08,9.76206865743734e-05,1,Low,7day
2017-01-09,8.208338113036007e-05,1,Low,7day
2017-01-10,0.00021381209080573171,1,Low,7day
2017-01-11,0.0002050469774985686,1,Low,7day
2017-01-12,8.394583710469306e-05,1,Low,7day
2017-01-13,0.00010899144399445504,1,Low,7day
2017-01-14,0.0003691581077873707,1,Low,7day
2017-01-15,0.00016323667659889907,1,Low,7day
2017-01-16,0.00014251431275624782,1,Low,7day
2017-01-17,7.6984943007119e-05,1,Low,7day
2017-01-18,8.779812924331054e-05,1,Low,7day
2017-01-19,0.0002487145538907498,1,Low,7day
2017-01-20,0.00020163878798484802,1,Low,7day
2017-01-21,0.00027118512662127614,1,Low,7day
2017-01-22,0.0002893340424634516,1,Low,7day
2017-01-23,0.00022309343330562115,1,Low,7day
2017-01-24,0.00016190388123504817,1,Low,7day
2017-01-25,0.00010426064545754343,1,Low,7day
2017-01-26,0.00022328710474539548,1,Low,7day
2017-01-27,0.00015458918642252684,1,Low,7day
2017-01-28,0.000187379599083215,1,Low,7day
2017-01-29,0.0002876971266232431,1,Low,7day
2017-01-30,0.0004729299689643085,1,Low,7day
2017-01-31,0.00014166467008180916,1,Low,7day
2017-02-01,0.0003232009767089039,1,Low,7day
2017-02-02,0.0005327320541255176,1,Low,7day
2017-02-03,0.000372458336642012,1,Low,7day
2017-02-04,0.0006203217781148851,1,Low,7day
2017-02-05,0.00034333241637796164,1,Low,7day
2017-02-06,0.00024292948364745826,1,Low,7day
2017-02-07,0.0002307562972418964,1,Low,7day
2017-02-08,0.0001470434363000095,1,Low,7day
2017-02-09,0.00021834613289684057,1,Low,7day
2017-02-10,0.0002643474726937711,1,Low,7day
2017-02-11,0.0003291869070380926,1,Low,7day
2017-02-12,0.00018116676073987037,1,Low,7day
2017-02-13,0.0001567300350870937,1,Low,7day
2017-02-14,0.00016281339048873633,1,Low,7day
2017-02-15,0.0001277886622119695,1,Low,7day
2017-02-16,0.00017385750834364444,1,Low,7day
2017-02-17,0.00012440506543498486,1,Low,7day
2017-02-18,0.00031026601209305227,1,Low,7day
2017-02-19,0.000302438362268731,1,Low,7day
2017-02-20,0.00012928801879752427,1,Low,7day
2017-02-21,0.00011690818791976199,1,Low,7day
2017-02-22,7.72882194723934e-05,1,Low,7day
2017-02-23,6.662878149654716e-05,1,Low,7day
2017-02-24,7.306835323106498e-05,1,Low,7day
2017-02-25,8.77156198839657e-05,1,Low,7day
2017-02-26,0.00012905756011605263,1,Low,7day
2017-02-27,0.0001324495387962088,1,Low,7day
2017-02-28,8.018757944228128e-05,1,Low,7day
2017-03-01,2.4465591195621528e-05,1,Low,7day
2017-03-02,2.1513465981115587e-05,1,Low,7day
2017-03-03,4.779445953317918e-05,1,Low,7day
2017-03-04,6.582527566934004e-05,1,Low,7day
2017-03-05,7.674386870348826e-05,1,Low,7day
2017-03-06,5.892072294955142e-05,1,Low,7day
2017-03-07,7.00223827152513e-05,1,Low,7day
2017-03-08,2.9649523639818653e-05,1,Low,7day
2017-03-09,3.134022335871123e-05,1,Low,7day
2017-03-10,0.00012977207370568067,1,Low,7day
2017-03-11,9.248354763258249e-05,1,Low,7day
2017-03-12,5.0522627134341747e-05,1,Low,7day
2017-03-13,0.00010010495316237211,1,Low,7day
2017-03-14,0.00013645231956616044,1,Low,7day
2017-03-15,0.0001778136211214587,1,Low,7day
2017-03-16,7.951573934406042e-05,1,Low,7day
2017-03-17,0.00011136184184579179,1,Low,7day
2017-03-18,7.36070578568615e-05,1,Low,7day
2017-03-19,5.958822293905541e-05,1,Low,7day
2017-03-20,5.650294406223111e-05,1,Low,7day
2017-03-21,3.396487591089681e-05,1,Low,7day
2017-03-22,4.473018634598702e-05,1,Low,7day
2017-03-23,4.0660401282366365e-05,1,Low,7day
2017-03-24,3.6774767067981884e-05,1,Low,7day
2017-03-25,2.762498661468271e-05,1,Low,7day
2017-03-26,2.228901576017961e-05,1,Low,7day
2017-03-27,1.9220788090024143e-05,1,Low,7day
2017-03-28,2.651847171364352e-05,1,Low,7day
2017-03-29,4.360572711448185e-05,1,Low,7day
2017-03-30,3.979015673394315e-05,1,Low,7day
2017-03-31,3.674528488772921e-05,1,Low,7day
2017-04-01,1.8933795217890292e-05,1,Low,7day
2017-04-02,2.7459878765512258e-05,1,Low,7day
2017-04-03,3.134924918413162e-05,1,Low,7day
2017-04-04,1.8377560991211794e-05,1,Low,7day
2017-04-05,3.5860444768331945e-05,1,Low,7day
2017-04-06,5.084976146463305e-05,1,Low,7day
2017-04-07,1.598031485627871e-05,1,Low,7day
2017-04-08,6.382725405273959e-05,1,Low,7day
2017-04-09,0.00010608315642457455,1,Low,7day
2017-04-10,0.00011036874639103189,1,Low,7day
2017-04-11,0.0001055711109074764,1,Low,7day
2017-04-12,9.96822927845642e-05,1,Low,7day
2017-04-13,5.6241147831315175e-05,1,Low,7day
2017-04-14,3.2825122616486624e-05,1,Low,7day
2017-04-15,8.23963709990494e-05,1,Low,7day
2017-04-16,5.8548757806420326e-05,1,Low,7day
2017-04-17,5.332890577847138e-05,1,Low,7day
2017-04-18,2.4587405277998187e-05,1,Low,7day
2017-04-19,7.928888953756541e-05,1,Low,7day
2017-04-20,0.00010491968714632094,1,Low,7day
2017-04-21,0.00012464671453926712,1,Low,7day
2017-04-22,0.00024154441780410707,1,Low,7day
2017-04-23,0.00014350691344588995,1,Low,7day
2017-04-24,5.4148214985616505e-05,1,Low,7day
2017-04-25,3.496222052490339e-05,1,Low,7day
2017-04-26,5.086004239274189e-05,1,Low,7day
2017-04-27,7.515483594033867e-05,1,Low,7day
2017-04-28,7.843475032132119e-05,1,Low,7day
2017-04-29,0.0001075451509677805,1,Low,7day
2017-04-30,4.621267726179212e-05,1,Low,7day
2017-05-01,3.490056042210199e-05,1,Low,7day
2017-05-02,4.120268931728788e-05,1,Low,7day
2017-05-03,2.9123239073669538e-05,1,Low,7day
2017-05-04,3.2707037462387234e-05,1,Low,7day
2017-05-05,2.1745601770817302e-05,1,Low,7day
2017-05-06,2.367453635088168e-05,1,Low,7day
2017-05-07,3.3730662835296243e-05,1,Low,7day
2017-05-08,4.03410303988494e-05,1,Low,7day
2017-05-09,4.041423017042689e-05,1,Low,7day
2017-05-10,4.5248194510350004e-05,1,Low,7day
2017-05-11,3.098367596976459e-05,1,Low,7day
2017-05-12,3.4962085919687524e-05,1,Low,7day
2017-05-13,3.692298923851922e-05,1,Low,7day
2017-05-14,4.2433028283994645e-05,1,Low,7day
2017-05-15,4.4811691623181105e-05,1,Low,7day
2017-05-16,4.6771663619438186e-05,1,Low,7day
2017-05-17,4.485603130888194e-05,1,Low,7day
2017-05-18,7.033839938230813e-05,1,Low,7day
2017-05-19,7.055787136778235e-05,1,Low,7day
2017-05-20,6.46596890874207e-05,1,Low,7day
2017-05-21,8.450532186543569e-05,1,Low,7day
2017-05-22,6.789218605263159e-05,1,Low,7day
2017-05-23,8.332876313943416e-05,1,Low,7day
2017-05-24,5.82433094677981e-05,1,Low,7day
2017-05-25,8.177547715604305e-05,1,Low,7day
2017-05-26,3.2946460123639554e-05,1,Low,7day
2017-05-27,3.71731621271465e-05,1,Low,7day
2017-05-28,6.558129825862125e-05,1,Low,7day
2017-05-29,3.7453843106050044e-05,1,Low,7day
2017-05-30,4.5045195292914286e-05,1,Low,7day
2017-05-31,0.0002112207148456946,1,Low,7day
2017-06-01,0.00044695375254377723,1,Low,7day
2017-06-02,0.00028748626937158406,1,Low,7day
2017-06-03,0.00018811426707543433,1,Low,7day
2017-06-04,0.00033370990422554314,1,Low,7day
2017-06-05,0.0004277207190170884,1,Low,7day
2017-06-06,0.0003770638140849769,1,Low,7day
2017-06-07,0.0004105552798137069,1,Low,7day
2017-06-08,0.000336800905643031,1,Low,7day
2017-06-09,0.00044771129614673555,1,Low,7day
2017-06-10,0.0006802495918236673,1,Low,7day
2017-06-11,0.0006644055247306824,1,Low,7day
2017-06-12,0.0010719217825680971,1,Low,7day
2017-06-13,0.0008770390413701534,1,Low,7day
2017-06-14,0.0008216230198740959,1,Low,7day
2017-06-15,0.0002558285486884415,1,Low,7day
2017-06-16,0.0002863758709281683,1,Low,7day
2017-06-17,0.0004003797366749495,1,Low,7day
2017-06-18,0.0004661728162318468,1,Low,7day
2017-06-19,0.0005107834585942328,1,Low,7day
2017-06-20,0.0006657448248006403,1,Low,7day
2017-06-21,0.0004454132285900414,1,Low,7day
2017-06-22,0.0007518674829043448,1,Low,7day
2017-06-23,0.0003781449922826141,1,Low,7day
2017-06-24,0.0002057480887742713,1,Low,7day
2017-06-25,0.001598299597389996,1,Low,7day
2017-06-26,0.022477028891444206,1,Low,7day
2017-06-27,0.9834064841270447,4,Very High,7day
2017-06-28,0.9888821244239807,4,Very High,7day
2017-06-29,0.9933370351791382,4,Very High,7day
2017-06-30,0.9961205124855042,4,Very High,7day
2017-07-01,0.9923731684684753,4,Very High,7day
2017-07-02,0.9937708973884583,4,Very High,7day
2017-07-03,0.9819489121437073,4,Very High,7day
2017-07-04,0.18910814821720123,1,Low,7day
2017-07-05,0.1673363298177719,1,Low,7day
2017-07-06,0.9918427467346191,4,Very High,7day
2017-07-07,0.9955050945281982,4,Very High,7day
2017-07-08,0.9957602620124817,4,Very High,7day
2017-07-09,0.9956728219985962,4,Very High,7day
2017-07-10,0.9953134059906006,4,Very High,7day
2017-07-11,0.9968841671943665,4,Very High,7day
2017-07-12,0.9984979629516602,4,Very High,7day
2017-07-13,0.9983769655227661,4,Very High,7day
2017-07-14,0.9994805455207825,4,Very High,7day
2017-07-15,0.9997590184211731,4,Very High,7day
2017-07-16,0.9995043277740479,4,Very High,7day
2017-07-17,0.9993933439254761,4,Very High,7day
2017-07-18,0.999534010887146,4,Very High,7day
2017-07-19,0.999659538269043,4,Very High,7day
2017-07-20,0.9997164607048035,4,Very High,7day
2017-07-21,0.9993882179260254,4,Very High,7day
2017-07-22,0.9996470212936401,4,Very High,7day
2017-07-23,0.9997186064720154,4,Very High,7day
2017-07-24,0.99957674741745,4,Very High,7day
2017-07-25,0.9995916485786438,4,Very High,7day
2017-07-26,0.999462902545929,4,Very High,7day
2017-07-27,0.999407172203064,4,Very High,7day
2017-07-28,0.9994317889213562,4,Very High,7day
2017-07-29,0.9995889067649841,4,Very High,7day
2017-07-30,0.9993895292282104,4,Very High,7day
2017-07-31,0.9982896447181702,4,Very High,7day
2017-08-01,0.9982580542564392,4,Very High,7day
2017-08-02,0.9980714917182922,4,Very High,7day
2017-08-03,0.999221920967102,4,Very High,7day
2017-08-04,0.9995457530021667,4,Very High,7day
2017-08-05,0.9995452761650085,4,Very High,7day
2017-08-06,0.9986237287521362,4,Very High,7day
2017-08-07,0.9988883137702942,4,Very High,7day
2017-08-08,0.9991727471351624,4,Very High,7day
2017-08-09,0.9979391694068909,4,Very High,7day
2017-08-10,0.10194914042949677,1,Low,7day
2017-08-11,0.10371828824281693,1,Low,7day
2017-08-12,0.002876746002584696,1,Low,7day
2017-08-13,0.0023813704028725624,1,Low,7day
2017-08-14,0.0035802258644253016,1,Low,7day
2017-08-15,0.00028429506346583366,1,Low,7day
2017-08-16,0.0006761217955499887,1,Low,7day
2017-08-17,0.0010282192379236221,1,Low,7day
2017-08-18,0.0007819486199878156,1,Low,7day
2017-08-19,0.000289808347588405,1,Low,7day
2017-08-20,0.0006736497161909938,1,Low,7day
2017-08-21,0.013232731260359287,1,Low,7day
2017-08-22,0.0033499535638839006,1,Low,7day
2017-08-23,0.000979766482487321,1,Low,7day
2017-08-24,0.0006304119597189128,1,Low,7day
2017-08-25,0.0008358568884432316,1,Low,7day
2017-08-26,0.0015307291178032756,1,Low,7day
2017-08-27,0.001328465761616826,1,Low,7day
2017-08-28,0.001617087167687714,1,Low,7day
2017-08-29,0.019519463181495667,1,Low,7day
2017-08-30,0.01939420774579048,1,Low,7day
2017-08-31,0.007543741725385189,1,Low,7day
2017-09-01,0.008596435189247131,1,Low,7day
2017-09-02,0.007720425724983215,1,Low,7day
2017-09-03,0.0021303927060216665,1,Low,7day
2017-09-04,0.00201479927636683,1,Low,7day
2017-09-05,0.002004066715016961,1,Low,7day
2017-09-06,0.0009039909928105772,1,Low,7day
2017-09-07,0.0007443587528541684,1,Low,7day
2017-09-08,0.000268669769866392,1,Low,7day
2017-09-09,0.00023543532006442547,1,Low,7day
2017-09-10,0.00042039903928525746,1,Low,7day
2017-09-11,0.00023990018235053867,1,Low,7day
2017-09-12,0.00011537590035004541,1,Low,7day
2017-09-13,0.00012767344014719129,1,Low,7day
2017-09-14,0.00014515357906930149,1,Low,7day
2017-09-15,9.333718480775133e-05,1,Low,7day
2017-09-16,9.69347165664658e-05,1,Low,7day
2017-09-17,0.00010024651419371367,1,Low,7day
2017-09-18,8.126288594212383e-05,1,Low,7day
2017-09-19,0.00010146464046556503,1,Low,7day
2017-09-20,0.0010535134933888912,1,Low,7day
2017-09-21,0.0014831029111519456,1,Low,7day
2017-09-22,0.0005349928396753967,1,Low,7day
2017-09-23,0.00011436847853474319,1,Low,7day
2017-09-24,0.00011894903582287952,1,Low,7day
2017-09-25,0.00017562629363965243,1,Low,7day
2017-09-26,0.00011430818994995207,1,Low,7day
2017-09-27,0.00010103297245223075,1,Low,7day
2017-09-28,8.028360025491565e-05,1,Low,7day
2017-09-29,4.876626917393878e-05,1,Low,7day
2017-09-30,4.630951298167929e-05,1,Low,7day
2017-10-01,5.9429719840409234e-05,1,Low,7day
2017-10-02,3.4172317100455984e-05,1,Low,7day
2017-10-03,3.716603896464221e-05,1,Low,7day
2017-10-04,3.282239777036011e-05,1,Low,7day
2017-10-05,3.41004051733762e-05,1,Low,7day
2017-10-06,2.9922723115305416e-05,1,Low,7day
2017-10-07,2.9313689083210193e-05,1,Low,7day
2017-10-08,2.7156309442943893e-05,1,Low,7day
2017-10-09,1.743274333421141e-05,1,Low,7day
2017-10-10,1.750134106259793e-05,1,Low,7day
2017-10-11,2.5461087716394104e-05,1,Low,7day
2017-10-12,2.857660729205236e-05,1,Low,7day
2017-10-13,1.8850163542083465e-05,1,Low,7day
2017-10-14,2.070255868602544e-05,1,Low,7day
2017-10-15,3.376039967406541e-05,1,Low,7day
2017-10-16,2.7898575353901833e-05,1,Low,7day
2017-10-17,3.757666490855627e-05,1,Low,7day
2017-10-18,3.3494103263365105e-05,1,Low,7day
2017-10-19,2.429579217277933e-05,1,Low,7day
2017-10-20,2.3145588784245774e-05,1,Low,7day
2017-10-21,2.7257834517513402e-05,1,Low,7day
2017-10-22,6.622104410780594e-05,1,Low,7day
2017-10-23,4.330367301008664e-05,1,Low,7day
2017-10-24,3.2782452763058245e-05,1,Low,7day
2017-10-25,1.9859297026414424e-05,1,Low,7day
2017-10-26,1.7906560970004648e-05,1,Low,7day
2017-10-27,1.6234687791438773e-05,1,Low,7day
2017-10-28,1.6112437151605263e-05,1,Low,7day
2017-10-29,1.6351470549125224e-05,1,Low,7day
2017-10-30,2.518710243748501e-05,1,Low,7day
2017-10-31,1.8732569515123032e-05,1,Low,7day
2017-11-01,1.7397236661054194e-05,1,Low,7day
2017-11-02,1.478294416301651e-05,1,Low,7day
2017-11-03,1.3082055374979973e-05,1,Low,7day
2017-11-04,1.9352884919499047e-05,1,Low,7day
2017-11-05,2.608746763144154e-05,1,Low,7day
2017-11-06,2.3458091163774952e-05,1,Low,7day
2017-11-07,1.8246169929625466e-05,1,Low,7day
2017-11-08,2.848733311111573e-05,1,Low,7day
2017-11-09,2.2145786715555005e-05,1,Low,7day
2017-11-10,1.663240800553467e-05,1,Low,7day
2017-11-11,1.5050603906274773e-05,1,Low,7day
2017-11-12,1.5283036191249266e-05,1,Low,7day
2017-11-13,3.325806028442457e-05,1,Low,7day
2017-11-14,2.6204656023764983e-05,1,Low,7day
2017-11-15,4.680177880800329e-05,1,Low,7day
2017-11-16,6.058157669031061e-05,1,Low,7day
2017-11-17,4.179443931207061e-05,1,Low,7day
2017-11-18,2.4952736566774547e-05,1,Low,7day
2017-11-19,1.6804950064397417e-05,1,Low,7day
2017-11-20,2.254277751490008e-05,1,Low,7day
2017-11-21,2.5936074962373823e-05,1,Low,7day
2017-11-22,3.0458571927738376e-05,1,Low,7day
2017-11-23,2.1757052309112623e-05,1,Low,7day
2017-11-24,2.3877693820395507e-05,1,Low,7day
2017-11-25,4.0648268623044714e-05,1,Low,7day
2017-11-26,4.4483804231276736e-05,1,Low,7day
2017-11-27,3.159650441375561e-05,1,Low,7day
2017-11-28,2.7372710974304937e-05,1,Low,7day
2017-11-29,2.960886195069179e-05,1,Low,7day
2017-11-30,2.1653348085237667e-05,1,Low,7day
2017-12-01,2.8219918021932244e-05,1,Low,7day
2017-12-02,2.8529475457617082e-05,1,Low,7day
2017-12-03,3.871497028740123e-05,1,Low,7day
2017-12-04,4.1495313780615106e-05,1,Low,7day
2017-12-05,5.536181197385304e-05,1,Low,7day
2017-12-06,5.6711312936386093e-05,1,Low,7day
2017-12-07,6.27399276709184e-05,1,Low,7day
2017-12-08,2.0215706172166392e-05,1,Low,7day
2017-12-09,2.9060900487820618e-05,1,Low,7day
2017-12-10,3.893081520800479e-05,1,Low,7day
2017-12-11,4.000588887720369e-05,1,Low,7day
2017-12-12,3.3899734262377024e-05,1,Low,7day
2017-12-13,3.033028042409569e-05,1,Low,7day
2017-12-14,3.706427742145024e-05,1,Low,7day
2017-12-15,5.637511640088633e-05,1,Low,7day
2017-12-16,8.648199582239613e-05,1,Low,7day
2017-12-17,0.00010971762822009623,1,Low,7day
2017-12-18,0.00012226142280269414,1,Low,7day
2017-12-19,0.00013739694259129465,1,Low,7day
2017-12-20,6.753870547981933e-05,1,Low,7day
2017-12-21,7.505922258133069e-05,1,Low,7day
2017-12-22,7.202306005638093e-05,1,Low,7day
2017-12-23,6.971855327719823e-05,1,Low,7day
2017-12-24,6.011365258018486e-05,1,Low,7day
2017-12-25,6.432451482396573e-05,1,Low,7day
2017-12-26,3.288270818302408e-05,1,Low,7day
2017-12-27,3.346112498547882e-05,1,Low,7day
2017-12-28,3.0312552553368732e-05,1,Low,7day
2017-12-29,3.648093843366951e-05,1,Low,7day
2017-12-30,1.999410415010061e-05,1,Low,7day
2017-12-31,1.6844742276589386e-05,1,Low,7day
2018-01-01,3.1853909604251385e-05,1,Low,7day
2018-01-02,5.1623159379232675e-05,1,Low,7day
2018-01-03,3.120191104244441e-05,1,Low,7day
2018-01-04,3.874946924042888e-05,1,Low,7day
2018-01-05,5.060546754975803e-05,1,Low,7day
2018-01-06,4.0517261368222535e-05,1,Low,7day
2018-01-07,3.744341665878892e-05,1,Low,7day
2018-01-08,3.159406332997605e-05,1,Low,7day
2018-01-09,3.536940130288713e-05,1,Low,7day
2018-01-10,8.045112917898223e-05,1,Low,7day
2018-01-11,5.662280091200955e-05,1,Low,7day
2018-01-12,6.0820933867944404e-05,1,Low,7day
2018-01-13,4.5636559661943465e-05,1,Low,7day
2018-01-14,4.429335967870429e-05,1,Low,7day
2018-01-15,3.841981742880307e-05,1,Low,7day
2018-01-16,4.897192775388248e-05,1,Low,7day
2018-01-17,0.00011918270320165902,1,Low,7day
2018-01-18,6.801095878472552e-05,1,Low,7day
2018-01-19,3.985855437349528e-05,1,Low,7day
2018-01-20,4.223347787046805e-05,1,Low,7day
2018-01-21,5.232456896919757e-05,1,Low,7day
2018-01-22,7.422848284477368e-05,1,Low,7day
2018-01-23,5.245151260169223e-05,1,Low,7day
2018-01-24,2.4378228772548027e-05,1,Low,7day
2018-01-25,1.988440635614097e-05,1,Low,7day
2018-01-26,3.31441406160593e-05,1,Low,7day
2018-01-27,2.4183769710361958e-05,1,Low,7day
2018-01-28,1.9722125216503628e-05,1,Low,7day
2018-01-29,2.5663492124294862e-05,1,Low,7day
2018-01-30,2.131580185960047e-05,1,Low,7day
2018-01-31,2.114409471687395e-05,1,Low,7day
2018-02-01,2.2569409338757396e-05,1,Low,7day
2018-02-02,2.2167021597852e-05,1,Low,7day
2018-02-03,1.94355034182081e-05,1,Low,7day
2018-02-04,2.2307835024548694e-05,1,Low,7day
2018-02-05,3.406624455237761e-05,1,Low,7day
2018-02-06,4.073487798450515e-05,1,Low,7day
2018-02-07,3.806849417742342e-05,1,Low,7day
2018-02-08,3.388896948308684e-05,1,Low,7day
2018-02-09,5.805411274195649e-05,1,Low,7day
2018-02-10,9.643510566093028e-05,1,Low,7day
2018-02-11,0.00014348763215821236,1,Low,7day
2018-02-12,6.77754869684577e-05,1,Low,7day
2018-02-13,0.00014262266631703824,1,Low,7day
2018-02-14,0.00026950560277327895,1,Low,7day
2018-02-15,5.6854427384678274e-05,1,Low,7day
2018-02-16,7.278420525835827e-05,1,Low,7day
2018-02-17,9.02225510799326e-05,1,Low,7day
2018-02-18,0.0002090833440888673,1,Low,7day
2018-02-19,9.268130816053599e-05,1,Low,7day
2018-02-20,4.9756465159589425e-05,1,Low,7day
2018-02-21,4.79469308629632e-05,1,Low,7day
2018-02-22,5.471790791489184e-05,1,Low,7day
2018-02-23,0.00013901643978897482,1,Low,7day
2018-02-24,0.00012316921493038535,1,Low,7day
2018-02-25,0.00029734833515249193,1,Low,7day
2018-02-26,0.00022314151283353567,1,Low,7day
2018-02-27,0.000144916120916605,1,Low,7day
2018-02-28,6.560906331287697e-05,1,Low,7day
2018-03-01,6.320894317468628e-05,1,Low,7day
2018-03-02,6.655308970948681e-05,1,Low,7day
2018-03-03,0.00011164787429152057,1,Low,7day
2018-03-04,8.775811875239015e-05,1,Low,7day
2018-03-05,6.38380297459662e-05,1,Low,7day
2018-03-06,6.296751234913245e-05,1,Low,7day
2018-03-07,9.487743227509782e-05,1,Low,7day
2018-03-08,0.00014612902305088937,1,Low,7day
2018-03-09,0.00014994974480941892,1,Low,7day
2018-03-10,0.00014428132271859795,1,Low,7day
2018-03-11,0.00010458136966917664,1,Low,7day
2018-03-12,7.380505849141628e-05,1,Low,7day
2018-03-13,0.00014431297313421965,1,Low,7day
2018-03-14,9.593732829671353e-05,1,Low,7day
2018-03-15,7.096104673109949e-05,1,Low,7day
2018-03-16,5.522777428268455e-05,1,Low,7day
2018-03-17,3.2922180253081024e-05,1,Low,7day
2018-03-18,4.1595787479309365e-05,1,Low,7day
2018-03-19,0.00012425260501913726,1,Low,7day
2018-03-20,0.00013321140431798995,1,Low,7day
2018-03-21,3.2336054573534057e-05,1,Low,7day
2018-03-22,4.523956522461958e-05,1,Low,7day
2018-03-23,1.676750798651483e-05,1,Low,7day
2018-03-24,1.2927021089126356e-05,1,Low,7day
2018-03-25,3.563772406778298e-05,1,Low,7day
2018-03-26,7.744500180706382e-05,1,Low,7day
2018-03-27,4.170183456153609e-05,1,Low,7day
2018-03-28,2.2304217054625042e-05,1,Low,7day
2018-03-29,2.5184821424772963e-05,1,Low,7day
2018-03-30,3.252945316489786e-05,1,Low,7day
2018-03-31,3.033513894479256e-05,1,Low,7day
2018-04-01,3.1805888283997774e-05,1,Low,7day
2018-04-02,1.8632597857504152e-05,1,Low,7day
2018-04-03,2.20150232053129e-05,1,Low,7day
2018-04-04,4.624666689778678e-05,1,Low,7day
2018-04-05,4.400420584715903e-05,1,Low,7day
2018-04-06,5.215066630626097e-05,1,Low,7day
2018-04-07,4.267382973921485e-05,1,Low,7day
2018-04-08,4.558588989311829e-05,1,Low,7day
2018-04-09,9.23762854654342e-05,1,Low,7day
2018-04-10,7.068872946547344e-05,1,Low,7day
2018-04-11,8.14771992736496e-05,1,Low,7day
2018-04-12,6.722500984324142e-05,1,Low,7day
2018-04-13,7.603733683936298e-05,1,Low,7day
2018-04-14,5.29331955476664e-05,1,Low,7day
2018-04-15,7.093756721587852e-05,1,Low,7day
2018-04-16,0.00017840563668869436,1,Low,7day
2018-04-17,0.00017501413822174072,1,Low,7day
2018-04-18,6.165153899928555e-05,1,Low,7day
2018-04-19,6.0865379055030644e-05,1,Low,7day
2018-04-20,4.5762637455482036e-05,1,Low,7day
2018-04-21,5.247513036010787e-05,1,Low,7day
2018-04-22,0.00010676705278456211,1,Low,7day
2018-04-23,9.23069819691591e-05,1,Low,7day
2018-04-24,9.398694965057075e-05,1,Low,7day
2018-04-25,0.00014909727906342596,1,Low,7day
2018-04-26,0.00012304466508794576,1,Low,7day
2018-04-27,0.00010204158024862409,1,Low,7day
2018-04-28,7.470311538781971e-05,1,Low,7day
2018-04-29,6.81461242493242e-05,1,Low,7day
2018-04-30,0.00011859364167321473,1,Low,7day
2018-05-01,9.226482507074252e-05,1,Low,7day
2018-05-02,0.00012464504106901586,1,Low,7day
2018-05-03,0.0001232373615493998,1,Low,7day
2018-05-04,0.0001419914187863469,1,Low,7day
2018-05-05,0.00019448316015768796,1,Low,7day
2018-05-06,6.6970351326745e-05,1,Low,7day
2018-05-07,7.787021604599431e-05,1,Low,7day
2018-05-08,4.4737564167007804e-05,1,Low,7day
2018-05-09,4.1887247789418325e-05,1,Low,7day
2018-05-10,5.2805535233346745e-05,1,Low,7day
2018-05-11,3.850245411740616e-05,1,Low,7day
2018-05-12,5.526259701582603e-05,1,Low,7day
2018-05-13,0.00011866502609336749,1,Low,7day
2018-05-14,6.52625021757558e-05,1,Low,7day
2018-05-15,8.446560241281986e-05,1,Low,7day
2018-05-16,7.507132249884307e-05,1,Low,7day
2018-05-17,5.396562482928857e-05,1,Low,7day
2018-05-18,6.346219015540555e-05,1,Low,7day
2018-05-19,5.514761505764909e-05,1,Low,7day
2018-05-20,0.00010329578799428418,1,Low,7day
2018-05-21,0.00010070804273709655,1,Low,7day
2018-05-22,8.936740050558001e-05,1,Low,7day
2018-05-23,6.388863403117284e-05,1,Low,7day
2018-05-24,4.2332507291575894e-05,1,Low,7day
2018-05-25,4.718399577541277e-05,1,Low,7day
2018-05-26,9.976531873689964e-05,1,Low,7day
2018-05-27,9.466939081903547e-05,1,Low,7day
2018-05-28,0.0002487809688318521,1,Low,7day
2018-05-29,0.00012118152517359704,1,Low,7day
2018-05-30,0.00013682155986316502,1,Low,7day
2018-05-31,6.562652561115101e-05,1,Low,7day
2018-06-01,5.981766662443988e-05,1,Low,7day
2018-06-02,5.415766281657852e-05,1,Low,7day
2018-06-03,6.441161531256512e-05,1,Low,7day
2018-06-04,0.00011439629452070221,1,Low,7day
2018-06-05,0.00010250609193462878,1,Low,7day
2018-06-06,0.0001603889832040295,1,Low,7day
2018-06-07,0.0001927173143485561,1,Low,7day
2018-06-08,0.00017075534560717642,1,Low,7day
2018-06-09,0.0002373800816712901,1,Low,7day
2018-06-10,0.00014513087808154523,1,Low,7day
2018-06-11,0.00025697090313769877,1,Low,7day
2018-06-12,0.00036483901203610003,1,Low,7day
2018-06-13,0.00019623989646788687,1,Low,7day
2018-06-14,0.00041692290687933564,1,Low,7day
2018-06-15,0.00010774665861390531,1,Low,7day
2018-06-16,0.0001399390457663685,1,Low,7day
2018-06-17,0.00016055608284659684,1,Low,7day
2018-06-18,0.0004332397656980902,1,Low,7day
2018-06-19,0.00042098015546798706,1,Low,7day
2018-06-20,0.0005883636767975986,1,Low,7day
2018-06-21,0.0005282265483401716,1,Low,7day
2018-06-22,0.00018365283904131502,1,Low,7day
2018-06-23,0.00013921648496761918,1,Low,7day
2018-06-24,0.00015482993330806494,1,Low,7day
2018-06-25,0.0001637722016312182,1,Low,7day
2018-06-26,0.00023535516811534762,1,Low,7day
2018-06-27,0.003112243954092264,1,Low,7day
2018-06-28,0.003572553861886263,1,Low,7day
2018-06-29,0.005635163281112909,1,Low,7day
2018-06-30,0.004558090586215258,1,Low,7day
2018-07-01,0.0029472203459590673,1,Low,7day
2018-07-02,0.0008821561350487173,1,Low,7day
2018-07-03,0.0013172663748264313,1,Low,7day
2018-07-04,0.001521396217867732,1,Low,7day
2018-07-05,0.009544232860207558,1,Low,7day
2018-07-06,0.00436802115291357,1,Low,7day
2018-07-07,0.006301247049123049,1,Low,7day
2018-07-08,0.006996098905801773,1,Low,7day
2018-07-09,0.004570059943944216,1,Low,7day
2018-07-10,0.060028936713933945,1,Low,7day
2018-07-11,0.04326605051755905,1,Low,7day
2018-07-12,0.052095118910074234,1,Low,7day
2018-07-13,0.024710172787308693,1,Low,7day
2018-07-14,0.04345880076289177,1,Low,7day
2018-07-15,0.03675189986824989,1,Low,7day
2018-07-16,0.04533316567540169,1,Low,7day
2018-07-17,0.06026526913046837,1,Low,7day
2018-07-18,0.008810904808342457,1,Low,7day
2018-07-19,0.07087860256433487,1,Low,7day
2018-07-20,0.1036381646990776,1,Low,7day
2018-07-21,0.02446855418384075,1,Low,7day
2018-07-22,0.0875721126794815,1,Low,7day
2018-07-23,0.9924615025520325,4,Very High,7day
2018-07-24,0.9889439344406128,4,Very High,7day
2018-07-25,0.9942408800125122,4,Very High,7day
2018-07-26,0.9952333569526672,4,Very High,7day
2018-07-27,0.9963061809539795,4,Very High,7day
2018-07-28,0.9898471236228943,4,Very High,7day
2018-07-29,0.9943298101425171,4,Very High,7day
2018-07-30,0.9912573099136353,4,Very High,7day
2018-07-31,0.1562863141298294,1,Low,7day
2018-08-01,0.09602083265781403,1,Low,7day
2018-08-02,0.05107264593243599,1,Low,7day
2018-08-03,0.005832078400999308,1,Low,7day
2018-08-04,0.0011765648378059268,1,Low,7day
2018-08-05,0.0014606007607653737,1,Low,7day
2018-08-06,0.0010922139044851065,1,Low,7day
2018-08-07,0.0034695263020694256,1,Low,7day
2018-08-08,0.007909771986305714,1,Low,7day
2018-08-09,0.0011096727102994919,1,Low,7day
2018-08-10,0.0005182286258786917,1,Low,7day
2018-08-11,0.0024500181898474693,1,Low,7day
2018-08-12,0.0015026768669486046,1,Low,7day
2018-08-13,0.0011320948833599687,1,Low,7day
2018-08-14,0.0014865573029965162,1,Low,7day
2018-08-15,0.0026489782612770796,1,Low,7day
2018-08-16,0.0008796770125627518,1,Low,7day
2018-08-17,0.0022879187017679214,1,Low,7day
2018-08-18,0.0029098268132656813,1,Low,7day
2018-08-19,0.003202644642442465,1,Low,7day
2018-08-20,0.003746635979041457,1,Low,7day
2018-08-21,0.002650089794769883,1,Low,7day
2018-08-22,0.0022051380947232246,1,Low,7day
2018-08-23,0.0012615991290658712,1,Low,7day
2018-08-24,0.00011750277190003544,1,Low,7day
2018-08-25,0.001003788784146309,1,Low,7day
2018-08-26,0.002000009873881936,1,Low,7day
2018-08-27,0.00017683701298665255,1,Low,7day
2018-08-28,0.000180183065822348,1,Low,7day
2018-08-29,0.0001862912904471159,1,Low,7day
2018-08-30,0.00015526237257290632,1,Low,7day
2018-08-31,0.00047562303370796144,1,Low,7day
2018-09-01,0.0004542851820588112,1,Low,7day
2018-09-02,0.00039392447797581553,1,Low,7day
2018-09-03,0.0006080930470488966,1,Low,7day
2018-09-04,0.001728679402731359,1,Low,7day
2018-09-05,0.002186527941375971,1,Low,7day
2018-09-06,0.002294940408319235,1,Low,7day
2018-09-07,0.002643863670527935,1,Low,7day
2018-09-08,0.0008542442810721695,1,Low,7day
2018-09-09,0.0014847987331449986,1,Low,7day
2018-09-10,0.001440991647541523,1,Low,7day
2018-09-11,0.0005319691263139248,1,Low,7day
2018-09-12,0.0005162599845789373,1,Low,7day
2018-09-13,0.0006825783057138324,1,Low,7day
2018-09-14,0.00048249983228743076,1,Low,7day
2018-09-15,0.0005997444386593997,1,Low,7day
2018-09-16,0.00044924329267814755,1,Low,7day
2018-09-17,0.0001822282501962036,1,Low,7day
2018-09-18,0.00018352593178860843,1,Low,7day
2018-09-19,0.00022294714290183038,1,Low,7day
2018-09-20,0.0001500010839663446,1,Low,7day
2018-09-21,0.00016993786266539246,1,Low,7day
2018-09-22,0.0013054979499429464,1,Low,7day
2018-09-23,0.002287262352183461,1,Low,7day
2018-09-24,0.00042586488416418433,1,Low,7day
2018-09-25,0.00020507611043285578,1,Low,7day
2018-09-26,0.000639588397461921,1,Low,7day
2018-09-27,0.0005205738125368953,1,Low,7day
2018-09-28,5.07897675561253e-05,1,Low,7day
2018-09-29,5.0742513849399984e-05,1,Low,7day
2018-09-30,0.00023019923537503928,1,Low,7day
2018-10-01,0.0001456554891774431,1,Low,7day
2018-10-02,0.0001131123281084001,1,Low,7day
2018-10-03,4.2254549043718725e-05,1,Low,7day
2018-10-04,0.0001642518473090604,1,Low,7day
2018-10-05,0.00045515535748563707,1,Low,7day
2018-10-06,0.00012673679157160223,1,Low,7day
2018-10-07,0.0001452750148018822,1,Low,7day
2018-10-08,0.00011672217078739777,1,Low,7day
2018-10-09,0.00015958854055497795,1,Low,7day
2018-10-10,7.618932431796566e-05,1,Low,7day
2018-10-11,8.385199180338532e-05,1,Low,7day
2018-10-12,9.56135627347976e-05,1,Low,7day
2018-10-13,8.753036672715098e-05,1,Low,7day
2018-10-14,5.844288534717634e-05,1,Low,7day
2018-10-15,5.7917528465623036e-05,1,Low,7day
2018-10-16,4.681334030465223e-05,1,Low,7day
2018-10-17,4.187873855698854e-05,1,Low,7day
2018-10-18,4.0457729483023286e-05,1,Low,7day
2018-10-19,4.0269194869324565e-05,1,Low,7day
2018-10-20,3.4805136237991974e-05,1,Low,7day
2018-10-21,5.336319009074941e-05,1,Low,7day
2018-10-22,3.789123729802668e-05,1,Low,7day
2018-10-23,5.2099316235398874e-05,1,Low,7day
2018-10-24,7.543723768321797e-05,1,Low,7day
2018-10-25,8.427620923612267e-05,1,Low,7day
2018-10-26,9.230178693542257e-05,1,Low,7day
2018-10-27,9.45988213061355e-05,1,Low,7day
2018-10-28,0.00013715229579247534,1,Low,7day
2018-10-29,0.00010364536137785763,1,Low,7day
2018-10-30,9.238544589607045e-05,1,Low,7day
2018-10-31,4.972752867615782e-05,1,Low,7day
2018-11-01,8.207539940485731e-05,1,Low,7day
2018-11-02,0.00010890189150813967,1,Low,7day
2018-11-03,4.8794270696816966e-05,1,Low,7day
2018-11-04,6.110334652476013e-05,1,Low,7day
2018-11-05,7.526234549004585e-05,1,Low,7day
2018-11-06,6.437623960664496e-05,1,Low,7day
2018-11-07,8.065537986112759e-05,1,Low,7day
2018-11-08,7.700124842813239e-05,1,Low,7day
2018-11-09,6.47011402179487e-05,1,Low,7day
2018-11-10,5.354644963517785e-05,1,Low,7day
2018-11-11,4.498711496125907e-05,1,Low,7day
2018-11-12,2.9691569579881616e-05,1,Low,7day
2018-11-13,6.809266051277518e-05,1,Low,7day
2018-11-14,6.212367588886991e-05,1,Low,7day
2018-11-15,7.529435970354825e-05,1,Low,7day
2018-11-16,6.679049693048e-05,1,Low,7day
2018-11-17,8.756919123698026e-05,1,Low,7day
2018-11-18,0.00010359408042859286,1,Low,7day
2018-11-19,6.431273504858837e-05,1,Low,7day
2018-11-20,0.00011033307237084955,1,Low,7day
2018-11-21,7.625640864716843e-05,1,Low,7day
2018-11-22,6.466962076956406e-05,1,Low,7day
2018-11-23,0.00025547025143168867,1,Low,7day
2018-11-24,0.00018243861268274486,1,Low,7day
2018-11-25,0.0001328164362348616,1,Low,7day
2018-11-26,8.806485857348889e-05,1,Low,7day
2018-11-27,7.222685235319659e-05,1,Low,7day
2018-11-28,7.050460408208892e-05,1,Low,7day
2018-11-29,7.122531678760424e-05,1,Low,7day
2018-11-30,7.010724220890552e-05,1,Low,7day
2018-12-01,5.48451098438818e-05,1,Low,7day
2018-12-02,3.770319381146692e-05,1,Low,7day
2018-12-03,3.0227540264604613e-05,1,Low,7day
2018-12-04,2.8519843908725306e-05,1,Low,7day
2018-12-05,4.675168383982964e-05,1,Low,7day
2018-12-06,7.181532419053838e-05,1,Low,7day
2018-12-07,5.7076449593296275e-05,1,Low,7day
2018-12-08,3.223678868380375e-05,1,Low,7day
2018-12-09,5.852855247212574e-05,1,Low,7day
2018-12-10,5.831267117173411e-05,1,Low,7day
2018-12-11,6.358976679621264e-05,1,Low,7day
2018-12-12,7.011993875494227e-05,1,Low,7day
2018-12-13,0.00010205120634054765,1,Low,7day
2018-12-14,0.0002140477008651942,1,Low,7day
2018-12-15,0.0007079229108057916,1,Low,7day
2018-12-16,0.0005636315327137709,1,Low,7day
2018-12-17,0.000558448547963053,1,Low,7day
2018-12-18,0.000510818266775459,1,Low,7day
2018-12-19,0.00022202417312655598,1,Low,7day
2018-12-20,0.00024375774955842644,1,Low,7day
2018-12-21,0.00031034351559355855,1,Low,7day
2018-12-22,0.0002497298992238939,1,Low,7day
2018-12-23,0.00017278577433899045,1,Low,7day
2018-12-24,0.00019081973005086184,1,Low,7day
2018-12-25,0.00023038763902150095,1,Low,7day
2018-12-26,0.0003168465627823025,1,Low,7day
2018-12-27,0.0002321724605280906,1,Low,7day
2018-12-28,0.0001887726248241961,1,Low,7day
2018-12-29,0.0001896732865134254,1,Low,7day
2018-12-30,0.00012079042789991945,1,Low,7day
2018-12-31,0.00016329520440194756,1,Low,7day
2019-01-01,8.521613926859573e-05,1,Low,7day
2019-01-02,6.768312596250325e-05,1,Low,7day
2019-01-03,7.375440327450633e-05,1,Low,7day
2019-01-04,7.25948266335763e-05,1,Low,7day
2019-01-05,8.301754132844508e-05,1,Low,7day
2019-01-06,0.00021711942099500448,1,Low,7day
2019-01-07,0.0001171115945908241,1,Low,7day
2019-01-08,9.855311509454623e-05,1,Low,7day
2019-01-09,6.682700040983036e-05,1,Low,7day
2019-01-10,6.865024624858052e-05,1,Low,7day
2019-01-11,0.0001194824289996177,1,Low,7day
2019-01-12,0.00011279877071501687,1,Low,7day
2019-01-13,0.00017860205844044685,1,Low,7day
2019-01-14,0.00035183902946300805,1,Low,7day
2019-01-15,0.0002074029907817021,1,Low,7day
2019-01-16,0.00010403212945675477,1,Low,7day
2019-01-17,0.0001471424475312233,1,Low,7day
2019-01-18,0.00023658675490878522,1,Low,7day
2019-01-19,0.0001552366156829521,1,Low,7day
2019-01-20,0.00019263722060713917,1,Low,7day
2019-01-21,0.00022668451128993183,1,Low,7day
2019-01-22,9.084578778129071e-05,1,Low,7day
2019-01-23,6.501266761915758e-05,1,Low,7day
2019-01-24,0.0001862877543317154,1,Low,7day
2019-01-25,0.00024133517581503838,1,Low,7day
2019-01-26,0.0003260407829657197,1,Low,7day
2019-01-27,0.00025589222786948085,1,Low,7day
2019-01-28,0.0002516995882615447,1,Low,7day
2019-01-29,0.0002335895405849442,1,Low,7day
2019-01-30,0.00025963110965676606,1,Low,7day
2019-01-31,0.00018966985226143152,1,Low,7day
2019-02-01,0.0003939650487154722,1,Low,7day
2019-02-02,0.00017290888354182243,1,Low,7day
2019-02-03,0.00016320476424880326,1,Low,7day
2019-02-04,0.00024214855511672795,1,Low,7day
2019-02-05,0.0001868117687990889,1,Low,7day
2019-02-06,0.00017659083823673427,1,Low,7day
2019-02-07,0.0001245572348125279,1,Low,7day
2019-02-08,0.00015068445645738393,1,Low,7day
2019-02-09,0.00013649878383148462,1,Low,7day
2019-02-10,0.0001409618416801095,1,Low,7day
2019-02-11,0.0002932045026682317,1,Low,7day
2019-02-12,0.00021968153305351734,1,Low,7day
2019-02-13,0.0002537399413995445,1,Low,7day
2019-02-14,0.00015605123189743608,1,Low,7day
2019-02-15,0.00016548401617910713,1,Low,7day
2019-02-16,0.00012166317173978314,1,Low,7day
2019-02-17,0.0001258691627299413,1,Low,7day
2019-02-18,0.00022802526655141264,1,Low,7day
2019-02-19,0.0003199289785698056,1,Low,7day
2019-02-20,0.0010371271055191755,1,Low,7day
2019-02-21,0.00032512261532247066,1,Low,7day
2019-02-22,0.0002610855153761804,1,Low,7day
2019-02-23,0.00039762305095791817,1,Low,7day
2019-02-24,0.00033657715539447963,1,Low,7day
2019-02-25,0.00045858212979510427,1,Low,7day
2019-02-26,0.00018204520165454596,1,Low,7day
2019-02-27,4.828583769267425e-05,1,Low,7day
2019-02-28,0.0001657771208556369,1,Low,7day
2019-03-01,0.001058819587342441,1,Low,7day
2019-03-02,0.0029781770426779985,1,Low,7day
2019-03-03,0.0009173873113468289,1,Low,7day
2019-03-04,0.00038156338268890977,1,Low,7day
2019-03-05,0.0005307500250637531,1,Low,7day
2019-03-06,0.00047022674698382616,1,Low,7day
2019-03-07,0.0004857812309637666,1,Low,7day
2019-03-08,0.0007755617261864245,1,Low,7day
2019-03-09,0.0006921811145730317,1,Low,7day
2019-03-10,0.00026864773826673627,1,Low,7day
2019-03-11,0.00030413942295126617,1,Low,7day
2019-03-12,0.00039441525586880744,1,Low,7day
2019-03-13,0.00022859819000586867,1,Low,7day
2019-03-14,0.0004278499982319772,1,Low,7day
2019-03-15,0.00043341616401448846,1,Low,7day
2019-03-16,0.00036731245927512646,1,Low,7day
2019-03-17,0.0003714231716003269,1,Low,7day
2019-03-18,0.0003038472787011415,1,Low,7day
2019-03-19,0.00014117166574578732,1,Low,7day
2019-03-20,0.00014018386718817055,1,Low,7day
2019-03-21,0.000220247806282714,1,Low,7day
2019-03-22,0.0002714947913773358,1,Low,7day
2019-03-23,0.00014172709779813886,1,Low,7day
2019-03-24,0.00020667474018409848,1,Low,7day
2019-03-25,0.0001611155312275514,1,Low,7day
2019-03-26,7.381181058008224e-05,1,Low,7day
2019-03-27,5.904227145947516e-05,1,Low,7day
2019-03-28,0.00010973102325806394,1,Low,7day
2019-03-29,5.211537063587457e-05,1,Low,7day
2019-03-30,6.999894685577601e-05,1,Low,7day
2019-03-31,2.78224815701833e-05,1,Low,7day
2019-04-01,1.8997170627699234e-05,1,Low,7day
2019-04-02,2.112601578119211e-05,1,Low,7day
2019-04-03,1.255254028365016e-05,1,Low,7day
2019-04-04,2.9802087738062255e-05,1,Low,7day
2019-04-05,5.630537634715438e-05,1,Low,7day
2019-04-06,3.5968398151453584e-05,1,Low,7day
2019-04-07,3.912315150955692e-05,1,Low,7day
2019-04-08,5.007677464163862e-05,1,Low,7day
2019-04-09,2.1825921066920273e-05,1,Low,7day
2019-04-10,2.7674215743900277e-05,1,Low,7day
2019-04-11,2.8031146939611062e-05,1,Low,7day
2019-04-12,4.9250913434661925e-05,1,Low,7day
2019-04-13,4.114320472581312e-05,1,Low,7day
2019-04-14,5.2844276069663465e-05,1,Low,7day
2019-04-15,4.9628608394414186e-05,1,Low,7day
2019-04-16,0.0001375457359245047,1,Low,7day
2019-04-17,6.621795182581991e-05,1,Low,7day
2019-04-18,0.00019413208065088838,1,Low,7day
2019-04-19,0.0001066379263647832,1,Low,7day
2019-04-20,0.00010540233051870018,1,Low,7day
2019-04-21,7.410563557641581e-05,1,Low,7day
2019-04-22,5.253741983324289e-05,1,Low,7day
2019-04-23,9.095994755625725e-05,1,Low,7day
2019-04-24,0.00015181298658717424,1,Low,7day
2019-04-25,8.9121880591847e-05,1,Low,7day
2019-04-26,3.340946932439692e-05,1,Low,7day
2019-04-27,2.8935959562659264e-05,1,Low,7day
2019-04-28,2.8600599762285128e-05,1,Low,7day
2019-04-29,6.101822145865299e-05,1,Low,7day
2019-04-30,7.978446956258267e-05,1,Low,7day
2019-05-01,8.27129915705882e-05,1,Low,7day
2019-05-02,3.765116343856789e-05,1,Low,7day
2019-05-03,3.962589107686654e-05,1,Low,7day
2019-05-04,2.8498963729362004e-05,1,Low,7day
2019-05-05,2.7102365493192337e-05,1,Low,7day
2019-05-06,3.4115564631065354e-05,1,Low,7day
2019-05-07,3.563656719052233e-05,1,Low,7day
2019-05-08,2.5786324840737507e-05,1,Low,7day
2019-05-09,4.329520743340254e-05,1,Low,7day
2019-05-10,2.494129330443684e-05,1,Low,7day
2019-05-11,3.63589970220346e-05,1,Low,7day
2019-05-12,3.6873338103760034e-05,1,Low,7day
2019-05-13,3.512858529575169e-05,1,Low,7day
2019-05-14,6.523412594106048e-05,1,Low,7day
2019-05-15,7.473703590221703e-05,1,Low,7day
2019-05-16,0.00010590637975838035,1,Low,7day
2019-05-17,4.187913873465732e-05,1,Low,7day
2019-05-18,2.759281051112339e-05,1,Low,7day
2019-05-19,2.8949703846592456e-05,1,Low,7day
2019-05-20,4.358273872639984e-05,1,Low,7day
2019-05-21,3.712462785188109e-05,1,Low,7day
2019-05-22,7.038395415293053e-05,1,Low,7day
2019-05-23,6.974954158067703e-05,1,Low,7day
2019-05-24,4.743687532027252e-05,1,Low,7day
2019-05-25,3.11525582219474e-05,1,Low,7day
2019-05-26,6.0818558267783374e-05,1,Low,7day
2019-05-27,5.562863952945918e-05,1,Low,7day
2019-05-28,3.3616503060329705e-05,1,Low,7day
2019-05-29,5.1924576837336645e-05,1,Low,7day
2019-05-30,5.238238736637868e-05,1,Low,7day
2019-05-31,5.4355827160179615e-05,1,Low,7day
2019-06-01,3.302437471575104e-05,1,Low,7day
2019-06-02,2.972964648506604e-05,1,Low,7day
2019-06-03,3.524647036101669e-05,1,Low,7day
2019-06-04,3.056188870687038e-05,1,Low,7day
2019-06-05,2.7593494451139122e-05,1,Low,7day
2019-06-06,2.9691907911910675e-05,1,Low,7day
2019-06-07,3.7577166949631646e-05,1,Low,7day
2019-06-08,2.9143409847165458e-05,1,Low,7day
2019-06-09,3.8982117985142395e-05,1,Low,7day
2019-06-10,5.599492214969359e-05,1,Low,7day
2019-06-11,1.3157337889424525e-05,1,Low,7day
2019-06-12,7.509093848057091e-05,1,Low,7day
2019-06-13,0.00013432443665806204,1,Low,7day
2019-06-14,0.0004963615792803466,1,Low,7day
2019-06-15,0.002175298286601901,1,Low,7day
2019-06-16,0.0015873558586463332,1,Low,7day
2019-06-17,0.0016354596009477973,1,Low,7day
2019-06-18,0.0018718719948083162,1,Low,7day
2019-06-19,0.0010579352965578437,1,Low,7day
2019-06-20,0.0009637378389015794,1,Low,7day
2019-06-21,0.0015025816392153502,1,Low,7day
2019-06-22,0.0007009565597400069,1,Low,7day
2019-06-23,0.0007504573441110551,1,Low,7day
2019-06-24,0.000564787769690156,1,Low,7day
2019-06-25,0.0007497689803130925,1,Low,7day
2019-06-26,0.0006141133490018547,1,Low,7day
2019-06-27,0.003144847461953759,1,Low,7day
2019-06-28,0.003681369125843048,1,Low,7day
2019-06-29,0.0019027049420401454,1,Low,7day
2019-06-30,0.0006015563849359751,1,Low,7day
2019-07-01,0.000931180315092206,1,Low,7day
2019-07-02,0.0016063391231000423,1,Low,7day
2019-07-03,0.0008873283513821661,1,Low,7day
2019-07-04,0.001158079132437706,1,Low,7day
2019-07-05,0.0012949167285114527,1,Low,7day
2019-07-06,0.0015669596614316106,1,Low,7day
2019-07-07,0.0021869607735425234,1,Low,7day
2019-07-08,0.0016678395913913846,1,Low,7day
2019-07-09,0.0036241281777620316,1,Low,7day
2019-07-10,0.006538044661283493,1,Low,7day
2019-07-11,0.0056866914965212345,1,Low,7day
2019-07-12,0.009792453609406948,1,Low,7day
2019-07-13,0.0007689774502068758,1,Low,7day
2019-07-14,0.1488867849111557,1,Low,7day
2019-07-15,0.31886810064315796,2,Moderate,7day
2019-07-16,0.2948489785194397,2,Moderate,7day
2019-07-17,0.4867042005062103,2,Moderate,7day
2019-07-18,0.8548231720924377,4,Very High,7day
2019-07-19,0.8649510145187378,4,Very High,7day
2019-07-20,0.9569335579872131,4,Very High,7day
2019-07-21,0.9961444139480591,4,Very High,7day
2019-07-22,0.9968181848526001,4,Very High,7day
2019-07-23,0.9986854195594788,4,Very High,7day
2019-07-24,0.9891555905342102,4,Very High,7day
2019-07-25,0.9760023951530457,4,Very High,7day
2019-07-26,0.965394914150238,4,Very High,7day
2019-07-27,0.9837268590927124,4,Very High,7day
2019-07-28,0.9890637993812561,4,Very High,7day
2019-07-29,0.9971919655799866,4,Very High,7day
2019-07-30,0.9997082352638245,4,Very High,7day
2019-07-31,0.9997130036354065,4,Very High,7day
2019-08-01,0.9995455145835876,4,Very High,7day
2019-08-02,0.9997214674949646,4,Very High,7day
2019-08-03,0.9997811913490295,4,Very High,7day
2019-08-04,0.9993901252746582,4,Very High,7day
2019-08-05,0.9995021820068359,4,Very High,7day
2019-08-06,0.9994175434112549,4,Very High,7day
2019-08-07,0.9994791150093079,4,Very High,7day
2019-08-08,0.9994743466377258,4,Very High,7day
2019-08-09,0.997601330280304,4,Very High,7day
2019-08-10,0.9991412162780762,4,Very High,7day
2019-08-11,0.9995902180671692,4,Very High,7day
2019-08-12,0.9996713399887085,4,Very High,7day
2019-08-13,0.9982720613479614,4,Very High,7day
2019-08-14,0.9863535165786743,4,Very High,7day
2019-08-15,0.9743083715438843,4,Very High,7day
2019-08-16,0.9813893437385559,4,Very High,7day
2019-08-17,0.9891782999038696,4,Very High,7day
2019-08-18,0.9829772710800171,4,Very High,7day
2019-08-19,0.9736045598983765,4,Very High,7day
2019-08-20,0.9869803786277771,4,Very High,7day
2019-08-21,0.9924116730690002,4,Very High,7day
2019-08-22,0.9676493406295776,4,Very High,7day
2019-08-23,0.991374671459198,4,Very High,7day
2019-08-24,0.9813655614852905,4,Very High,7day
2019-08-25,0.391646146774292,2,Moderate,7day
2019-08-26,0.1228628009557724,1,Low,7day
2019-08-27,0.05170099437236786,1,Low,7day
2019-08-28,0.004936994519084692,1,Low,7day
2019-08-29,0.004697246477007866,1,Low,7day
2019-08-30,0.012309855781495571,1,Low,7day
2019-08-31,0.06650616973638535,1,Low,7day
2019-09-01,0.002147566294297576,1,Low,7day
2019-09-02,0.010114677250385284,1,Low,7day
2019-09-03,0.005107876379042864,1,Low,7day
2019-09-04,0.001210371614433825,1,Low,7day
2019-09-05,0.0014513881178572774,1,Low,7day
2019-09-06,0.005911945831030607,1,Low,7day
2019-09-07,0.010709710419178009,1,Low,7day
2019-09-08,0.0060834153555333614,1,Low,7day
2019-09-09,0.005770923104137182,1,Low,7day
2019-09-10,0.006188055966049433,1,Low,7day
2019-09-11,0.0011352872243151069,1,Low,7day
2019-09-12,0.00010512659355299547,1,Low,7day
2019-09-13,8.583662565797567e-05,1,Low,7day
2019-09-14,0.0001323040050920099,1,Low,7day
2019-09-15,9.112646512221545e-05,1,Low,7day
2019-09-16,0.000209524980164133,1,Low,7day
2019-09-17,0.0003741303808055818,1,Low,7day
2019-09-18,0.00010820938041433692,1,Low,7day
2019-09-19,0.00015385582810267806,1,Low,7day
2019-09-20,0.00020223316096235067,1,Low,7day
2019-09-21,0.0014555875677615404,1,Low,7day
2019-09-22,0.0015855975216254592,1,Low,7day
2019-09-23,0.004185764584690332,1,Low,7day
2019-09-24,0.002230613026767969,1,Low,7day
2019-09-25,0.001641598530113697,1,Low,7day
2019-09-26,0.0009256159537471831,1,Low,7day
2019-09-27,0.001484873704612255,1,Low,7day
2019-09-28,0.0018658360932022333,1,Low,7day
2019-09-29,0.002909999806433916,1,Low,7day
2019-09-30,0.0008876175852492452,1,Low,7day
2019-10-01,0.000881391519214958,1,Low,7day
2019-10-02,0.0009857156546786427,1,Low,7day
2019-10-03,0.0004657497047446668,1,Low,7day
2019-10-04,0.0003289029991719872,1,Low,7day
2019-10-05,0.0002188874495914206,1,Low,7day
2019-10-06,0.0005269962130114436,1,Low,7day
2019-10-07,0.0004347616632003337,1,Low,7day
2019-10-08,0.0003766375593841076,1,Low,7day
2019-10-09,0.0003288773004896939,1,Low,7day
2019-10-10,0.00039356155321002007,1,Low,7day
2019-10-11,0.0002462589181959629,1,Low,7day
2019-10-12,0.00044298465945757926,1,Low,7day
2019-10-13,0.00017810598365031183,1,Low,7day
2019-10-14,0.00012773543130606413,1,Low,7day
2019-10-15,0.00015147635713219643,1,Low,7day
2019-10-16,0.00011457543587312102,1,Low,7day
2019-10-17,5.425339622888714e-05,1,Low,7day
2019-10-18,0.0001208272879011929,1,Low,7day
2019-10-19,0.00014196975098457187,1,Low,7day
2019-10-20,0.00019085867097601295,1,Low,7day
2019-10-21,0.00010643809946486726,1,Low,7day
2019-10-22,0.00011915235518245026,1,Low,7day
2019-10-23,0.00016410766693297774,1,Low,7day
2019-10-24,0.00012382349814288318,1,Low,7day
2019-10-25,0.00014769038534723222,1,Low,7day
2019-10-26,0.00045886417501606047,1,Low,7day
2019-10-27,0.0004752391832880676,1,Low,7day
2019-10-28,0.00042290904093533754,1,Low,7day
2019-10-29,0.00022425017959903926,1,Low,7day
2019-10-30,0.0001541752426419407,1,Low,7day
2019-10-31,6.793414650019258e-05,1,Low,7day
2019-11-01,6.015534381731413e-05,1,Low,7day
2019-11-02,4.263640948920511e-05,1,Low,7day
2019-11-03,4.619399624061771e-05,1,Low,7day
2019-11-04,3.942220428143628e-05,1,Low,7day
2019-11-05,0.00013277617108542472,1,Low,7day
2019-11-06,0.0003040144802071154,1,Low,7day
2019-11-07,0.00037109843106009066,1,Low,7day
2019-11-08,0.0003652425075415522,1,Low,7day
2019-11-09,0.00015870807692408562,1,Low,7day
2019-11-10,0.00012024099851259962,1,Low,7day
2019-11-11,0.00012274092296138406,1,Low,7day
2019-11-12,0.0002200001326855272,1,Low,7day
2019-11-13,0.00023505042190663517,1,Low,7day
2019-11-14,0.00020845889230258763,1,Low,7day
2019-11-15,0.00028103822842240334,1,Low,7day
2019-11-16,0.00033810638706199825,1,Low,7day
2019-11-17,0.0001886716636363417,1,Low,7day
2019-11-18,0.00012640416389331222,1,Low,7day
2019-11-19,0.00010399225720902905,1,Low,7day
2019-11-20,2.9852264560759068e-05,1,Low,7day
2019-11-21,4.257737236912362e-05,1,Low,7day
2019-11-22,3.806555469054729e-05,1,Low,7day
2019-11-23,2.974802555399947e-05,1,Low,7day
2019-11-24,2.547393523855135e-05,1,Low,7day
2019-11-25,2.471008338034153e-05,1,Low,7day
2019-11-26,2.906253757828381e-05,1,Low,7day
2019-11-27,3.788079629885033e-05,1,Low,7day
2019-11-28,8.099056867649779e-05,1,Low,7day
2019-11-29,0.00010252329229842871,1,Low,7day
2019-11-30,8.66939517436549e-05,1,Low,7day
2019-12-01,6.841562571935356e-05,1,Low,7day
2019-12-02,4.217169771436602e-05,1,Low,7day
2019-12-03,4.543672184809111e-05,1,Low,7day
2019-12-04,4.027046088594943e-05,1,Low,7day
2019-12-05,7.028850814094767e-05,1,Low,7day
2019-12-06,6.563797796843573e-05,1,Low,7day
2019-12-07,6.954067066544667e-05,1,Low,7day
2019-12-08,7.497016486013308e-05,1,Low,7day
2019-12-09,3.185090099577792e-05,1,Low,7day
2019-12-10,3.8454199966508895e-05,1,Low,7day
2019-12-11,0.00017333212599623948,1,Low,7day
2019-12-12,0.0001309806975768879,1,Low,7day
2019-12-13,8.422230166615918e-05,1,Low,7day
2019-12-14,6.923523324076086e-05,1,Low,7day
2019-12-15,0.00018863928562495857,1,Low,7day
2019-12-16,0.00016340687579941005,1,Low,7day
2019-12-17,0.00013026203669141978,1,Low,7day
2019-12-18,0.00019504861847963184,1,Low,7day
2019-12-19,8.471566252410412e-05,1,Low,7day
2019-12-20,7.997589273145422e-05,1,Low,7day
2019-12-21,7.019004988251254e-05,1,Low,7day
2019-12-22,0.0001659408153500408,1,Low,7day
2019-12-23,0.00012673751916736364,1,Low,7day
2019-12-24,0.00019696480012498796,1,Low,7day
2019-12-25,0.00017813078011386096,1,Low,7day
2019-12-26,4.075741526321508e-05,1,Low,7day
2019-12-27,3.381146598258056e-05,1,Low,7day
2019-12-28,4.630862895282917e-05,1,Low,7day
2019-12-29,5.135281026014127e-05,1,Low,7day
2019-12-30,2.3794204025762156e-05,1,Low,7day
2019-12-31,3.2596468372503296e-05,1,Low,7day
2021-01-14,8.998377597890794e-05,1,Low,7day
2021-01-15,8.557362161809579e-05,1,Low,7day
2021-01-16,0.00011242958134971559,1,Low,7day
2021-01-17,9.00345912668854e-05,1,Low,7day
2021-01-18,8.305681694764644e-05,1,Low,7day
2021-01-19,7.236328383442014e-05,1,Low,7day
2021-01-20,5.919663090026006e-05,1,Low,7day
2021-01-21,6.495311390608549e-05,1,Low,7day
2021-01-22,0.00012042494199704379,1,Low,7day
2021-01-23,8.081629493972287e-05,1,Low,7day
2021-01-24,4.471956708584912e-05,1,Low,7day
2021-01-25,5.434530976344831e-05,1,Low,7day
2021-01-26,4.2867530282819644e-05,1,Low,7day
2021-01-27,3.104341885773465e-05,1,Low,7day
2021-01-28,7.526169792981818e-05,1,Low,7day
2021-01-29,8.30473072710447e-05,1,Low,7day
2021-01-30,4.5324159145820886e-05,1,Low,7day
2021-01-31,2.5931427444447763e-05,1,Low,7day
2021-02-01,3.804185689659789e-05,1,Low,7day
2021-02-02,2.0172412405372597e-05,1,Low,7day
2021-02-03,1.9335820979904383e-05,1,Low,7day
2021-02-04,2.7091848096461035e-05,1,Low,7day
2021-02-05,4.170978718320839e-05,1,Low,7day
2021-02-06,2.7841379051096737e-05,1,Low,7day
2021-02-07,2.794925239868462e-05,1,Low,7day
2021-02-08,3.7830362998647615e-05,1,Low,7day
2021-02-09,5.0011298299068585e-05,1,Low,7day
2021-02-10,5.4027103033149615e-05,1,Low,7day
2021-02-11,0.00010242479766020551,1,Low,7day
2021-02-12,6.421290891012177e-05,1,Low,7day
2021-02-13,5.358123598853126e-05,1,Low,7day
2021-02-14,5.6553508329670876e-05,1,Low,7day
2021-02-15,7.867805834393948e-05,1,Low,7day
2021-02-16,7.971541344886646e-05,1,Low,7day
2021-02-17,5.3181880502961576e-05,1,Low,7day
2021-02-18,0.00011299815378151834,1,Low,7day
2021-02-19,9.336094808531925e-05,1,Low,7day
2021-02-20,8.584030729252845e-05,1,Low,7day
2021-02-21,5.024050551583059e-05,1,Low,7day
2021-02-22,5.982833317830227e-05,1,Low,7day
2021-02-23,4.61279196315445e-05,1,Low,7day
2021-02-24,3.827095133601688e-05,1,Low,7day
2021-02-25,3.424248643568717e-05,1,Low,7day
2021-02-26,6.26102919341065e-05,1,Low,7day
2021-02-27,4.820302638108842e-05,1,Low,7day
2021-02-28,3.391609789105132e-05,1,Low,7day
2021-03-01,2.6524163331487216e-05,1,Low,7day
2021-03-02,2.9494416594388895e-05,1,Low,7day
2021-03-03,2.776806468318682e-05,1,Low,7day
2021-03-04,2.9844151868019253e-05,1,Low,7day
2021-03-05,4.9375914386473596e-05,1,Low,7day
2021-03-06,3.569602267816663e-05,1,Low,7day
2021-03-07,5.852838512510061e-05,1,Low,7day
2021-03-08,4.0242361137643456e-05,1,Low,7day
2021-03-09,2.6960917239193805e-05,1,Low,7day
2021-03-10,2.3221711671794765e-05,1,Low,7day
2021-03-11,6.700931407976896e-05,1,Low,7day
2021-03-12,0.00010976848716381937,1,Low,7day
2021-03-13,0.00011056909715989605,1,Low,7day
2021-03-14,4.432276909938082e-05,1,Low,7day
2021-03-15,4.993752372683957e-05,1,Low,7day
2021-03-16,6.807649333495647e-05,1,Low,7day
2021-03-17,8.347701077582315e-05,1,Low,7day
2021-03-18,0.00011986185563728213,1,Low,7day
2021-03-19,0.00010201618715655059,1,Low,7day
2021-03-20,5.47555937373545e-05,1,Low,7day
2021-03-21,8.105223241727799e-05,1,Low,7day
2021-03-22,6.071795360185206e-05,1,Low,7day
2021-03-23,2.9409957278403454e-05,1,Low,7day
2021-03-24,4.840667679673061e-05,1,Low,7day
2021-03-25,4.225547309033573e-05,1,Low,7day
2021-03-26,2.181247873522807e-05,1,Low,7day
2021-03-27,1.8780345271807164e-05,1,Low,7day
2021-03-28,4.219229595037177e-05,1,Low,7day
2021-03-29,0.00016243798017967492,1,Low,7day
2021-03-30,7.284356979653239e-05,1,Low,7day
2021-03-31,6.933818076504394e-05,1,Low,7day
2021-04-01,0.00010707373439799994,1,Low,7day
2021-04-02,7.978500070748851e-05,1,Low,7day
2021-04-03,9.04706830624491e-05,1,Low,7day
2021-04-04,7.737243868177757e-05,1,Low,7day
2021-04-05,0.00012182918726466596,1,Low,7day
2021-04-06,0.00022648641606792808,1,Low,7day
2021-04-07,5.6100157962646335e-05,1,Low,7day
2021-04-08,3.502094841678627e-05,1,Low,7day
2021-04-09,3.074435517191887e-05,1,Low,7day
2021-04-10,2.9223871024441905e-05,1,Low,7day
2021-04-11,5.229184898780659e-05,1,Low,7day
2021-04-12,7.368733349721879e-05,1,Low,7day
2021-04-13,3.57535645889584e-05,1,Low,7day
2021-04-14,2.8861879400210455e-05,1,Low,7day
2021-04-15,7.462579378625378e-05,1,Low,7day
2021-04-16,8.824130054563284e-05,1,Low,7day
2021-04-17,3.993537393398583e-05,1,Low,7day
2021-04-18,3.231447408325039e-05,1,Low,7day
2021-04-19,2.8293752620811574e-05,1,Low,7day
2021-04-20,2.456281981721986e-05,1,Low,7day
2021-04-21,2.139422758773435e-05,1,Low,7day
2021-04-22,2.9011309379711747e-05,1,Low,7day
2021-04-23,9.857820987235755e-05,1,Low,7day
2021-04-24,3.968446981161833e-05,1,Low,7day
2021-04-25,4.918347258353606e-05,1,Low,7day
2021-04-26,3.80131350539159e-05,1,Low,7day
2021-04-27,7.602023106301203e-05,1,Low,7day
2021-04-28,6.025684342603199e-05,1,Low,7day
2021-04-29,5.3966858104104176e-05,1,Low,7day
2021-04-30,4.8006593715399504e-05,1,Low,7day
2021-05-01,5.1407492719590664e-05,1,Low,7day
2021-05-02,3.120937981293537e-05,1,Low,7day
2021-05-03,3.014423418790102e-05,1,Low,7day
2021-05-04,3.849617496598512e-05,1,Low,7day
2021-05-05,0.0001231775531778112,1,Low,7day
2021-05-06,0.00015291888848878443,1,Low,7day
2021-05-07,5.950202466920018e-05,1,Low,7day
2021-05-08,4.534330946626142e-05,1,Low,7day
2021-05-09,7.782715692883357e-05,1,Low,7day
2021-05-10,7.653543434571475e-05,1,Low,7day
2021-05-11,8.520362462149933e-05,1,Low,7day
2021-05-12,5.404065814218484e-05,1,Low,7day
2021-05-13,7.199127139756456e-05,1,Low,7day
2021-05-14,6.469675281550735e-05,1,Low,7day
2021-05-15,0.00018378860841039568,1,Low,7day
2021-05-16,0.0004371528630144894,1,Low,7day
2021-05-17,0.0009239365463145077,1,Low,7day
2021-05-18,0.003088677302002907,1,Low,7day
2021-05-19,0.0013002116465941072,1,Low,7day
2021-05-20,0.0002912281488534063,1,Low,7day
2021-05-21,0.0013316224794834852,1,Low,7day
2021-05-22,0.000534750462975353,1,Low,7day
2021-05-23,0.0002386607084190473,1,Low,7day
2021-05-24,0.0007797111175023019,1,Low,7day
2021-05-25,0.0004662945575546473,1,Low,7day
2021-05-26,0.0004833475104533136,1,Low,7day
2021-05-27,0.0009903748286888003,1,Low,7day
2021-05-28,0.00027799783856607974,1,Low,7day
2021-05-29,0.0002467858721502125,1,Low,7day
2021-05-30,0.00031084127840586007,1,Low,7day
2021-05-31,0.000366335385479033,1,Low,7day
2021-06-01,0.00024465861497446895,1,Low,7day
2021-06-02,0.0003524325438775122,1,Low,7day
2021-06-03,0.0004616185906343162,1,Low,7day
2021-06-04,0.0002310101262992248,1,Low,7day
2021-06-05,0.00032074746559374034,1,Low,7day
2021-06-06,0.00022124945826362818,1,Low,7day
2021-06-07,0.0004510513099376112,1,Low,7day
2021-06-08,0.0003961097390856594,1,Low,7day
2021-06-09,0.0006750311003997922,1,Low,7day
2021-06-10,0.0007265082676894963,1,Low,7day
2021-06-11,0.0004430889675859362,1,Low,7day
2021-06-12,0.0007638424285687506,1,Low,7day
2021-06-13,0.0006817676476202905,1,Low,7day
2021-06-14,0.0006541461916640401,1,Low,7day
2021-06-15,0.0003223738167434931,1,Low,7day
2021-06-16,0.0004245167947374284,1,Low,7day
2021-06-17,0.0035523315891623497,1,Low,7day
2021-06-18,0.001620047609321773,1,Low,7day
2021-06-19,0.000823453941848129,1,Low,7day
2021-06-20,0.002114064060151577,1,Low,7day
2021-06-21,0.0028552806470543146,1,Low,7day
2021-06-22,0.001109306002035737,1,Low,7day
2021-06-23,0.00017120857955887914,1,Low,7day
2021-06-24,0.0013853691052645445,1,Low,7day
2021-06-25,0.0027775021735578775,1,Low,7day
2021-06-26,0.0024748588912189007,1,Low,7day
2021-06-27,0.00038067030254751444,1,Low,7day
2021-06-28,0.00032170297345146537,1,Low,7day
2021-06-29,0.0008991401409730315,1,Low,7day
2021-06-30,0.0016143625834956765,1,Low,7day
2021-07-01,0.0006801020936109126,1,Low,7day
2021-07-02,0.00019034325669053942,1,Low,7day
2021-07-03,0.0003202488296665251,1,Low,7day
2021-07-04,0.0006107628578320146,1,Low,7day
2021-07-05,0.0006962850457057357,1,Low,7day
2021-07-06,0.0011528186732903123,1,Low,7day
2021-07-07,0.00017149318591691554,1,Low,7day
2021-07-08,0.0021382011473178864,1,Low,7day
2021-07-09,0.0029186680912971497,1,Low,7day
2021-07-10,0.0013730877544730902,1,Low,7day
2021-07-11,0.0011828560382127762,1,Low,7day
2021-07-12,0.09791578352451324,1,Low,7day
2021-07-13,0.656291127204895,3,High,7day
2021-07-14,0.8247334361076355,4,Very High,7day
2021-07-15,0.9265294671058655,4,Very High,7day
2021-07-16,0.950785219669342,4,Very High,7day
2021-07-17,0.9873809814453125,4,Very High,7day
2021-07-18,0.9950333833694458,4,Very High,7day
2021-07-19,0.9982113838195801,4,Very High,7day
2021-07-20,0.9976915121078491,4,Very High,7day
2021-07-21,0.9944098591804504,4,Very High,7day
2021-07-22,0.9985989928245544,4,Very High,7day
2021-07-23,0.9986457228660583,4,Very High,7day
2021-07-24,0.9985027313232422,4,Very High,7day
2021-07-25,0.999326229095459,4,Very High,7day
2021-07-26,0.9994146823883057,4,Very High,7day
2021-07-27,0.9959782361984253,4,Very High,7day
2021-07-28,0.9789231419563293,4,Very High,7day
2021-07-29,0.990570068359375,4,Very High,7day
2021-07-30,0.9993016719818115,4,Very High,7day
2021-07-31,0.9989851117134094,4,Very High,7day
2021-08-01,0.9969795942306519,4,Very High,7day
2021-08-02,0.9933028221130371,4,Very High,7day
2021-08-03,0.9952917098999023,4,Very High,7day
2021-08-04,0.9937133193016052,4,Very High,7day
2021-08-05,0.9910666346549988,4,Very High,7day
2021-08-06,0.9172468781471252,4,Very High,7day
2021-08-07,0.6406578421592712,3,High,7day
2021-08-08,0.0069349524565041065,1,Low,7day
2021-08-09,0.0008958021062426269,1,Low,7day
2021-08-10,0.00045163233880884945,1,Low,7day
2021-08-11,0.00037989052361808717,1,Low,7day
2021-08-12,0.0003169154515489936,1,Low,7day
2021-08-13,0.0005164076574146748,1,Low,7day
2021-08-14,0.0006438509444706142,1,Low,7day
2021-08-15,0.0008891721372492611,1,Low,7day
2021-08-16,0.00023649405920878053,1,Low,7day
2021-08-17,5.7451768952887505e-05,1,Low,7day
2021-08-18,4.751320375362411e-05,1,Low,7day
2021-08-19,6.669094727840275e-05,1,Low,7day
2021-08-20,4.1813094867393374e-05,1,Low,7day
2021-08-21,2.6296405849279836e-05,1,Low,7day
2021-08-22,4.2580209992593154e-05,1,Low,7day
2021-08-23,6.410736386897042e-05,1,Low,7day
2021-08-24,4.6015182306291535e-05,1,Low,7day
2021-08-25,0.0001156945145339705,1,Low,7day
2021-08-26,0.00019338791025802493,1,Low,7day
2021-08-27,0.00030226915259845555,1,Low,7day
2021-08-28,0.0002257464948343113,1,Low,7day
2021-08-29,0.00016346096526831388,1,Low,7day
2021-08-30,0.000102646452432964,1,Low,7day
2021-08-31,0.0023321073967963457,1,Low,7day
2021-09-01,0.010336251929402351,1,Low,7day
2021-09-02,0.28617995977401733,2,Moderate,7day
2021-09-03,0.6951100826263428,3,High,7day
2021-09-04,0.3689165711402893,2,Moderate,7day
2021-09-05,0.1924152821302414,1,Low,7day
2021-09-06,0.2720180153846741,2,Moderate,7day
2021-09-07,0.08537682145833969,1,Low,7day
2021-09-08,0.13267391920089722,1,Low,7day
2021-09-09,0.1121247261762619,1,Low,7day
2021-09-10,0.23374177515506744,1,Low,7day
2021-09-11,0.21034365892410278,1,Low,7day
2021-09-12,0.19225038588047028,1,Low,7day
2021-09-13,0.12580884993076324,1,Low,7day
2021-09-14,0.107402503490448,1,Low,7day
2021-09-15,0.08520501852035522,1,Low,7day
2021-09-16,0.062021125108003616,1,Low,7day
2021-09-17,0.040886927396059036,1,Low,7day
2021-09-18,0.020218834280967712,1,Low,7day
2021-09-19,0.017709411680698395,1,Low,7day
2021-09-20,0.0170474573969841,1,Low,7day
2021-09-21,0.058311861008405685,1,Low,7day
2021-09-22,0.0895075723528862,1,Low,7day
2021-09-23,0.03292328864336014,1,Low,7day
2021-09-24,0.019761817529797554,1,Low,7day
2021-09-25,0.02330344170331955,1,Low,7day
2021-09-26,0.035472553223371506,1,Low,7day
2021-09-27,0.020453250035643578,1,Low,7day
2021-09-28,0.026645660400390625,1,Low,7day
2021-09-29,0.07431337982416153,1,Low,7day
2021-09-30,0.13595250248908997,1,Low,7day
2021-10-01,0.07994689792394638,1,Low,7day
2021-10-02,0.03448810800909996,1,Low,7day
2021-10-03,0.030705029144883156,1,Low,7day
2021-10-04,0.020548900589346886,1,Low,7day
2021-10-05,0.013165864162147045,1,Low,7day
2021-10-06,0.007655699271708727,1,Low,7day
2021-10-07,0.0030702180229127407,1,Low,7day
2021-10-08,0.0032479497604072094,1,Low,7day
2021-10-09,0.0021175434812903404,1,Low,7day
2021-10-10,0.0032198599074035883,1,Low,7day
2021-10-11,0.0033295091707259417,1,Low,7day
2021-10-12,0.0015188660472631454,1,Low,7day
2021-10-13,0.0022944838274270296,1,Low,7day
2021-10-14,0.0007301028235815465,1,Low,7day
2021-10-15,0.00018462359730619937,1,Low,7day
2021-10-16,0.0001887341059045866,1,Low,7day
2021-10-17,0.00033072763471864164,1,Low,7day
2021-10-18,0.00033369811717420816,1,Low,7day
2021-10-19,7.815611024852842e-05,1,Low,7day
2021-10-20,8.256964792963117e-05,1,Low,7day
2021-10-21,0.00015718232316430658,1,Low,7day
2021-10-22,0.00024295265029650182,1,Low,7day
2021-10-23,0.000271161348791793,1,Low,7day
2021-10-24,0.00022563761740457267,1,Low,7day
2021-10-25,0.0005368642741814256,1,Low,7day
2021-10-26,0.00018980156164616346,1,Low,7day
2021-10-27,0.0002698120952118188,1,Low,7day
2021-10-28,0.000229204713832587,1,Low,7day
2021-10-29,8.095790690276772e-05,1,Low,7day
2021-10-30,8.630882075522095e-05,1,Low,7day
2021-10-31,8.81257583387196e-05,1,Low,7day
2021-11-01,0.00011534520308487117,1,Low,7day
2021-11-02,0.00011123120202682912,1,Low,7day
2021-11-03,0.00019184828852303326,1,Low,7day
2021-11-04,0.00016159402730409056,1,Low,7day
2021-11-05,0.00014620553702116013,1,Low,7day
2021-11-06,9.993975254474208e-05,1,Low,7day
2021-11-07,5.8358171372674406e-05,1,Low,7day
2021-11-08,7.39018214517273e-05,1,Low,7day
2021-11-09,6.689413567073643e-05,1,Low,7day
2021-11-10,6.186603422975168e-05,1,Low,7day
2021-11-11,8.106877066893503e-05,1,Low,7day
2021-11-12,8.984033775050193e-05,1,Low,7day
2021-11-13,0.00010127990390174091,1,Low,7day
2021-11-14,0.00012472363596316427,1,Low,7day
2021-11-15,7.354553235927597e-05,1,Low,7day
2021-11-16,0.0001327414793195203,1,Low,7day
2021-11-17,0.000143815137562342,1,Low,7day
2021-11-18,0.00023284240160137415,1,Low,7day
2021-11-19,0.000200559850782156,1,Low,7day
2021-11-20,0.00017354745068587363,1,Low,7day
2021-11-21,0.00013475073501467705,1,Low,7day
2021-11-22,0.0001350131060462445,1,Low,7day
2021-11-23,0.00010494590242160484,1,Low,7day
2021-11-24,0.00017009025032166392,1,Low,7day
2021-11-25,0.00017269780801143497,1,Low,7day
2021-11-26,0.00017063034465536475,1,Low,7day
2021-11-27,0.0001738264982122928,1,Low,7day
2021-11-28,0.00012885750038549304,1,Low,7day
2021-11-29,8.586249896325171e-05,1,Low,7day
2021-11-30,0.00012238819908816367,1,Low,7day
2021-12-01,9.57944430410862e-05,1,Low,7day
2021-12-02,0.00022818903380539268,1,Low,7day
2021-12-03,0.0001463122316636145,1,Low,7day
2021-12-04,9.954817505786195e-05,1,Low,7day
2021-12-05,0.0001361537870252505,1,Low,7day
2021-12-06,0.00025010257377289236,1,Low,7day
2021-12-07,0.0001531557209091261,1,Low,7day
2021-12-08,7.68063182476908e-05,1,Low,7day
2021-12-09,7.065732643241063e-05,1,Low,7day
2021-12-10,0.00010632165503920987,1,Low,7day
2021-12-11,9.296659845858812e-05,1,Low,7day
2021-12-12,5.890695683774538e-05,1,Low,7day
2021-12-13,6.342927372315899e-05,1,Low,7day
2021-12-14,5.60808512091171e-05,1,Low,7day
2021-12-15,0.00013981967640575022,1,Low,7day
2021-12-16,0.00012982875341549516,1,Low,7day
2021-12-17,0.00014958472456783056,1,Low,7day
2021-12-18,0.00014958472456783056,1,Low,7day
2021-12-19,0.00011923442070838064,1,Low,7day
2021-12-20,6.500486051663756e-05,1,Low,7day
2021-12-21,8.797991904430091e-05,1,Low,7day
2021-12-22,0.0001861554483184591,1,Low,7day
2021-12-23,0.00016387421055696905,1,Low,7day
2021-12-24,0.00012131599214626476,1,Low,7day
2021-12-25,9.575599688105285e-05,1,Low,7day
2021-12-26,7.945419201860204e-05,1,Low,7day
2021-12-27,0.0001340819289907813,1,Low,7day
2021-12-28,0.00035903239040635526,1,Low,7day
2021-12-29,0.0005228501395322382,1,Low,7day
2021-12-30,0.00035978551022708416,1,Low,7day
2021-12-31,0.0002724032965488732,1,Low,7day
2022-01-01,0.00018289931176695973,1,Low,7day
2022-01-02,0.00012409512419253588,1,Low,7day
2022-01-03,0.0002733784494921565,1,Low,7day
2022-01-04,0.0003589526459109038,1,Low,7day
2022-01-05,0.0003757522499654442,1,Low,7day
2022-01-06,0.0022119146306067705,1,Low,7day
2022-01-07,0.0015197723405435681,1,Low,7day
2022-01-08,0.0008970042690634727,1,Low,7day
2022-01-09,0.0012424859451130033,1,Low,7day
2022-01-10,0.0007576326024718583,1,Low,7day
2022-01-11,0.0008971880888566375,1,Low,7day
2022-01-12,0.0007101717637851834,1,Low,7day
2022-01-13,0.0010083622764796019,1,Low,7day
2022-01-14,0.0010725805768743157,1,Low,7day
2022-01-15,0.0004602990811690688,1,Low,7day
2022-01-16,0.0004757842398248613,1,Low,7day
2022-01-17,0.00028608471620827913,1,Low,7day
2022-01-18,0.00037166435504332185,1,Low,7day
2022-01-19,0.00019161574891768396,1,Low,7day
2022-01-20,0.00023687657085247338,1,Low,7day
2022-01-21,0.00035455074976198375,1,Low,7day
2022-01-22,0.00034685537684708834,1,Low,7day
2022-01-23,0.0002412978938082233,1,Low,7day
2022-01-24,0.00022769936185795814,1,Low,7day
2022-01-25,0.00033410752075724304,1,Low,7day
2022-01-26,0.0003216081822756678,1,Low,7day
2022-01-27,0.0003511651302687824,1,Low,7day
2022-01-28,0.0002865042188204825,1,Low,7day
2022-01-29,0.00021369734895415604,1,Low,7day
2022-01-30,0.00013941402721684426,1,Low,7day
2022-01-31,0.0001959601795533672,1,Low,7day
2022-02-01,0.00018701172666624188,1,Low,7day
2022-02-02,0.00032139424001798034,1,Low,7day
2022-02-03,0.00018451114010531455,1,Low,7day
2022-02-04,0.00011542794527485967,1,Low,7day
2022-02-05,7.991916936589405e-05,1,Low,7day
2022-02-06,5.84683584747836e-05,1,Low,7day
2022-02-07,9.235972538590431e-05,1,Low,7day
2022-02-08,7.630223990418017e-05,1,Low,7day
2022-02-09,6.79730947013013e-05,1,Low,7day
2022-02-10,0.00010165455023525283,1,Low,7day
2022-02-11,8.055815123952925e-05,1,Low,7day
2022-02-12,5.947286626906134e-05,1,Low,7day
2022-02-13,8.908696327125654e-05,1,Low,7day
2022-02-14,0.00010048550029750913,1,Low,7day
2022-02-15,0.00010814573033712804,1,Low,7day
2022-02-16,4.43259377789218e-05,1,Low,7day
2022-02-17,2.915150071203243e-05,1,Low,7day
2022-02-18,2.6710962629294954e-05,1,Low,7day
2022-02-19,3.313364868517965e-05,1,Low,7day
2022-02-20,3.5840817872667685e-05,1,Low,7day
2022-02-21,6.18192643742077e-05,1,Low,7day
2022-02-22,5.9926202084170654e-05,1,Low,7day
2022-02-23,2.7119893275084905e-05,1,Low,7day
2022-02-24,2.2505895685753785e-05,1,Low,7day
2022-02-25,3.803815707215108e-05,1,Low,7day
2022-02-26,5.912306369282305e-05,1,Low,7day
2022-02-27,7.546436245320365e-05,1,Low,7day
2022-02-28,6.98822332196869e-05,1,Low,7day
2022-03-01,0.0001079900175682269,1,Low,7day
2022-03-02,0.00019920307386200875,1,Low,7day
2022-03-03,0.00014000445662532002,1,Low,7day
2022-03-04,7.947738777147606e-05,1,Low,7day
2022-03-05,7.598601951031014e-05,1,Low,7day
2022-03-06,8.904873538995162e-05,1,Low,7day
2022-03-07,0.00012885540490970016,1,Low,7day
2022-03-08,0.00011743466893676668,1,Low,7day
2022-03-09,0.00015648096450604498,1,Low,7day
2022-03-10,7.348467624979094e-05,1,Low,7day
2022-03-11,3.787552486755885e-05,1,Low,7day
2022-03-12,3.4688564483076334e-05,1,Low,7day
2022-03-13,2.8550812203320675e-05,1,Low,7day
2022-03-14,1.3349681466934271e-05,1,Low,7day
2022-03-15,7.734558312222362e-05,1,Low,7day
2022-03-16,7.462515350198373e-05,1,Low,7day
2022-03-17,0.00010604178532958031,1,Low,7day
2022-03-18,9.621988283470273e-05,1,Low,7day
2022-03-19,4.939220525557175e-05,1,Low,7day
2022-03-20,2.835863779182546e-05,1,Low,7day
2022-03-21,1.3617597687698435e-05,1,Low,7day
2022-03-22,2.042138839897234e-05,1,Low,7day
2022-03-23,2.665714237082284e-05,1,Low,7day
2022-03-24,2.5128587367362343e-05,1,Low,7day
2022-03-25,2.3638171114725992e-05,1,Low,7day
2022-03-26,1.6179603335331194e-05,1,Low,7day
2022-03-27,1.2842787327826954e-05,1,Low,7day
2022-03-28,1.7919543097377755e-05,1,Low,7day
2022-03-29,5.6691471399972215e-05,1,Low,7day
2022-03-30,4.4475786125985906e-05,1,Low,7day
2022-03-31,2.6058327421196736e-05,1,Low,7day
2022-04-01,4.319087747717276e-05,1,Low,7day
2022-04-02,5.665834032697603e-05,1,Low,7day
2022-04-03,3.964966890634969e-05,1,Low,7day
2022-04-04,2.690076689759735e-05,1,Low,7day
2022-04-05,4.018487379653379e-05,1,Low,7day
2022-04-06,2.478995520505123e-05,1,Low,7day
2022-04-07,1.5089364751474932e-05,1,Low,7day
2022-04-08,2.6239667931804433e-05,1,Low,7day
2022-04-09,2.553240119596012e-05,1,Low,7day
2022-04-10,4.024120789836161e-05,1,Low,7day
2022-04-11,2.7612686608335935e-05,1,Low,7day
2022-04-12,5.199721999815665e-05,1,Low,7day
2022-04-13,3.480749001028016e-05,1,Low,7day
2022-04-14,1.4465214917436242e-05,1,Low,7day
2022-04-15,1.2710379451164044e-05,1,Low,7day
2022-04-16,1.5958034055074677e-05,1,Low,7day
2022-04-17,2.2289887056103908e-05,1,Low,7day
2022-04-18,1.7899525118991733e-05,1,Low,7day
2022-04-19,2.3779664843459614e-05,1,Low,7day
2022-04-20,2.447978113195859e-05,1,Low,7day
2022-04-21,2.0627356207114644e-05,1,Low,7day
2022-04-22,1.984530535992235e-05,1,Low,7day
2022-04-23,1.463245916966116e-05,1,Low,7day
2022-04-24,1.7577563994564116e-05,1,Low,7day
2022-04-25,2.9525541322072968e-05,1,Low,7day
2022-04-26,2.4823217245284468e-05,1,Low,7day
2022-04-27,2.642002800712362e-05,1,Low,7day
2022-04-28,3.3776595955714583e-05,1,Low,7day
2022-04-29,3.40342267008964e-05,1,Low,7day
2022-04-30,9.565678919898346e-05,1,Low,7day
2022-05-01,0.00018653088773135096,1,Low,7day
2022-05-02,3.8034784665796906e-05,1,Low,7day
2022-05-03,3.6742516385857016e-05,1,Low,7day
2022-05-04,2.9895827537984587e-05,1,Low,7day
2022-05-05,2.3885781047283672e-05,1,Low,7day
2022-05-06,1.886426252895035e-05,1,Low,7day
2022-05-07,2.426062201266177e-05,1,Low,7day
2022-05-08,2.9809052648488432e-05,1,Low,7day
2022-05-09,4.5565157051896676e-05,1,Low,7day
2022-05-10,4.950797665514983e-05,1,Low,7day
2022-05-11,3.398496482986957e-05,1,Low,7day
2022-05-12,7.92866267147474e-05,1,Low,7day
2022-05-13,7.108769932528958e-05,1,Low,7day
2022-05-14,5.746925307903439e-05,1,Low,7day
2022-05-15,4.7532827011309564e-05,1,Low,7day
2022-05-16,5.4954060033196583e-05,1,Low,7day
2022-05-17,4.666589666157961e-05,1,Low,7day
2022-05-18,3.306966391392052e-05,1,Low,7day
2022-05-19,3.584963997127488e-05,1,Low,7day
2022-05-20,7.359309529419988e-05,1,Low,7day
2022-05-21,9.882263839244843e-05,1,Low,7day
2022-05-22,0.0002050156908808276,1,Low,7day
2022-05-23,0.0003930392558686435,1,Low,7day
2022-05-24,0.0002303757646586746,1,Low,7day
2022-05-25,0.00025300364359281957,1,Low,7day
2022-05-26,0.0004507287230808288,1,Low,7day
2022-05-27,0.00036370361340232193,1,Low,7day
2022-05-28,0.0005048991879448295,1,Low,7day
2022-05-29,0.0005592840607278049,1,Low,7day
2022-05-30,0.00031866051722317934,1,Low,7day
2022-05-31,0.0004650020273402333,1,Low,7day
2022-06-01,0.00032405625097453594,1,Low,7day
2022-06-02,3.76461393898353e-05,1,Low,7day
2022-06-03,5.139754284755327e-05,1,Low,7day
2022-06-04,6.394544470822439e-05,1,Low,7day
2022-06-05,4.4882643123855814e-05,1,Low,7day
2022-06-06,3.051840758416802e-05,1,Low,7day
2022-06-07,1.385994164593285e-05,1,Low,7day
2022-06-08,2.0407858755788766e-05,1,Low,7day
2022-06-09,2.3253156541613862e-05,1,Low,7day
2022-06-10,2.180395313189365e-05,1,Low,7day
2022-06-11,8.10287383501418e-05,1,Low,7day
2022-06-12,0.0001141317407018505,1,Low,7day
2022-06-13,0.00010733338422141969,1,Low,7day
2022-06-14,0.00011954795627389103,1,Low,7day
2022-06-15,0.00014537271636072546,1,Low,7day
2022-06-16,0.00011528714094310999,1,Low,7day
2022-06-17,0.000296476180665195,1,Low,7day
2022-06-18,0.0007603705744259059,1,Low,7day
2022-06-19,0.0007266817265190184,1,Low,7day
2022-06-20,0.0016537075862288475,1,Low,7day
2022-06-21,0.0008543647127225995,1,Low,7day
2022-06-22,0.0011141744907945395,1,Low,7day
2022-06-23,0.0007703739101998508,1,Low,7day
2022-06-24,0.0004338334547355771,1,Low,7day
2022-06-25,0.001369125209748745,1,Low,7day
2022-06-26,0.0013871216215193272,1,Low,7day
2022-06-27,0.0011360753560438752,1,Low,7day
2022-06-28,0.00034586546826176345,1,Low,7day
2022-06-29,0.001501779886893928,1,Low,7day
2022-06-30,0.002906215377151966,1,Low,7day
2022-07-01,0.009649433195590973,1,Low,7day
2022-07-02,0.005371429491788149,1,Low,7day
2022-07-03,0.36140963435173035,2,Moderate,7day
2022-07-04,0.7468900084495544,3,High,7day
2022-07-05,0.09201757609844208,1,Low,7day
2022-07-06,0.9329344630241394,4,Very High,7day
2022-07-07,0.9927141070365906,4,Very High,7day
2022-07-08,0.9997103810310364,4,Very High,7day
2022-07-09,0.9998248219490051,4,Very High,7day
2022-07-10,0.9997051358222961,4,Very High,7day
2022-07-11,0.9892007112503052,4,Very High,7day
2022-07-12,0.83615642786026,4,Very High,7day
2022-07-13,0.78583824634552,4,Very High,7day
2022-07-14,0.8238615989685059,4,Very High,7day
2022-07-15,0.8790454864501953,4,Very High,7day
2022-07-16,0.9109135866165161,4,Very High,7day
2022-07-17,0.7247283458709717,3,High,7day
2022-07-18,0.8554449677467346,4,Very High,7day
2022-07-19,0.5659686923027039,3,High,7day
2022-07-20,0.7632379531860352,4,Very High,7day
2022-07-21,0.41556528210639954,2,Moderate,7day
2022-07-22,0.07409115880727768,1,Low,7day
2022-07-23,0.10235098004341125,1,Low,7day
2022-07-24,0.17557144165039062,1,Low,7day
2022-07-25,0.09665966778993607,1,Low,7day
2022-07-26,0.5791842937469482,3,High,7day
2022-07-27,0.8962497115135193,4,Very High,7day
2022-07-28,0.998134195804596,4,Very High,7day
2022-07-29,0.9969102740287781,4,Very High,7day
2022-07-30,0.9494354724884033,4,Very High,7day
2022-07-31,0.23534534871578217,1,Low,7day
2022-08-01,0.5824370384216309,3,High,7day
2022-08-02,0.3407618999481201,2,Moderate,7day
2022-08-03,0.26254403591156006,2,Moderate,7day
2022-08-04,0.1089099869132042,1,Low,7day
2022-08-05,0.29268956184387207,2,Moderate,7day
2022-08-06,0.1743689924478531,1,Low,7day
2022-08-07,0.149183988571167,1,Low,7day
2022-08-08,0.008628243580460548,1,Low,7day
2022-08-09,0.03651329502463341,1,Low,7day
2022-08-10,0.0231365654617548,1,Low,7day
2022-08-11,0.1229722797870636,1,Low,7day
2022-08-12,0.3337680995464325,2,Moderate,7day
2022-08-13,0.17317107319831848,1,Low,7day
2022-08-14,0.07002775371074677,1,Low,7day
2022-08-15,0.05890301987528801,1,Low,7day
2022-08-16,0.04221606254577637,1,Low,7day
2022-08-17,0.04425501823425293,1,Low,7day
2022-08-18,0.07512392848730087,1,Low,7day
2022-08-19,0.8316492438316345,4,Very High,7day
2022-08-20,0.9983953833580017,4,Very High,7day
2022-08-21,0.9992660880088806,4,Very High,7day
2022-08-22,0.9991579055786133,4,Very High,7day
2022-08-23,0.998499870300293,4,Very High,7day
2022-08-24,0.9985679388046265,4,Very High,7day
2022-08-25,0.9988340735435486,4,Very High,7day
2022-08-26,0.9974913597106934,4,Very High,7day
2022-08-27,0.9979058504104614,4,Very High,7day
2022-08-28,0.9980837106704712,4,Very High,7day
2022-08-29,0.9963802695274353,4,Very High,7day
2022-08-30,0.9969837069511414,4,Very High,7day
2022-08-31,0.995505690574646,4,Very High,7day
2022-09-01,0.9941583871841431,4,Very High,7day
2022-09-02,0.8474600911140442,4,Very High,7day
2022-09-03,0.038062259554862976,1,Low,7day
2022-09-04,0.004595490638166666,1,Low,7day
2022-09-05,0.0004995931521989405,1,Low,7day
2022-09-06,0.00021493792883120477,1,Low,7day
2022-09-07,6.211615254869685e-05,1,Low,7day
2022-09-08,3.354166619828902e-05,1,Low,7day
2022-09-09,0.00011104690929641947,1,Low,7day
2022-09-10,0.00018942568567581475,1,Low,7day
2022-09-11,0.0003831040230579674,1,Low,7day
2022-09-12,0.0017061146209016442,1,Low,7day
2022-09-13,0.0038165836594998837,1,Low,7day
2022-09-14,0.0014074301579967141,1,Low,7day
2022-09-15,0.0010765596525743604,1,Low,7day
2022-09-16,0.002371876034885645,1,Low,7day
2022-09-17,0.0006562374182976782,1,Low,7day
2022-09-18,0.00016860435425769538,1,Low,7day
2022-09-19,0.00013263407163321972,1,Low,7day
2022-09-20,0.00012610234261956066,1,Low,7day
2022-09-21,0.00021039642160758376,1,Low,7day
2022-09-22,0.00016624505224172026,1,Low,7day
2022-09-23,0.0001277718401979655,1,Low,7day
2022-09-24,0.00033182292827405035,1,Low,7day
2022-09-25,4.0689996239962056e-05,1,Low,7day
2022-09-26,3.298525189165957e-05,1,Low,7day
2022-09-27,2.073941141134128e-05,1,Low,7day
2022-09-28,5.78933977521956e-05,1,Low,7day
2022-09-29,7.711441139690578e-05,1,Low,7day
2022-09-30,5.116286047268659e-05,1,Low,7day
2022-10-01,6.60081350360997e-05,1,Low,7day
2022-10-02,0.00011204482871107757,1,Low,7day
2022-10-03,8.104334119707346e-05,1,Low,7day
2022-10-04,7.925729005364701e-05,1,Low,7day
2022-10-05,3.8772130210418254e-05,1,Low,7day
2022-10-06,4.105541302124038e-05,1,Low,7day
2022-10-07,5.671921098837629e-05,1,Low,7day
2022-10-08,0.00019483653886709362,1,Low,7day
2022-10-09,0.00042394796037115157,1,Low,7day
2022-10-10,0.00024927553022280335,1,Low,7day
2022-10-11,0.00033569271909072995,1,Low,7day
2022-10-12,0.0002280189364682883,1,Low,7day
2022-10-13,0.00016051290731411427,1,Low,7day
2022-10-14,0.00010302948794560507,1,Low,7day
2022-10-15,3.318848757771775e-05,1,Low,7day
2022-10-16,5.578211130341515e-05,1,Low,7day
2022-10-17,4.3906540668103844e-05,1,Low,7day
2022-10-18,2.549874989199452e-05,1,Low,7day
2022-10-19,2.076308010146022e-05,1,Low,7day
2022-10-20,2.2333249944495037e-05,1,Low,7day
2022-10-21,1.837226955103688e-05,1,Low,7day
2022-10-22,1.662509748712182e-05,1,Low,7day
2022-10-23,1.80806964635849e-05,1,Low,7day
2022-10-24,2.294535624969285e-05,1,Low,7day
2022-10-25,3.659868161776103e-05,1,Low,7day
2022-10-26,2.7921147193410434e-05,1,Low,7day
2022-10-27,2.9627362891915254e-05,1,Low,7day
2022-10-28,3.852669397019781e-05,1,Low,7day
2022-10-29,4.051657015224919e-05,1,Low,7day
2022-10-30,5.3919276979286224e-05,1,Low,7day
2022-10-31,4.7993133193813264e-05,1,Low,7day
2022-11-01,2.5474857466178946e-05,1,Low,7day
2022-11-02,2.2456222723121755e-05,1,Low,7day
2022-11-03,2.2507656467496417e-05,1,Low,7day
2022-11-04,1.5362926205853e-05,1,Low,7day
2022-11-05,2.200689777964726e-05,1,Low,7day
2022-11-06,4.003550566267222e-05,1,Low,7day
2022-11-07,4.242477007210255e-05,1,Low,7day
2022-11-08,3.45684566127602e-05,1,Low,7day
2022-11-09,3.492179894237779e-05,1,Low,7day
2022-11-10,2.41414181800792e-05,1,Low,7day
2022-11-11,3.5287030186736956e-05,1,Low,7day
2022-11-12,2.420107375655789e-05,1,Low,7day
2022-11-13,2.2037454982637428e-05,1,Low,7day
2022-11-14,2.3799400878488086e-05,1,Low,7day
2022-11-15,2.997418778249994e-05,1,Low,7day
2022-11-16,2.214734922745265e-05,1,Low,7day
2022-11-17,2.1269890567054972e-05,1,Low,7day
2022-11-18,1.532134228909854e-05,1,Low,7day
2022-11-19,1.596395486558322e-05,1,Low,7day
2022-11-20,1.9574732505134307e-05,1,Low,7day
2022-11-21,1.8815966541296802e-05,1,Low,7day
2022-11-22,1.658060500631109e-05,1,Low,7day
2022-11-23,1.735779551381711e-05,1,Low,7day
2022-11-24,2.104140912706498e-05,1,Low,7day
2022-11-25,2.8059335818397813e-05,1,Low,7day
2022-11-26,2.724115074670408e-05,1,Low,7day
2022-11-27,1.7354946976411156e-05,1,Low,7day
2022-11-28,1.5003342923591845e-05,1,Low,7day
2022-11-29,1.496132153988583e-05,1,Low,7day
2022-11-30,2.102622420352418e-05,1,Low,7day
2022-12-01,1.2549776329251472e-05,1,Low,7day
2022-12-02,1.8551376342657022e-05,1,Low,7day
2022-12-03,1.2089154552086256e-05,1,Low,7day
2022-12-04,1.1107998943771236e-05,1,Low,7day
2022-12-05,1.7845768525148742e-05,1,Low,7day
2022-12-06,2.2151130906422623e-05,1,Low,7day
2022-12-07,2.245333234895952e-05,1,Low,7day
2022-12-08,2.2027476006769575e-05,1,Low,7day
2022-12-09,1.963287650141865e-05,1,Low,7day
2022-12-10,1.7271519027417526e-05,1,Low,7day
2022-12-11,4.5674700231757015e-05,1,Low,7day
2022-12-12,4.940360668115318e-05,1,Low,7day
2022-12-13,4.430256740306504e-05,1,Low,7day
2022-12-14,4.5642351324204355e-05,1,Low,7day
2022-12-15,4.1973620682256296e-05,1,Low,7day
2022-12-16,3.80173405574169e-05,1,Low,7day
2022-12-17,3.948563971789554e-05,1,Low,7day
2022-12-18,4.438943142304197e-05,1,Low,7day
2022-12-19,3.4760389098664746e-05,1,Low,7day
2022-12-20,3.035128793271724e-05,1,Low,7day
2022-12-21,2.5046407245099545e-05,1,Low,7day
2022-12-22,2.7449277695268393e-05,1,Low,7day
2022-12-23,2.7365873393137008e-05,1,Low,7day
2022-12-24,2.0780275008291937e-05,1,Low,7day
2022-12-25,3.3260723284911364e-05,1,Low,7day
2022-12-26,4.713511225418188e-05,1,Low,7day
2022-12-27,4.091107621206902e-05,1,Low,7day
2022-12-28,2.2744185116607696e-05,1,Low,7day
2022-12-29,5.9204870922258124e-05,1,Low,7day
2022-12-30,8.126893226290122e-05,1,Low,7day
2022-12-31,0.00010823239426827058,1,Low,7day
2023-01-01,0.0001752968819346279,1,Low,7day
2023-01-02,9.984012285713106e-05,1,Low,7day
2023-01-03,0.000287653791019693,1,Low,7day
2023-01-04,0.0007374299457296729,1,Low,7day
2023-01-05,0.0005986351170577109,1,Low,7day
2023-01-06,0.00036087477928958833,1,Low,7day
2023-01-07,0.00021944812033325434,1,Low,7day
2023-01-08,0.00015060459554661065,1,Low,7day
2023-01-09,0.00015508481010328978,1,Low,7day
2023-01-10,0.00022506328241433948,1,Low,7day
2023-01-11,0.0004193691711407155,1,Low,7day
2023-01-12,0.0002539413108024746,1,Low,7day
2023-01-13,0.00025857207947410643,1,Low,7day
2023-01-14,0.00017711156397126615,1,Low,7day
2023-01-15,0.0002083353028865531,1,Low,7day
2023-01-16,5.8646881370805204e-05,1,Low,7day
2023-01-17,0.00020143913570791483,1,Low,7day
2023-01-18,0.000148747960338369,1,Low,7day
2023-01-19,0.0004209480539429933,1,Low,7day
2023-01-20,0.00044266131590120494,1,Low,7day
2023-01-21,0.0001914508466143161,1,Low,7day
2023-01-22,0.00017676687275525182,1,Low,7day
2023-01-23,0.00011969008482992649,1,Low,7day
2023-01-24,0.00010591203317744657,1,Low,7day
2023-01-25,0.00011241136962780729,1,Low,7day
2023-01-26,0.00018990618991665542,1,Low,7day
2023-01-27,0.00030654834699817,1,Low,7day
2023-01-28,0.0004303055757191032,1,Low,7day
2023-01-29,0.0001951330923475325,1,Low,7day
2023-01-30,9.019132994581014e-05,1,Low,7day
2023-01-31,0.00020275368297006935,1,Low,7day
2023-02-01,0.00032286992063745856,1,Low,7day
2023-02-02,0.0002594425459392369,1,Low,7day
2023-02-03,0.00020239250443410128,1,Low,7day
2023-02-04,0.00033454064396210015,1,Low,7day
2023-02-05,0.0002915512304753065,1,Low,7day
2023-02-06,0.00018679536879062653,1,Low,7day
2023-02-07,0.0001608116290299222,1,Low,7day
2023-02-08,0.00029832086875103414,1,Low,7day
2023-02-09,0.0002693658752832562,1,Low,7day
2023-02-10,6.457194103859365e-05,1,Low,7day
2023-02-11,4.457454997464083e-05,1,Low,7day
2023-02-12,0.00010879395267693326,1,Low,7day
2023-02-13,8.265046926680952e-05,1,Low,7day
2023-02-14,4.068223643116653e-05,1,Low,7day
2023-02-15,2.7918296837015077e-05,1,Low,7day
2023-02-16,4.173954948782921e-05,1,Low,7day
2023-02-17,3.1661020329920575e-05,1,Low,7day
2023-02-18,3.064509655814618e-05,1,Low,7day
2023-02-19,3.566257510101423e-05,1,Low,7day
2023-02-20,4.7494046157225966e-05,1,Low,7day
2023-02-21,4.662990977521986e-05,1,Low,7day
2023-02-22,4.581700704875402e-05,1,Low,7day
2023-02-23,4.351114694145508e-05,1,Low,7day
2023-02-24,5.1891165639972314e-05,1,Low,7day
2023-02-25,4.854272265220061e-05,1,Low,7day
2023-02-26,2.303417022631038e-05,1,Low,7day
2023-02-27,3.9678718167124316e-05,1,Low,7day
2023-02-28,4.682530925492756e-05,1,Low,7day
2023-03-01,0.00010415659926366061,1,Low,7day
2023-03-02,0.00017650464724283665,1,Low,7day
2023-03-03,0.000270775897661224,1,Low,7day
2023-03-04,0.0002410164597677067,1,Low,7day
2023-03-05,0.00010779084550449625,1,Low,7day
2023-03-06,7.378880400210619e-05,1,Low,7day
2023-03-07,0.00015641801292076707,1,Low,7day
2023-03-08,9.82383280643262e-05,1,Low,7day
2023-03-09,9.011370275402442e-05,1,Low,7day
2023-03-10,8.217572030844167e-05,1,Low,7day
2023-03-11,5.9265486925141886e-05,1,Low,7day
2023-03-12,2.663241684786044e-05,1,Low,7day
2023-03-13,3.43093961419072e-05,1,Low,7day
2023-03-14,2.393608338024933e-05,1,Low,7day
2023-03-15,2.5666111469035968e-05,1,Low,7day
2023-03-16,3.65320811397396e-05,1,Low,7day
2023-03-17,3.554204886313528e-05,1,Low,7day
2023-03-18,2.75722959486302e-05,1,Low,7day
2023-03-19,1.6480580597999506e-05,1,Low,7day
2023-03-20,2.7601548936218023e-05,1,Low,7day
2023-03-21,3.2927331631071866e-05,1,Low,7day
2023-03-22,3.086847937083803e-05,1,Low,7day
2023-03-23,0.00019361483282409608,1,Low,7day
2023-03-24,0.0001260905701201409,1,Low,7day
2023-03-25,0.00011049500608351082,1,Low,7day
2023-03-26,0.0001524631807114929,1,Low,7day
2023-03-27,0.00011521823762450367,1,Low,7day
2023-03-28,0.0001252054062206298,1,Low,7day
2023-03-29,0.0007084007374942303,1,Low,7day
2023-03-30,0.000977355521172285,1,Low,7day
2023-03-31,0.00017732141714077443,1,Low,7day
2023-04-01,0.00026573121431283653,1,Low,7day
2023-04-02,0.0003267455904278904,1,Low,7day
2023-04-03,0.0002010239113587886,1,Low,7day
2023-04-04,0.0001387432566843927,1,Low,7day
2023-04-05,6.540017784573138e-05,1,Low,7day
2023-04-06,0.00010151060268981382,1,Low,7day
2023-04-07,0.00011033938062610105,1,Low,7day
2023-04-08,0.00017592916265130043,1,Low,7day
2023-04-09,0.0004417251329869032,1,Low,7day
2023-04-10,0.0002576882834546268,1,Low,7day
2023-04-11,0.00020719999156426638,1,Low,7day
2023-04-12,0.00017417773779015988,1,Low,7day
2023-04-13,0.00011926273873541504,1,Low,7day
2023-04-14,9.2401220172178e-05,1,Low,7day
2023-04-15,2.926668275904376e-05,1,Low,7day
2023-04-16,3.415658284211531e-05,1,Low,7day
2023-04-17,4.893686491413973e-05,1,Low,7day
2023-04-18,2.5362962333019823e-05,1,Low,7day
2023-04-19,2.2312025976134464e-05,1,Low,7day
2023-04-20,2.4165095965145156e-05,1,Low,7day
2023-04-21,2.2809479560237378e-05,1,Low,7day
2023-04-22,1.1851104318338912e-05,1,Low,7day
2023-04-23,1.597408117959276e-05,1,Low,7day
2023-04-24,3.095526699326001e-05,1,Low,7day
2023-04-25,8.080211409833282e-05,1,Low,7day
2023-04-26,4.256738247931935e-05,1,Low,7day
2023-04-27,2.7207841412746347e-05,1,Low,7day
2023-04-28,8.139923738781363e-05,1,Low,7day
2023-04-29,7.731364894425496e-05,1,Low,7day
2023-04-30,0.00012317732034716755,1,Low,7day
2023-05-01,9.56949224928394e-05,1,Low,7day
2023-05-02,0.000157202550326474,1,Low,7day
2023-05-03,0.00029367144452407956,1,Low,7day
2023-05-04,0.00013761223817709833,1,Low,7day
2023-05-05,0.00013747990306001157,1,Low,7day
2023-05-06,0.00010186337021877989,1,Low,7day
2023-05-07,0.0001030315543175675,1,Low,7day
2023-05-08,9.437771223019809e-05,1,Low,7day
2023-05-09,4.562894901027903e-05,1,Low,7day
2023-05-10,3.255924821132794e-05,1,Low,7day
2023-05-11,6.510529055958614e-05,1,Low,7day
2023-05-12,7.855219155317172e-05,1,Low,7day
2023-05-13,8.418359357165173e-05,1,Low,7day
2023-05-14,7.972172898007557e-05,1,Low,7day
2023-05-15,3.988756725448184e-05,1,Low,7day
2023-05-16,3.2664956961525604e-05,1,Low,7day
2023-05-17,1.9073740986641496e-05,1,Low,7day
2023-05-18,1.1216127859370317e-05,1,Low,7day
2023-05-19,8.860650268616155e-06,1,Low,7day
2023-05-20,1.3707239304494578e-05,1,Low,7day
2023-05-21,2.160644180548843e-05,1,Low,7day
2023-05-22,2.3758786483085714e-05,1,Low,7day
2023-05-23,2.258508357044775e-05,1,Low,7day
2023-05-24,2.8819027647841722e-05,1,Low,7day
2023-05-25,4.815785723621957e-05,1,Low,7day
2023-05-26,0.00010470519919181243,1,Low,7day
2023-05-27,0.00013446848606690764,1,Low,7day
2023-05-28,8.950129995355383e-05,1,Low,7day
2023-05-29,0.00016316586697939783,1,Low,7day
2023-05-30,0.00018915421969722956,1,Low,7day
2023-05-31,0.0002140176948159933,1,Low,7day
2023-06-01,0.00046864693285897374,1,Low,7day
2023-06-02,0.0007588692824356258,1,Low,7day
2023-06-03,0.0008412683964706957,1,Low,7day
2023-06-04,0.0010661762207746506,1,Low,7day
2023-06-05,0.0007069099810905755,1,Low,7day
2023-06-06,0.0009545611683279276,1,Low,7day
2023-06-07,0.0006372677744366229,1,Low,7day
2023-06-08,0.00018870423082262278,1,Low,7day
2023-06-09,0.00026255054399371147,1,Low,7day
2023-06-10,0.00016123939712997526,1,Low,7day
2023-06-11,0.00013950018910691142,1,Low,7day
2023-06-12,0.0010552407475188375,1,Low,7day
2023-06-13,0.007613615598529577,1,Low,7day
2023-06-14,0.017053276300430298,1,Low,7day
2023-06-15,0.019089756533503532,1,Low,7day
2023-06-16,0.0387103408575058,1,Low,7day
2023-06-17,0.2583577334880829,2,Moderate,7day
2023-06-18,0.05460965260863304,1,Low,7day
2023-06-19,0.1066606268286705,1,Low,7day
2023-06-20,0.4655435085296631,2,Moderate,7day
2023-06-21,0.28629085421562195,2,Moderate,7day
2023-06-22,0.035489797592163086,1,Low,7day
2023-06-23,0.007545220199972391,1,Low,7day
2023-06-24,0.1651664525270462,1,Low,7day
2023-06-25,0.13600265979766846,1,Low,7day
2023-06-26,0.03789472207427025,1,Low,7day
2023-06-27,0.04874918982386589,1,Low,7day
2023-06-28,0.18733377754688263,1,Low,7day
2023-06-29,0.14126603305339813,1,Low,7day
2023-06-30,0.015450692735612392,1,Low,7day
2023-07-01,0.13423925638198853,1,Low,7day
2023-07-02,0.002435831120237708,1,Low,7day
2023-07-03,0.004340376704931259,1,Low,7day
2023-07-04,0.20960679650306702,1,Low,7day
2023-07-05,0.7442492246627808,3,High,7day
2023-07-06,0.6236888766288757,3,High,7day
2023-07-07,0.9291229844093323,4,Very High,7day
2023-07-08,0.9940009713172913,4,Very High,7day
2023-07-09,0.9991921782493591,4,Very High,7day
2023-07-10,0.9987776875495911,4,Very High,7day
2023-07-11,0.999657392501831,4,Very High,7day
2023-07-12,0.9995964169502258,4,Very High,7day
2023-07-13,0.9986550807952881,4,Very High,7day
2023-07-14,0.9991098046302795,4,Very High,7day
2023-07-15,0.9992701411247253,4,Very High,7day
2023-07-16,0.9993971586227417,4,Very High,7day
2023-07-17,0.9836454391479492,4,Very High,7day
2023-07-18,0.8035336136817932,4,Very High,7day
2023-07-19,0.9124513864517212,4,Very High,7day
2023-07-20,0.6885753273963928,3,High,7day
2023-07-21,0.4514525532722473,2,Moderate,7day
2023-07-22,0.6710520386695862,3,High,7day
2023-07-23,0.999603807926178,4,Very High,7day
2023-07-24,0.9997270703315735,4,Very High,7day
2023-07-25,0.9997782111167908,4,Very High,7day
2023-07-26,0.9997017979621887,4,Very High,7day
2023-07-27,0.9995856881141663,4,Very High,7day
2023-07-28,0.9995959401130676,4,Very High,7day
2023-07-29,0.9996936321258545,4,Very High,7day
2023-07-30,0.9998249411582947,4,Very High,7day
2023-07-31,0.9997730851173401,4,Very High,7day
2023-08-01,0.9997027516365051,4,Very High,7day
2023-08-02,0.9997395873069763,4,Very High,7day
2023-08-03,0.9990643858909607,4,Very High,7day
2023-08-04,0.9991587400436401,4,Very High,7day
2023-08-05,0.9992293119430542,4,Very High,7day
2023-08-06,0.9987977743148804,4,Very High,7day
2023-08-07,0.9965040683746338,4,Very High,7day
2023-08-08,0.9853222370147705,4,Very High,7day
2023-08-09,0.33907437324523926,2,Moderate,7day
2023-08-10,0.22907747328281403,1,Low,7day
2023-08-11,0.02600633166730404,1,Low,7day
2023-08-12,0.005934050306677818,1,Low,7day
2023-08-13,0.0025450626853853464,1,Low,7day
2023-08-14,0.0033070556819438934,1,Low,7day
2023-08-15,0.0024529218208044767,1,Low,7day
2023-08-16,0.00316384295001626,1,Low,7day
2023-08-17,0.005072032567113638,1,Low,7day
2023-08-18,0.004976904485374689,1,Low,7day
2023-08-19,0.00011028227163478732,1,Low,7day
2023-08-20,0.000172722851857543,1,Low,7day
2023-08-21,6.754095375072211e-05,1,Low,7day
2023-08-22,3.0084529498708434e-05,1,Low,7day
2023-08-23,5.8157802413916215e-06,1,Low,7day
2023-08-24,3.1689054594608024e-05,1,Low,7day
2023-08-25,6.556391599588096e-05,1,Low,7day
2023-08-26,1.723183595458977e-05,1,Low,7day
2023-08-27,8.466998224321287e-06,1,Low,7day
2023-08-28,1.3938718439021613e-05,1,Low,7day
2023-08-29,1.1811534022854175e-05,1,Low,7day
2023-08-30,7.827346053090878e-06,1,Low,7day
2023-08-31,1.3611807844426949e-05,1,Low,7day
2023-09-01,1.5901096048764884e-05,1,Low,7day
2023-09-02,1.7507249140180647e-05,1,Low,7day
2023-09-03,2.2313153749564663e-05,1,Low,7day
2023-09-04,3.738279701792635e-05,1,Low,7day
2023-09-05,1.4447085959545802e-05,1,Low,7day
2023-09-06,1.314765540882945e-05,1,Low,7day
2023-09-07,1.2263858479855116e-05,1,Low,7day
2023-09-08,1.2538004739326425e-05,1,Low,7day
2023-09-09,2.116655196005013e-05,1,Low,7day
2023-09-10,3.5395383747527376e-05,1,Low,7day
2023-09-11,9.449938079342246e-05,1,Low,7day
2023-09-12,7.986675336724147e-05,1,Low,7day
2023-09-13,0.0002056906232610345,1,Low,7day
2023-09-14,0.00013156239583622664,1,Low,7day
2023-09-15,0.00018468186317477375,1,Low,7day
2023-09-16,0.00018000190902967006,1,Low,7day
2023-09-17,0.0016665211878716946,1,Low,7day
2023-09-18,0.012817472219467163,1,Low,7day
2023-09-19,0.008413259871304035,1,Low,7day
2023-09-20,0.006799234542995691,1,Low,7day
2023-09-21,0.033577658236026764,1,Low,7day
2023-09-22,0.002650398761034012,1,Low,7day
2023-09-23,0.0016639289679005742,1,Low,7day
2023-09-24,0.0020761338528245687,1,Low,7day
2023-09-25,0.0018338601803407073,1,Low,7day
2023-09-26,0.00037617175257764757,1,Low,7day
2023-09-27,0.00021651906718034297,1,Low,7day
2023-09-28,0.00021157304581720382,1,Low,7day
2023-09-29,0.000151225394802168,1,Low,7day
2023-09-30,0.0001394725259160623,1,Low,7day
2023-10-01,0.0003323798591736704,1,Low,7day
2023-10-02,0.0002292173885507509,1,Low,7day
2023-10-03,0.00011224662011954933,1,Low,7day
2023-10-04,0.00014446594286710024,1,Low,7day
2023-10-05,0.00011008379078703001,1,Low,7day
2023-10-06,8.35991304484196e-05,1,Low,7day
2023-10-07,4.664556399802677e-05,1,Low,7day
2023-10-08,2.0130786651861854e-05,1,Low,7day
2023-10-09,5.595665061264299e-05,1,Low,7day
2023-10-10,3.714516788022593e-05,1,Low,7day
2023-10-11,2.1168145394767635e-05,1,Low,7day
2023-10-12,1.940202128025703e-05,1,Low,7day
2023-10-13,2.638022488099523e-05,1,Low,7day
2023-10-14,2.496101842552889e-05,1,Low,7day
2023-10-15,1.957337008207105e-05,1,Low,7day
2023-10-16,2.9087739676469937e-05,1,Low,7day
2023-10-17,2.4808425223454833e-05,1,Low,7day
2023-10-18,8.494508074363694e-05,1,Low,7day
2023-10-19,8.233848348027095e-05,1,Low,7day
2023-10-20,6.680132355540991e-05,1,Low,7day
2023-10-21,8.071916818153113e-05,1,Low,7day
2023-10-22,9.30776513996534e-05,1,Low,7day
2023-10-23,5.660444003297016e-05,1,Low,7day
2023-10-24,3.170041964040138e-05,1,Low,7day
2023-10-25,2.8699805625365116e-05,1,Low,7day
2023-10-26,2.073561518045608e-05,1,Low,7day
2023-10-27,1.754323238856159e-05,1,Low,7day
2023-10-28,4.5982986193848774e-05,1,Low,7day
2023-10-29,3.6465389712248e-05,1,Low,7day
2023-10-30,2.130933899024967e-05,1,Low,7day
2023-10-31,6.398393452400342e-05,1,Low,7day
2023-11-01,3.945752541767433e-05,1,Low,7day
2023-11-02,3.769043178181164e-05,1,Low,7day
2023-11-03,3.674272738862783e-05,1,Low,7day
2023-11-04,3.91568974009715e-05,1,Low,7day
2023-11-05,3.546312655089423e-05,1,Low,7day
2023-11-06,3.5543165722629055e-05,1,Low,7day
2023-11-07,3.288374136900529e-05,1,Low,7day
2023-11-08,1.860018164734356e-05,1,Low,7day
2023-11-09,2.1181351257837377e-05,1,Low,7day
2023-11-10,2.824018883984536e-05,1,Low,7day
2023-11-11,4.838134191231802e-05,1,Low,7day
2023-11-12,5.4376465413952246e-05,1,Low,7day
2023-11-13,5.488079477800056e-05,1,Low,7day
2023-11-14,5.8618195907911286e-05,1,Low,7day
2023-11-15,7.653455395484343e-05,1,Low,7day
2023-11-16,5.7573030062485486e-05,1,Low,7day
2023-11-17,3.767515590880066e-05,1,Low,7day
2023-11-18,2.1577265215455554e-05,1,Low,7day
2023-11-19,3.7961694033583626e-05,1,Low,7day
2023-11-20,3.985836519859731e-05,1,Low,7day
2023-11-21,5.173646059120074e-05,1,Low,7day
2023-11-22,4.565998460748233e-05,1,Low,7day
2023-11-23,5.839764344273135e-05,1,Low,7day
2023-11-24,3.695476334542036e-05,1,Low,7day
2023-11-25,2.747360667854082e-05,1,Low,7day
2023-11-26,3.508897862047888e-05,1,Low,7day
2023-11-27,3.3551357773831114e-05,1,Low,7day
2023-11-28,5.904339559492655e-05,1,Low,7day
2023-11-29,3.284131162217818e-05,1,Low,7day
2023-11-30,3.0216964660212398e-05,1,Low,7day
2023-12-01,7.037993054836988e-05,1,Low,7day
2023-12-02,6.686269625788555e-05,1,Low,7day
2023-12-03,6.060416853870265e-05,1,Low,7day
2023-12-04,5.182440145290457e-05,1,Low,7day
2023-12-05,5.57901403226424e-05,1,Low,7day
2023-12-06,6.0744016082026064e-05,1,Low,7day
2023-12-07,7.753019599476829e-05,1,Low,7day
2023-12-08,4.4985827116761357e-05,1,Low,7day
2023-12-09,5.156377301318571e-05,1,Low,7day
2023-12-10,4.227248064125888e-05,1,Low,7day
2023-12-11,4.8166082706302404e-05,1,Low,7day
2023-12-12,3.410980571061373e-05,1,Low,7day
2023-12-13,3.8490888982778415e-05,1,Low,7day
2023-12-14,2.105640305671841e-05,1,Low,7day
2023-12-15,2.5946268578991294e-05,1,Low,7day
2023-12-16,2.6724110284703784e-05,1,Low,7day
2023-12-17,2.2008809537510388e-05,1,Low,7day
