date,era5_tp_daily_total_mean,era5_tp_daily_total_min,era5_tp_daily_total_max,era5_tp_daily_total_std,era5_sro_daily_total_mean,era5_sro_daily_total_min,era5_sro_daily_total_max,era5_sro_daily_total_std,era5_t2m_daily_mean_mean,era5_t2m_daily_mean_min,era5_t2m_daily_mean_max,era5_t2m_daily_mean_std,era5_swvl1_daily_mean_mean,era5_swvl1_daily_mean_min,era5_swvl1_daily_mean_max,era5_swvl1_daily_mean_std,era5_swvl2_daily_mean_mean,era5_swvl2_daily_mean_min,era5_swvl2_daily_mean_max,era5_swvl2_daily_mean_std,glofas_discharge_mean,glofas_discharge_min,glofas_discharge_max,glofas_discharge_std,rainfall_total_3d,rainfall_total_7d,rainfall_total_14d,rainfall_total_30d,era5_tp_daily_total_mean_lag_1d,era5_tp_daily_total_min_lag_1d,era5_tp_daily_total_max_lag_1d,era5_tp_daily_total_std_lag_1d,era5_sro_daily_total_mean_lag_1d,era5_sro_daily_total_min_lag_1d,era5_sro_daily_total_max_lag_1d,era5_sro_daily_total_std_lag_1d,era5_t2m_daily_mean_mean_lag_1d,era5_t2m_daily_mean_min_lag_1d,era5_t2m_daily_mean_max_lag_1d,era5_t2m_daily_mean_std_lag_1d,era5_swvl1_daily_mean_mean_lag_1d,era5_swvl1_daily_mean_min_lag_1d,era5_swvl1_daily_mean_max_lag_1d,era5_swvl1_daily_mean_std_lag_1d,era5_swvl2_daily_mean_mean_lag_1d,era5_swvl2_daily_mean_min_lag_1d,era5_swvl2_daily_mean_max_lag_1d,era5_swvl2_daily_mean_std_lag_1d,glofas_discharge_mean_lag_1d,glofas_discharge_min_lag_1d,glofas_discharge_max_lag_1d,glofas_discharge_std_lag_1d,rainfall_total_3d_lag_1d,rainfall_total_7d_lag_1d,rainfall_total_14d_lag_1d,rainfall_total_30d_lag_1d,era5_tp_daily_total_mean_lag_2d,era5_tp_daily_total_min_lag_2d,era5_tp_daily_total_max_lag_2d,era5_tp_daily_total_std_lag_2d,era5_sro_daily_total_mean_lag_2d,era5_sro_daily_total_min_lag_2d,era5_sro_daily_total_max_lag_2d,era5_sro_daily_total_std_lag_2d,era5_t2m_daily_mean_mean_lag_2d,era5_t2m_daily_mean_min_lag_2d,era5_t2m_daily_mean_max_lag_2d,era5_t2m_daily_mean_std_lag_2d,era5_swvl1_daily_mean_mean_lag_2d,era5_swvl1_daily_mean_min_lag_2d,era5_swvl1_daily_mean_max_lag_2d,era5_swvl1_daily_mean_std_lag_2d,era5_swvl2_daily_mean_mean_lag_2d,era5_swvl2_daily_mean_min_lag_2d,era5_swvl2_daily_mean_max_lag_2d,era5_swvl2_daily_mean_std_lag_2d,glofas_discharge_mean_lag_2d,glofas_discharge_min_lag_2d,glofas_discharge_max_lag_2d,glofas_discharge_std_lag_2d,rainfall_total_3d_lag_2d,rainfall_total_7d_lag_2d,rainfall_total_14d_lag_2d,rainfall_total_30d_lag_2d,era5_tp_daily_total_mean_lag_3d,era5_tp_daily_total_min_lag_3d,era5_tp_daily_total_max_lag_3d,era5_tp_daily_total_std_lag_3d,era5_sro_daily_total_mean_lag_3d,era5_sro_daily_total_min_lag_3d,era5_sro_daily_total_max_lag_3d,era5_sro_daily_total_std_lag_3d,era5_t2m_daily_mean_mean_lag_3d,era5_t2m_daily_mean_min_lag_3d,era5_t2m_daily_mean_max_lag_3d,era5_t2m_daily_mean_std_lag_3d,era5_swvl1_daily_mean_mean_lag_3d,era5_swvl1_daily_mean_min_lag_3d,era5_swvl1_daily_mean_max_lag_3d,era5_swvl1_daily_mean_std_lag_3d,era5_swvl2_daily_mean_mean_lag_3d,era5_swvl2_daily_mean_min_lag_3d,era5_swvl2_daily_mean_max_lag_3d,era5_swvl2_daily_mean_std_lag_3d,glofas_discharge_mean_lag_3d,glofas_discharge_min_lag_3d,glofas_discharge_max_lag_3d,glofas_discharge_std_lag_3d,rainfall_total_3d_lag_3d,rainfall_total_7d_lag_3d,rainfall_total_14d_lag_3d,rainfall_total_30d_lag_3d,era5_tp_daily_total_mean_lag_7d,era5_tp_daily_total_min_lag_7d,era5_tp_daily_total_max_lag_7d,era5_tp_daily_total_std_lag_7d,era5_sro_daily_total_mean_lag_7d,era5_sro_daily_total_min_lag_7d,era5_sro_daily_total_max_lag_7d,era5_sro_daily_total_std_lag_7d,era5_t2m_daily_mean_mean_lag_7d,era5_t2m_daily_mean_min_lag_7d,era5_t2m_daily_mean_max_lag_7d,era5_t2m_daily_mean_std_lag_7d,era5_swvl1_daily_mean_mean_lag_7d,era5_swvl1_daily_mean_min_lag_7d,era5_swvl1_daily_mean_max_lag_7d,era5_swvl1_daily_mean_std_lag_7d,era5_swvl2_daily_mean_mean_lag_7d,era5_swvl2_daily_mean_min_lag_7d,era5_swvl2_daily_mean_max_lag_7d,era5_swvl2_daily_mean_std_lag_7d,glofas_discharge_mean_lag_7d,glofas_discharge_min_lag_7d,glofas_discharge_max_lag_7d,glofas_discharge_std_lag_7d,rainfall_total_3d_lag_7d,rainfall_total_7d_lag_7d,rainfall_total_14d_lag_7d,rainfall_total_30d_lag_7d,target_glofas_discharge_max_next_1d,label_discharge_next_1d_ge_q75,label_discharge_next_1d_ge_q90,label_discharge_next_1d_ge_q95
2020-02-07,0.0,0.0,0.0,0.0,0.0,0.0,0.0,0.0,291.53943,286.96866,294.40674,1.3564005,0.07839748,0.00033641825,0.19375813,0.0605638,0.1535088,0.0019398774,0.22030015,0.043827593,65.71468,0.0,2103.625,359.00424,0.0,0.04317892901599407,0.3802657132036984,4.9114267225190815,0.0,0.0,0.0,0.0,0.0,0.0,0.0,0.0,291.0128,287.89,293.39474,0.9957984,0.07929173,0.00033723578,0.19529437,0.06007799,0.15357158,0.0019447507,0.22036414,0.043674078,65.18235,0.0,2085.9219,356.08832,0.029993057250976562,0.04317892901599407,0.3802657132036984,4.9114267225190815,0.0,0.0,0.0,0.0,0.0,0.0,0.0,0.0,290.48132,285.45264,293.97632,1.918309,0.08119521,0.00035400363,0.19677974,0.06035405,0.15384343,0.0019498208,0.2200017,0.043789316,64.885765,0.0,2060.9219,354.3917,0.04317892901599407,0.04317892901599407,0.3802657132036984,5.779324709884804,0.029993057,0.0,0.59223175,0.07776149,7.781718e-08,0.0,1.4305115e-06,2.1097738e-07,291.63297,286.53482,294.4794,1.6387823,0.07807363,0.00031556268,0.1875301,0.060475927,0.15368232,0.0019456567,0.22066516,0.043454427,64.88534,0.0,2042.4688,354.15652,0.04317892901599407,0.04317892901599407,0.38028160777503217,6.338180481903237,0.0,0.0,0.0,0.0,0.0,0.0,0.0,0.0,290.14798,286.25043,292.92416,1.0100633,0.07809691,0.00033309916,0.19002272,0.060710806,0.15403558,0.0019632166,0.22527367,0.043572985,68.84796,0.0,2251.8125,372.3218,0.0,0.3370867841877043,0.33732652730896007,6.632294975740933,2098.2812,0,0,0
2020-02-08,0.0,0.0,0.0,0.0,0.0,0.0,0.0,0.0,291.58902,287.9911,294.16946,1.1836009,0.07888835,0.0003943164,0.19724542,0.061230928,0.15339549,0.0019335657,0.22028814,0.043923605,66.222664,0.0,2098.2812,361.7661,0.0,0.04317892901599407,0.36158429319038987,4.9114267225190815,0.0,0.0,0.0,0.0,0.0,0.0,0.0,0.0,291.53943,286.96866,294.40674,1.3564005,0.07839748,0.00033641825,0.19375813,0.0605638,0.1535088,0.0019398774,0.22030015,0.043827593,65.71468,0.0,2103.625,359.00424,0.0,0.04317892901599407,0.3802657132036984,4.9114267225190815,0.0,0.0,0.0,0.0,0.0,0.0,0.0,0.0,291.0128,287.89,293.39474,0.9957984,0.07929173,0.00033723578,0.19529437,0.06007799,0.15357158,0.0019447507,0.22036414,0.043674078,65.18235,0.0,2085.9219,356.08832,0.029993057250976562,0.04317892901599407,0.3802657132036984,4.9114267225190815,0.0,0.0,0.0,0.0,0.0,0.0,0.0,0.0,290.48132,285.45264,293.97632,1.918309,0.08119521,0.00035400363,0.19677974,0.06035405,0.15384343,0.0019498208,0.2200017,0.043789316,64.885765,0.0,2060.9219,354.3917,0.04317892901599407,0.04317892901599407,0.3802657132036984,5.779324709884804,0.0,0.0,0.0,0.0,0.0,0.0,0.0,0.0,290.70273,286.5126,293.49908,1.1448307,0.0768343,0.0003336527,0.1871044,0.060411803,0.15390724,0.0019602792,0.2240488,0.04348925,67.29006,0.0,2193.2031,364.54977,0.0,0.3184053641743958,0.33732652730896007,6.6320724517386225,2087.7344,0,0,0
2020-02-09,0.0,0.0,0.0,0.0,0.0,0.0,0.0,0.0,291.52167,288.2626,294.06802,1.0934817,0.07892993,0.00033968268,0.20012937,0.061493006,0.15331109,0.001927696,0.2209479,0.044027932,66.51795,0.0,2087.7344,363.36115,0.0,0.04317892901599407,0.15285942191258073,4.895851366668921,0.0,0.0,0.0,0.0,0.0,0.0,0.0,0.0,291.58902,287.9911,294.16946,1.1836009,0.07888835,0.0003943164,0.19724542,0.061230928,0.15339549,0.0019335657,0.22028814,0.043923605,66.222664,0.0,2098.2812,361.7661,0.0,0.04317892901599407,0.36158429319038987,4.9114267225190815,0.0,0.0,0.0,0.0,0.0,0.0,0.0,0.0,291.53943,286.96866,294.40674,1.3564005,0.07839748,0.00033641825,0.19375813,0.0605638,0.1535088,0.0019398774,0.22030015,0.043827593,65.71468,0.0,2103.625,359.00424,0.0,0.04317892901599407,0.3802657132036984,4.9114267225190815,0.0,0.0,0.0,0.0,0.0,0.0,0.0,0.0,291.0128,287.89,293.39474,0.9957984,0.07929173,0.00033723578,0.19529437,0.06007799,0.15357158,0.0019447507,0.22036414,0.043674078,65.18235,0.0,2085.9219,356.08832,0.029993057250976562,0.04317892901599407,0.3802657132036984,4.9114267225190815,0.0,0.0,0.0,0.0,0.0,0.0,0.0,0.0,290.53088,286.21906,293.8521,1.3295768,0.07769244,0.00032024272,0.18869568,0.060587827,0.15377025,0.0019556098,0.22290222,0.04348932,66.05201,0.0,2129.3906,358.79526,0.0,0.10968049289658666,0.33732652730896007,6.6320724517386225,2078.75,0,0,0
2020-02-10,0.0,0.0,0.0,0.0,0.0,0.0,0.0,0.0,291.93106,288.19962,294.45956,1.1780938,0.079277396,0.0003592763,0.20452185,0.06175541,0.15322042,0.0019253725,0.22138429,0.04414108,66.50946,0.0,2078.75,363.29913,0.0,0.029993057250976562,0.04746119165793061,4.812065780609828,0.0,0.0,0.0,0.0,0.0,0.0,0.0,0.0,291.52167,288.2626,294.06802,1.0934817,0.07892993,0.00033968268,0.20012937,0.061493006,0.15331109,0.001927696,0.2209479,0.044027932,66.51795,0.0,2087.7344,363.36115,0.0,0.04317892901599407,0.15285942191258073,4.895851366668921,0.0,0.0,0.0,0.0,0.0,0.0,0.0,0.0,291.58902,287.9911,294.16946,1.1836009,0.07888835,0.0003943164,0.19724542,0.061230928,0.15339549,0.0019335657,0.22028814,0.043923605,66.222664,0.0,2098.2812,361.7661,0.0,0.04317892901599407,0.36158429319038987,4.9114267225190815,0.0,0.0,0.0,0.0,0.0,0.0,0.0,0.0,291.53943,286.96866,294.40674,1.3564005,0.07839748,0.00033641825,0.19375813,0.0605638,0.1535088,0.0019398774,0.22030015,0.043827593,65.71468,0.0,2103.625,359.00424,0.0,0.04317892901599407,0.3802657132036984,4.9114267225190815,0.013185872,0.0,0.5598068,0.055628333,3.2981237e-07,0.0,3.2663345e-05,2.6598816e-06,290.9465,286.57022,293.78418,1.1655434,0.076854564,0.00030451673,0.18747197,0.060718697,0.15352696,0.0019523801,0.22127204,0.043349735,65.22134,0.0,2069.8125,355.3731,0.01318587176501751,0.01746813440695405,0.35051107452636643,6.642994671575707,2068.3125,0,0,0
2020-02-11,0.0,0.0,0.0,0.0,0.0,0.0,0.0,0.0,292.9542,288.8557,295.36206,1.3642806,0.08039151,0.0003575411,0.2129608,0.06258663,0.15341347,0.0019237022,0.22236423,0.044467155,66.09677,0.0,2068.3125,361.0632,0.0,0.0,0.04317892901599407,0.7816645507514295,0.0,0.0,0.0,0.0,0.0,0.0,0.0,0.0,291.93106,288.19962,294.45956,1.1780938,0.079277396,0.0003592763,0.20452185,0.06175541,0.15322042,0.0019253725,0.22138429,0.04414108,66.50946,0.0,2078.75,363.29913,0.0,0.029993057250976562,0.04746119165793061,4.812065780609828,0.0,0.0,0.0,0.0,0.0,0.0,0.0,0.0,291.52167,288.2626,294.06802,1.0934817,0.07892993,0.00033968268,0.20012937,0.061493006,0.15331109,0.001927696,0.2209479,0.044027932,66.51795,0.0,2087.7344,363.36115,0.0,0.04317892901599407,0.15285942191258073,4.895851366668921,0.0,0.0,0.0,0.0,0.0,0.0,0.0,0.0,291.58902,287.9911,294.16946,1.1836009,0.07888835,0.0003943164,0.19724542,0.061230928,0.15339549,0.0019335657,0.22028814,0.043923605,66.222664,0.0,2098.2812,361.7661,0.0,0.04317892901599407,0.36158429319038987,4.9114267225190815,0.029993057,0.0,0.59223175,0.07776149,7.781718e-08,0.0,1.4305115e-06,2.1097738e-07,291.63297,286.53482,294.4794,1.6387823,0.07807363,0.00031556268,0.1875301,0.060475927,0.15368232,0.0019456567,0.22066516,0.043454427,64.88534,0.0,2042.4688,354.15652,0.04317892901599407,0.04317892901599407,0.38028160777503217,6.338180481903237,2053.8906,0,0,0
2020-02-12,0.0,0.0,0.0,0.0,0.0,0.0,0.0,0.0,293.28677,288.1465,296.4485,1.896293,0.08134587,0.00031991303,0.21928102,0.062951356,0.1536946,0.0019158794,0.22382762,0.044880204,65.240845,0.0,2053.8906,356.44632,0.0,0.0,0.04317892901599407,0.381064415425044,0.0,0.0,0.0,0.0,0.0,0.0,0.0,0.0,292.9542,288.8557,295.36206,1.3642806,0.08039151,0.0003575411,0.2129608,0.06258663,0.15341347,0.0019237022,0.22236423,0.044467155,66.09677,0.0,2068.3125,361.0632,0.0,0.0,0.04317892901599407,0.7816645507514295,0.0,0.0,0.0,0.0,0.0,0.0,0.0,0.0,291.93106,288.19962,294.45956,1.1780938,0.079277396,0.0003592763,0.20452185,0.06175541,0.15322042,0.0019253725,0.22138429,0.04414108,66.50946,0.0,2078.75,363.29913,0.0,0.029993057250976562,0.04746119165793061,4.812065780609828,0.0,0.0,0.0,0.0,0.0,0.0,0.0,0.0,291.52167,288.2626,294.06802,1.0934817,0.07892993,0.00033968268,0.20012937,0.061493006,0.15331109,0.001927696,0.2209479,0.044027932,66.51795,0.0,2087.7344,363.36115,0.0,0.04317892901599407,0.15285942191258073,4.895851366668921,0.0,0.0,0.0,0.0,0.0,0.0,0.0,0.0,290.48132,285.45264,293.97632,1.918309,0.08119521,0.00035400363,0.19677974,0.06035405,0.15384343,0.0019498208,0.2200017,0.043789316,64.885765,0.0,2060.9219,354.3917,0.04317892901599407,0.04317892901599407,0.3802657132036984,5.779324709884804,2039.2969,0,0,0
2020-02-13,0.0,0.0,0.0,0.0,0.0,0.0,0.0,0.0,294.44217,290.25192,298.00812,1.7539496,0.07878186,0.00035023037,0.210781,0.062208183,0.15332808,0.0019217391,0.22427851,0.044731323,64.007065,0.0,2039.2969,349.776,0.0,0.0,0.04317892901599407,0.38051075451539873,0.0,0.0,0.0,0.0,0.0,0.0,0.0,0.0,293.28677,288.1465,296.4485,1.896293,0.08134587,0.00031991303,0.21928102,0.062951356,0.1536946,0.0019158794,0.22382762,0.044880204,65.240845,0.0,2053.8906,356.44632,0.0,0.0,0.04317892901599407,0.381064415425044,0.0,0.0,0.0,0.0,0.0,0.0,0.0,0.0,292.9542,288.8557,295.36206,1.3642806,0.08039151,0.0003575411,0.2129608,0.06258663,0.15341347,0.0019237022,0.22236423,0.044467155,66.09677,0.0,2068.3125,361.0632,0.0,0.0,0.04317892901599407,0.7816645507514295,0.0,0.0,0.0,0.0,0.0,0.0,0.0,0.0,291.93106,288.19962,294.45956,1.1780938,0.079277396,0.0003592763,0.20452185,0.06175541,0.15322042,0.0019253725,0.22138429,0.04414108,66.50946,0.0,2078.75,363.29913,0.0,0.029993057250976562,0.04746119165793061,4.812065780609828,0.0,0.0,0.0,0.0,0.0,0.0,0.0,0.0,291.0128,287.89,293.39474,0.9957984,0.07929173,0.00033723578,0.19529437,0.06007799,0.15357158,0.0019447507,0.22036414,0.043674078,65.18235,0.0,2085.9219,356.08832,0.029993057250976562,0.04317892901599407,0.3802657132036984,4.9114267225190815,2023.2812,0,0,0
2020-02-14,0.0,0.0,0.0,0.0,0.0,0.0,0.0,0.0,293.50156,289.11728,297.01932,1.6393418,0.07748723,0.00030665085,0.2003532,0.061896972,0.1530194,0.0019136664,0.22278464,0.044602625,62.605537,0.0,2023.2812,342.16174,0.0,0.0,0.04317892901599407,0.38050545632495414,0.0,0.0,0.0,0.0,0.0,0.0,0.0,0.0,294.44217,290.25192,298.00812,1.7539496,0.07878186,0.00035023037,0.210781,0.062208183,0.15332808,0.0019217391,0.22427851,0.044731323,64.007065,0.0,2039.2969,349.776,0.0,0.0,0.04317892901599407,0.38051075451539873,0.0,0.0,0.0,0.0,0.0,0.0,0.0,0.0,293.28677,288.1465,296.4485,1.896293,0.08134587,0.00031991303,0.21928102,0.062951356,0.1536946,0.0019158794,0.22382762,0.044880204,65.240845,0.0,2053.8906,356.44632,0.0,0.0,0.04317892901599407,0.381064415425044,0.0,0.0,0.0,0.0,0.0,0.0,0.0,0.0,292.9542,288.8557,295.36206,1.3642806,0.08039151,0.0003575411,0.2129608,0.06258663,0.15341347,0.0019237022,0.22236423,0.044467155,66.09677,0.0,2068.3125,361.0632,0.0,0.0,0.04317892901599407,0.7816645507514295,0.0,0.0,0.0,0.0,0.0,0.0,0.0,0.0,291.53943,286.96866,294.40674,1.3564005,0.07839748,0.00033641825,0.19375813,0.0605638,0.1535088,0.0019398774,0.22030015,0.043827593,65.71468,0.0,2103.625,359.00424,0.0,0.04317892901599407,0.3802657132036984,4.9114267225190815,1996.4062,0,0,0
2020-02-15,0.0,0.0,0.0,0.0,0.0,0.0,0.0,0.0,294.25974,291.24792,296.89294,1.1628157,0.07678418,0.00030055037,0.1937604,0.060947884,0.15239462,0.0019121818,0.22064818,0.04430289,61.205914,0.0,1996.4062,334.50552,0.0,0.0,0.04317892901599407,0.38050545632495414,0.0,0.0,0.0,0.0,0.0,0.0,0.0,0.0,293.50156,289.11728,297.01932,1.6393418,0.07748723,0.00030665085,0.2003532,0.061896972,0.1530194,0.0019136664,0.22278464,0.044602625,62.605537,0.0,2023.2812,342.16174,0.0,0.0,0.04317892901599407,0.38050545632495414,0.0,0.0,0.0,0.0,0.0,0.0,0.0,0.0,294.44217,290.25192,298.00812,1.7539496,0.07878186,0.00035023037,0.210781,0.062208183,0.15332808,0.0019217391,0.22427851,0.044731323,64.007065,0.0,2039.2969,349.776,0.0,0.0,0.04317892901599407,0.38051075451539873,0.0,0.0,0.0,0.0,0.0,0.0,0.0,0.0,293.28677,288.1465,296.4485,1.896293,0.08134587,0.00031991303,0.21928102,0.062951356,0.1536946,0.0019158794,0.22382762,0.044880204,65.240845,0.0,2053.8906,356.44632,0.0,0.0,0.04317892901599407,0.381064415425044,0.0,0.0,0.0,0.0,0.0,0.0,0.0,0.0,291.58902,287.9911,294.16946,1.1836009,0.07888835,0.0003943164,0.19724542,0.061230928,0.15339549,0.0019335657,0.22028814,0.043923605,66.222664,0.0,2098.2812,361.7661,0.0,0.04317892901599407,0.36158429319038987,4.9114267225190815,1956.9219,0,0,0
2020-02-16,0.0,0.0,0.0,0.0,0.0,0.0,0.0,0.0,295.21512,292.8356,297.42392,1.1732978,0.075964436,0.0003147706,0.19070888,0.06072545,0.15179656,0.0019072145,0.21901757,0.04413615,60.108917,0.0,1956.9219,328.4315,0.0,0.0,0.04317892901599407,0.38050545632495414,0.0,0.0,0.0,0.0,0.0,0.0,0.0,0.0,294.25974,291.24792,296.89294,1.1628157,0.07678418,0.00030055037,0.1937604,0.060947884,0.15239462,0.0019121818,0.22064818,0.04430289,61.205914,0.0,1996.4062,334.50552,0.0,0.0,0.04317892901599407,0.38050545632495414,0.0,0.0,0.0,0.0,0.0,0.0,0.0,0.0,293.50156,289.11728,297.01932,1.6393418,0.07748723,0.00030665085,0.2003532,0.061896972,0.1530194,0.0019136664,0.22278464,0.044602625,62.605537,0.0,2023.2812,342.16174,0.0,0.0,0.04317892901599407,0.38050545632495414,0.0,0.0,0.0,0.0,0.0,0.0,0.0,0.0,294.44217,290.25192,298.00812,1.7539496,0.07878186,0.00035023037,0.210781,0.062208183,0.15332808,0.0019217391,0.22427851,0.044731323,64.007065,0.0,2039.2969,349.776,0.0,0.0,0.04317892901599407,0.38051075451539873,0.0,0.0,0.0,0.0,0.0,0.0,0.0,0.0,291.52167,288.2626,294.06802,1.0934817,0.07892993,0.00033968268,0.20012937,0.061493006,0.15331109,0.001927696,0.2209479,0.044027932,66.51795,0.0,2087.7344,363.36115,0.0,0.04317892901599407,0.15285942191258073,4.895851366668921,1915.1875,0,0,0
2020-02-17,0.0,0.0,0.0,0.0,0.0,0.0,0.0,0.0,295.86343,292.421,298.5752,1.6634072,0.0755538,0.00029610549,0.19393842,0.060584117,0.15142803,0.0019023665,0.21907437,0.044205036,59.5681,0.0,1915.1875,325.40155,0.0,0.0,0.029993057250976562,0.38050545632495414,0.0,0.0,0.0,0.0,0.0,0.0,0.0,0.0,295.21512,292.8356,297.42392,1.1732978,0.075964436,0.0003147706,0.19070888,0.06072545,0.15179656,0.0019072145,0.21901757,0.04413615,60.108917,0.0,1956.9219,328.4315,0.0,0.0,0.04317892901599407,0.38050545632495414,0.0,0.0,0.0,0.0,0.0,0.0,0.0,0.0,294.25974,291.24792,296.89294,1.1628157,0.07678418,0.00030055037,0.1937604,0.060947884,0.15239462,0.0019121818,0.22064818,0.04430289,61.205914,0.0,1996.4062,334.50552,0.0,0.0,0.04317892901599407,0.38050545632495414,0.0,0.0,0.0,0.0,0.0,0.0,0.0,0.0,293.50156,289.11728,297.01932,1.6393418,0.07748723,0.00030665085,0.2003532,0.061896972,0.1530194,0.0019136664,0.22278464,0.044602625,62.605537,0.0,2023.2812,342.16174,0.0,0.0,0.04317892901599407,0.38050545632495414,0.0,0.0,0.0,0.0,0.0,0.0,0.0,0.0,291.93106,288.19962,294.45956,1.1780938,0.079277396,0.0003592763,0.20452185,0.06175541,0.15322042,0.0019253725,0.22138429,0.04414108,66.50946,0.0,2078.75,363.29913,0.0,0.029993057250976562,0.04746119165793061,4.812065780609828,1886.7344,0,0,0
2020-02-18,0.0,0.0,0.0,0.0,0.0,0.0,0.0,0.0,296.47726,292.98325,299.67896,1.5678767,0.07431023,0.00028629214,0.19130725,0.06007419,0.15045986,0.0019044363,0.21822633,0.043715164,58.934437,0.0,1886.7344,321.95828,0.0,0.0,0.0,0.38050545632495414,0.0,0.0,0.0,0.0,0.0,0.0,0.0,0.0,295.86343,292.421,298.5752,1.6634072,0.0755538,0.00029610549,0.19393842,0.060584117,0.15142803,0.0019023665,0.21907437,0.044205036,59.5681,0.0,1915.1875,325.40155,0.0,0.0,0.029993057250976562,0.38050545632495414,0.0,0.0,0.0,0.0,0.0,0.0,0.0,0.0,295.21512,292.8356,297.42392,1.1732978,0.075964436,0.0003147706,0.19070888,0.06072545,0.15179656,0.0019072145,0.21901757,0.04413615,60.108917,0.0,1956.9219,328.4315,0.0,0.0,0.04317892901599407,0.38050545632495414,0.0,0.0,0.0,0.0,0.0,0.0,0.0,0.0,294.25974,291.24792,296.89294,1.1628157,0.07678418,0.00030055037,0.1937604,0.060947884,0.15239462,0.0019121818,0.22064818,0.04430289,61.205914,0.0,1996.4062,334.50552,0.0,0.0,0.04317892901599407,0.38050545632495414,0.0,0.0,0.0,0.0,0.0,0.0,0.0,0.0,292.9542,288.8557,295.36206,1.3642806,0.08039151,0.0003575411,0.2129608,0.06258663,0.15341347,0.0019237022,0.22236423,0.044467155,66.09677,0.0,2068.3125,361.0632,0.0,0.0,0.04317892901599407,0.7816645507514295,1869.8594,0,0,0
2020-02-19,0.0,0.0,0.0,0.0,0.0,0.0,0.0,0.0,296.89325,292.7002,298.93857,1.2808354,0.07371564,0.00029724944,0.18793459,0.059782784,0.1496953,0.0018980879,0.21869308,0.043248717,57.48931,0.0,1869.8594,314.15814,0.0,0.0,0.0,0.380504131777343,0.0,0.0,0.0,0.0,0.0,0.0,0.0,0.0,296.47726,292.98325,299.67896,1.5678767,0.07431023,0.00028629214,0.19130725,0.06007419,0.15045986,0.0019044363,0.21822633,0.043715164,58.934437,0.0,1886.7344,321.95828,0.0,0.0,0.0,0.38050545632495414,0.0,0.0,0.0,0.0,0.0,0.0,0.0,0.0,295.86343,292.421,298.5752,1.6634072,0.0755538,0.00029610549,0.19393842,0.060584117,0.15142803,0.0019023665,0.21907437,0.044205036,59.5681,0.0,1915.1875,325.40155,0.0,0.0,0.029993057250976562,0.38050545632495414,0.0,0.0,0.0,0.0,0.0,0.0,0.0,0.0,295.21512,292.8356,297.42392,1.1732978,0.075964436,0.0003147706,0.19070888,0.06072545,0.15179656,0.0019072145,0.21901757,0.04413615,60.108917,0.0,1956.9219,328.4315,0.0,0.0,0.04317892901599407,0.38050545632495414,0.0,0.0,0.0,0.0,0.0,0.0,0.0,0.0,293.28677,288.1465,296.4485,1.896293,0.08134587,0.00031991303,0.21928102,0.062951356,0.1536946,0.0019158794,0.22382762,0.044880204,65.240845,0.0,2053.8906,356.44632,0.0,0.0,0.04317892901599407,0.381064415425044,1829.8281,0,0,0
2020-02-20,0.0,0.0,0.0,0.0,0.0,0.0,0.0,0.0,294.8948,289.87418,298.35294,1.7438494,0.075817235,0.00036391322,0.19280267,0.0603311,0.14971408,0.0019138396,0.21927847,0.043364573,55.506187,0.0,1829.8281,303.3544,0.0,0.0,0.0,0.38028160777503217,0.0,0.0,0.0,0.0,0.0,0.0,0.0,0.0,296.89325,292.7002,298.93857,1.2808354,0.07371564,0.00029724944,0.18793459,0.059782784,0.1496953,0.0018980879,0.21869308,0.043248717,57.48931,0.0,1869.8594,314.15814,0.0,0.0,0.0,0.380504131777343,0.0,0.0,0.0,0.0,0.0,0.0,0.0,0.0,296.47726,292.98325,299.67896,1.5678767,0.07431023,0.00028629214,0.19130725,0.06007419,0.15045986,0.0019044363,0.21822633,0.043715164,58.934437,0.0,1886.7344,321.95828,0.0,0.0,0.0,0.38050545632495414,0.0,0.0,0.0,0.0,0.0,0.0,0.0,0.0,295.86343,292.421,298.5752,1.6634072,0.0755538,0.00029610549,0.19393842,0.060584117,0.15142803,0.0019023665,0.21907437,0.044205036,59.5681,0.0,1915.1875,325.40155,0.0,0.0,0.029993057250976562,0.38050545632495414,0.0,0.0,0.0,0.0,0.0,0.0,0.0,0.0,294.44217,290.25192,298.00812,1.7539496,0.07878186,0.00035023037,0.210781,0.062208183,0.15332808,0.0019217391,0.22427851,0.044731323,64.007065,0.0,2039.2969,349.776,0.0,0.0,0.04317892901599407,0.38051075451539873,1759.4688,0,0,0
2020-02-21,0.0024782286,0.0,0.18787384,0.015699884,8.145968e-08,0.0,1.0251999e-05,7.586407e-07,293.90723,289.3946,296.85837,1.6749336,0.07776193,0.00036988175,0.19794135,0.06040587,0.1499548,0.0019085207,0.2203864,0.043693017,53.4466,0.0,1759.4688,292.04434,0.002478228649124503,0.002478228649124503,0.002478228649124503,0.3827439418528229,0.0,0.0,0.0,0.0,0.0,0.0,0.0,0.0,294.8948,289.87418,298.35294,1.7438494,0.075817235,0.00036391322,0.19280267,0.0603311,0.14971408,0.0019138396,0.21927847,0.043364573,55.506187,0.0,1829.8281,303.3544,0.0,0.0,0.0,0.38028160777503217,0.0,0.0,0.0,0.0,0.0,0.0,0.0,0.0,296.89325,292.7002,298.93857,1.2808354,0.07371564,0.00029724944,0.18793459,0.059782784,0.1496953,0.0018980879,0.21869308,0.043248717,57.48931,0.0,1869.8594,314.15814,0.0,0.0,0.0,0.380504131777343,0.0,0.0,0.0,0.0,0.0,0.0,0.0,0.0,296.47726,292.98325,299.67896,1.5678767,0.07431023,0.00028629214,0.19130725,0.06007419,0.15045986,0.0019044363,0.21822633,0.043715164,58.934437,0.0,1886.7344,321.95828,0.0,0.0,0.0,0.38050545632495414,0.0,0.0,0.0,0.0,0.0,0.0,0.0,0.0,293.50156,289.11728,297.01932,1.6393418,0.07748723,0.00030665085,0.2003532,0.061896972,0.1530194,0.0019136664,0.22278464,0.044602625,62.605537,0.0,2023.2812,342.16174,0.0,0.0,0.04317892901599407,0.38050545632495414,1684.0,0,0,0
2020-02-22,0.0010384454,0.0,0.06580353,0.0068385745,0.0,0.0,0.0,0.0,294.5957,290.39926,297.1726,1.412918,0.07896921,0.0004312958,0.20435418,0.060371492,0.15038702,0.0019095703,0.22173278,0.044129793,51.930946,0.0,1684.0,283.69464,0.003516674041748047,0.003516674041748047,0.003516674041748047,0.38378238724544644,0.0024782286,0.0,0.18787384,0.015699884,8.145968e-08,0.0,1.0251999e-05,7.586407e-07,293.90723,289.3946,296.85837,1.6749336,0.07776193,0.00036988175,0.19794135,0.06040587,0.1499548,0.0019085207,0.2203864,0.043693017,53.4466,0.0,1759.4688,292.04434,0.002478228649124503,0.002478228649124503,0.002478228649124503,0.3827439418528229,0.0,0.0,0.0,0.0,0.0,0.0,0.0,0.0,294.8948,289.87418,298.35294,1.7438494,0.075817235,0.00036391322,0.19280267,0.0603311,0.14971408,0.0019138396,0.21927847,0.043364573,55.506187,0.0,1829.8281,303.3544,0.0,0.0,0.0,0.38028160777503217,0.0,0.0,0.0,0.0,0.0,0.0,0.0,0.0,296.89325,292.7002,298.93857,1.2808354,0.07371564,0.00029724944,0.18793459,0.059782784,0.1496953,0.0018980879,0.21869308,0.043248717,57.48931,0.0,1869.8594,314.15814,0.0,0.0,0.0,0.380504131777343,0.0,0.0,0.0,0.0,0.0,0.0,0.0,0.0,294.25974,291.24792,296.89294,1.1628157,0.07678418,0.00030055037,0.1937604,0.060947884,0.15239462,0.0019121818,0.22064818,0.04430289,61.205914,0.0,1996.4062,334.50552,0.0,0.0,0.04317892901599407,0.38050545632495414,1626.25,0,0,0
2020-02-23,5.5631e-05,0.0,0.0104904175,0.00064617844,1.9868216e-09,0.0,4.7683716e-07,2.8027566e-08,295.35916,291.2192,297.8552,1.2930549,0.07726188,0.0004011315,0.20156986,0.059979666,0.15022512,0.001910213,0.22134686,0.044053998,51.13943,0.0,1626.25,279.33954,0.003572305042325752,0.003572305042325752,0.003572305042325752,0.38383801824602415,0.0010384454,0.0,0.06580353,0.0068385745,0.0,0.0,0.0,0.0,294.5957,290.39926,297.1726,1.412918,0.07896921,0.0004312958,0.20435418,0.060371492,0.15038702,0.0019095703,0.22173278,0.044129793,51.930946,0.0,1684.0,283.69464,0.003516674041748047,0.003516674041748047,0.003516674041748047,0.38378238724544644,0.0024782286,0.0,0.18787384,0.015699884,8.145968e-08,0.0,1.0251999e-05,7.586407e-07,293.90723,289.3946,296.85837,1.6749336,0.07776193,0.00036988175,0.19794135,0.06040587,0.1499548,0.0019085207,0.2203864,0.043693017,53.4466,0.0,1759.4688,292.04434,0.002478228649124503,0.002478228649124503,0.002478228649124503,0.3827439418528229,0.0,0.0,0.0,0.0,0.0,0.0,0.0,0.0,294.8948,289.87418,298.35294,1.7438494,0.075817235,0.00036391322,0.19280267,0.0603311,0.14971408,0.0019138396,0.21927847,0.043364573,55.506187,0.0,1829.8281,303.3544,0.0,0.0,0.0,0.38028160777503217,0.0,0.0,0.0,0.0,0.0,0.0,0.0,0.0,295.21512,292.8356,297.42392,1.1732978,0.075964436,0.0003147706,0.19070888,0.06072545,0.15179656,0.0019072145,0.21901757,0.04413615,60.108917,0.0,1956.9219,328.4315,0.0,0.0,0.04317892901599407,0.38050545632495414,1685.375,0,0,0
2020-02-24,0.000108612905,0.0,0.01335144,0.0010025314,0.0,0.0,0.0,0.0,296.13083,292.497,298.403,1.0593942,0.07442018,0.00032392424,0.19558175,0.059209976,0.14963748,0.0019140546,0.22044088,0.043649573,50.93079,0.0,1685.375,278.24905,0.0012026892982248683,0.0036809179473493714,0.0036809179473493714,0.36526521113773924,5.5631e-05,0.0,0.0104904175,0.00064617844,1.9868216e-09,0.0,4.7683716e-07,2.8027566e-08,295.35916,291.2192,297.8552,1.2930549,0.07726188,0.0004011315,0.20156986,0.059979666,0.15022512,0.001910213,0.22134686,0.044053998,51.13943,0.0,1626.25,279.33954,0.003572305042325752,0.003572305042325752,0.003572305042325752,0.38383801824602415,0.0010384454,0.0,0.06580353,0.0068385745,0.0,0.0,0.0,0.0,294.5957,290.39926,297.1726,1.412918,0.07896921,0.0004312958,0.20435418,0.060371492,0.15038702,0.0019095703,0.22173278,0.044129793,51.930946,0.0,1684.0,283.69464,0.003516674041748047,0.003516674041748047,0.003516674041748047,0.38378238724544644,0.0024782286,0.0,0.18787384,0.015699884,8.145968e-08,0.0,1.0251999e-05,7.586407e-07,293.90723,289.3946,296.85837,1.6749336,0.07776193,0.00036988175,0.19794135,0.06040587,0.1499548,0.0019085207,0.2203864,0.043693017,53.4466,0.0,1759.4688,292.04434,0.002478228649124503,0.002478228649124503,0.002478228649124503,0.3827439418528229,0.0,0.0,0.0,0.0,0.0,0.0,0.0,0.0,295.86343,292.421,298.5752,1.6634072,0.0755538,0.00029610549,0.19393842,0.060584117,0.15142803,0.0019023665,0.21907437,0.044205036,59.5681,0.0,1915.1875,325.40155,0.0,0.0,0.029993057250976562,0.38050545632495414,1761.5781,0,0,0
2020-02-25,0.0012159348,0.0,0.05722046,0.006182513,0.0,0.0,0.0,0.0,297.08743,294.15073,299.47128,1.0742508,0.07294444,0.00031747716,0.1922152,0.058953922,0.14929295,0.0019075238,0.21989138,0.04337487,51.258102,0.0,1761.5781,280.19656,0.0013801786590192933,0.00489685270076734,0.00489685270076734,0.15775627461334807,0.000108612905,0.0,0.01335144,0.0010025314,0.0,0.0,0.0,0.0,296.13083,292.497,298.403,1.0593942,0.07442018,0.00032392424,0.19558175,0.059209976,0.14963748,0.0019140546,0.22044088,0.043649573,50.93079,0.0,1685.375,278.24905,0.0012026892982248683,0.0036809179473493714,0.0036809179473493714,0.36526521113773924,5.5631e-05,0.0,0.0104904175,0.00064617844,1.9868216e-09,0.0,4.7683716e-07,2.8027566e-08,295.35916,291.2192,297.8552,1.2930549,0.07726188,0.0004011315,0.20156986,0.059979666,0.15022512,0.001910213,0.22134686,0.044053998,51.13943,0.0,1626.25,279.33954,0.003572305042325752,0.003572305042325752,0.003572305042325752,0.38383801824602415,0.0010384454,0.0,0.06580353,0.0068385745,0.0,0.0,0.0,0.0,294.5957,290.39926,297.1726,1.412918,0.07896921,0.0004312958,0.20435418,0.060371492,0.15038702,0.0019095703,0.22173278,0.044129793,51.930946,0.0,1684.0,283.69464,0.003516674041748047,0.003516674041748047,0.003516674041748047,0.38378238724544644,0.0,0.0,0.0,0.0,0.0,0.0,0.0,0.0,296.47726,292.98325,299.67896,1.5678767,0.07431023,0.00028629214,0.19130725,0.06007419,0.15045986,0.0019044363,0.21822633,0.043715164,58.934437,0.0,1886.7344,321.95828,0.0,0.0,0.0,0.38050545632495414,1823.3594,0,0,0
2020-02-26,0.003574954,0.0,0.081539154,0.010466427,2.6490954e-09,0.0,4.7683716e-07,3.0665497e-08,297.4585,295.01428,299.72073,1.243871,0.073953785,0.0002868157,0.19065039,0.05899591,0.14991345,0.001904217,0.22173251,0.04385588,52.03063,0.0,1823.3594,284.66888,0.004899501771433279,0.00847180681375903,0.00847180681375903,0.05593299847168964,0.0012159348,0.0,0.05722046,0.006182513,0.0,0.0,0.0,0.0,297.08743,294.15073,299.47128,1.0742508,0.07294444,0.00031747716,0.1922152,0.058953922,0.14929295,0.0019075238,0.21989138,0.04337487,51.258102,0.0,1761.5781,280.19656,0.0013801786590192933,0.00489685270076734,0.00489685270076734,0.15775627461334807,0.000108612905,0.0,0.01335144,0.0010025314,0.0,0.0,0.0,0.0,296.13083,292.497,298.403,1.0593942,0.07442018,0.00032392424,0.19558175,0.059209976,0.14963748,0.0019140546,0.22044088,0.043649573,50.93079,0.0,1685.375,278.24905,0.0012026892982248683,0.0036809179473493714,0.0036809179473493714,0.36526521113773924,5.5631e-05,0.0,0.0104904175,0.00064617844,1.9868216e-09,0.0,4.7683716e-07,2.8027566e-08,295.35916,291.2192,297.8552,1.2930549,0.07726188,0.0004011315,0.20156986,0.059979666,0.15022512,0.001910213,0.22134686,0.044053998,51.13943,0.0,1626.25,279.33954,0.003572305042325752,0.003572305042325752,0.003572305042325752,0.38383801824602415,0.0,0.0,0.0,0.0,0.0,0.0,0.0,0.0,296.89325,292.7002,298.93857,1.2808354,0.07371564,0.00029724944,0.18793459,0.059782784,0.1496953,0.0018980879,0.21869308,0.043248717,57.48931,0.0,1869.8594,314.15814,0.0,0.0,0.0,0.380504131777343,1843.7812,0,0,0
2020-02-27,0.0,0.0,0.0,0.0,0.0,0.0,0.0,0.0,297.80182,295.3483,300.08218,1.2251211,0.07541903,0.00028755842,0.1916817,0.059952173,0.15055603,0.0019006239,0.22319633,0.044445913,53.02621,0.0,1843.7812,290.31473,0.004790888866409659,0.00847180681375903,0.00847180681375903,0.0516507358297531,0.003574954,0.0,0.081539154,0.010466427,2.6490954e-09,0.0,4.7683716e-07,3.0665497e-08,297.4585,295.01428,299.72073,1.243871,0.073953785,0.0002868157,0.19065039,0.05899591,0.14991345,0.001904217,0.22173251,0.04385588,52.03063,0.0,1823.3594,284.66888,0.004899501771433279,0.00847180681375903,0.00847180681375903,0.05593299847168964,0.0012159348,0.0,0.05722046,0.006182513,0.0,0.0,0.0,0.0,297.08743,294.15073,299.47128,1.0742508,0.07294444,0.00031747716,0.1922152,0.058953922,0.14929295,0.0019075238,0.21989138,0.04337487,51.258102,0.0,1761.5781,280.19656,0.0013801786590192933,0.00489685270076734,0.00489685270076734,0.15775627461334807,0.000108612905,0.0,0.01335144,0.0010025314,0.0,0.0,0.0,0.0,296.13083,292.497,298.403,1.0593942,0.07442018,0.00032392424,0.19558175,0.059209976,0.14963748,0.0019140546,0.22044088,0.043649573,50.93079,0.0,1685.375,278.24905,0.0012026892982248683,0.0036809179473493714,0.0036809179473493714,0.36526521113773924,0.0,0.0,0.0,0.0,0.0,0.0,0.0,0.0,294.8948,289.87418,298.35294,1.7438494,0.075817235,0.00036391322,0.19280267,0.0603311,0.14971408,0.0019138396,0.21927847,0.043364573,55.506187,0.0,1829.8281,303.3544,0.0,0.0,0.0,0.38028160777503217,1825.25,0,0,0
2020-02-28,0.17609464,0.0,1.9898415,0.35564953,1.1106332e-06,0.0,2.8133392e-05,2.9762286e-06,297.48343,293.64078,299.76596,1.3259268,0.076867364,0.0003243168,0.19229388,0.06051139,0.15094703,0.0018910811,0.22383843,0.044758193,53.90116,0.0,1825.25,295.07904,0.1796695904340595,0.18208821448570234,0.18456644313482684,0.2277453721508209,0.0,0.0,0.0,0.0,0.0,0.0,0.0,0.0,297.80182,295.3483,300.08218,1.2251211,0.07541903,0.00028755842,0.1916817,0.059952173,0.15055603,0.0019006239,0.22319633,0.044445913,53.02621,0.0,1843.7812,290.31473,0.004790888866409659,0.00847180681375903,0.00847180681375903,0.0516507358297531,0.003574954,0.0,0.081539154,0.010466427,2.6490954e-09,0.0,4.7683716e-07,3.0665497e-08,297.4585,295.01428,299.72073,1.243871,0.073953785,0.0002868157,0.19065039,0.05899591,0.14991345,0.001904217,0.22173251,0.04385588,52.03063,0.0,1823.3594,284.66888,0.004899501771433279,0.00847180681375903,0.00847180681375903,0.05593299847168964,0.0012159348,0.0,0.05722046,0.006182513,0.0,0.0,0.0,0.0,297.08743,294.15073,299.47128,1.0742508,0.07294444,0.00031747716,0.1922152,0.058953922,0.14929295,0.0019075238,0.21989138,0.04337487,51.258102,0.0,1761.5781,280.19656,0.0013801786590192933,0.00489685270076734,0.00489685270076734,0.15775627461334807,0.0024782286,0.0,0.18787384,0.015699884,8.145968e-08,0.0,1.0251999e-05,7.586407e-07,293.90723,289.3946,296.85837,1.6749336,0.07776193,0.00036988175,0.19794135,0.06040587,0.1499548,0.0019085207,0.2203864,0.043693017,53.4466,0.0,1759.4688,292.04434,0.002478228649124503,0.002478228649124503,0.002478228649124503,0.3827439418528229,1795.5781,0,0,0
2020-02-29,0.013242828,0.0,0.42390823,0.040453196,1.7020437e-07,0.0,1.50203705e-05,1.2305167e-06,296.46472,291.16537,299.50726,1.6163685,0.07696124,0.00030833948,0.19357999,0.06061785,0.15089989,0.0018861996,0.22416224,0.04481417,54.627842,0.0,1795.5781,298.83853,0.1893374640494585,0.1942925968214695,0.19780927086321753,0.2409881998792116,0.17609464,0.0,1.9898415,0.35564953,1.1106332e-06,0.0,2.8133392e-05,2.9762286e-06,297.48343,293.64078,299.76596,1.3259268,0.076867364,0.0003243168,0.19229388,0.06051139,0.15094703,0.0018910811,0.22383843,0.044758193,53.90116,0.0,1825.25,295.07904,0.1796695904340595,0.18208821448570234,0.18456644313482684,0.2277453721508209,0.0,0.0,0.0,0.0,0.0,0.0,0.0,0.0,297.80182,295.3483,300.08218,1.2251211,0.07541903,0.00028755842,0.1916817,0.059952173,0.15055603,0.0019006239,0.22319633,0.044445913,53.02621,0.0,1843.7812,290.31473,0.004790888866409659,0.00847180681375903,0.00847180681375903,0.0516507358297531,0.003574954,0.0,0.081539154,0.010466427,2.6490954e-09,0.0,4.7683716e-07,3.0665497e-08,297.4585,295.01428,299.72073,1.243871,0.073953785,0.0002868157,0.19065039,0.05899591,0.14991345,0.001904217,0.22173251,0.04385588,52.03063,0.0,1823.3594,284.66888,0.004899501771433279,0.00847180681375903,0.00847180681375903,0.05593299847168964,0.0010384454,0.0,0.06580353,0.0068385745,0.0,0.0,0.0,0.0,294.5957,290.39926,297.1726,1.412918,0.07896921,0.0004312958,0.20435418,0.060371492,0.15038702,0.0019095703,0.22173278,0.044129793,51.930946,0.0,1684.0,283.69464,0.003516674041748047,0.003516674041748047,0.003516674041748047,0.38378238724544644,1774.4219,0,0,0
2020-03-01,0.0024729306,0.0,0.497818,0.03037332,1.2318293e-07,0.0,2.3841858e-05,1.4887061e-06,296.35532,290.8286,300.5394,1.9953142,0.076846346,0.0003276778,0.19404311,0.060791418,0.15092443,0.0018951952,0.22417194,0.044933736,55.248913,0.0,1774.4219,302.0004,0.19181039463728666,0.19670989640871994,0.2002822014510457,0.24346113046703977,0.013242828,0.0,0.42390823,0.040453196,1.7020437e-07,0.0,1.50203705e-05,1.2305167e-06,296.46472,291.16537,299.50726,1.6163685,0.07696124,0.00030833948,0.19357999,0.06061785,0.15089989,0.0018861996,0.22416224,0.04481417,54.627842,0.0,1795.5781,298.83853,0.1893374640494585,0.1942925968214695,0.19780927086321753,0.2409881998792116,0.17609464,0.0,1.9898415,0.35564953,1.1106332e-06,0.0,2.8133392e-05,2.9762286e-06,297.48343,293.64078,299.76596,1.3259268,0.076867364,0.0003243168,0.19229388,0.06051139,0.15094703,0.0018910811,0.22383843,0.044758193,53.90116,0.0,1825.25,295.07904,0.1796695904340595,0.18208821448570234,0.18456644313482684,0.2277453721508209,0.0,0.0,0.0,0.0,0.0,0.0,0.0,0.0,297.80182,295.3483,300.08218,1.2251211,0.07541903,0.00028755842,0.1916817,0.059952173,0.15055603,0.0019006239,0.22319633,0.044445913,53.02621,0.0,1843.7812,290.31473,0.004790888866409659,0.00847180681375903,0.00847180681375903,0.0516507358297531,5.5631e-05,0.0,0.0104904175,0.00064617844,1.9868216e-09,0.0,4.7683716e-07,2.8027566e-08,295.35916,291.2192,297.8552,1.2930549,0.07726188,0.0004011315,0.20156986,0.059979666,0.15022512,0.001910213,0.22134686,0.044053998,51.13943,0.0,1626.25,279.33954,0.003572305042325752,0.003572305042325752,0.003572305042325752,0.38383801824602415,1772.3281,0,0,0
2020-03-02,3.973643e-06,0.0,0.0009536743,5.605513e-05,0.0,0.0,0.0,0.0,296.8627,292.46915,300.78537,1.5433178,0.07565152,0.00030116845,0.19249897,0.06008677,0.15069053,0.0018902494,0.2235903,0.044849258,55.69604,0.0,1772.3281,304.3098,0.015719731959052297,0.19660525714652977,0.20028617509387914,0.2434651041098732,0.0024729306,0.0,0.497818,0.03037332,1.2318293e-07,0.0,2.3841858e-05,1.4887061e-06,296.35532,290.8286,300.5394,1.9953142,0.076846346,0.0003276778,0.19404311,0.060791418,0.15092443,0.0018951952,0.22417194,0.044933736,55.248913,0.0,1774.4219,302.0004,0.19181039463728666,0.19670989640871994,0.2002822014510457,0.24346113046703977,0.013242828,0.0,0.42390823,0.040453196,1.7020437e-07,0.0,1.50203705e-05,1.2305167e-06,296.46472,291.16537,299.50726,1.6163685,0.07696124,0.00030833948,0.19357999,0.06061785,0.15089989,0.0018861996,0.22416224,0.04481417,54.627842,0.0,1795.5781,298.83853,0.1893374640494585,0.1942925968214695,0.19780927086321753,0.2409881998792116,0.17609464,0.0,1.9898415,0.35564953,1.1106332e-06,0.0,2.8133392e-05,2.9762286e-06,297.48343,293.64078,299.76596,1.3259268,0.076867364,0.0003243168,0.19229388,0.06051139,0.15094703,0.0018910811,0.22383843,0.044758193,53.90116,0.0,1825.25,295.07904,0.1796695904340595,0.18208821448570234,0.18456644313482684,0.2277453721508209,0.000108612905,0.0,0.01335144,0.0010025314,0.0,0.0,0.0,0.0,296.13083,292.497,298.403,1.0593942,0.07442018,0.00032392424,0.19558175,0.059209976,0.14963748,0.0019140546,0.22044088,0.043649573,50.93079,0.0,1685.375,278.24905,0.0012026892982248683,0.0036809179473493714,0.0036809179473493714,0.36526521113773924,1782.125,0,0,0
2020-03-03,0.00026358498,0.0,0.05722046,0.0033317043,1.1920929e-08,0.0,2.6226044e-06,1.5749869e-07,297.4774,293.0741,300.76852,1.2060989,0.07497298,0.00034789214,0.18929367,0.05958248,0.1504677,0.0018912224,0.22350605,0.044708338,56.17534,0.0,1782.125,306.88818,0.002740489212101238,0.19565290737455143,0.20054976007531877,0.24372868909131284,3.973643e-06,0.0,0.0009536743,5.605513e-05,0.0,0.0,0.0,0.0,296.8627,292.46915,300.78537,1.5433178,0.07565152,0.00030116845,0.19249897,0.06008677,0.15069053,0.0018902494,0.2235903,0.044849258,55.69604,0.0,1772.3281,304.3098,0.015719731959052297,0.19660525714652977,0.20028617509387914,0.2434651041098732,0.0024729306,0.0,0.497818,0.03037332,1.2318293e-07,0.0,2.3841858e-05,1.4887061e-06,296.35532,290.8286,300.5394,1.9953142,0.076846346,0.0003276778,0.19404311,0.060791418,0.15092443,0.0018951952,0.22417194,0.044933736,55.248913,0.0,1774.4219,302.0004,0.19181039463728666,0.19670989640871994,0.2002822014510457,0.24346113046703977,0.013242828,0.0,0.42390823,0.040453196,1.7020437e-07,0.0,1.50203705e-05,1.2305167e-06,296.46472,291.16537,299.50726,1.6163685,0.07696124,0.00030833948,0.19357999,0.06061785,0.15089989,0.0018861996,0.22416224,0.04481417,54.627842,0.0,1795.5781,298.83853,0.1893374640494585,0.1942925968214695,0.19780927086321753,0.2409881998792116,0.0012159348,0.0,0.05722046,0.006182513,0.0,0.0,0.0,0.0,297.08743,294.15073,299.47128,1.0742508,0.07294444,0.00031747716,0.1922152,0.058953922,0.14929295,0.0019075238,0.21989138,0.04337487,51.258102,0.0,1761.5781,280.19656,0.0013801786590192933,0.00489685270076734,0.00489685270076734,0.15775627461334807,1794.75,0,0,0
2020-03-04,0.052901108,0.0,2.0112991,0.21859583,3.33786e-07,0.0,2.7179718e-05,1.8811077e-06,297.08176,293.12473,299.7471,1.2069736,0.07550088,0.00033985576,0.18651299,0.059495766,0.15074487,0.0018945271,0.2235806,0.044838827,56.47008,0.0,1794.75,308.47314,0.05316866644216134,0.244979061079448,0.25345086789320703,0.2834439251441836,0.00026358498,0.0,0.05722046,0.0033317043,1.1920929e-08,0.0,2.6226044e-06,1.5749869e-07,297.4774,293.0741,300.76852,1.2060989,0.07497298,0.00034789214,0.18929367,0.05958248,0.1504677,0.0018912224,0.22350605,0.044708338,56.17534,0.0,1782.125,306.88818,0.002740489212101238,0.19565290737455143,0.20054976007531877,0.24372868909131284,3.973643e-06,0.0,0.0009536743,5.605513e-05,0.0,0.0,0.0,0.0,296.8627,292.46915,300.78537,1.5433178,0.07565152,0.00030116845,0.19249897,0.06008677,0.15069053,0.0018902494,0.2235903,0.044849258,55.69604,0.0,1772.3281,304.3098,0.015719731959052297,0.19660525714652977,0.20028617509387914,0.2434651041098732,0.0024729306,0.0,0.497818,0.03037332,1.2318293e-07,0.0,2.3841858e-05,1.4887061e-06,296.35532,290.8286,300.5394,1.9953142,0.076846346,0.0003276778,0.19404311,0.060791418,0.15092443,0.0018951952,0.22417194,0.044933736,55.248913,0.0,1774.4219,302.0004,0.19181039463728666,0.19670989640871994,0.2002822014510457,0.24346113046703977,0.003574954,0.0,0.081539154,0.010466427,2.6490954e-09,0.0,4.7683716e-07,3.0665497e-08,297.4585,295.01428,299.72073,1.243871,0.073953785,0.0002868157,0.19065039,0.05899591,0.14991345,0.001904217,0.22173251,0.04385588,52.03063,0.0,1823.3594,284.66888,0.004899501771433279,0.00847180681375903,0.00847180681375903,0.05593299847168964,1854.7188,0,0,0
2020-03-05,1.6913825,0.0,26.533127,3.8635702,1.31315655e-05,0.0,0.00042366982,3.730624e-05,293.63254,287.2677,297.26834,2.7471662,0.092681766,0.00032606642,0.32240412,0.07571638,0.15115148,0.001888738,0.22347178,0.045015246,56.568203,0.0,1854.7188,309.0362,1.7445472201507073,1.9363615884308274,1.9448333952445864,1.9448333952445864,0.052901108,0.0,2.0112991,0.21859583,3.33786e-07,0.0,2.7179718e-05,1.8811077e-06,297.08176,293.12473,299.7471,1.2069736,0.07550088,0.00033985576,0.18651299,0.059495766,0.15074487,0.0018945271,0.2235806,0.044838827,56.47008,0.0,1794.75,308.47314,0.05316866644216134,0.244979061079448,0.25345086789320703,0.2834439251441836,0.00026358498,0.0,0.05722046,0.0033317043,1.1920929e-08,0.0,2.6226044e-06,1.5749869e-07,297.4774,293.0741,300.76852,1.2060989,0.07497298,0.00034789214,0.18929367,0.05958248,0.1504677,0.0018912224,0.22350605,0.044708338,56.17534,0.0,1782.125,306.88818,0.002740489212101238,0.19565290737455143,0.20054976007531877,0.24372868909131284,3.973643e-06,0.0,0.0009536743,5.605513e-05,0.0,0.0,0.0,0.0,296.8627,292.46915,300.78537,1.5433178,0.07565152,0.00030116845,0.19249897,0.06008677,0.15069053,0.0018902494,0.2235903,0.044849258,55.69604,0.0,1772.3281,304.3098,0.015719731959052297,0.19660525714652977,0.20028617509387914,0.2434651041098732,0.0,0.0,0.0,0.0,0.0,0.0,0.0,0.0,297.80182,295.3483,300.08218,1.2251211,0.07541903,0.00028755842,0.1916817,0.059952173,0.15055603,0.0019006239,0.22319633,0.044445913,53.02621,0.0,1843.7812,290.31473,0.004790888866409659,0.00847180681375903,0.00847180681375903,0.0516507358297531,1956.125,0,0,0
2020-03-06,0.042454403,0.0,2.4719238,0.25382218,1.8874805e-07,0.0,1.4781952e-05,1.2796966e-06,292.76627,288.51843,295.55774,1.3913709,0.09739542,0.0003099474,0.32316557,0.08101503,0.15233497,0.0018906115,0.25110033,0.0459021,56.98847,0.0,1956.125,311.50772,1.7867380380630493,1.8027213550035412,1.9848095694892436,1.987287798138368,1.6913825,0.0,26.533127,3.8635702,1.31315655e-05,0.0,0.00042366982,3.730624e-05,293.63254,287.2677,297.26834,2.7471662,0.092681766,0.00032606642,0.32240412,0.07571638,0.15115148,0.001888738,0.22347178,0.045015246,56.568203,0.0,1854.7188,309.0362,1.7445472201507073,1.9363615884308274,1.9448333952445864,1.9448333952445864,0.052901108,0.0,2.0112991,0.21859583,3.33786e-07,0.0,2.7179718e-05,1.8811077e-06,297.08176,293.12473,299.7471,1.2069736,0.07550088,0.00033985576,0.18651299,0.059495766,0.15074487,0.0018945271,0.2235806,0.044838827,56.47008,0.0,1794.75,308.47314,0.05316866644216134,0.244979061079448,0.25345086789320703,0.2834439251441836,0.00026358498,0.0,0.05722046,0.0033317043,1.1920929e-08,0.0,2.6226044e-06,1.5749869e-07,297.4774,293.0741,300.76852,1.2060989,0.07497298,0.00034789214,0.18929367,0.05958248,0.1504677,0.0018912224,0.22350605,0.044708338,56.17534,0.0,1782.125,306.88818,0.002740489212101238,0.19565290737455143,0.20054976007531877,0.24372868909131284,0.17609464,0.0,1.9898415,0.35564953,1.1106332e-06,0.0,2.8133392e-05,2.9762286e-06,297.48343,293.64078,299.76596,1.3259268,0.076867364,0.0003243168,0.19229388,0.06051139,0.15094703,0.0018910811,0.22383843,0.044758193,53.90116,0.0,1825.25,295.07904,0.1796695904340595,0.18208821448570234,0.18456644313482684,0.2277453721508209,2033.9688,0,0,0
2020-03-07,0.0,0.0,0.0,0.0,0.0,0.0,0.0,0.0,294.81573,291.1113,296.73547,1.1439288,0.089658245,0.00028263265,0.290391,0.07610505,0.1521299,0.0018836326,0.25427735,0.045742627,58.018394,0.0,2033.9688,317.50555,1.733836930245161,1.7894785272751506,1.98377112409662,1.987287798138368,0.042454403,0.0,2.4719238,0.25382218,1.8874805e-07,0.0,1.4781952e-05,1.2796966e-06,292.76627,288.51843,295.55774,1.3913709,0.09739542,0.0003099474,0.32316557,0.08101503,0.15233497,0.0018906115,0.25110033,0.0459021,56.98847,0.0,1956.125,311.50772,1.7867380380630493,1.8027213550035412,1.9848095694892436,1.987287798138368,1.6913825,0.0,26.533127,3.8635702,1.31315655e-05,0.0,0.00042366982,3.730624e-05,293.63254,287.2677,297.26834,2.7471662,0.092681766,0.00032606642,0.32240412,0.07571638,0.15115148,0.001888738,0.22347178,0.045015246,56.568203,0.0,1854.7188,309.0362,1.7445472201507073,1.9363615884308274,1.9448333952445864,1.9448333952445864,0.052901108,0.0,2.0112991,0.21859583,3.33786e-07,0.0,2.7179718e-05,1.8811077e-06,297.08176,293.12473,299.7471,1.2069736,0.07550088,0.00033985576,0.18651299,0.059495766,0.15074487,0.0018945271,0.2235806,0.044838827,56.47008,0.0,1794.75,308.47314,0.05316866644216134,0.244979061079448,0.25345086789320703,0.2834439251441836,0.013242828,0.0,0.42390823,0.040453196,1.7020437e-07,0.0,1.50203705e-05,1.2305167e-06,296.46472,291.16537,299.50726,1.6163685,0.07696124,0.00030833948,0.19357999,0.06061785,0.15089989,0.0018861996,0.22416224,0.04481417,54.627842,0.0,1795.5781,298.83853,0.1893374640494585,0.1942925968214695,0.19780927086321753,0.2409881998792116,2096.8438,0,0,0
2020-03-08,0.0,0.0,0.0,0.0,0.0,0.0,0.0,0.0,295.66003,291.08167,298.13065,1.3287355,0.08379624,0.00030552488,0.26894608,0.072126135,0.1515265,0.0018780505,0.2524903,0.045308527,59.617466,0.0,2096.8438,326.6408,0.04245440289378166,1.7870055966873224,1.9837154930960423,1.987287798138368,0.0,0.0,0.0,0.0,0.0,0.0,0.0,0.0,294.81573,291.1113,296.73547,1.1439288,0.089658245,0.00028263265,0.290391,0.07610505,0.1521299,0.0018836326,0.25427735,0.045742627,58.018394,0.0,2033.9688,317.50555,1.733836930245161,1.7894785272751506,1.98377112409662,1.987287798138368,0.042454403,0.0,2.4719238,0.25382218,1.8874805e-07,0.0,1.4781952e-05,1.2796966e-06,292.76627,288.51843,295.55774,1.3913709,0.09739542,0.0003099474,0.32316557,0.08101503,0.15233497,0.0018906115,0.25110033,0.0459021,56.98847,0.0,1956.125,311.50772,1.7867380380630493,1.8027213550035412,1.9848095694892436,1.987287798138368,1.6913825,0.0,26.533127,3.8635702,1.31315655e-05,0.0,0.00042366982,3.730624e-05,293.63254,287.2677,297.26834,2.7471662,0.092681766,0.00032606642,0.32240412,0.07571638,0.15115148,0.001888738,0.22347178,0.045015246,56.568203,0.0,1854.7188,309.0362,1.7445472201507073,1.9363615884308274,1.9448333952445864,1.9448333952445864,0.0024729306,0.0,0.497818,0.03037332,1.2318293e-07,0.0,2.3841858e-05,1.4887061e-06,296.35532,290.8286,300.5394,1.9953142,0.076846346,0.0003276778,0.19404311,0.060791418,0.15092443,0.0018951952,0.22417194,0.044933736,55.248913,0.0,1774.4219,302.0004,0.19181039463728666,0.19670989640871994,0.2002822014510457,0.24346113046703977,2178.4062,0,0,0
2020-03-09,0.006622738,0.0,0.33712387,0.0281515,7.947286e-08,0.0,1.6212463e-05,9.3865486e-07,296.07358,290.26422,299.65347,1.9573767,0.08127083,0.000346764,0.2514028,0.068277724,0.15102965,0.001885298,0.24914253,0.044984482,61.747234,0.0,2178.4062,338.48462,0.00662273820489645,1.7936243612493854,1.9902296183959152,1.9939105363432645,0.0,0.0,0.0,0.0,0.0,0.0,0.0,0.0,295.66003,291.08167,298.13065,1.3287355,0.08379624,0.00030552488,0.26894608,0.072126135,0.1515265,0.0018780505,0.2524903,0.045308527,59.617466,0.0,2096.8438,326.6408,0.04245440289378166,1.7870055966873224,1.9837154930960423,1.987287798138368,0.0,0.0,0.0,0.0,0.0,0.0,0.0,0.0,294.81573,291.1113,296.73547,1.1439288,0.089658245,0.00028263265,0.290391,0.07610505,0.1521299,0.0018836326,0.25427735,0.045742627,58.018394,0.0,2033.9688,317.50555,1.733836930245161,1.7894785272751506,1.98377112409662,1.987287798138368,0.042454403,0.0,2.4719238,0.25382218,1.8874805e-07,0.0,1.4781952e-05,1.2796966e-06,292.76627,288.51843,295.55774,1.3913709,0.09739542,0.0003099474,0.32316557,0.08101503,0.15233497,0.0018906115,0.25110033,0.0459021,56.98847,0.0,1956.125,311.50772,1.7867380380630493,1.8027213550035412,1.9848095694892436,1.987287798138368,3.973643e-06,0.0,0.0009536743,5.605513e-05,0.0,0.0,0.0,0.0,296.8627,292.46915,300.78537,1.5433178,0.07565152,0.00030116845,0.19249897,0.06008677,0.15069053,0.0018902494,0.2235903,0.044849258,55.69604,0.0,1772.3281,304.3098,0.015719731959052297,0.19660525714652977,0.20028617509387914,0.2434651041098732,2287.25,0,0,0
2020-03-10,0.6484641,0.0,15.072346,2.0035036,5.758471e-06,0.0,0.00022649765,2.0426785e-05,296.10938,288.9177,299.90305,1.9393754,0.0797042,0.00030826978,0.27400836,0.069270745,0.15010531,0.0018796717,0.2466866,0.044339705,64.39879,0.0,2287.25,352.9824,0.6550868218764663,2.4418248599395156,2.637477767314067,2.6423746200148344,0.006622738,0.0,0.33712387,0.0281515,7.947286e-08,0.0,1.6212463e-05,9.3865486e-07,296.07358,290.26422,299.65347,1.9573767,0.08127083,0.000346764,0.2514028,0.068277724,0.15102965,0.001885298,0.24914253,0.044984482,61.747234,0.0,2178.4062,338.48462,0.00662273820489645,1.7936243612493854,1.9902296183959152,1.9939105363432645,0.0,0.0,0.0,0.0,0.0,0.0,0.0,0.0,295.66003,291.08167,298.13065,1.3287355,0.08379624,0.00030552488,0.26894608,0.072126135,0.1515265,0.0018780505,0.2524903,0.045308527,59.617466,0.0,2096.8438,326.6408,0.04245440289378166,1.7870055966873224,1.9837154930960423,1.987287798138368,0.0,0.0,0.0,0.0,0.0,0.0,0.0,0.0,294.81573,291.1113,296.73547,1.1439288,0.089658245,0.00028263265,0.290391,0.07610505,0.1521299,0.0018836326,0.25427735,0.045742627,58.018394,0.0,2033.9688,317.50555,1.733836930245161,1.7894785272751506,1.98377112409662,1.987287798138368,0.00026358498,0.0,0.05722046,0.0033317043,1.1920929e-08,0.0,2.6226044e-06,1.5749869e-07,297.4774,293.0741,300.76852,1.2060989,0.07497298,0.00034789214,0.18929367,0.05958248,0.1504677,0.0018912224,0.22350605,0.044708338,56.17534,0.0,1782.125,306.88818,0.002740489212101238,0.19565290737455143,0.20054976007531877,0.24372868909131284,2419.1562,0,0,0
2020-03-11,0.20160806,0.0,4.776478,0.5860909,1.0675855e-06,0.0,2.7656555e-05,3.5377884e-06,293.41147,288.1464,296.9271,1.7596674,0.08795255,0.00029634716,0.34845996,0.08212458,0.15065359,0.0018794305,0.26459953,0.045354176,67.49908,0.0,2419.1562,369.95273,0.8566948836669326,2.5905318139120936,2.8355108749915416,2.8439826818053007,0.6484641,0.0,15.072346,2.0035036,5.758471e-06,0.0,0.00022649765,2.0426785e-05,296.10938,288.9177,299.90305,1.9393754,0.0797042,0.00030826978,0.27400836,0.069270745,0.15010531,0.0018796717,0.2466866,0.044339705,64.39879,0.0,2287.25,352.9824,0.6550868218764663,2.4418248599395156,2.637477767314067,2.6423746200148344,0.006622738,0.0,0.33712387,0.0281515,7.947286e-08,0.0,1.6212463e-05,9.3865486e-07,296.07358,290.26422,299.65347,1.9573767,0.08127083,0.000346764,0.2514028,0.068277724,0.15102965,0.001885298,0.24914253,0.044984482,61.747234,0.0,2178.4062,338.48462,0.00662273820489645,1.7936243612493854,1.9902296183959152,1.9939105363432645,0.0,0.0,0.0,0.0,0.0,0.0,0.0,0.0,295.66003,291.08167,298.13065,1.3287355,0.08379624,0.00030552488,0.26894608,0.072126135,0.1515265,0.0018780505,0.2524903,0.045308527,59.617466,0.0,2096.8438,326.6408,0.04245440289378166,1.7870055966873224,1.9837154930960423,1.987287798138368,0.052901108,0.0,2.0112991,0.21859583,3.33786e-07,0.0,2.7179718e-05,1.8811077e-06,297.08176,293.12473,299.7471,1.2069736,0.07550088,0.00033985576,0.18651299,0.059495766,0.15074487,0.0018945271,0.2235806,0.044838827,56.47008,0.0,1794.75,308.47314,0.05316866644216134,0.244979061079448,0.25345086789320703,0.2834439251441836,2532.4688,0,0,0
2020-03-12,0.0060598054,0.0,0.37145615,0.036181718,1.8543668e-08,0.0,1.4305115e-06,1.2803656e-07,293.63834,287.9846,297.0928,1.757047,0.08566346,0.00036992133,0.30195352,0.07534304,0.150742,0.0018759011,0.27066135,0.04566642,70.86661,0.0,2532.4688,388.49164,0.8561319508589804,0.9052090919576585,2.841570680388486,2.850042487202245,0.20160806,0.0,4.776478,0.5860909,1.0675855e-06,0.0,2.7656555e-05,3.5377884e-06,293.41147,288.1464,296.9271,1.7596674,0.08795255,0.00029634716,0.34845996,0.08212458,0.15065359,0.0018794305,0.26459953,0.045354176,67.49908,0.0,2419.1562,369.95273,0.8566948836669326,2.5905318139120936,2.8355108749915416,2.8439826818053007,0.6484641,0.0,15.072346,2.0035036,5.758471e-06,0.0,0.00022649765,2.0426785e-05,296.10938,288.9177,299.90305,1.9393754,0.0797042,0.00030826978,0.27400836,0.069270745,0.15010531,0.0018796717,0.2466866,0.044339705,64.39879,0.0,2287.25,352.9824,0.6550868218764663,2.4418248599395156,2.637477767314067,2.6423746200148344,0.006622738,0.0,0.33712387,0.0281515,7.947286e-08,0.0,1.6212463e-05,9.3865486e-07,296.07358,290.26422,299.65347,1.9573767,0.08127083,0.000346764,0.2514028,0.068277724,0.15102965,0.001885298,0.24914253,0.044984482,61.747234,0.0,2178.4062,338.48462,0.00662273820489645,1.7936243612493854,1.9902296183959152,1.9939105363432645,1.6913825,0.0,26.533127,3.8635702,1.31315655e-05,0.0,0.00042366982,3.730624e-05,293.63254,287.2677,297.26834,2.7471662,0.092681766,0.00032606642,0.32240412,0.07571638,0.15115148,0.001888738,0.22347178,0.045015246,56.568203,0.0,1854.7188,309.0362,1.7445472201507073,1.9363615884308274,1.9448333952445864,1.9448333952445864,2645.6562,0,0,0
2020-03-13,0.0,0.0,0.0,0.0,0.0,0.0,0.0,0.0,293.7675,289.04117,297.15308,1.6287485,0.081253044,0.00033248262,0.27954927,0.070747636,0.14997584,0.001878844,0.26752928,0.045087785,74.29259,0.0,2645.6562,407.353,0.2076678671874106,0.8627546890638769,2.665476044067418,2.850042487202245,0.0060598054,0.0,0.37145615,0.036181718,1.8543668e-08,0.0,1.4305115e-06,1.2803656e-07,293.63834,287.9846,297.0928,1.757047,0.08566346,0.00036992133,0.30195352,0.07534304,0.150742,0.0018759011,0.27066135,0.04566642,70.86661,0.0,2532.4688,388.49164,0.8561319508589804,0.9052090919576585,2.841570680388486,2.850042487202245,0.20160806,0.0,4.776478,0.5860909,1.0675855e-06,0.0,2.7656555e-05,3.5377884e-06,293.41147,288.1464,296.9271,1.7596674,0.08795255,0.00029634716,0.34845996,0.08212458,0.15065359,0.0018794305,0.26459953,0.045354176,67.49908,0.0,2419.1562,369.95273,0.8566948836669326,2.5905318139120936,2.8355108749915416,2.8439826818053007,0.6484641,0.0,15.072346,2.0035036,5.758471e-06,0.0,0.00022649765,2.0426785e-05,296.10938,288.9177,299.90305,1.9393754,0.0797042,0.00030826978,0.27400836,0.069270745,0.15010531,0.0018796717,0.2466866,0.044339705,64.39879,0.0,2287.25,352.9824,0.6550868218764663,2.4418248599395156,2.637477767314067,2.6423746200148344,0.042454403,0.0,2.4719238,0.25382218,1.8874805e-07,0.0,1.4781952e-05,1.2796966e-06,292.76627,288.51843,295.55774,1.3913709,0.09739542,0.0003099474,0.32316557,0.08101503,0.15233497,0.0018906115,0.25110033,0.0459021,56.98847,0.0,1956.125,311.50772,1.7867380380630493,1.8027213550035412,1.9848095694892436,1.987287798138368,3005.3438,0,0,0
2020-03-14,0.0,0.0,0.0,0.0,0.0,0.0,0.0,0.0,295.4344,291.75742,297.81738,1.1237311,0.07911388,0.00030005877,0.2627627,0.067088336,0.14927109,0.0018772351,0.26340207,0.04455406,79.11911,0.0,3005.3438,434.59012,0.0060598053969442844,0.8627546890638769,2.6522332163390274,2.850042487202245,0.0,0.0,0.0,0.0,0.0,0.0,0.0,0.0,293.7675,289.04117,297.15308,1.6287485,0.081253044,0.00033248262,0.27954927,0.070747636,0.14997584,0.001878844,0.26752928,0.045087785,74.29259,0.0,2645.6562,407.353,0.2076678671874106,0.8627546890638769,2.665476044067418,2.850042487202245,0.0060598054,0.0,0.37145615,0.036181718,1.8543668e-08,0.0,1.4305115e-06,1.2803656e-07,293.63834,287.9846,297.0928,1.757047,0.08566346,0.00036992133,0.30195352,0.07534304,0.150742,0.0018759011,0.27066135,0.04566642,70.86661,0.0,2532.4688,388.49164,0.8561319508589804,0.9052090919576585,2.841570680388486,2.850042487202245,0.20160806,0.0,4.776478,0.5860909,1.0675855e-06,0.0,2.7656555e-05,3.5377884e-06,293.41147,288.1464,296.9271,1.7596674,0.08795255,0.00029634716,0.34845996,0.08212458,0.15065359,0.0018794305,0.26459953,0.045354176,67.49908,0.0,2419.1562,369.95273,0.8566948836669326,2.5905318139120936,2.8355108749915416,2.8439826818053007,0.0,0.0,0.0,0.0,0.0,0.0,0.0,0.0,294.81573,291.1113,296.73547,1.1439288,0.089658245,0.00028263265,0.290391,0.07610505,0.1521299,0.0018836326,0.25427735,0.045742627,58.018394,0.0,2033.9688,317.50555,1.733836930245161,1.7894785272751506,1.98377112409662,1.987287798138368,3642.9062,0,0,0
2020-03-15,0.00017484029,0.0,0.020980835,0.001512826,5.2981908e-09,0.0,1.9073486e-06,1.0038638e-07,296.3634,291.69534,299.02908,1.4263158,0.077848405,0.00033419998,0.24902643,0.06487212,0.14876722,0.0018724116,0.25959846,0.044229478,88.79744,0.0,3642.9062,490.6557,0.00017484028649050742,0.8629295293503674,2.6499351260376898,2.8502173274887355,0.0,0.0,0.0,0.0,0.0,0.0,0.0,0.0,295.4344,291.75742,297.81738,1.1237311,0.07911388,0.00030005877,0.2627627,0.067088336,0.14927109,0.0018772351,0.26340207,0.04455406,79.11911,0.0,3005.3438,434.59012,0.0060598053969442844,0.8627546890638769,2.6522332163390274,2.850042487202245,0.0,0.0,0.0,0.0,0.0,0.0,0.0,0.0,293.7675,289.04117,297.15308,1.6287485,0.081253044,0.00033248262,0.27954927,0.070747636,0.14997584,0.001878844,0.26752928,0.045087785,74.29259,0.0,2645.6562,407.353,0.2076678671874106,0.8627546890638769,2.665476044067418,2.850042487202245,0.0060598054,0.0,0.37145615,0.036181718,1.8543668e-08,0.0,1.4305115e-06,1.2803656e-07,293.63834,287.9846,297.0928,1.757047,0.08566346,0.00036992133,0.30195352,0.07534304,0.150742,0.0018759011,0.27066135,0.04566642,70.86661,0.0,2532.4688,388.49164,0.8561319508589804,0.9052090919576585,2.841570680388486,2.850042487202245,0.0,0.0,0.0,0.0,0.0,0.0,0.0,0.0,295.66003,291.08167,298.13065,1.3287355,0.08379624,0.00030552488,0.26894608,0.072126135,0.1515265,0.0018780505,0.2524903,0.045308527,59.617466,0.0,2096.8438,326.6408,0.04245440289378166,1.7870055966873224,1.9837154930960423,1.987287798138368,3955.0938,0,0,0
2020-03-16,0.0,0.0,0.0,0.0,0.0,0.0,0.0,0.0,297.24002,293.02588,299.99814,1.4682922,0.07624458,0.00029020137,0.23548473,0.062517375,0.14794639,0.0018612206,0.25416914,0.043608624,101.29951,0.0,3955.0938,559.6876,0.00017484028649050742,0.8563067911454709,2.6499311523948563,2.8502173274887355,0.00017484029,0.0,0.020980835,0.001512826,5.2981908e-09,0.0,1.9073486e-06,1.0038638e-07,296.3634,291.69534,299.02908,1.4263158,0.077848405,0.00033419998,0.24902643,0.06487212,0.14876722,0.0018724116,0.25959846,0.044229478,88.79744,0.0,3642.9062,490.6557,0.00017484028649050742,0.8629295293503674,2.6499351260376898,2.8502173274887355,0.0,0.0,0.0,0.0,0.0,0.0,0.0,0.0,295.4344,291.75742,297.81738,1.1237311,0.07911388,0.00030005877,0.2627627,0.067088336,0.14927109,0.0018772351,0.26340207,0.04455406,79.11911,0.0,3005.3438,434.59012,0.0060598053969442844,0.8627546890638769,2.6522332163390274,2.850042487202245,0.0,0.0,0.0,0.0,0.0,0.0,0.0,0.0,293.7675,289.04117,297.15308,1.6287485,0.081253044,0.00033248262,0.27954927,0.070747636,0.14997584,0.001878844,0.26752928,0.045087785,74.29259,0.0,2645.6562,407.353,0.2076678671874106,0.8627546890638769,2.665476044067418,2.850042487202245,0.006622738,0.0,0.33712387,0.0281515,7.947286e-08,0.0,1.6212463e-05,9.3865486e-07,296.07358,290.26422,299.65347,1.9573767,0.08127083,0.000346764,0.2514028,0.068277724,0.15102965,0.001885298,0.24914253,0.044984482,61.747234,0.0,2178.4062,338.48462,0.00662273820489645,1.7936243612493854,1.9902296183959152,1.9939105363432645,3880.25,0,0,0
2020-03-17,0.00062386197,0.0,0.058174133,0.004178699,1.821253e-08,0.0,2.7418137e-06,1.712125e-07,298.50955,294.334,301.13968,1.4057112,0.07453199,0.0002830918,0.22346069,0.060492214,0.14720844,0.0018603589,0.24909979,0.043054987,110.19021,0.0,3880.25,605.3912,0.0007987022545421496,0.20846656944195274,2.6502914293814683,2.850841189456787,0.0,0.0,0.0,0.0,0.0,0.0,0.0,0.0,297.24002,293.02588,299.99814,1.4682922,0.07624458,0.00029020137,0.23548473,0.062517375,0.14794639,0.0018612206,0.25416914,0.043608624,101.29951,0.0,3955.0938,559.6876,0.00017484028649050742,0.8563067911454709,2.6499311523948563,2.8502173274887355,0.00017484029,0.0,0.020980835,0.001512826,5.2981908e-09,0.0,1.9073486e-06,1.0038638e-07,296.3634,291.69534,299.02908,1.4263158,0.077848405,0.00033419998,0.24902643,0.06487212,0.14876722,0.0018724116,0.25959846,0.044229478,88.79744,0.0,3642.9062,490.6557,0.00017484028649050742,0.8629295293503674,2.6499351260376898,2.8502173274887355,0.0,0.0,0.0,0.0,0.0,0.0,0.0,0.0,295.4344,291.75742,297.81738,1.1237311,0.07911388,0.00030005877,0.2627627,0.067088336,0.14927109,0.0018772351,0.26340207,0.04455406,79.11911,0.0,3005.3438,434.59012,0.0060598053969442844,0.8627546890638769,2.6522332163390274,2.850042487202245,0.6484641,0.0,15.072346,2.0035036,5.758471e-06,0.0,0.00022649765,2.0426785e-05,296.10938,288.9177,299.90305,1.9393754,0.0797042,0.00030826978,0.27400836,0.069270745,0.15010531,0.0018796717,0.2466866,0.044339705,64.39879,0.0,2287.25,352.9824,0.6550868218764663,2.4418248599395156,2.637477767314067,2.6423746200148344,3756.8438,0,0,0
2020-03-18,0.0,0.0,0.0,0.0,0.0,0.0,0.0,0.0,299.96915,295.95493,303.3077,1.5339633,0.07300871,0.0002841448,0.21367067,0.059318457,0.14667095,0.0018583774,0.24419342,0.042677026,113.4139,0.0,3756.8438,621.1051,0.0006238619680516422,0.006858507651486434,2.59739032156358,2.850841189456787,0.00062386197,0.0,0.058174133,0.004178699,1.821253e-08,0.0,2.7418137e-06,1.712125e-07,298.50955,294.334,301.13968,1.4057112,0.07453199,0.0002830918,0.22346069,0.060492214,0.14720844,0.0018603589,0.24909979,0.043054987,110.19021,0.0,3880.25,605.3912,0.0007987022545421496,0.20846656944195274,2.6502914293814683,2.850841189456787,0.0,0.0,0.0,0.0,0.0,0.0,0.0,0.0,297.24002,293.02588,299.99814,1.4682922,0.07624458,0.00029020137,0.23548473,0.062517375,0.14794639,0.0018612206,0.25416914,0.043608624,101.29951,0.0,3955.0938,559.6876,0.00017484028649050742,0.8563067911454709,2.6499311523948563,2.8502173274887355,0.00017484029,0.0,0.020980835,0.001512826,5.2981908e-09,0.0,1.9073486e-06,1.0038638e-07,296.3634,291.69534,299.02908,1.4263158,0.077848405,0.00033419998,0.24902643,0.06487212,0.14876722,0.0018724116,0.25959846,0.044229478,88.79744,0.0,3642.9062,490.6557,0.00017484028649050742,0.8629295293503674,2.6499351260376898,2.8502173274887355,0.20160806,0.0,4.776478,0.5860909,1.0675855e-06,0.0,2.7656555e-05,3.5377884e-06,293.41147,288.1464,296.9271,1.7596674,0.08795255,0.00029634716,0.34845996,0.08212458,0.15065359,0.0018794305,0.26459953,0.045354176,67.49908,0.0,2419.1562,369.95273,0.8566948836669326,2.5905318139120936,2.8355108749915416,2.8439826818053007,3664.0312,0,0,0
2020-03-19,0.0,0.0,0.0,0.0,0.0,0.0,0.0,0.0,300.28415,297.21997,303.44107,1.5279784,0.07212775,0.0003108623,0.20498718,0.05869566,0.14639263,0.0018542185,0.23881114,0.042469528,113.92109,0.0,3664.0312,623.003,0.0006238619680516422,0.0007987022545421496,0.9060077942122007,2.850841189456787,0.0,0.0,0.0,0.0,0.0,0.0,0.0,0.0,299.96915,295.95493,303.3077,1.5339633,0.07300871,0.0002841448,0.21367067,0.059318457,0.14667095,0.0018583774,0.24419342,0.042677026,113.4139,0.0,3756.8438,621.1051,0.0006238619680516422,0.006858507651486434,2.59739032156358,2.850841189456787,0.00062386197,0.0,0.058174133,0.004178699,1.821253e-08,0.0,2.7418137e-06,1.712125e-07,298.50955,294.334,301.13968,1.4057112,0.07453199,0.0002830918,0.22346069,0.060492214,0.14720844,0.0018603589,0.24909979,0.043054987,110.19021,0.0,3880.25,605.3912,0.0007987022545421496,0.20846656944195274,2.6502914293814683,2.850841189456787,0.0,0.0,0.0,0.0,0.0,0.0,0.0,0.0,297.24002,293.02588,299.99814,1.4682922,0.07624458,0.00029020137,0.23548473,0.062517375,0.14794639,0.0018612206,0.25416914,0.043608624,101.29951,0.0,3955.0938,559.6876,0.00017484028649050742,0.8563067911454709,2.6499311523948563,2.8502173274887355,0.0060598054,0.0,0.37145615,0.036181718,1.8543668e-08,0.0,1.4305115e-06,1.2803656e-07,293.63834,287.9846,297.0928,1.757047,0.08566346,0.00036992133,0.30195352,0.07534304,0.150742,0.0018759011,0.27066135,0.04566642,70.86661,0.0,2532.4688,388.49164,0.8561319508589804,0.9052090919576585,2.841570680388486,2.850042487202245,3594.5938,0,0,0
2020-03-20,0.009404289,0.0,0.6799698,0.055012573,9.073152e-08,0.0,1.66893e-05,9.549042e-07,299.6462,296.96927,301.83313,1.1253809,0.072517134,0.00035029743,0.19703484,0.05813062,0.14646553,0.0018567775,0.23484063,0.0424642,113.73199,0.0,3594.5938,621.4954,0.009404288604855537,0.010202990859397687,0.8729576799232746,2.8602454780616426,0.0,0.0,0.0,0.0,0.0,0.0,0.0,0.0,300.28415,297.21997,303.44107,1.5279784,0.07212775,0.0003108623,0.20498718,0.05869566,0.14639263,0.0018542185,0.23881114,0.042469528,113.92109,0.0,3664.0312,623.003,0.0006238619680516422,0.0007987022545421496,0.9060077942122007,2.850841189456787,0.0,0.0,0.0,0.0,0.0,0.0,0.0,0.0,299.96915,295.95493,303.3077,1.5339633,0.07300871,0.0002841448,0.21367067,0.059318457,0.14667095,0.0018583774,0.24419342,0.042677026,113.4139,0.0,3756.8438,621.1051,0.0006238619680516422,0.006858507651486434,2.59739032156358,2.850841189456787,0.00062386197,0.0,0.058174133,0.004178699,1.821253e-08,0.0,2.7418137e-06,1.712125e-07,298.50955,294.334,301.13968,1.4057112,0.07453199,0.0002830918,0.22346069,0.060492214,0.14720844,0.0018603589,0.24909979,0.043054987,110.19021,0.0,3880.25,605.3912,0.0007987022545421496,0.20846656944195274,2.6502914293814683,2.850841189456787,0.0,0.0,0.0,0.0,0.0,0.0,0.0,0.0,293.7675,289.04117,297.15308,1.6287485,0.081253044,0.00033248262,0.27954927,0.070747636,0.14997584,0.001878844,0.26752928,0.045087785,74.29259,0.0,2645.6562,407.353,0.2076678671874106,0.8627546890638769,2.665476044067418,2.850042487202245,3545.9062,0,0,0
2020-03-21,0.008967187,0.0,0.497818,0.047549896,5.993578e-08,0.0,9.298325e-06,5.316371e-07,299.81268,296.32687,302.62482,1.363461,0.07192348,0.0003262856,0.19033636,0.057063557,0.14635617,0.0018511651,0.23125054,0.04236659,112.34459,0.0,3545.9062,613.8989,0.018371475860476494,0.019170178115018643,0.8819248671788955,2.8692126653172636,0.009404289,0.0,0.6799698,0.055012573,9.073152e-08,0.0,1.66893e-05,9.549042e-07,299.6462,296.96927,301.83313,1.1253809,0.072517134,0.00035029743,0.19703484,0.05813062,0.14646553,0.0018567775,0.23484063,0.0424642,113.73199,0.0,3594.5938,621.4954,0.009404288604855537,0.010202990859397687,0.8729576799232746,2.8602454780616426,0.0,0.0,0.0,0.0,0.0,0.0,0.0,0.0,300.28415,297.21997,303.44107,1.5279784,0.07212775,0.0003108623,0.20498718,0.05869566,0.14639263,0.0018542185,0.23881114,0.042469528,113.92109,0.0,3664.0312,623.003,0.0006238619680516422,0.0007987022545421496,0.9060077942122007,2.850841189456787,0.0,0.0,0.0,0.0,0.0,0.0,0.0,0.0,299.96915,295.95493,303.3077,1.5339633,0.07300871,0.0002841448,0.21367067,0.059318457,0.14667095,0.0018583774,0.24419342,0.042677026,113.4139,0.0,3756.8438,621.1051,0.0006238619680516422,0.006858507651486434,2.59739032156358,2.850841189456787,0.0,0.0,0.0,0.0,0.0,0.0,0.0,0.0,295.4344,291.75742,297.81738,1.1237311,0.07911388,0.00030005877,0.2627627,0.067088336,0.14927109,0.0018772351,0.26340207,0.04455406,79.11911,0.0,3005.3438,434.59012,0.0060598053969442844,0.8627546890638769,2.6522332163390274,2.850042487202245,3510.3125,0,0,0
2020-03-22,0.35069123,0.0,5.3343773,0.6617161,4.4630633e-06,0.0,0.00015830994,1.7120045e-05,299.09793,292.65134,302.8242,1.6168512,0.07634837,0.00037928377,0.19484746,0.058603868,0.14739926,0.0018520565,0.22940636,0.043252897,109.534164,0.0,3510.3125,598.77246,0.3690627049654722,0.36968656693352386,1.2326160962838912,3.217425665773135,0.008967187,0.0,0.497818,0.047549896,5.993578e-08,0.0,9.298325e-06,5.316371e-07,299.81268,296.32687,302.62482,1.363461,0.07192348,0.0003262856,0.19033636,0.057063557,0.14635617,0.0018511651,0.23125054,0.04236659,112.34459,0.0,3545.9062,613.8989,0.018371475860476494,0.019170178115018643,0.8819248671788955,2.8692126653172636,0.009404289,0.0,0.6799698,0.055012573,9.073152e-08,0.0,1.66893e-05,9.549042e-07,299.6462,296.96927,301.83313,1.1253809,0.072517134,0.00035029743,0.19703484,0.05813062,0.14646553,0.0018567775,0.23484063,0.0424642,113.73199,0.0,3594.5938,621.4954,0.009404288604855537,0.010202990859397687,0.8729576799232746,2.8602454780616426,0.0,0.0,0.0,0.0,0.0,0.0,0.0,0.0,300.28415,297.21997,303.44107,1.5279784,0.07212775,0.0003108623,0.20498718,0.05869566,0.14639263,0.0018542185,0.23881114,0.042469528,113.92109,0.0,3664.0312,623.003,0.0006238619680516422,0.0007987022545421496,0.9060077942122007,2.850841189456787,0.00017484029,0.0,0.020980835,0.001512826,5.2981908e-09,0.0,1.9073486e-06,1.0038638e-07,296.3634,291.69534,299.02908,1.4263158,0.077848405,0.00033419998,0.24902643,0.06487212,0.14876722,0.0018724116,0.25959846,0.044229478,88.79744,0.0,3642.9062,490.6557,0.00017484028649050742,0.8629295293503674,2.6499351260376898,2.8502173274887355,3477.625,0,0,0
2020-03-23,0.17912123,0.0,6.07872,0.49913448,1.6467438e-06,0.0,5.8293343e-05,6.339861e-06,299.56973,293.37332,304.17996,1.8919399,0.07872129,0.00035410313,0.21815681,0.06050914,0.14726928,0.0018541613,0.22580169,0.043107904,105.89577,0.0,3477.625,579.1518,0.5387796424329281,0.5488077930058353,1.4051145841513062,3.3955084464528227,0.35069123,0.0,5.3343773,0.6617161,4.4630633e-06,0.0,0.00015830994,1.7120045e-05,299.09793,292.65134,302.8242,1.6168512,0.07634837,0.00037928377,0.19484746,0.058603868,0.14739926,0.0018520565,0.22940636,0.043252897,109.534164,0.0,3510.3125,598.77246,0.3690627049654722,0.36968656693352386,1.2326160962838912,3.217425665773135,0.008967187,0.0,0.497818,0.047549896,5.993578e-08,0.0,9.298325e-06,5.316371e-07,299.81268,296.32687,302.62482,1.363461,0.07192348,0.0003262856,0.19033636,0.057063557,0.14635617,0.0018511651,0.23125054,0.04236659,112.34459,0.0,3545.9062,613.8989,0.018371475860476494,0.019170178115018643,0.8819248671788955,2.8692126653172636,0.009404289,0.0,0.6799698,0.055012573,9.073152e-08,0.0,1.66893e-05,9.549042e-07,299.6462,296.96927,301.83313,1.1253809,0.072517134,0.00035029743,0.19703484,0.05813062,0.14646553,0.0018567775,0.23484063,0.0424642,113.73199,0.0,3594.5938,621.4954,0.009404288604855537,0.010202990859397687,0.8729576799232746,2.8602454780616426,0.0,0.0,0.0,0.0,0.0,0.0,0.0,0.0,297.24002,293.02588,299.99814,1.4682922,0.07624458,0.00029020137,0.23548473,0.062517375,0.14794639,0.0018612206,0.25416914,0.043608624,101.29951,0.0,3955.0938,559.6876,0.00017484028649050742,0.8563067911454709,2.6499311523948563,2.8502173274887355,3412.5,0,0,0
2020-03-24,0.31083426,0.0,1.909256,0.41875902,1.862314e-06,0.0,5.4121017e-05,4.1001113e-06,300.013,294.6051,303.4714,1.4623263,0.07668718,0.0002878909,0.21722974,0.05918465,0.14636396,0.0018435601,0.2223655,0.042447094,102.05331,0.0,3412.5,558.27936,0.8406467139720917,0.8590181898325682,1.067484759274521,3.7062870742470295,0.17912123,0.0,6.07872,0.49913448,1.6467438e-06,0.0,5.8293343e-05,6.339861e-06,299.56973,293.37332,304.17996,1.8919399,0.07872129,0.00035410313,0.21815681,0.06050914,0.14726928,0.0018541613,0.22580169,0.043107904,105.89577,0.0,3477.625,579.1518,0.5387796424329281,0.5488077930058353,1.4051145841513062,3.3955084464528227,0.35069123,0.0,5.3343773,0.6617161,4.4630633e-06,0.0,0.00015830994,1.7120045e-05,299.09793,292.65134,302.8242,1.6168512,0.07634837,0.00037928377,0.19484746,0.058603868,0.14739926,0.0018520565,0.22940636,0.043252897,109.534164,0.0,3510.3125,598.77246,0.3690627049654722,0.36968656693352386,1.2326160962838912,3.217425665773135,0.008967187,0.0,0.497818,0.047549896,5.993578e-08,0.0,9.298325e-06,5.316371e-07,299.81268,296.32687,302.62482,1.363461,0.07192348,0.0003262856,0.19033636,0.057063557,0.14635617,0.0018511651,0.23125054,0.04236659,112.34459,0.0,3545.9062,613.8989,0.018371475860476494,0.019170178115018643,0.8819248671788955,2.8692126653172636,0.00062386197,0.0,0.058174133,0.004178699,1.821253e-08,0.0,2.7418137e-06,1.712125e-07,298.50955,294.334,301.13968,1.4057112,0.07453199,0.0002830918,0.22346069,0.060492214,0.14720844,0.0018603589,0.24909979,0.043054987,110.19021,0.0,3880.25,605.3912,0.0007987022545421496,0.20846656944195274,2.6502914293814683,2.850841189456787,3312.0312,0,0,0
2020-03-25,0.073296495,0.0,1.6517639,0.17505506,4.145834e-07,0.0,2.670288e-05,2.1521396e-06,299.44614,293.23843,302.99738,1.4724535,0.07629015,0.00035250853,0.21570617,0.05841486,0.14617959,0.0018477087,0.21818429,0.04229029,98.12301,0.0,3312.0312,536.5186,0.5632519796490669,0.9323146846145391,0.9391731922660256,3.779474956123977,0.31083426,0.0,1.909256,0.41875902,1.862314e-06,0.0,5.4121017e-05,4.1001113e-06,300.013,294.6051,303.4714,1.4623263,0.07668718,0.0002878909,0.21722974,0.05918465,0.14636396,0.0018435601,0.2223655,0.042447094,102.05331,0.0,3412.5,558.27936,0.8406467139720917,0.8590181898325682,1.067484759274521,3.7062870742470295,0.17912123,0.0,6.07872,0.49913448,1.6467438e-06,0.0,5.8293343e-05,6.339861e-06,299.56973,293.37332,304.17996,1.8919399,0.07872129,0.00035410313,0.21815681,0.06050914,0.14726928,0.0018541613,0.22580169,0.043107904,105.89577,0.0,3477.625,579.1518,0.5387796424329281,0.5488077930058353,1.4051145841513062,3.3955084464528227,0.35069123,0.0,5.3343773,0.6617161,4.4630633e-06,0.0,0.00015830994,1.7120045e-05,299.09793,292.65134,302.8242,1.6168512,0.07634837,0.00037928377,0.19484746,0.058603868,0.14739926,0.0018520565,0.22940636,0.043252897,109.534164,0.0,3510.3125,598.77246,0.3690627049654722,0.36968656693352386,1.2326160962838912,3.217425665773135,0.0,0.0,0.0,0.0,0.0,0.0,0.0,0.0,299.96915,295.95493,303.3077,1.5339633,0.07300871,0.0002841448,0.21367067,0.059318457,0.14667095,0.0018583774,0.24419342,0.042677026,113.4139,0.0,3756.8438,621.1051,0.0006238619680516422,0.006858507651486434,2.59739032156358,2.850841189456787,3191.9062,0,0,0
2020-03-26,4.071483,0.0,24.130344,6.072341,3.58363e-05,0.0,0.00070750713,8.971683e-05,295.4295,290.40332,298.07162,1.0858424,0.10432932,0.00049480237,0.29395315,0.0689067,0.14695294,0.001850145,0.21869469,0.043028362,94.385864,0.0,3191.9062,514.9051,4.455613888800144,5.003797819837928,5.00459652209247,7.849742156593948,0.073296495,0.0,1.6517639,0.17505506,4.145834e-07,0.0,2.670288e-05,2.1521396e-06,299.44614,293.23843,302.99738,1.4724535,0.07629015,0.00035250853,0.21570617,0.05841486,0.14617959,0.0018477087,0.21818429,0.04229029,98.12301,0.0,3312.0312,536.5186,0.5632519796490669,0.9323146846145391,0.9391731922660256,3.779474956123977,0.31083426,0.0,1.909256,0.41875902,1.862314e-06,0.0,5.4121017e-05,4.1001113e-06,300.013,294.6051,303.4714,1.4623263,0.07668718,0.0002878909,0.21722974,0.05918465,0.14636396,0.0018435601,0.2223655,0.042447094,102.05331,0.0,3412.5,558.27936,0.8406467139720917,0.8590181898325682,1.067484759274521,3.7062870742470295,0.17912123,0.0,6.07872,0.49913448,1.6467438e-06,0.0,5.8293343e-05,6.339861e-06,299.56973,293.37332,304.17996,1.8919399,0.07872129,0.00035410313,0.21815681,0.06050914,0.14726928,0.0018541613,0.22580169,0.043107904,105.89577,0.0,3477.625,579.1518,0.5387796424329281,0.5488077930058353,1.4051145841513062,3.3955084464528227,0.0,0.0,0.0,0.0,0.0,0.0,0.0,0.0,300.28415,297.21997,303.44107,1.5279784,0.07212775,0.0003108623,0.20498718,0.05869566,0.14639263,0.0018542185,0.23881114,0.042469528,113.92109,0.0,3664.0312,623.003,0.0006238619680516422,0.0007987022545421496,0.9060077942122007,2.850841189456787,3072.7812,0,0,0
2020-03-27,0.3455122,0.0,7.712364,1.0465537,2.544125e-06,0.0,4.851818e-05,7.511885e-06,296.36862,292.05984,298.97217,1.1878779,0.13389318,0.00034260922,0.34635854,0.09942325,0.15045895,0.0018505156,0.2645134,0.045622364,91.51232,0.0,3072.7812,497.65222,4.490291841328144,5.339905742555857,5.350108733415254,8.19167941380374,4.071483,0.0,24.130344,6.072341,3.58363e-05,0.0,0.00070750713,8.971683e-05,295.4295,290.40332,298.07162,1.0858424,0.10432932,0.00049480237,0.29395315,0.0689067,0.14695294,0.001850145,0.21869469,0.043028362,94.385864,0.0,3191.9062,514.9051,4.455613888800144,5.003797819837928,5.00459652209247,7.849742156593948,0.073296495,0.0,1.6517639,0.17505506,4.145834e-07,0.0,2.670288e-05,2.1521396e-06,299.44614,293.23843,302.99738,1.4724535,0.07629015,0.00035250853,0.21570617,0.05841486,0.14617959,0.0018477087,0.21818429,0.04229029,98.12301,0.0,3312.0312,536.5186,0.5632519796490669,0.9323146846145391,0.9391731922660256,3.779474956123977,0.31083426,0.0,1.909256,0.41875902,1.862314e-06,0.0,5.4121017e-05,4.1001113e-06,300.013,294.6051,303.4714,1.4623263,0.07668718,0.0002878909,0.21722974,0.05918465,0.14636396,0.0018435601,0.2223655,0.042447094,102.05331,0.0,3412.5,558.27936,0.8406467139720917,0.8590181898325682,1.067484759274521,3.7062870742470295,0.009404289,0.0,0.6799698,0.055012573,9.073152e-08,0.0,1.66893e-05,9.549042e-07,299.6462,296.96927,301.83313,1.1253809,0.072517134,0.00035029743,0.19703484,0.05813062,0.14646553,0.0018567775,0.23484063,0.0424642,113.73199,0.0,3594.5938,621.4954,0.009404288604855537,0.010202990859397687,0.8729576799232746,2.8602454780616426,2963.25,0,0,0
2020-03-28,0.046151213,0.0,1.7824173,0.1827988,3.6292607e-07,0.0,3.33786e-05,2.1663398e-06,298.33606,293.46768,300.57495,1.2232966,0.10986098,0.0002621895,0.31187847,0.088725604,0.15056814,0.0018486461,0.2682105,0.045516595,89.65338,0.0,2963.25,486.10086,4.463146559894085,5.377089768648148,5.396259946763166,8.237830627151652,0.3455122,0.0,7.712364,1.0465537,2.544125e-06,0.0,4.851818e-05,7.511885e-06,296.36862,292.05984,298.97217,1.1878779,0.13389318,0.00034260922,0.34635854,0.09942325,0.15045895,0.0018505156,0.2645134,0.045622364,91.51232,0.0,3072.7812,497.65222,4.490291841328144,5.339905742555857,5.350108733415254,8.19167941380374,4.071483,0.0,24.130344,6.072341,3.58363e-05,0.0,0.00070750713,8.971683e-05,295.4295,290.40332,298.07162,1.0858424,0.10432932,0.00049480237,0.29395315,0.0689067,0.14695294,0.001850145,0.21869469,0.043028362,94.385864,0.0,3191.9062,514.9051,4.455613888800144,5.003797819837928,5.00459652209247,7.849742156593948,0.073296495,0.0,1.6517639,0.17505506,4.145834e-07,0.0,2.670288e-05,2.1521396e-06,299.44614,293.23843,302.99738,1.4724535,0.07629015,0.00035250853,0.21570617,0.05841486,0.14617959,0.0018477087,0.21818429,0.04229029,98.12301,0.0,3312.0312,536.5186,0.5632519796490669,0.9323146846145391,0.9391731922660256,3.779474956123977,0.008967187,0.0,0.497818,0.047549896,5.993578e-08,0.0,9.298325e-06,5.316371e-07,299.81268,296.32687,302.62482,1.363461,0.07192348,0.0003262856,0.19033636,0.057063557,0.14635617,0.0018511651,0.23125054,0.04236659,112.34459,0.0,3545.9062,613.8989,0.018371475860476494,0.019170178115018643,0.8819248671788955,2.8692126653172636,2879.6562,0,0,0
2020-03-29,0.00043974983,0.0,0.10585785,0.006156958,2.1192763e-08,0.0,5.2452087e-06,3.0292497e-07,299.8842,294.10535,302.81726,1.6223631,0.09367612,0.00027552588,0.28399047,0.08025058,0.14911772,0.0018403678,0.26387253,0.044324826,88.39292,0.0,2879.6562,478.4205,0.39210317449760623,5.026838289370062,5.396524856303586,8.062175740657494,0.046151213,0.0,1.7824173,0.1827988,3.6292607e-07,0.0,3.33786e-05,2.1663398e-06,298.33606,293.46768,300.57495,1.2232966,0.10986098,0.0002621895,0.31187847,0.088725604,0.15056814,0.0018486461,0.2682105,0.045516595,89.65338,0.0,2963.25,486.10086,4.463146559894085,5.377089768648148,5.396259946763166,8.237830627151652,0.3455122,0.0,7.712364,1.0465537,2.544125e-06,0.0,4.851818e-05,7.511885e-06,296.36862,292.05984,298.97217,1.1878779,0.13389318,0.00034260922,0.34635854,0.09942325,0.15045895,0.0018505156,0.2645134,0.045622364,91.51232,0.0,3072.7812,497.65222,4.490291841328144,5.339905742555857,5.350108733415254,8.19167941380374,4.071483,0.0,24.130344,6.072341,3.58363e-05,0.0,0.00070750713,8.971683e-05,295.4295,290.40332,298.07162,1.0858424,0.10432932,0.00049480237,0.29395315,0.0689067,0.14695294,0.001850145,0.21869469,0.043028362,94.385864,0.0,3191.9062,514.9051,4.455613888800144,5.003797819837928,5.00459652209247,7.849742156593948,0.35069123,0.0,5.3343773,0.6617161,4.4630633e-06,0.0,0.00015830994,1.7120045e-05,299.09793,292.65134,302.8242,1.6168512,0.07634837,0.00037928377,0.19484746,0.058603868,0.14739926,0.0018520565,0.22940636,0.043252897,109.534164,0.0,3510.3125,598.77246,0.3690627049654722,0.36968656693352386,1.2326160962838912,3.217425665773135,2811.3438,0,0,0
2020-03-30,0.057364836,0.0,2.5453568,0.23643331,1.376205e-06,0.0,0.00013685226,1.1212598e-05,301.0418,293.24564,304.20236,1.9198365,0.083219364,0.0002524384,0.26212057,0.074117705,0.14720103,0.0018424862,0.2570292,0.042856958,87.394554,0.0,2811.3438,472.94547,0.103955799510004,4.905081899632933,5.453889692638768,8.106297749264286,0.00043974983,0.0,0.10585785,0.006156958,2.1192763e-08,0.0,5.2452087e-06,3.0292497e-07,299.8842,294.10535,302.81726,1.6223631,0.09367612,0.00027552588,0.28399047,0.08025058,0.14911772,0.0018403678,0.26387253,0.044324826,88.39292,0.0,2879.6562,478.4205,0.39210317449760623,5.026838289370062,5.396524856303586,8.062175740657494,0.046151213,0.0,1.7824173,0.1827988,3.6292607e-07,0.0,3.33786e-05,2.1663398e-06,298.33606,293.46768,300.57495,1.2232966,0.10986098,0.0002621895,0.31187847,0.088725604,0.15056814,0.0018486461,0.2682105,0.045516595,89.65338,0.0,2963.25,486.10086,4.463146559894085,5.377089768648148,5.396259946763166,8.237830627151652,0.3455122,0.0,7.712364,1.0465537,2.544125e-06,0.0,4.851818e-05,7.511885e-06,296.36862,292.05984,298.97217,1.1878779,0.13389318,0.00034260922,0.34635854,0.09942325,0.15045895,0.0018505156,0.2645134,0.045622364,91.51232,0.0,3072.7812,497.65222,4.490291841328144,5.339905742555857,5.350108733415254,8.19167941380374,0.17912123,0.0,6.07872,0.49913448,1.6467438e-06,0.0,5.8293343e-05,6.339861e-06,299.56973,293.37332,304.17996,1.8919399,0.07872129,0.00035410313,0.21815681,0.06050914,0.14726928,0.0018541613,0.22580169,0.043107904,105.89577,0.0,3477.625,579.1518,0.5387796424329281,0.5488077930058353,1.4051145841513062,3.3955084464528227,2757.9062,0,0,0
2020-03-31,0.0046279696,0.0,0.13399124,0.015670283,2.251731e-08,0.0,3.33786e-06,1.9820033e-07,300.3615,294.94577,304.18265,1.8299488,0.0789559,0.00028605325,0.24792601,0.06917013,0.1465898,0.0018381126,0.25243255,0.042287584,87.109085,0.0,2757.9062,471.82642,0.06243255574372597,4.598875610419782,5.45789380025235,8.108452788258091,0.057364836,0.0,2.5453568,0.23643331,1.376205e-06,0.0,0.00013685226,1.1212598e-05,301.0418,293.24564,304.20236,1.9198365,0.083219364,0.0002524384,0.26212057,0.074117705,0.14720103,0.0018424862,0.2570292,0.042856958,87.394554,0.0,2811.3438,472.94547,0.103955799510004,4.905081899632933,5.453889692638768,8.106297749264286,0.00043974983,0.0,0.10585785,0.006156958,2.1192763e-08,0.0,5.2452087e-06,3.0292497e-07,299.8842,294.10535,302.81726,1.6223631,0.09367612,0.00027552588,0.28399047,0.08025058,0.14911772,0.0018403678,0.26387253,0.044324826,88.39292,0.0,2879.6562,478.4205,0.39210317449760623,5.026838289370062,5.396524856303586,8.062175740657494,0.046151213,0.0,1.7824173,0.1827988,3.6292607e-07,0.0,3.33786e-05,2.1663398e-06,298.33606,293.46768,300.57495,1.2232966,0.10986098,0.0002621895,0.31187847,0.088725604,0.15056814,0.0018486461,0.2682105,0.045516595,89.65338,0.0,2963.25,486.10086,4.463146559894085,5.377089768648148,5.396259946763166,8.237830627151652,0.31083426,0.0,1.909256,0.41875902,1.862314e-06,0.0,5.4121017e-05,4.1001113e-06,300.013,294.6051,303.4714,1.4623263,0.07668718,0.0002878909,0.21722974,0.05918465,0.14636396,0.0018435601,0.2223655,0.042447094,102.05331,0.0,3412.5,558.27936,0.8406467139720917,0.8590181898325682,1.067484759274521,3.7062870742470295,3012.7812,0,0,0
2020-04-01,0.004143185,0.0,0.6904602,0.045073833,2.0795399e-07,0.0,3.7908554e-05,2.4129577e-06,300.01672,294.29138,302.842,1.6775266,0.075245425,0.0003103454,0.23233801,0.06415389,0.14581664,0.0018398496,0.245983,0.041574247,88.34474,0.0,3012.7812,479.4515,0.0661359908990562,4.529722300620051,5.46203698523459,8.112591999597498,0.0046279696,0.0,0.13399124,0.015670283,2.251731e-08,0.0,3.33786e-06,1.9820033e-07,300.3615,294.94577,304.18265,1.8299488,0.0789559,0.00028605325,0.24792601,0.06917013,0.1465898,0.0018381126,0.25243255,0.042287584,87.109085,0.0,2757.9062,471.82642,0.06243255574372597,4.598875610419782,5.45789380025235,8.108452788258091,0.057364836,0.0,2.5453568,0.23643331,1.376205e-06,0.0,0.00013685226,1.1212598e-05,301.0418,293.24564,304.20236,1.9198365,0.083219364,0.0002524384,0.26212057,0.074117705,0.14720103,0.0018424862,0.2570292,0.042856958,87.394554,0.0,2811.3438,472.94547,0.103955799510004,4.905081899632933,5.453889692638768,8.106297749264286,0.00043974983,0.0,0.10585785,0.006156958,2.1192763e-08,0.0,5.2452087e-06,3.0292497e-07,299.8842,294.10535,302.81726,1.6223631,0.09367612,0.00027552588,0.28399047,0.08025058,0.14911772,0.0018403678,0.26387253,0.044324826,88.39292,0.0,2879.6562,478.4205,0.39210317449760623,5.026838289370062,5.396524856303586,8.062175740657494,0.073296495,0.0,1.6517639,0.17505506,4.145834e-07,0.0,2.670288e-05,2.1521396e-06,299.44614,293.23843,302.99738,1.4724535,0.07629015,0.00035250853,0.21570617,0.05841486,0.14617959,0.0018477087,0.21818429,0.04229029,98.12301,0.0,3312.0312,536.5186,0.5632519796490669,0.9323146846145391,0.9391731922660256,3.779474956123977,3387.0625,0,0,0
2020-04-02,0.007197592,0.0,0.99277496,0.07428043,3.9074155e-07,0.0,5.6266785e-05,4.1276394e-06,301.6884,296.0253,304.8461,1.7513092,0.07197535,0.0002777516,0.21868508,0.060652487,0.14481293,0.0018350664,0.23967826,0.04078948,91.935005,0.0,3387.0625,500.21268,0.0159687465056777,0.4654367573384661,5.469234577176394,8.119526006557862,0.004143185,0.0,0.6904602,0.045073833,2.0795399e-07,0.0,3.7908554e-05,2.4129577e-06,300.01672,294.29138,302.842,1.6775266,0.075245425,0.0003103454,0.23233801,0.06415389,0.14581664,0.0018398496,0.245983,0.041574247,88.34474,0.0,3012.7812,479.4515,0.0661359908990562,4.529722300620051,5.46203698523459,8.112591999597498,0.0046279696,0.0,0.13399124,0.015670283,2.251731e-08,0.0,3.33786e-06,1.9820033e-07,300.3615,294.94577,304.18265,1.8299488,0.0789559,0.00028605325,0.24792601,0.06917013,0.1465898,0.0018381126,0.25243255,0.042287584,87.109085,0.0,2757.9062,471.82642,0.06243255574372597,4.598875610419782,5.45789380025235,8.108452788258091,0.057364836,0.0,2.5453568,0.23643331,1.376205e-06,0.0,0.00013685226,1.1212598e-05,301.0418,293.24564,304.20236,1.9198365,0.083219364,0.0002524384,0.26212057,0.074117705,0.14720103,0.0018424862,0.2570292,0.042856958,87.394554,0.0,2811.3438,472.94547,0.103955799510004,4.905081899632933,5.453889692638768,8.106297749264286,4.071483,0.0,24.130344,6.072341,3.58363e-05,0.0,0.00070750713,8.971683e-05,295.4295,290.40332,298.07162,1.0858424,0.10432932,0.00049480237,0.29395315,0.0689067,0.14695294,0.001850145,0.21869469,0.043028362,94.385864,0.0,3191.9062,514.9051,4.455613888800144,5.003797819837928,5.00459652209247,7.849742156593948,3709.25,0,0,0
2020-04-03,0.0075499215,0.0,1.080513,0.07582606,3.5497877e-07,0.0,5.90086e-05,3.9843167e-06,302.66013,296.92136,305.58118,1.8094604,0.06968546,0.00028228093,0.1984062,0.057957985,0.14370582,0.0018335022,0.23168617,0.040007766,98.55185,0.0,3709.25,538.0143,0.018890698440372944,0.12747446753201075,5.4673802100878675,8.074174820256303,0.007197592,0.0,0.99277496,0.07428043,3.9074155e-07,0.0,5.6266785e-05,4.1276394e-06,301.6884,296.0253,304.8461,1.7513092,0.07197535,0.0002777516,0.21868508,0.060652487,0.14481293,0.0018350664,0.23967826,0.04078948,91.935005,0.0,3387.0625,500.21268,0.0159687465056777,0.4654367573384661,5.469234577176394,8.119526006557862,0.004143185,0.0,0.6904602,0.045073833,2.0795399e-07,0.0,3.7908554e-05,2.4129577e-06,300.01672,294.29138,302.842,1.6775266,0.075245425,0.0003103454,0.23233801,0.06415389,0.14581664,0.0018398496,0.245983,0.041574247,88.34474,0.0,3012.7812,479.4515,0.0661359908990562,4.529722300620051,5.46203698523459,8.112591999597498,0.0046279696,0.0,0.13399124,0.015670283,2.251731e-08,0.0,3.33786e-06,1.9820033e-07,300.3615,294.94577,304.18265,1.8299488,0.0789559,0.00028605325,0.24792601,0.06917013,0.1465898,0.0018381126,0.25243255,0.042287584,87.109085,0.0,2757.9062,471.82642,0.06243255574372597,4.598875610419782,5.45789380025235,8.108452788258091,0.3455122,0.0,7.712364,1.0465537,2.544125e-06,0.0,4.851818e-05,7.511885e-06,296.36862,292.05984,298.97217,1.1878779,0.13389318,0.00034260922,0.34635854,0.09942325,0.15045895,0.0018505156,0.2645134,0.045622364,91.51232,0.0,3072.7812,497.65222,4.490291841328144,5.339905742555857,5.350108733415254,8.19167941380374,3868.9375,0,0,0
2020-04-04,0.065041915,0.0,1.7228127,0.25470644,5.357795e-07,0.0,3.528595e-05,2.95274e-06,303.39194,298.57642,305.80997,1.5533229,0.06849595,0.00028886352,0.19331573,0.056808826,0.14242853,0.0018275613,0.22317857,0.0390238,107.27871,0.0,3868.9375,586.50995,0.07978942804038525,0.14636516876635142,5.523454937414499,6.447834207487176,0.0075499215,0.0,1.080513,0.07582606,3.5497877e-07,0.0,5.90086e-05,3.9843167e-06,302.66013,296.92136,305.58118,1.8094604,0.06968546,0.00028228093,0.1984062,0.057957985,0.14370582,0.0018335022,0.23168617,0.040007766,98.55185,0.0,3709.25,538.0143,0.018890698440372944,0.12747446753201075,5.4673802100878675,8.074174820256303,0.007197592,0.0,0.99277496,0.07428043,3.9074155e-07,0.0,5.6266785e-05,4.1276394e-06,301.6884,296.0253,304.8461,1.7513092,0.07197535,0.0002777516,0.21868508,0.060652487,0.14481293,0.0018350664,0.23967826,0.04078948,91.935005,0.0,3387.0625,500.21268,0.0159687465056777,0.4654367573384661,5.469234577176394,8.119526006557862,0.004143185,0.0,0.6904602,0.045073833,2.0795399e-07,0.0,3.7908554e-05,2.4129577e-06,300.01672,294.29138,302.842,1.6775266,0.075245425,0.0003103454,0.23233801,0.06415389,0.14581664,0.0018398496,0.245983,0.041574247,88.34474,0.0,3012.7812,479.4515,0.0661359908990562,4.529722300620051,5.46203698523459,8.112591999597498,0.046151213,0.0,1.7824173,0.1827988,3.6292607e-07,0.0,3.33786e-05,2.1663398e-06,298.33606,293.46768,300.57495,1.2232966,0.10986098,0.0002621895,0.31187847,0.088725604,0.15056814,0.0018486461,0.2682105,0.045516595,89.65338,0.0,2963.25,486.10086,4.463146559894085,5.377089768648148,5.396259946763166,8.237830627151652,3842.125,0,0,0
2020-04-05,0.0,0.0,0.0,0.0,0.0,0.0,0.0,0.0,303.0228,298.1489,306.2319,1.6281824,0.06916121,0.0002789603,0.19650955,0.057083122,0.14221188,0.0018227362,0.21778738,0.038966756,114.9466,0.0,3842.125,627.14746,0.07259183609858155,0.14592541893944144,5.172763708309503,6.4053798045933945,0.065041915,0.0,1.7228127,0.25470644,5.357795e-07,0.0,3.528595e-05,2.95274e-06,303.39194,298.57642,305.80997,1.5533229,0.06849595,0.00028886352,0.19331573,0.056808826,0.14242853,0.0018275613,0.22317857,0.0390238,107.27871,0.0,3868.9375,586.50995,0.07978942804038525,0.14636516876635142,5.523454937414499,6.447834207487176,0.0075499215,0.0,1.080513,0.07582606,3.5497877e-07,0.0,5.90086e-05,3.9843167e-06,302.66013,296.92136,305.58118,1.8094604,0.06968546,0.00028228093,0.1984062,0.057957985,0.14370582,0.0018335022,0.23168617,0.040007766,98.55185,0.0,3709.25,538.0143,0.018890698440372944,0.12747446753201075,5.4673802100878675,8.074174820256303,0.007197592,0.0,0.99277496,0.07428043,3.9074155e-07,0.0,5.6266785e-05,4.1276394e-06,301.6884,296.0253,304.8461,1.7513092,0.07197535,0.0002777516,0.21868508,0.060652487,0.14481293,0.0018350664,0.23967826,0.04078948,91.935005,0.0,3387.0625,500.21268,0.0159687465056777,0.4654367573384661,5.469234577176394,8.119526006557862,0.00043974983,0.0,0.10585785,0.006156958,2.1192763e-08,0.0,5.2452087e-06,3.0292497e-07,299.8842,294.10535,302.81726,1.6223631,0.09367612,0.00027552588,0.28399047,0.08025058,0.14911772,0.0018403678,0.26387253,0.044324826,88.39292,0.0,2879.6562,478.4205,0.39210317449760623,5.026838289370062,5.396524856303586,8.062175740657494,3764.8438,0,0,0
2020-04-06,0.003610717,0.0,0.5569458,0.04162507,1.8543668e-07,0.0,3.0040741e-05,2.1275962e-06,303.189,298.33627,306.68945,1.733713,0.06889298,0.00028086486,0.18813562,0.056274287,0.14170995,0.0018287055,0.21274142,0.038696855,118.974976,0.0,3764.8438,648.17413,0.06865263148210943,0.09217129950411618,4.997253199137049,6.408990521493251,0.0,0.0,0.0,0.0,0.0,0.0,0.0,0.0,303.0228,298.1489,306.2319,1.6281824,0.06916121,0.0002789603,0.19650955,0.057083122,0.14221188,0.0018227362,0.21778738,0.038966756,114.9466,0.0,3842.125,627.14746,0.07259183609858155,0.14592541893944144,5.172763708309503,6.4053798045933945,0.065041915,0.0,1.7228127,0.25470644,5.357795e-07,0.0,3.528595e-05,2.95274e-06,303.39194,298.57642,305.80997,1.5533229,0.06849595,0.00028886352,0.19331573,0.056808826,0.14242853,0.0018275613,0.22317857,0.0390238,107.27871,0.0,3868.9375,586.50995,0.07978942804038525,0.14636516876635142,5.523454937414499,6.447834207487176,0.0075499215,0.0,1.080513,0.07582606,3.5497877e-07,0.0,5.90086e-05,3.9843167e-06,302.66013,296.92136,305.58118,1.8094604,0.06968546,0.00028228093,0.1984062,0.057957985,0.14370582,0.0018335022,0.23168617,0.040007766,98.55185,0.0,3709.25,538.0143,0.018890698440372944,0.12747446753201075,5.4673802100878675,8.074174820256303,0.057364836,0.0,2.5453568,0.23643331,1.376205e-06,0.0,0.00013685226,1.1212598e-05,301.0418,293.24564,304.20236,1.9198365,0.083219364,0.0002524384,0.26212057,0.074117705,0.14720103,0.0018424862,0.2570292,0.042856958,87.394554,0.0,2811.3438,472.94547,0.103955799510004,4.905081899632933,5.453889692638768,8.106297749264286,3760.0938,0,0,0
2020-04-07,0.006462468,0.0,1.1911392,0.08557301,3.6027697e-07,0.0,6.723404e-05,4.823451e-06,302.52234,298.89914,306.01242,1.5409998,0.06907864,0.00028134137,0.17881043,0.05596654,0.1416466,0.0018137157,0.20970581,0.038713053,119.73543,0.0,3760.0938,652.43536,0.010073184734210372,0.09400579775683582,4.692881408176618,6.415452989327605,0.003610717,0.0,0.5569458,0.04162507,1.8543668e-07,0.0,3.0040741e-05,2.1275962e-06,303.189,298.33627,306.68945,1.733713,0.06889298,0.00028086486,0.18813562,0.056274287,0.14170995,0.0018287055,0.21274142,0.038696855,118.974976,0.0,3764.8438,648.17413,0.06865263148210943,0.09217129950411618,4.997253199137049,6.408990521493251,0.0,0.0,0.0,0.0,0.0,0.0,0.0,0.0,303.0228,298.1489,306.2319,1.6281824,0.06916121,0.0002789603,0.19650955,0.057083122,0.14221188,0.0018227362,0.21778738,0.038966756,114.9466,0.0,3842.125,627.14746,0.07259183609858155,0.14592541893944144,5.172763708309503,6.4053798045933945,0.065041915,0.0,1.7228127,0.25470644,5.357795e-07,0.0,3.528595e-05,2.95274e-06,303.39194,298.57642,305.80997,1.5533229,0.06849595,0.00028886352,0.19331573,0.056808826,0.14242853,0.0018275613,0.22317857,0.0390238,107.27871,0.0,3868.9375,586.50995,0.07978942804038525,0.14636516876635142,5.523454937414499,6.447834207487176,0.0046279696,0.0,0.13399124,0.015670283,2.251731e-08,0.0,3.33786e-06,1.9820033e-07,300.3615,294.94577,304.18265,1.8299488,0.0789559,0.00028605325,0.24792601,0.06917013,0.1465898,0.0018381126,0.25243255,0.042287584,87.109085,0.0,2757.9062,471.82642,0.06243255574372597,4.598875610419782,5.45789380025235,8.108452788258091,3781.0,0,0,0
2020-04-08,0.000117884745,0.0,0.017166138,0.0010192986,0.0,0.0,0.0,0.0,302.55252,298.16977,306.11752,1.6211286,0.06863305,0.0002823365,0.17067786,0.05543919,0.14146073,0.0018157446,0.20639098,0.03873619,119.52221,0.0,3781.0,651.6495,0.010191069479333237,0.08998049751971848,4.61970279813977,6.408948135867831,0.006462468,0.0,1.1911392,0.08557301,3.6027697e-07,0.0,6.723404e-05,4.823451e-06,302.52234,298.89914,306.01242,1.5409998,0.06907864,0.00028134137,0.17881043,0.05596654,0.1416466,0.0018137157,0.20970581,0.038713053,119.73543,0.0,3760.0938,652.43536,0.010073184734210372,0.09400579775683582,4.692881408176618,6.415452989327605,0.003610717,0.0,0.5569458,0.04162507,1.8543668e-07,0.0,3.0040741e-05,2.1275962e-06,303.189,298.33627,306.68945,1.733713,0.06889298,0.00028086486,0.18813562,0.056274287,0.14170995,0.0018287055,0.21274142,0.038696855,118.974976,0.0,3764.8438,648.17413,0.06865263148210943,0.09217129950411618,4.997253199137049,6.408990521493251,0.0,0.0,0.0,0.0,0.0,0.0,0.0,0.0,303.0228,298.1489,306.2319,1.6281824,0.06916121,0.0002789603,0.19650955,0.057083122,0.14221188,0.0018227362,0.21778738,0.038966756,114.9466,0.0,3842.125,627.14746,0.07259183609858155,0.14592541893944144,5.172763708309503,6.4053798045933945,0.004143185,0.0,0.6904602,0.045073833,2.0795399e-07,0.0,3.7908554e-05,2.4129577e-06,300.01672,294.29138,302.842,1.6775266,0.075245425,0.0003103454,0.23233801,0.06415389,0.14581664,0.0018398496,0.245983,0.041574247,88.34474,0.0,3012.7812,479.4515,0.0661359908990562,4.529722300620051,5.46203698523459,8.112591999597498,3750.5312,0,0,0
2020-04-09,0.002559026,0.0,0.21648407,0.017613804,2.9140049e-08,0.0,4.2915344e-06,2.76053e-07,303.5783,298.442,306.42813,1.6809359,0.06784384,0.0002812664,0.16755255,0.05509335,0.140912,0.0018126671,0.20192213,0.03846247,119.47221,0.0,3750.5312,651.677,0.009139378584222868,0.08534193158266135,0.5507786889211275,5.763043078201008,0.000117884745,0.0,0.017166138,0.0010192986,0.0,0.0,0.0,0.0,302.55252,298.16977,306.11752,1.6211286,0.06863305,0.0002823365,0.17067786,0.05543919,0.14146073,0.0018157446,0.20639098,0.03873619,119.52221,0.0,3781.0,651.6495,0.010191069479333237,0.08998049751971848,4.61970279813977,6.408948135867831,0.006462468,0.0,1.1911392,0.08557301,3.6027697e-07,0.0,6.723404e-05,4.823451e-06,302.52234,298.89914,306.01242,1.5409998,0.06907864,0.00028134137,0.17881043,0.05596654,0.1416466,0.0018137157,0.20970581,0.038713053,119.73543,0.0,3760.0938,652.43536,0.010073184734210372,0.09400579775683582,4.692881408176618,6.415452989327605,0.003610717,0.0,0.5569458,0.04162507,1.8543668e-07,0.0,3.0040741e-05,2.1275962e-06,303.189,298.33627,306.68945,1.733713,0.06889298,0.00028086486,0.18813562,0.056274287,0.14170995,0.0018287055,0.21274142,0.038696855,118.974976,0.0,3764.8438,648.17413,0.06865263148210943,0.09217129950411618,4.997253199137049,6.408990521493251,0.007197592,0.0,0.99277496,0.07428043,3.9074155e-07,0.0,5.6266785e-05,4.1276394e-06,301.6884,296.0253,304.8461,1.7513092,0.07197535,0.0002777516,0.21868508,0.060652487,0.14481293,0.0018350664,0.23967826,0.04078948,91.935005,0.0,3387.0625,500.21268,0.0159687465056777,0.4654367573384661,5.469234577176394,8.119526006557862,3717.9062,0,0,0
2020-04-10,0.0,0.0,0.0,0.0,0.0,0.0,0.0,0.0,303.73627,298.65067,306.6156,1.6461196,0.06855399,0.00027785325,0.17077638,0.056116104,0.14122492,0.0018136975,0.20067705,0.03873521,119.34855,0.0,3717.9062,651.2053,0.002676910749869421,0.0777920100663323,0.20526647759834304,5.561435016410542,0.002559026,0.0,0.21648407,0.017613804,2.9140049e-08,0.0,4.2915344e-06,2.76053e-07,303.5783,298.442,306.42813,1.6809359,0.06784384,0.0002812664,0.16755255,0.05509335,0.140912,0.0018126671,0.20192213,0.03846247,119.47221,0.0,3750.5312,651.677,0.009139378584222868,0.08534193158266135,0.5507786889211275,5.763043078201008,0.000117884745,0.0,0.017166138,0.0010192986,0.0,0.0,0.0,0.0,302.55252,298.16977,306.11752,1.6211286,0.06863305,0.0002823365,0.17067786,0.05543919,0.14146073,0.0018157446,0.20639098,0.03873619,119.52221,0.0,3781.0,651.6495,0.010191069479333237,0.08998049751971848,4.61970279813977,6.408948135867831,0.006462468,0.0,1.1911392,0.08557301,3.6027697e-07,0.0,6.723404e-05,4.823451e-06,302.52234,298.89914,306.01242,1.5409998,0.06907864,0.00028134137,0.17881043,0.05596654,0.1416466,0.0018137157,0.20970581,0.038713053,119.73543,0.0,3760.0938,652.43536,0.010073184734210372,0.09400579775683582,4.692881408176618,6.415452989327605,0.0075499215,0.0,1.080513,0.07582606,3.5497877e-07,0.0,5.90086e-05,3.9843167e-06,302.66013,296.92136,305.58118,1.8094604,0.06968546,0.00028228093,0.1984062,0.057957985,0.14370582,0.0018335022,0.23168617,0.040007766,98.55185,0.0,3709.25,538.0143,0.018890698440372944,0.12747446753201075,5.4673802100878675,8.074174820256303,3702.75,0,0,0
2020-04-11,0.009021495,0.0,1.2021065,0.09164248,4.7683716e-07,0.0,6.532669e-05,4.8473235e-06,304.9606,299.4542,308.28818,1.708168,0.067089036,0.00027698962,0.1694213,0.05472437,0.14035104,0.0018075039,0.19794653,0.038167298,118.54434,0.0,3702.75,647.0169,0.01158052054233849,0.021771590021671727,0.16813675878802314,5.564396705551189,0.0,0.0,0.0,0.0,0.0,0.0,0.0,0.0,303.73627,298.65067,306.6156,1.6461196,0.06855399,0.00027785325,0.17077638,0.056116104,0.14122492,0.0018136975,0.20067705,0.03873521,119.34855,0.0,3717.9062,651.2053,0.002676910749869421,0.0777920100663323,0.20526647759834304,5.561435016410542,0.002559026,0.0,0.21648407,0.017613804,2.9140049e-08,0.0,4.2915344e-06,2.76053e-07,303.5783,298.442,306.42813,1.6809359,0.06784384,0.0002812664,0.16755255,0.05509335,0.140912,0.0018126671,0.20192213,0.03846247,119.47221,0.0,3750.5312,651.677,0.009139378584222868,0.08534193158266135,0.5507786889211275,5.763043078201008,0.000117884745,0.0,0.017166138,0.0010192986,0.0,0.0,0.0,0.0,302.55252,298.16977,306.11752,1.6211286,0.06863305,0.0002823365,0.17067786,0.05543919,0.14146073,0.0018157446,0.20639098,0.03873619,119.52221,0.0,3781.0,651.6495,0.010191069479333237,0.08998049751971848,4.61970279813977,6.408948135867831,0.065041915,0.0,1.7228127,0.25470644,5.357795e-07,0.0,3.528595e-05,2.95274e-06,303.39194,298.57642,305.80997,1.5533229,0.06849595,0.00028886352,0.19331573,0.056808826,0.14242853,0.0018275613,0.22317857,0.0390238,107.27871,0.0,3868.9375,586.50995,0.07978942804038525,0.14636516876635142,5.523454937414499,6.447834207487176,3683.0312,0,0,0
2020-04-12,0.00024371677,0.0,0.02002716,0.0017407924,0.0,0.0,0.0,0.0,305.94876,299.83997,308.95047,1.6572801,0.06605736,0.00027950728,0.16710193,0.0537239,0.13922562,0.0018059945,0.19530903,0.037447143,116.76991,0.0,3683.0312,637.59814,0.009265211308957078,0.02201530679303687,0.1679407257324783,5.5646404223225545,0.009021495,0.0,1.2021065,0.09164248,4.7683716e-07,0.0,6.532669e-05,4.8473235e-06,304.9606,299.4542,308.28818,1.708168,0.067089036,0.00027698962,0.1694213,0.05472437,0.14035104,0.0018075039,0.19794653,0.038167298,118.54434,0.0,3702.75,647.0169,0.01158052054233849,0.021771590021671727,0.16813675878802314,5.564396705551189,0.0,0.0,0.0,0.0,0.0,0.0,0.0,0.0,303.73627,298.65067,306.6156,1.6461196,0.06855399,0.00027785325,0.17077638,0.056116104,0.14122492,0.0018136975,0.20067705,0.03873521,119.34855,0.0,3717.9062,651.2053,0.002676910749869421,0.0777920100663323,0.20526647759834304,5.561435016410542,0.002559026,0.0,0.21648407,0.017613804,2.9140049e-08,0.0,4.2915344e-06,2.76053e-07,303.5783,298.442,306.42813,1.6809359,0.06784384,0.0002812664,0.16755255,0.05509335,0.140912,0.0018126671,0.20192213,0.03846247,119.47221,0.0,3750.5312,651.677,0.009139378584222868,0.08534193158266135,0.5507786889211275,5.763043078201008,0.0,0.0,0.0,0.0,0.0,0.0,0.0,0.0,303.0228,298.1489,306.2319,1.6281824,0.06916121,0.0002789603,0.19650955,0.057083122,0.14221188,0.0018227362,0.21778738,0.038966756,114.9466,0.0,3842.125,627.14746,0.07259183609858155,0.14592541893944144,5.172763708309503,6.4053798045933945,3660.0625,0,0,0
2020-04-13,0.0,0.0,0.0,0.0,0.0,0.0,0.0,0.0,305.02505,299.2104,309.49725,2.1659245,0.06826126,0.00027643205,0.1730765,0.055917583,0.1402426,0.0018006958,0.20346023,0.038256973,114.10892,0.0,3660.0625,623.31866,0.009265211308957078,0.018404589893179946,0.11057588939729612,5.5646404223225545,0.00024371677,0.0,0.02002716,0.0017407924,0.0,0.0,0.0,0.0,305.94876,299.83997,308.95047,1.6572801,0.06605736,0.00027950728,0.16710193,0.0537239,0.13922562,0.0018059945,0.19530903,0.037447143,116.76991,0.0,3683.0312,637.59814,0.009265211308957078,0.02201530679303687,0.1679407257324783,5.5646404223225545,0.009021495,0.0,1.2021065,0.09164248,4.7683716e-07,0.0,6.532669e-05,4.8473235e-06,304.9606,299.4542,308.28818,1.708168,0.067089036,0.00027698962,0.1694213,0.05472437,0.14035104,0.0018075039,0.19794653,0.038167298,118.54434,0.0,3702.75,647.0169,0.01158052054233849,0.021771590021671727,0.16813675878802314,5.564396705551189,0.0,0.0,0.0,0.0,0.0,0.0,0.0,0.0,303.73627,298.65067,306.6156,1.6461196,0.06855399,0.00027785325,0.17077638,0.056116104,0.14122492,0.0018136975,0.20067705,0.03873521,119.34855,0.0,3717.9062,651.2053,0.002676910749869421,0.0777920100663323,0.20526647759834304,5.561435016410542,0.003610717,0.0,0.5569458,0.04162507,1.8543668e-07,0.0,3.0040741e-05,2.1275962e-06,303.189,298.33627,306.68945,1.733713,0.06889298,0.00028086486,0.18813562,0.056274287,0.14170995,0.0018287055,0.21274142,0.038696855,118.974976,0.0,3764.8438,648.17413,0.06865263148210943,0.09217129950411618,4.997253199137049,6.408990521493251,3609.7812,0,0,0
2020-04-14,0.010759301,0.0,1.8939972,0.11631252,4.781617e-07,0.0,8.8214874e-05,5.4722414e-06,304.23257,299.53876,308.727,1.9310409,0.07017824,0.0003042718,0.17576063,0.05668603,0.141313,0.001796834,0.20650811,0.039084233,111.01911,0.0,3609.7812,606.56995,0.011003017323673703,0.022701422611135058,0.11670722036797088,5.575224882588373,0.0,0.0,0.0,0.0,0.0,0.0,0.0,0.0,305.02505,299.2104,309.49725,2.1659245,0.06826126,0.00027643205,0.1730765,0.055917583,0.1402426,0.0018006958,0.20346023,0.038256973,114.10892,0.0,3660.0625,623.31866,0.009265211308957078,0.018404589893179946,0.11057588939729612,5.5646404223225545,0.00024371677,0.0,0.02002716,0.0017407924,0.0,0.0,0.0,0.0,305.94876,299.83997,308.95047,1.6572801,0.06605736,0.00027950728,0.16710193,0.0537239,0.13922562,0.0018059945,0.19530903,0.037447143,116.76991,0.0,3683.0312,637.59814,0.009265211308957078,0.02201530679303687,0.1679407257324783,5.5646404223225545,0.009021495,0.0,1.2021065,0.09164248,4.7683716e-07,0.0,6.532669e-05,4.8473235e-06,304.9606,299.4542,308.28818,1.708168,0.067089036,0.00027698962,0.1694213,0.05472437,0.14035104,0.0018075039,0.19794653,0.038167298,118.54434,0.0,3702.75,647.0169,0.01158052054233849,0.021771590021671727,0.16813675878802314,5.564396705551189,0.006462468,0.0,1.1911392,0.08557301,3.6027697e-07,0.0,6.723404e-05,4.823451e-06,302.52234,298.89914,306.01242,1.5409998,0.06907864,0.00028134137,0.17881043,0.05596654,0.1416466,0.0018137157,0.20970581,0.038713053,119.73543,0.0,3760.0938,652.43536,0.010073184734210372,0.09400579775683582,4.692881408176618,6.415452989327605,3523.2812,0,0,0
2020-04-15,0.014434921,0.0,0.9069443,0.06800325,1.0265244e-07,0.0,9.059906e-06,6.6447393e-07,304.86395,299.9045,307.1909,1.6126279,0.06948556,0.00036632456,0.17211352,0.055669986,0.14094736,0.0018067681,0.2058829,0.03889239,107.97225,0.0,3523.2812,589.963,0.025194221176207066,0.0370184584899107,0.12699895600962918,5.589659803212271,0.010759301,0.0,1.8939972,0.11631252,4.781617e-07,0.0,8.8214874e-05,5.4722414e-06,304.23257,299.53876,308.727,1.9310409,0.07017824,0.0003042718,0.17576063,0.05668603,0.141313,0.001796834,0.20650811,0.039084233,111.01911,0.0,3609.7812,606.56995,0.011003017323673703,0.022701422611135058,0.11670722036797088,5.575224882588373,0.0,0.0,0.0,0.0,0.0,0.0,0.0,0.0,305.02505,299.2104,309.49725,2.1659245,0.06826126,0.00027643205,0.1730765,0.055917583,0.1402426,0.0018006958,0.20346023,0.038256973,114.10892,0.0,3660.0625,623.31866,0.009265211308957078,0.018404589893179946,0.11057588939729612,5.5646404223225545,0.00024371677,0.0,0.02002716,0.0017407924,0.0,0.0,0.0,0.0,305.94876,299.83997,308.95047,1.6572801,0.06605736,0.00027950728,0.16710193,0.0537239,0.13922562,0.0018059945,0.19530903,0.037447143,116.76991,0.0,3683.0312,637.59814,0.009265211308957078,0.02201530679303687,0.1679407257324783,5.5646404223225545,0.000117884745,0.0,0.017166138,0.0010192986,0.0,0.0,0.0,0.0,302.55252,298.16977,306.11752,1.6211286,0.06863305,0.0002823365,0.17067786,0.05543919,0.14146073,0.0018157446,0.20639098,0.03873619,119.52221,0.0,3781.0,651.6495,0.010191069479333237,0.08998049751971848,4.61970279813977,6.408948135867831,3424.7812,0,0,0
2020-04-16,0.03563033,0.0,1.0728836,0.11125145,1.35435e-07,0.0,3.695488e-06,4.1847625e-07,304.55585,299.98605,307.57022,1.6626269,0.07079818,0.00036240197,0.17483139,0.056909468,0.14136037,0.0018075068,0.2075405,0.039296,104.989784,0.0,3424.7812,573.69543,0.06082455161958933,0.0700897629285464,0.15543169451120775,5.624666271687602,0.014434921,0.0,0.9069443,0.06800325,1.0265244e-07,0.0,9.059906e-06,6.6447393e-07,304.86395,299.9045,307.1909,1.6126279,0.06948556,0.00036632456,0.17211352,0.055669986,0.14094736,0.0018067681,0.2058829,0.03889239,107.97225,0.0,3523.2812,589.963,0.025194221176207066,0.0370184584899107,0.12699895600962918,5.589659803212271,0.010759301,0.0,1.8939972,0.11631252,4.781617e-07,0.0,8.8214874e-05,5.4722414e-06,304.23257,299.53876,308.727,1.9310409,0.07017824,0.0003042718,0.17576063,0.05668603,0.141313,0.001796834,0.20650811,0.039084233,111.01911,0.0,3609.7812,606.56995,0.011003017323673703,0.022701422611135058,0.11670722036797088,5.575224882588373,0.0,0.0,0.0,0.0,0.0,0.0,0.0,0.0,305.02505,299.2104,309.49725,2.1659245,0.06826126,0.00027643205,0.1730765,0.055917583,0.1402426,0.0018006958,0.20346023,0.038256973,114.10892,0.0,3660.0625,623.31866,0.009265211308957078,0.018404589893179946,0.11057588939729612,5.5646404223225545,0.002559026,0.0,0.21648407,0.017613804,2.9140049e-08,0.0,4.2915344e-06,2.76053e-07,303.5783,298.442,306.42813,1.6809359,0.06784384,0.0002812664,0.16755255,0.05509335,0.140912,0.0018126671,0.20192213,0.03846247,119.47221,0.0,3750.5312,651.677,0.009139378584222868,0.08534193158266135,0.5507786889211275,5.763043078201008,3328.4688,0,0,0
2020-04-17,0.009808276,0.0,0.49686432,0.04693747,1.3709068e-07,0.0,1.8119812e-05,1.2653401e-06,304.70346,299.90976,307.62906,1.628419,0.070155285,0.0003054187,0.17534535,0.055684585,0.14094856,0.001806911,0.20331448,0.038974326,102.30694,0.0,3328.4688,559.03467,0.05987352691590786,0.0798980387771735,0.1576900488435058,5.634474547536229,0.03563033,0.0,1.0728836,0.11125145,1.35435e-07,0.0,3.695488e-06,4.1847625e-07,304.55585,299.98605,307.57022,1.6626269,0.07079818,0.00036240197,0.17483139,0.056909468,0.14136037,0.0018075068,0.2075405,0.039296,104.989784,0.0,3424.7812,573.69543,0.06082455161958933,0.0700897629285464,0.15543169451120775,5.624666271687602,0.014434921,0.0,0.9069443,0.06800325,1.0265244e-07,0.0,9.059906e-06,6.6447393e-07,304.86395,299.9045,307.1909,1.6126279,0.06948556,0.00036632456,0.17211352,0.055669986,0.14094736,0.0018067681,0.2058829,0.03889239,107.97225,0.0,3523.2812,589.963,0.025194221176207066,0.0370184584899107,0.12699895600962918,5.589659803212271,0.010759301,0.0,1.8939972,0.11631252,4.781617e-07,0.0,8.8214874e-05,5.4722414e-06,304.23257,299.53876,308.727,1.9310409,0.07017824,0.0003042718,0.17576063,0.05668603,0.141313,0.001796834,0.20650811,0.039084233,111.01911,0.0,3609.7812,606.56995,0.011003017323673703,0.022701422611135058,0.11670722036797088,5.575224882588373,0.0,0.0,0.0,0.0,0.0,0.0,0.0,0.0,303.73627,298.65067,306.6156,1.6461196,0.06855399,0.00027785325,0.17077638,0.056116104,0.14122492,0.0018136975,0.20067705,0.03873521,119.34855,0.0,3717.9062,651.2053,0.002676910749869421,0.0777920100663323,0.20526647759834304,5.561435016410542,3232.5312,0,0,0
2020-04-18,0.011196401,0.0,1.1453629,0.08829823,1.9338395e-07,0.0,3.385544e-05,1.9773877e-06,303.6675,299.7453,307.35086,1.6014597,0.06763186,0.00028452263,0.16983575,0.053996164,0.14026935,0.001806009,0.20026053,0.0384835,99.91826,0.0,3232.5312,545.96826,0.05663500726222992,0.08207294520980213,0.10384453523147386,5.645670948506449,0.009808276,0.0,0.49686432,0.04693747,1.3709068e-07,0.0,1.8119812e-05,1.2653401e-06,304.70346,299.90976,307.62906,1.628419,0.070155285,0.0003054187,0.17534535,0.055684585,0.14094856,0.001806911,0.20331448,0.038974326,102.30694,0.0,3328.4688,559.03467,0.05987352691590786,0.0798980387771735,0.1576900488435058,5.634474547536229,0.03563033,0.0,1.0728836,0.11125145,1.35435e-07,0.0,3.695488e-06,4.1847625e-07,304.55585,299.98605,307.57022,1.6626269,0.07079818,0.00036240197,0.17483139,0.056909468,0.14136037,0.0018075068,0.2075405,0.039296,104.989784,0.0,3424.7812,573.69543,0.06082455161958933,0.0700897629285464,0.15543169451120775,5.624666271687602,0.014434921,0.0,0.9069443,0.06800325,1.0265244e-07,0.0,9.059906e-06,6.6447393e-07,304.86395,299.9045,307.1909,1.6126279,0.06948556,0.00036632456,0.17211352,0.055669986,0.14094736,0.0018067681,0.2058829,0.03889239,107.97225,0.0,3523.2812,589.963,0.025194221176207066,0.0370184584899107,0.12699895600962918,5.589659803212271,0.009021495,0.0,1.2021065,0.09164248,4.7683716e-07,0.0,6.532669e-05,4.8473235e-06,304.9606,299.4542,308.28818,1.708168,0.067089036,0.00027698962,0.1694213,0.05472437,0.14035104,0.0018075039,0.19794653,0.038167298,118.54434,0.0,3702.75,647.0169,0.01158052054233849,0.021771590021671727,0.16813675878802314,5.564396705551189,3144.9688,0,0,0
2020-04-19,0.11781984,0.0,4.0621758,0.3610564,1.8007225e-06,0.0,0.00022101402,1.4899768e-05,303.85486,298.4514,307.08444,1.5790642,0.06713901,0.00027098414,0.16590835,0.05322555,0.13949013,0.0017947425,0.19668381,0.037962303,97.732025,0.0,3144.9688,534.0197,0.13882451504468918,0.1996490666642785,0.22166437345731538,5.754086498127435,0.011196401,0.0,1.1453629,0.08829823,1.9338395e-07,0.0,3.385544e-05,1.9773877e-06,303.6675,299.7453,307.35086,1.6014597,0.06763186,0.00028452263,0.16983575,0.053996164,0.14026935,0.001806009,0.20026053,0.0384835,99.91826,0.0,3232.5312,545.96826,0.05663500726222992,0.08207294520980213,0.10384453523147386,5.645670948506449,0.009808276,0.0,0.49686432,0.04693747,1.3709068e-07,0.0,1.8119812e-05,1.2653401e-06,304.70346,299.90976,307.62906,1.628419,0.070155285,0.0003054187,0.17534535,0.055684585,0.14094856,0.001806911,0.20331448,0.038974326,102.30694,0.0,3328.4688,559.03467,0.05987352691590786,0.0798980387771735,0.1576900488435058,5.634474547536229,0.03563033,0.0,1.0728836,0.11125145,1.35435e-07,0.0,3.695488e-06,4.1847625e-07,304.55585,299.98605,307.57022,1.6626269,0.07079818,0.00036240197,0.17483139,0.056909468,0.14136037,0.0018075068,0.2075405,0.039296,104.989784,0.0,3424.7812,573.69543,0.06082455161958933,0.0700897629285464,0.15543169451120775,5.624666271687602,0.00024371677,0.0,0.02002716,0.0017407924,0.0,0.0,0.0,0.0,305.94876,299.83997,308.95047,1.6572801,0.06605736,0.00027950728,0.16710193,0.0537239,0.13922562,0.0018059945,0.19530903,0.037447143,116.76991,0.0,3683.0312,637.59814,0.009265211308957078,0.02201530679303687,0.1679407257324783,5.5646404223225545,3073.125,0,0,0
2020-04-20,0.03591246,0.0,1.2178421,0.13713813,4.1392116e-07,0.0,5.6505203e-05,3.824658e-06,303.56198,298.15967,306.3457,1.3568943,0.068070695,0.00030820552,0.16655716,0.053722333,0.13926515,0.0018016131,0.1983062,0.037882738,95.83426,0.0,3073.125,523.6328,0.16492870077490807,0.23556152824312449,0.25396611813630443,5.78103177245066,0.11781984,0.0,4.0621758,0.3610564,1.8007225e-06,0.0,0.00022101402,1.4899768e-05,303.85486,298.4514,307.08444,1.5790642,0.06713901,0.00027098414,0.16590835,0.05322555,0.13949013,0.0017947425,0.19668381,0.037962303,97.732025,0.0,3144.9688,534.0197,0.13882451504468918,0.1996490666642785,0.22166437345731538,5.754086498127435,0.011196401,0.0,1.1453629,0.08829823,1.9338395e-07,0.0,3.385544e-05,1.9773877e-06,303.6675,299.7453,307.35086,1.6014597,0.06763186,0.00028452263,0.16983575,0.053996164,0.14026935,0.001806009,0.20026053,0.0384835,99.91826,0.0,3232.5312,545.96826,0.05663500726222992,0.08207294520980213,0.10384453523147386,5.645670948506449,0.009808276,0.0,0.49686432,0.04693747,1.3709068e-07,0.0,1.8119812e-05,1.2653401e-06,304.70346,299.90976,307.62906,1.628419,0.070155285,0.0003054187,0.17534535,0.055684585,0.14094856,0.001806911,0.20331448,0.038974326,102.30694,0.0,3328.4688,559.03467,0.05987352691590786,0.0798980387771735,0.1576900488435058,5.634474547536229,0.0,0.0,0.0,0.0,0.0,0.0,0.0,0.0,305.02505,299.2104,309.49725,2.1659245,0.06826126,0.00027643205,0.1730765,0.055917583,0.1402426,0.0018006958,0.20346023,0.038256973,114.10892,0.0,3660.0625,623.31866,0.009265211308957078,0.018404589893179946,0.11057588939729612,5.5646404223225545,3009.4688,0,0,0
2020-04-21,0.0007006857,0.0,0.07724762,0.005849746,1.3245477e-09,0.0,4.7683716e-07,2.5096593e-08,305.01004,300.38882,308.29312,1.7052851,0.067969166,0.0002842356,0.16933954,0.053882018,0.13902885,0.001797318,0.20002492,0.037831925,94.41984,0.0,3009.4688,515.8354,0.15443298552418128,0.2255029134103097,0.24820433602144476,5.431041229065158,0.03591246,0.0,1.2178421,0.13713813,4.1392116e-07,0.0,5.6505203e-05,3.824658e-06,303.56198,298.15967,306.3457,1.3568943,0.068070695,0.00030820552,0.16655716,0.053722333,0.13926515,0.0018016131,0.1983062,0.037882738,95.83426,0.0,3073.125,523.6328,0.16492870077490807,0.23556152824312449,0.25396611813630443,5.78103177245066,0.11781984,0.0,4.0621758,0.3610564,1.8007225e-06,0.0,0.00022101402,1.4899768e-05,303.85486,298.4514,307.08444,1.5790642,0.06713901,0.00027098414,0.16590835,0.05322555,0.13949013,0.0017947425,0.19668381,0.037962303,97.732025,0.0,3144.9688,534.0197,0.13882451504468918,0.1996490666642785,0.22166437345731538,5.754086498127435,0.011196401,0.0,1.1453629,0.08829823,1.9338395e-07,0.0,3.385544e-05,1.9773877e-06,303.6675,299.7453,307.35086,1.6014597,0.06763186,0.00028452263,0.16983575,0.053996164,0.14026935,0.001806009,0.20026053,0.0384835,99.91826,0.0,3232.5312,545.96826,0.05663500726222992,0.08207294520980213,0.10384453523147386,5.645670948506449,0.010759301,0.0,1.8939972,0.11631252,4.781617e-07,0.0,8.8214874e-05,5.4722414e-06,304.23257,299.53876,308.727,1.9310409,0.07017824,0.0003042718,0.17576063,0.05668603,0.141313,0.001796834,0.20650811,0.039084233,111.01911,0.0,3609.7812,606.56995,0.011003017323673703,0.022701422611135058,0.11670722036797088,5.575224882588373,3027.25,0,0,0
2020-04-22,0.036248896,0.0,0.84781647,0.10692394,2.2186174e-07,0.0,1.9550323e-05,1.2784552e-06,305.85065,301.10794,308.87363,1.6126963,0.06827022,0.00027955478,0.16854201,0.054238956,0.1388807,0.0017956145,0.20179956,0.037838865,93.889786,0.0,3027.25,512.9118,0.07286204356933013,0.24731688905740157,0.28433534754731227,5.288168899263837,0.0007006857,0.0,0.07724762,0.005849746,1.3245477e-09,0.0,4.7683716e-07,2.5096593e-08,305.01004,300.38882,308.29312,1.7052851,0.067969166,0.0002842356,0.16933954,0.053882018,0.13902885,0.001797318,0.20002492,0.037831925,94.41984,0.0,3009.4688,515.8354,0.15443298552418128,0.2255029134103097,0.24820433602144476,5.431041229065158,0.03591246,0.0,1.2178421,0.13713813,4.1392116e-07,0.0,5.6505203e-05,3.824658e-06,303.56198,298.15967,306.3457,1.3568943,0.068070695,0.00030820552,0.16655716,0.053722333,0.13926515,0.0018016131,0.1983062,0.037882738,95.83426,0.0,3073.125,523.6328,0.16492870077490807,0.23556152824312449,0.25396611813630443,5.78103177245066,0.11781984,0.0,4.0621758,0.3610564,1.8007225e-06,0.0,0.00022101402,1.4899768e-05,303.85486,298.4514,307.08444,1.5790642,0.06713901,0.00027098414,0.16590835,0.05322555,0.13949013,0.0017947425,0.19668381,0.037962303,97.732025,0.0,3144.9688,534.0197,0.13882451504468918,0.1996490666642785,0.22166437345731538,5.754086498127435,0.014434921,0.0,0.9069443,0.06800325,1.0265244e-07,0.0,9.059906e-06,6.6447393e-07,304.86395,299.9045,307.1909,1.6126279,0.06948556,0.00036632456,0.17211352,0.055669986,0.14094736,0.0018067681,0.2058829,0.03889239,107.97225,0.0,3523.2812,589.963,0.025194221176207066,0.0370184584899107,0.12699895600962918,5.589659803212271,3219.4688,0,0,0
2020-04-23,0.07318258,0.0,1.4448166,0.19692726,5.7684053e-07,0.0,4.887581e-05,3.2108824e-06,305.08566,300.42648,308.3027,1.4296774,0.07011123,0.00028851503,0.17418276,0.056043275,0.1390237,0.0017894768,0.20389533,0.0380241,94.73458,0.0,3219.4688,517.79584,0.11013216484570876,0.2848691414692439,0.3549589043977903,5.050517223324277,0.036248896,0.0,0.84781647,0.10692394,2.2186174e-07,0.0,1.9550323e-05,1.2784552e-06,305.85065,301.10794,308.87363,1.6126963,0.06827022,0.00027955478,0.16854201,0.054238956,0.1388807,0.0017956145,0.20179956,0.037838865,93.889786,0.0,3027.25,512.9118,0.07286204356933013,0.24731688905740157,0.28433534754731227,5.288168899263837,0.0007006857,0.0,0.07724762,0.005849746,1.3245477e-09,0.0,4.7683716e-07,2.5096593e-08,305.01004,300.38882,308.29312,1.7052851,0.067969166,0.0002842356,0.16933954,0.053882018,0.13902885,0.001797318,0.20002492,0.037831925,94.41984,0.0,3009.4688,515.8354,0.15443298552418128,0.2255029134103097,0.24820433602144476,5.431041229065158,0.03591246,0.0,1.2178421,0.13713813,4.1392116e-07,0.0,5.6505203e-05,3.824658e-06,303.56198,298.15967,306.3457,1.3568943,0.068070695,0.00030820552,0.16655716,0.053722333,0.13926515,0.0018016131,0.1983062,0.037882738,95.83426,0.0,3073.125,523.6328,0.16492870077490807,0.23556152824312449,0.25396611813630443,5.78103177245066,0.03563033,0.0,1.0728836,0.11125145,1.35435e-07,0.0,3.695488e-06,4.1847625e-07,304.55585,299.98605,307.57022,1.6626269,0.07079818,0.00036240197,0.17483139,0.056909468,0.14136037,0.0018075068,0.2075405,0.039296,104.989784,0.0,3424.7812,573.69543,0.06082455161958933,0.0700897629285464,0.15543169451120775,5.624666271687602,3428.4062,0,0,0
2020-04-24,0.024031268,0.0,1.7576218,0.1396251,6.616116e-07,0.0,7.9631805e-05,5.969528e-06,305.17917,300.79208,307.8134,1.5833366,0.06941233,0.00033376753,0.17779094,0.05595594,0.13856436,0.0017896722,0.20350455,0.03772898,97.28433,0.0,3428.4062,532.42975,0.13346274755895138,0.2990921340533532,0.3789901728305267,5.001251996975043,0.07318258,0.0,1.4448166,0.19692726,5.7684053e-07,0.0,4.887581e-05,3.2108824e-06,305.08566,300.42648,308.3027,1.4296774,0.07011123,0.00028851503,0.17418276,0.056043275,0.1390237,0.0017894768,0.20389533,0.0380241,94.73458,0.0,3219.4688,517.79584,0.11013216484570876,0.2848691414692439,0.3549589043977903,5.050517223324277,0.036248896,0.0,0.84781647,0.10692394,2.2186174e-07,0.0,1.9550323e-05,1.2784552e-06,305.85065,301.10794,308.87363,1.6126963,0.06827022,0.00027955478,0.16854201,0.054238956,0.1388807,0.0017956145,0.20179956,0.037838865,93.889786,0.0,3027.25,512.9118,0.07286204356933013,0.24731688905740157,0.28433534754731227,5.288168899263837,0.0007006857,0.0,0.07724762,0.005849746,1.3245477e-09,0.0,4.7683716e-07,2.5096593e-08,305.01004,300.38882,308.29312,1.7052851,0.067969166,0.0002842356,0.16933954,0.053882018,0.13902885,0.001797318,0.20002492,0.037831925,94.41984,0.0,3009.4688,515.8354,0.15443298552418128,0.2255029134103097,0.24820433602144476,5.431041229065158,0.009808276,0.0,0.49686432,0.04693747,1.3709068e-07,0.0,1.8119812e-05,1.2653401e-06,304.70346,299.90976,307.62906,1.628419,0.070155285,0.0003054187,0.17534535,0.055684585,0.14094856,0.001806911,0.20331448,0.038974326,102.30694,0.0,3328.4688,559.03467,0.05987352691590786,0.0798980387771735,0.1576900488435058,5.634474547536229,3588.3125,0,0,0
2020-04-25,0.011665291,0.0,0.4749298,0.048747018,3.576279e-08,0.0,1.9073486e-06,2.1905551e-07,305.47733,300.49026,308.0015,1.5835278,0.069279954,0.00034764674,0.1719569,0.055249877,0.13888438,0.0017855881,0.20458187,0.03790687,101.269104,0.0,3588.3125,554.95636,0.1088791424408555,0.29956102423602715,0.3816339694458293,0.9414341529045487,0.024031268,0.0,1.7576218,0.1396251,6.616116e-07,0.0,7.9631805e-05,5.969528e-06,305.17917,300.79208,307.8134,1.5833366,0.06941233,0.00033376753,0.17779094,0.05595594,0.13856436,0.0017896722,0.20350455,0.03772898,97.28433,0.0,3428.4062,532.42975,0.13346274755895138,0.2990921340533532,0.3789901728305267,5.001251996975043,0.07318258,0.0,1.4448166,0.19692726,5.7684053e-07,0.0,4.887581e-05,3.2108824e-06,305.08566,300.42648,308.3027,1.4296774,0.07011123,0.00028851503,0.17418276,0.056043275,0.1390237,0.0017894768,0.20389533,0.0380241,94.73458,0.0,3219.4688,517.79584,0.11013216484570876,0.2848691414692439,0.3549589043977903,5.050517223324277,0.036248896,0.0,0.84781647,0.10692394,2.2186174e-07,0.0,1.9550323e-05,1.2784552e-06,305.85065,301.10794,308.87363,1.6126963,0.06827022,0.00027955478,0.16854201,0.054238956,0.1388807,0.0017956145,0.20179956,0.037838865,93.889786,0.0,3027.25,512.9118,0.07286204356933013,0.24731688905740157,0.28433534754731227,5.288168899263837,0.011196401,0.0,1.1453629,0.08829823,1.9338395e-07,0.0,3.385544e-05,1.9773877e-06,303.6675,299.7453,307.35086,1.6014597,0.06763186,0.00028452263,0.16983575,0.053996164,0.14026935,0.001806009,0.20026053,0.0384835,99.91826,0.0,3232.5312,545.96826,0.05663500726222992,0.08207294520980213,0.10384453523147386,5.645670948506449,3673.4062,0,0,0
2020-04-26,0.017281374,0.0,0.8955002,0.091934144,9.536743e-08,0.0,3.8146973e-06,4.9221876e-07,305.7912,300.3791,308.49905,1.6641064,0.06836856,0.00031069014,0.16827498,0.055079415,0.13921875,0.0017851777,0.20536415,0.038310334,105.98978,0.0,3673.4062,580.91266,0.052977933548390865,0.1990225599729456,0.3986716266372241,0.6132033155445242,0.011665291,0.0,0.4749298,0.048747018,3.576279e-08,0.0,1.9073486e-06,2.1905551e-07,305.47733,300.49026,308.0015,1.5835278,0.069279954,0.00034764674,0.1719569,0.055249877,0.13888438,0.0017855881,0.20458187,0.03790687,101.269104,0.0,3588.3125,554.95636,0.1088791424408555,0.29956102423602715,0.3816339694458293,0.9414341529045487,0.024031268,0.0,1.7576218,0.1396251,6.616116e-07,0.0,7.9631805e-05,5.969528e-06,305.17917,300.79208,307.8134,1.5833366,0.06941233,0.00033376753,0.17779094,0.05595594,0.13856436,0.0017896722,0.20350455,0.03772898,97.28433,0.0,3428.4062,532.42975,0.13346274755895138,0.2990921340533532,0.3789901728305267,5.001251996975043,0.07318258,0.0,1.4448166,0.19692726,5.7684053e-07,0.0,4.887581e-05,3.2108824e-06,305.08566,300.42648,308.3027,1.4296774,0.07011123,0.00028851503,0.17418276,0.056043275,0.1390237,0.0017894768,0.20389533,0.0380241,94.73458,0.0,3219.4688,517.79584,0.11013216484570876,0.2848691414692439,0.3549589043977903,5.050517223324277,0.11781984,0.0,4.0621758,0.3610564,1.8007225e-06,0.0,0.00022101402,1.4899768e-05,303.85486,298.4514,307.08444,1.5790642,0.06713901,0.00027098414,0.16590835,0.05322555,0.13949013,0.0017947425,0.19668381,0.037962303,97.732025,0.0,3144.9688,534.0197,0.13882451504468918,0.1996490666642785,0.22166437345731538,5.754086498127435,3687.4375,0,0,0
2020-04-27,0.010199017,0.0,1.4867783,0.09063885,3.086196e-07,0.0,6.67572e-05,3.975724e-06,306.40573,300.33688,309.16394,1.9222736,0.06610591,0.00024414808,0.16285263,0.05337595,0.13846347,0.0017819349,0.20106934,0.037855297,110.48878,0.0,3687.4375,604.9274,0.039145682007074356,0.1733091152855195,0.408870643528644,0.5772511190880323,0.017281374,0.0,0.8955002,0.091934144,9.536743e-08,0.0,3.8146973e-06,4.9221876e-07,305.7912,300.3791,308.49905,1.6641064,0.06836856,0.00031069014,0.16827498,0.055079415,0.13921875,0.0017851777,0.20536415,0.038310334,105.98978,0.0,3673.4062,580.91266,0.052977933548390865,0.1990225599729456,0.3986716266372241,0.6132033155445242,0.011665291,0.0,0.4749298,0.048747018,3.576279e-08,0.0,1.9073486e-06,2.1905551e-07,305.47733,300.49026,308.0015,1.5835278,0.069279954,0.00034764674,0.1719569,0.055249877,0.13888438,0.0017855881,0.20458187,0.03790687,101.269104,0.0,3588.3125,554.95636,0.1088791424408555,0.29956102423602715,0.3816339694458293,0.9414341529045487,0.024031268,0.0,1.7576218,0.1396251,6.616116e-07,0.0,7.9631805e-05,5.969528e-06,305.17917,300.79208,307.8134,1.5833366,0.06941233,0.00033376753,0.17779094,0.05595594,0.13856436,0.0017896722,0.20350455,0.03772898,97.28433,0.0,3428.4062,532.42975,0.13346274755895138,0.2990921340533532,0.3789901728305267,5.001251996975043,0.03591246,0.0,1.2178421,0.13713813,4.1392116e-07,0.0,5.6505203e-05,3.824658e-06,303.56198,298.15967,306.3457,1.3568943,0.068070695,0.00030820552,0.16655716,0.053722333,0.13926515,0.0018016131,0.1983062,0.037882738,95.83426,0.0,3073.125,523.6328,0.16492870077490807,0.23556152824312449,0.25396611813630443,5.78103177245066,3654.4062,0,0,0
2020-04-28,0.013110373,0.0,1.572609,0.116070226,5.4174e-07,0.0,8.273125e-05,5.819282e-06,306.1758,300.02005,308.25418,1.7900281,0.06470728,0.00023344315,0.16066244,0.05212809,0.13792627,0.0017782071,0.19862676,0.037526697,113.74495,0.0,3654.4062,621.97235,0.04059076402336359,0.18571880273520947,0.41122171614551917,0.589921742430306,0.010199017,0.0,1.4867783,0.09063885,3.086196e-07,0.0,6.67572e-05,3.975724e-06,306.40573,300.33688,309.16394,1.9222736,0.06610591,0.00024414808,0.16285263,0.05337595,0.13846347,0.0017819349,0.20106934,0.037855297,110.48878,0.0,3687.4375,604.9274,0.039145682007074356,0.1733091152855195,0.408870643528644,0.5772511190880323,0.017281374,0.0,0.8955002,0.091934144,9.536743e-08,0.0,3.8146973e-06,4.9221876e-07,305.7912,300.3791,308.49905,1.6641064,0.06836856,0.00031069014,0.16827498,0.055079415,0.13921875,0.0017851777,0.20536415,0.038310334,105.98978,0.0,3673.4062,580.91266,0.052977933548390865,0.1990225599729456,0.3986716266372241,0.6132033155445242,0.011665291,0.0,0.4749298,0.048747018,3.576279e-08,0.0,1.9073486e-06,2.1905551e-07,305.47733,300.49026,308.0015,1.5835278,0.069279954,0.00034764674,0.1719569,0.055249877,0.13888438,0.0017855881,0.20458187,0.03790687,101.269104,0.0,3588.3125,554.95636,0.1088791424408555,0.29956102423602715,0.3816339694458293,0.9414341529045487,0.0007006857,0.0,0.07724762,0.005849746,1.3245477e-09,0.0,4.7683716e-07,2.5096593e-08,305.01004,300.38882,308.29312,1.7052851,0.067969166,0.0002842356,0.16933954,0.053882018,0.13902885,0.001797318,0.20002492,0.037831925,94.41984,0.0,3009.4688,515.8354,0.15443298552418128,0.2255029134103097,0.24820433602144476,5.431041229065158,3618.5625,0,0,0
2020-04-29,0.017503897,0.0,1.144886,0.10325287,5.814764e-07,0.0,5.722046e-05,4.7683166e-06,306.591,300.0415,309.56747,2.063524,0.06400216,0.0002558031,0.16029252,0.051481467,0.13741425,0.0017766125,0.19715331,0.037176423,115.33691,0.0,3618.5625,630.229,0.040813286788761616,0.1669738031923771,0.41429069224977866,0.5500608028232818,0.013110373,0.0,1.572609,0.116070226,5.4174e-07,0.0,8.273125e-05,5.819282e-06,306.1758,300.02005,308.25418,1.7900281,0.06470728,0.00023344315,0.16066244,0.05212809,0.13792627,0.0017782071,0.19862676,0.037526697,113.74495,0.0,3654.4062,621.97235,0.04059076402336359,0.18571880273520947,0.41122171614551917,0.589921742430306,0.010199017,0.0,1.4867783,0.09063885,3.086196e-07,0.0,6.67572e-05,3.975724e-06,306.40573,300.33688,309.16394,1.9222736,0.06610591,0.00024414808,0.16285263,0.05337595,0.13846347,0.0017819349,0.20106934,0.037855297,110.48878,0.0,3687.4375,604.9274,0.039145682007074356,0.1733091152855195,0.408870643528644,0.5772511190880323,0.017281374,0.0,0.8955002,0.091934144,9.536743e-08,0.0,3.8146973e-06,4.9221876e-07,305.7912,300.3791,308.49905,1.6641064,0.06836856,0.00031069014,0.16827498,0.055079415,0.13921875,0.0017851777,0.20536415,0.038310334,105.98978,0.0,3673.4062,580.91266,0.052977933548390865,0.1990225599729456,0.3986716266372241,0.6132033155445242,0.036248896,0.0,0.84781647,0.10692394,2.2186174e-07,0.0,1.9550323e-05,1.2784552e-06,305.85065,301.10794,308.87363,1.6126963,0.06827022,0.00027955478,0.16854201,0.054238956,0.1388807,0.0017956145,0.20179956,0.037838865,93.889786,0.0,3027.25,512.9118,0.07286204356933013,0.24731688905740157,0.28433534754731227,5.288168899263837,3590.125,0,0,0
2020-04-30,0.032031536,0.0,1.3518333,0.1570071,2.7550593e-07,0.0,4.1007996e-05,2.4070994e-06,306.64795,300.26172,310.13126,2.1761196,0.06459488,0.0002721185,0.15802066,0.051795382,0.13753791,0.0017702732,0.19603948,0.037237428,115.50572,0.0,3590.125,631.0317,0.06264580599963665,0.1258227564394474,0.4106918979086913,0.577464369343943,0.017503897,0.0,1.144886,0.10325287,5.814764e-07,0.0,5.722046e-05,4.7683166e-06,306.591,300.0415,309.56747,2.063524,0.06400216,0.0002558031,0.16029252,0.051481467,0.13741425,0.0017766125,0.19715331,0.037176423,115.33691,0.0,3618.5625,630.229,0.040813286788761616,0.1669738031923771,0.41429069224977866,0.5500608028232818,0.013110373,0.0,1.572609,0.116070226,5.4174e-07,0.0,8.273125e-05,5.819282e-06,306.1758,300.02005,308.25418,1.7900281,0.06470728,0.00023344315,0.16066244,0.05212809,0.13792627,0.0017782071,0.19862676,0.037526697,113.74495,0.0,3654.4062,621.97235,0.04059076402336359,0.18571880273520947,0.41122171614551917,0.589921742430306,0.010199017,0.0,1.4867783,0.09063885,3.086196e-07,0.0,6.67572e-05,3.975724e-06,306.40573,300.33688,309.16394,1.9222736,0.06610591,0.00024414808,0.16285263,0.05337595,0.13846347,0.0017819349,0.20106934,0.037855297,110.48878,0.0,3687.4375,604.9274,0.039145682007074356,0.1733091152855195,0.408870643528644,0.5772511190880323,0.07318258,0.0,1.4448166,0.19692726,5.7684053e-07,0.0,4.887581e-05,3.2108824e-06,305.08566,300.42648,308.3027,1.4296774,0.07011123,0.00028851503,0.17418276,0.056043275,0.1390237,0.0017894768,0.20389533,0.0380241,94.73458,0.0,3219.4688,517.79584,0.11013216484570876,0.2848691414692439,0.3549589043977903,5.050517223324277,3569.0625,0,0,0
2020-05-01,0.028781096,0.0,1.6756058,0.15328816,6.5962473e-07,0.0,5.1498413e-05,4.4020435e-06,306.60046,300.69498,310.1086,2.177353,0.06417858,0.000283921,0.15482874,0.05115282,0.13698873,0.0017682249,0.193987,0.03696719,114.843544,0.0,3569.0625,627.4108,0.07831652835011482,0.1305725835263729,0.42966471757972613,0.6021022798813647,0.032031536,0.0,1.3518333,0.1570071,2.7550593e-07,0.0,4.1007996e-05,2.4070994e-06,306.64795,300.26172,310.13126,2.1761196,0.06459488,0.0002721185,0.15802066,0.051795382,0.13753791,0.0017702732,0.19603948,0.037237428,115.50572,0.0,3590.125,631.0317,0.06264580599963665,0.1258227564394474,0.4106918979086913,0.577464369343943,0.017503897,0.0,1.144886,0.10325287,5.814764e-07,0.0,5.722046e-05,4.7683166e-06,306.591,300.0415,309.56747,2.063524,0.06400216,0.0002558031,0.16029252,0.051481467,0.13741425,0.0017766125,0.19715331,0.037176423,115.33691,0.0,3618.5625,630.229,0.040813286788761616,0.1669738031923771,0.41429069224977866,0.5500608028232818,0.013110373,0.0,1.572609,0.116070226,5.4174e-07,0.0,8.273125e-05,5.819282e-06,306.1758,300.02005,308.25418,1.7900281,0.06470728,0.00023344315,0.16066244,0.05212809,0.13792627,0.0017782071,0.19862676,0.037526697,113.74495,0.0,3654.4062,621.97235,0.04059076402336359,0.18571880273520947,0.41122171614551917,0.589921742430306,0.024031268,0.0,1.7576218,0.1396251,6.616116e-07,0.0,7.9631805e-05,5.969528e-06,305.17917,300.79208,307.8134,1.5833366,0.06941233,0.00033376753,0.17779094,0.05595594,0.13856436,0.0017896722,0.20350455,0.03772898,97.28433,0.0,3428.4062,532.42975,0.13346274755895138,0.2990921340533532,0.3789901728305267,5.001251996975043,3546.75,0,0,0
2020-05-02,0.026643276,0.0,1.2874603,0.12980103,1.3245477e-07,0.0,7.6293945e-06,7.109256e-07,307.1161,301.05988,310.54083,2.2456005,0.06366802,0.0003111904,0.15890913,0.050341386,0.1365441,0.001767613,0.19374861,0.036681566,113.90197,0.0,3546.75,622.2666,0.08745590783655643,0.14555056858807802,0.4451115928241052,0.6215479641541606,0.028781096,0.0,1.6756058,0.15328816,6.5962473e-07,0.0,5.1498413e-05,4.4020435e-06,306.60046,300.69498,310.1086,2.177353,0.06417858,0.000283921,0.15482874,0.05115282,0.13698873,0.0017682249,0.193987,0.03696719,114.843544,0.0,3569.0625,627.4108,0.07831652835011482,0.1305725835263729,0.42966471757972613,0.6021022798813647,0.032031536,0.0,1.3518333,0.1570071,2.7550593e-07,0.0,4.1007996e-05,2.4070994e-06,306.64795,300.26172,310.13126,2.1761196,0.06459488,0.0002721185,0.15802066,0.051795382,0.13753791,0.0017702732,0.19603948,0.037237428,115.50572,0.0,3590.125,631.0317,0.06264580599963665,0.1258227564394474,0.4106918979086913,0.577464369343943,0.017503897,0.0,1.144886,0.10325287,5.814764e-07,0.0,5.722046e-05,4.7683166e-06,306.591,300.0415,309.56747,2.063524,0.06400216,0.0002558031,0.16029252,0.051481467,0.13741425,0.0017766125,0.19715331,0.037176423,115.33691,0.0,3618.5625,630.229,0.040813286788761616,0.1669738031923771,0.41429069224977866,0.5500608028232818,0.011665291,0.0,0.4749298,0.048747018,3.576279e-08,0.0,1.9073486e-06,2.1905551e-07,305.47733,300.49026,308.0015,1.5835278,0.069279954,0.00034764674,0.1719569,0.055249877,0.13888438,0.0017855881,0.20458187,0.03790687,101.269104,0.0,3588.3125,554.95636,0.1088791424408555,0.29956102423602715,0.3816339694458293,0.9414341529045487,3516.4062,0,0,0
2020-05-03,0.051441457,0.0,2.5339127,0.2734399,1.5762117e-07,0.0,6.198883e-06,7.2126335e-07,306.81796,301.30673,309.72623,1.8617421,0.06467007,0.00028385688,0.16227433,0.051791377,0.13697647,0.0017697009,0.19519585,0.03689752,112.904015,0.0,3516.4062,616.809,0.10686582885682583,0.17971065174788237,0.37873321172082797,0.6654394997603958,0.026643276,0.0,1.2874603,0.12980103,1.3245477e-07,0.0,7.6293945e-06,7.109256e-07,307.1161,301.05988,310.54083,2.2456005,0.06366802,0.0003111904,0.15890913,0.050341386,0.1365441,0.001767613,0.19374861,0.036681566,113.90197,0.0,3546.75,622.2666,0.08745590783655643,0.14555056858807802,0.4451115928241052,0.6215479641541606,0.028781096,0.0,1.6756058,0.15328816,6.5962473e-07,0.0,5.1498413e-05,4.4020435e-06,306.60046,300.69498,310.1086,2.177353,0.06417858,0.000283921,0.15482874,0.05115282,0.13698873,0.0017682249,0.193987,0.03696719,114.843544,0.0,3569.0625,627.4108,0.07831652835011482,0.1305725835263729,0.42966471757972613,0.6021022798813647,0.032031536,0.0,1.3518333,0.1570071,2.7550593e-07,0.0,4.1007996e-05,2.4070994e-06,306.64795,300.26172,310.13126,2.1761196,0.06459488,0.0002721185,0.15802066,0.051795382,0.13753791,0.0017702732,0.19603948,0.037237428,115.50572,0.0,3590.125,631.0317,0.06264580599963665,0.1258227564394474,0.4106918979086913,0.577464369343943,0.017281374,0.0,0.8955002,0.091934144,9.536743e-08,0.0,3.8146973e-06,4.9221876e-07,305.7912,300.3791,308.49905,1.6641064,0.06836856,0.00031069014,0.16827498,0.055079415,0.13921875,0.0017851777,0.20536415,0.038310334,105.98978,0.0,3673.4062,580.91266,0.052977933548390865,0.1990225599729456,0.3986716266372241,0.6132033155445242,3474.3438,0,0,0
2020-05-04,0.38432413,0.0,2.8309822,0.584497,2.2934544e-06,0.0,6.2942505e-05,6.87069e-06,305.62686,300.98532,308.04456,1.4393348,0.06902528,0.00035550367,0.16351712,0.051940262,0.13736649,0.0017675684,0.19478358,0.037184022,111.982735,0.0,3474.3438,611.77124,0.4624088667333126,0.5538357682526112,0.7271448835381307,0.984721718574292,0.051441457,0.0,2.5339127,0.2734399,1.5762117e-07,0.0,6.198883e-06,7.2126335e-07,306.81796,301.30673,309.72623,1.8617421,0.06467007,0.00028385688,0.16227433,0.051791377,0.13697647,0.0017697009,0.19519585,0.03689752,112.904015,0.0,3516.4062,616.809,0.10686582885682583,0.17971065174788237,0.37873321172082797,0.6654394997603958,0.026643276,0.0,1.2874603,0.12980103,1.3245477e-07,0.0,7.6293945e-06,7.109256e-07,307.1161,301.05988,310.54083,2.2456005,0.06366802,0.0003111904,0.15890913,0.050341386,0.1365441,0.001767613,0.19374861,0.036681566,113.90197,0.0,3546.75,622.2666,0.08745590783655643,0.14555056858807802,0.4451115928241052,0.6215479641541606,0.028781096,0.0,1.6756058,0.15328816,6.5962473e-07,0.0,5.1498413e-05,4.4020435e-06,306.60046,300.69498,310.1086,2.177353,0.06417858,0.000283921,0.15482874,0.05115282,0.13698873,0.0017682249,0.193987,0.03696719,114.843544,0.0,3569.0625,627.4108,0.07831652835011482,0.1305725835263729,0.42966471757972613,0.6021022798813647,0.010199017,0.0,1.4867783,0.09063885,3.086196e-07,0.0,6.67572e-05,3.975724e-06,306.40573,300.33688,309.16394,1.9222736,0.06610591,0.00024414808,0.16285263,0.05337595,0.13846347,0.0017819349,0.20106934,0.037855297,110.48878,0.0,3687.4375,604.9274,0.039145682007074356,0.1733091152855195,0.408870643528644,0.5772511190880323,3439.9375,0,0,0
2020-05-05,0.07150173,0.0,1.6784668,0.22292407,5.2716996e-07,0.0,2.7179718e-05,2.1814524e-06,306.7914,301.58362,309.5837,1.7775122,0.07036548,0.00029974166,0.16594917,0.053087965,0.13763203,0.0017662686,0.19337024,0.037488457,111.281944,0.0,3439.9375,607.9409,0.5072673223912716,0.612227126955986,0.7979459296911955,1.0562234504468506,0.38432413,0.0,2.8309822,0.584497,2.2934544e-06,0.0,6.2942505e-05,6.87069e-06,305.62686,300.98532,308.04456,1.4393348,0.06902528,0.00035550367,0.16351712,0.051940262,0.13736649,0.0017675684,0.19478358,0.037184022,111.982735,0.0,3474.3438,611.77124,0.4624088667333126,0.5538357682526112,0.7271448835381307,0.984721718574292,0.051441457,0.0,2.5339127,0.2734399,1.5762117e-07,0.0,6.198883e-06,7.2126335e-07,306.81796,301.30673,309.72623,1.8617421,0.06467007,0.00028385688,0.16227433,0.051791377,0.13697647,0.0017697009,0.19519585,0.03689752,112.904015,0.0,3516.4062,616.809,0.10686582885682583,0.17971065174788237,0.37873321172082797,0.6654394997603958,0.026643276,0.0,1.2874603,0.12980103,1.3245477e-07,0.0,7.6293945e-06,7.109256e-07,307.1161,301.05988,310.54083,2.2456005,0.06366802,0.0003111904,0.15890913,0.050341386,0.1365441,0.001767613,0.19374861,0.036681566,113.90197,0.0,3546.75,622.2666,0.08745590783655643,0.14555056858807802,0.4451115928241052,0.6215479641541606,0.013110373,0.0,1.572609,0.116070226,5.4174e-07,0.0,8.273125e-05,5.819282e-06,306.1758,300.02005,308.25418,1.7900281,0.06470728,0.00023344315,0.16066244,0.05212809,0.13792627,0.0017782071,0.19862676,0.037526697,113.74495,0.0,3654.4062,621.97235,0.04059076402336359,0.18571880273520947,0.41122171614551917,0.589921742430306,3428.0,0,0,0
2020-05-06,7.814831e-05,0.0,0.011444092,0.00085864926,0.0,0.0,0.0,0.0,307.34702,301.58408,310.19095,1.6340806,0.06897604,0.00027912375,0.16821289,0.054157123,0.13785192,0.0017651133,0.19400807,0.037750524,110.764656,0.0,3428.0,605.1141,0.45590401357912924,0.59480137853825,0.7617751817306271,1.0526908818574157,0.07150173,0.0,1.6784668,0.22292407,5.2716996e-07,0.0,2.7179718e-05,2.1814524e-06,306.7914,301.58362,309.5837,1.7775122,0.07036548,0.00029974166,0.16594917,0.053087965,0.13763203,0.0017662686,0.19337024,0.037488457,111.281944,0.0,3439.9375,607.9409,0.5072673223912716,0.612227126955986,0.7979459296911955,1.0562234504468506,0.38432413,0.0,2.8309822,0.584497,2.2934544e-06,0.0,6.2942505e-05,6.87069e-06,305.62686,300.98532,308.04456,1.4393348,0.06902528,0.00035550367,0.16351712,0.051940262,0.13736649,0.0017675684,0.19478358,0.037184022,111.982735,0.0,3474.3438,611.77124,0.4624088667333126,0.5538357682526112,0.7271448835381307,0.984721718574292,0.051441457,0.0,2.5339127,0.2734399,1.5762117e-07,0.0,6.198883e-06,7.2126335e-07,306.81796,301.30673,309.72623,1.8617421,0.06467007,0.00028385688,0.16227433,0.051791377,0.13697647,0.0017697009,0.19519585,0.03689752,112.904015,0.0,3516.4062,616.809,0.10686582885682583,0.17971065174788237,0.37873321172082797,0.6654394997603958,0.017503897,0.0,1.144886,0.10325287,5.814764e-07,0.0,5.722046e-05,4.7683166e-06,306.591,300.0415,309.56747,2.063524,0.06400216,0.0002558031,0.16029252,0.051481467,0.13741425,0.0017766125,0.19715331,0.037176423,115.33691,0.0,3618.5625,630.229,0.040813286788761616,0.1669738031923771,0.41429069224977866,0.5500608028232818,3437.125,0,0,0
2020-05-07,0.0,0.0,0.0,0.0,0.0,0.0,0.0,0.0,307.28128,301.60773,310.50192,1.8498868,0.06903588,0.0002878223,0.16786557,0.055583347,0.13829347,0.0017607705,0.19694102,0.03838379,110.33561,0.0,3437.125,602.77167,0.07157988018298056,0.5627698424359551,0.6885925988754025,1.0462284140230622,7.814831e-05,0.0,0.011444092,0.00085864926,0.0,0.0,0.0,0.0,307.34702,301.58408,310.19095,1.6340806,0.06897604,0.00027912375,0.16821289,0.054157123,0.13785192,0.0017651133,0.19400807,0.037750524,110.764656,0.0,3428.0,605.1141,0.45590401357912924,0.59480137853825,0.7617751817306271,1.0526908818574157,0.07150173,0.0,1.6784668,0.22292407,5.2716996e-07,0.0,2.7179718e-05,2.1814524e-06,306.7914,301.58362,309.5837,1.7775122,0.07036548,0.00029974166,0.16594917,0.053087965,0.13763203,0.0017662686,0.19337024,0.037488457,111.281944,0.0,3439.9375,607.9409,0.5072673223912716,0.612227126955986,0.7979459296911955,1.0562234504468506,0.38432413,0.0,2.8309822,0.584497,2.2934544e-06,0.0,6.2942505e-05,6.87069e-06,305.62686,300.98532,308.04456,1.4393348,0.06902528,0.00035550367,0.16351712,0.051940262,0.13736649,0.0017675684,0.19478358,0.037184022,111.982735,0.0,3474.3438,611.77124,0.4624088667333126,0.5538357682526112,0.7271448835381307,0.984721718574292,0.032031536,0.0,1.3518333,0.1570071,2.7550593e-07,0.0,4.1007996e-05,2.4070994e-06,306.64795,300.26172,310.13126,2.1761196,0.06459488,0.0002721185,0.15802066,0.051795382,0.13753791,0.0017702732,0.19603948,0.037237428,115.50572,0.0,3590.125,631.0317,0.06264580599963665,0.1258227564394474,0.4106918979086913,0.577464369343943,3468.4062,0,0,0
2020-05-08,0.0004000134,0.0,0.017166138,0.0017061059,0.0,0.0,0.0,0.0,307.29324,301.51978,310.06552,1.8875438,0.0682174,0.00027502826,0.16539675,0.055402916,0.13835678,0.0017566072,0.19955309,0.038546175,110.06958,0.0,3468.4062,601.32965,0.00047816171718295664,0.5343887603230542,0.6649613438494271,1.0465105426847003,0.0,0.0,0.0,0.0,0.0,0.0,0.0,0.0,307.28128,301.60773,310.50192,1.8498868,0.06903588,0.0002878223,0.16786557,0.055583347,0.13829347,0.0017607705,0.19694102,0.03838379,110.33561,0.0,3437.125,602.77167,0.07157988018298056,0.5627698424359551,0.6885925988754025,1.0462284140230622,7.814831e-05,0.0,0.011444092,0.00085864926,0.0,0.0,0.0,0.0,307.34702,301.58408,310.19095,1.6340806,0.06897604,0.00027912375,0.16821289,0.054157123,0.13785192,0.0017651133,0.19400807,0.037750524,110.764656,0.0,3428.0,605.1141,0.45590401357912924,0.59480137853825,0.7617751817306271,1.0526908818574157,0.07150173,0.0,1.6784668,0.22292407,5.2716996e-07,0.0,2.7179718e-05,2.1814524e-06,306.7914,301.58362,309.5837,1.7775122,0.07036548,0.00029974166,0.16594917,0.053087965,0.13763203,0.0017662686,0.19337024,0.037488457,111.281944,0.0,3439.9375,607.9409,0.5072673223912716,0.612227126955986,0.7979459296911955,1.0562234504468506,0.028781096,0.0,1.6756058,0.15328816,6.5962473e-07,0.0,5.1498413e-05,4.4020435e-06,306.60046,300.69498,310.1086,2.177353,0.06417858,0.000283921,0.15482874,0.05115282,0.13698873,0.0017682249,0.193987,0.03696719,114.843544,0.0,3569.0625,627.4108,0.07831652835011482,0.1305725835263729,0.42966471757972613,0.6021022798813647,3533.625,0,0,0
2020-05-09,0.031703047,0.0,2.3403168,0.22562954,1.335144e-06,0.0,0.00012254715,1.0880066e-05,306.78183,301.283,310.14743,1.9028498,0.06714765,0.0002942821,0.16315453,0.05407926,0.13813624,0.0017399691,0.19938196,0.038422033,110.264824,0.0,3533.625,602.4427,0.03210306086111814,0.5394485315628117,0.6849991001508897,1.075654564134311,0.0004000134,0.0,0.017166138,0.0017061059,0.0,0.0,0.0,0.0,307.29324,301.51978,310.06552,1.8875438,0.0682174,0.00027502826,0.16539675,0.055402916,0.13835678,0.0017566072,0.19955309,0.038546175,110.06958,0.0,3468.4062,601.32965,0.00047816171718295664,0.5343887603230542,0.6649613438494271,1.0465105426847003,0.0,0.0,0.0,0.0,0.0,0.0,0.0,0.0,307.28128,301.60773,310.50192,1.8498868,0.06903588,0.0002878223,0.16786557,0.055583347,0.13829347,0.0017607705,0.19694102,0.03838379,110.33561,0.0,3437.125,602.77167,0.07157988018298056,0.5627698424359551,0.6885925988754025,1.0462284140230622,7.814831e-05,0.0,0.011444092,0.00085864926,0.0,0.0,0.0,0.0,307.34702,301.58408,310.19095,1.6340806,0.06897604,0.00027912375,0.16821289,0.054157123,0.13785192,0.0017651133,0.19400807,0.037750524,110.764656,0.0,3428.0,605.1141,0.45590401357912924,0.59480137853825,0.7617751817306271,1.0526908818574157,0.026643276,0.0,1.2874603,0.12980103,1.3245477e-07,0.0,7.6293945e-06,7.109256e-07,307.1161,301.05988,310.54083,2.2456005,0.06366802,0.0003111904,0.15890913,0.050341386,0.1365441,0.001767613,0.19374861,0.036681566,113.90197,0.0,3546.75,622.2666,0.08745590783655643,0.14555056858807802,0.4451115928241052,0.6215479641541606,3623.5625,0,0,0
2020-05-10,0.0061366293,0.0,0.72574615,0.043120153,2.8477775e-08,0.0,3.8146973e-06,2.7811637e-07,306.83914,301.4309,310.30484,1.9320805,0.06689027,0.00030394038,0.16515101,0.0539001,0.13811617,0.0017440306,0.20100473,0.038521614,111.1179,0.0,3623.5625,607.2097,0.03823969012591988,0.4941437037050491,0.6738543554529315,1.0817911933991127,0.031703047,0.0,2.3403168,0.22562954,1.335144e-06,0.0,0.00012254715,1.0880066e-05,306.78183,301.283,310.14743,1.9028498,0.06714765,0.0002942821,0.16315453,0.05407926,0.13813624,0.0017399691,0.19938196,0.038422033,110.264824,0.0,3533.625,602.4427,0.03210306086111814,0.5394485315628117,0.6849991001508897,1.075654564134311,0.0004000134,0.0,0.017166138,0.0017061059,0.0,0.0,0.0,0.0,307.29324,301.51978,310.06552,1.8875438,0.0682174,0.00027502826,0.16539675,0.055402916,0.13835678,0.0017566072,0.19955309,0.038546175,110.06958,0.0,3468.4062,601.32965,0.00047816171718295664,0.5343887603230542,0.6649613438494271,1.0465105426847003,0.0,0.0,0.0,0.0,0.0,0.0,0.0,0.0,307.28128,301.60773,310.50192,1.8498868,0.06903588,0.0002878223,0.16786557,0.055583347,0.13829347,0.0017607705,0.19694102,0.03838379,110.33561,0.0,3437.125,602.77167,0.07157988018298056,0.5627698424359551,0.6885925988754025,1.0462284140230622,0.051441457,0.0,2.5339127,0.2734399,1.5762117e-07,0.0,6.198883e-06,7.2126335e-07,306.81796,301.30673,309.72623,1.8617421,0.06467007,0.00028385688,0.16227433,0.051791377,0.13697647,0.0017697009,0.19519585,0.03689752,112.904015,0.0,3516.4062,616.809,0.10686582885682583,0.17971065174788237,0.37873321172082797,0.6654394997603958,3706.5,0,0,0
2020-05-11,0.044753816,0.0,1.8157959,0.21193308,8.377764e-07,0.0,6.6280365e-05,6.0045404e-06,306.6795,301.26608,310.24704,2.0834548,0.06781432,0.00029278407,0.17337197,0.054394644,0.13825022,0.0017432218,0.20215088,0.038665537,112.57473,0.0,3706.5,615.31036,0.08259349269792438,0.15457338628766593,0.7084091545402771,1.1175235148402862,0.0061366293,0.0,0.72574615,0.043120153,2.8477775e-08,0.0,3.8146973e-06,2.7811637e-07,306.83914,301.4309,310.30484,1.9320805,0.06689027,0.00030394038,0.16515101,0.0539001,0.13811617,0.0017440306,0.20100473,0.038521614,111.1179,0.0,3623.5625,607.2097,0.03823969012591988,0.4941437037050491,0.6738543554529315,1.0817911933991127,0.031703047,0.0,2.3403168,0.22562954,1.335144e-06,0.0,0.00012254715,1.0880066e-05,306.78183,301.283,310.14743,1.9028498,0.06714765,0.0002942821,0.16315453,0.05407926,0.13813624,0.0017399691,0.19938196,0.038422033,110.264824,0.0,3533.625,602.4427,0.03210306086111814,0.5394485315628117,0.6849991001508897,1.075654564134311,0.0004000134,0.0,0.017166138,0.0017061059,0.0,0.0,0.0,0.0,307.29324,301.51978,310.06552,1.8875438,0.0682174,0.00027502826,0.16539675,0.055402916,0.13835678,0.0017566072,0.19955309,0.038546175,110.06958,0.0,3468.4062,601.32965,0.00047816171718295664,0.5343887603230542,0.6649613438494271,1.0465105426847003,0.38432413,0.0,2.8309822,0.584497,2.2934544e-06,0.0,6.2942505e-05,6.87069e-06,305.62686,300.98532,308.04456,1.4393348,0.06902528,0.00035550367,0.16351712,0.051940262,0.13736649,0.0017675684,0.19478358,0.037184022,111.982735,0.0,3474.3438,611.77124,0.4624088667333126,0.5538357682526112,0.7271448835381307,0.984721718574292,3763.0938,0,0,0
2020-05-12,0.015974045,0.0,0.9756088,0.07562809,4.0796067e-07,0.0,5.2928925e-05,3.6621807e-06,306.25772,301.42627,309.29443,1.6517004,0.06816941,0.0002694788,0.18163101,0.05477784,0.13824023,0.0017373726,0.20524639,0.038713638,114.458244,0.0,3763.0938,625.6996,0.06686449004337192,0.09904569921491202,0.711272826170898,1.1332538428687258,0.044753816,0.0,1.8157959,0.21193308,8.377764e-07,0.0,6.6280365e-05,6.0045404e-06,306.6795,301.26608,310.24704,2.0834548,0.06781432,0.00029278407,0.17337197,0.054394644,0.13825022,0.0017432218,0.20215088,0.038665537,112.57473,0.0,3706.5,615.31036,0.08259349269792438,0.15457338628766593,0.7084091545402771,1.1175235148402862,0.0061366293,0.0,0.72574615,0.043120153,2.8477775e-08,0.0,3.8146973e-06,2.7811637e-07,306.83914,301.4309,310.30484,1.9320805,0.06689027,0.00030394038,0.16515101,0.0539001,0.13811617,0.0017440306,0.20100473,0.038521614,111.1179,0.0,3623.5625,607.2097,0.03823969012591988,0.4941437037050491,0.6738543554529315,1.0817911933991127,0.031703047,0.0,2.3403168,0.22562954,1.335144e-06,0.0,0.00012254715,1.0880066e-05,306.78183,301.283,310.14743,1.9028498,0.06714765,0.0002942821,0.16315453,0.05407926,0.13813624,0.0017399691,0.19938196,0.038422033,110.264824,0.0,3533.625,602.4427,0.03210306086111814,0.5394485315628117,0.6849991001508897,1.075654564134311,0.07150173,0.0,1.6784668,0.22292407,5.2716996e-07,0.0,2.7179718e-05,2.1814524e-06,306.7914,301.58362,309.5837,1.7775122,0.07036548,0.00029974166,0.16594917,0.053087965,0.13763203,0.0017662686,0.19337024,0.037488457,111.281944,0.0,3439.9375,607.9409,0.5072673223912716,0.612227126955986,0.7979459296911955,1.0562234504468506,3786.3438,0,0,0
2020-05-13,0.055710476,0.0,1.7194748,0.21260878,9.695689e-07,0.0,7.8201294e-05,7.5465578e-06,305.45026,300.99866,308.0352,1.3877234,0.06777487,0.00026975074,0.18367529,0.05467956,0.13837245,0.0017398141,0.21002674,0.038866863,116.44165,0.0,3786.3438,636.50885,0.11643833667039871,0.1546780267963186,0.7494794053345686,1.1889643187605543,0.015974045,0.0,0.9756088,0.07562809,4.0796067e-07,0.0,5.2928925e-05,3.6621807e-06,306.25772,301.42627,309.29443,1.6517004,0.06816941,0.0002694788,0.18163101,0.05477784,0.13824023,0.0017373726,0.20524639,0.038713638,114.458244,0.0,3763.0938,625.6996,0.06686449004337192,0.09904569921491202,0.711272826170898,1.1332538428687258,0.044753816,0.0,1.8157959,0.21193308,8.377764e-07,0.0,6.6280365e-05,6.0045404e-06,306.6795,301.26608,310.24704,2.0834548,0.06781432,0.00029278407,0.17337197,0.054394644,0.13825022,0.0017432218,0.20215088,0.038665537,112.57473,0.0,3706.5,615.31036,0.08259349269792438,0.15457338628766593,0.7084091545402771,1.1175235148402862,0.0061366293,0.0,0.72574615,0.043120153,2.8477775e-08,0.0,3.8146973e-06,2.7811637e-07,306.83914,301.4309,310.30484,1.9320805,0.06689027,0.00030394038,0.16515101,0.0539001,0.13811617,0.0017440306,0.20100473,0.038521614,111.1179,0.0,3623.5625,607.2097,0.03823969012591988,0.4941437037050491,0.6738543554529315,1.0817911933991127,7.814831e-05,0.0,0.011444092,0.00085864926,0.0,0.0,0.0,0.0,307.34702,301.58408,310.19095,1.6340806,0.06897604,0.00027912375,0.16821289,0.054157123,0.13785192,0.0017651133,0.19400807,0.037750524,110.764656,0.0,3428.0,605.1141,0.45590401357912924,0.59480137853825,0.7617751817306271,1.0526908818574157,3793.2812,0,0,0
2020-05-14,0.25649866,0.0,12.717724,1.0801072,6.0405996e-06,0.0,0.00064587593,5.1925665e-05,305.61276,298.96252,308.37698,1.4989808,0.068202056,0.00025460994,0.17542744,0.053996425,0.13826208,0.0017267409,0.20982103,0.038643904,118.28656,0.0,3793.2812,646.47516,0.3281831853091717,0.41117669141385704,0.9739465338498121,1.4347036828257842,0.055710476,0.0,1.7194748,0.21260878,9.695689e-07,0.0,7.8201294e-05,7.5465578e-06,305.45026,300.99866,308.0352,1.3877234,0.06777487,0.00026975074,0.18367529,0.05467956,0.13837245,0.0017398141,0.21002674,0.038866863,116.44165,0.0,3786.3438,636.50885,0.11643833667039871,0.1546780267963186,0.7494794053345686,1.1889643187605543,0.015974045,0.0,0.9756088,0.07562809,4.0796067e-07,0.0,5.2928925e-05,3.6621807e-06,306.25772,301.42627,309.29443,1.6517004,0.06816941,0.0002694788,0.18163101,0.05477784,0.13824023,0.0017373726,0.20524639,0.038713638,114.458244,0.0,3763.0938,625.6996,0.06686449004337192,0.09904569921491202,0.711272826170898,1.1332538428687258,0.044753816,0.0,1.8157959,0.21193308,8.377764e-07,0.0,6.6280365e-05,6.0045404e-06,306.6795,301.26608,310.24704,2.0834548,0.06781432,0.00029278407,0.17337197,0.054394644,0.13825022,0.0017432218,0.20215088,0.038665537,112.57473,0.0,3706.5,615.31036,0.08259349269792438,0.15457338628766593,0.7084091545402771,1.1175235148402862,0.0,0.0,0.0,0.0,0.0,0.0,0.0,0.0,307.28128,301.60773,310.50192,1.8498868,0.06903588,0.0002878223,0.16786557,0.055583347,0.13829347,0.0017607705,0.19694102,0.03838379,110.33561,0.0,3437.125,602.77167,0.07157988018298056,0.5627698424359551,0.6885925988754025,1.0462284140230622,3795.4688,0,0,0
2020-05-15,0.12952751,0.0,2.5835037,0.37372786,1.5424357e-06,0.0,8.225441e-05,7.863634e-06,305.88425,299.31323,309.0175,1.6861588,0.06911447,0.00026218453,0.17220394,0.05486241,0.13803858,0.0017260691,0.21036202,0.038514372,119.79476,0.0,3795.4688,654.59827,0.4417366497218609,0.54030418721959,1.074692947542644,1.5497962714143796,0.25649866,0.0,12.717724,1.0801072,6.0405996e-06,0.0,0.00064587593,5.1925665e-05,305.61276,298.96252,308.37698,1.4989808,0.068202056,0.00025460994,0.17542744,0.053996425,0.13826208,0.0017267409,0.20982103,0.038643904,118.28656,0.0,3793.2812,646.47516,0.3281831853091717,0.41117669141385704,0.9739465338498121,1.4347036828257842,0.055710476,0.0,1.7194748,0.21260878,9.695689e-07,0.0,7.8201294e-05,7.5465578e-06,305.45026,300.99866,308.0352,1.3877234,0.06777487,0.00026975074,0.18367529,0.05467956,0.13837245,0.0017398141,0.21002674,0.038866863,116.44165,0.0,3786.3438,636.50885,0.11643833667039871,0.1546780267963186,0.7494794053345686,1.1889643187605543,0.015974045,0.0,0.9756088,0.07562809,4.0796067e-07,0.0,5.2928925e-05,3.6621807e-06,306.25772,301.42627,309.29443,1.6517004,0.06816941,0.0002694788,0.18163101,0.05477784,0.13824023,0.0017373726,0.20524639,0.038713638,114.458244,0.0,3763.0938,625.6996,0.06686449004337192,0.09904569921491202,0.711272826170898,1.1332538428687258,0.0004000134,0.0,0.017166138,0.0017061059,0.0,0.0,0.0,0.0,307.29324,301.51978,310.06552,1.8875438,0.0682174,0.00027502826,0.16539675,0.055402916,0.13835678,0.0017566072,0.19955309,0.038546175,110.06958,0.0,3468.4062,601.32965,0.00047816171718295664,0.5343887603230542,0.6649613438494271,1.0465105426847003,3799.375,0,0,0
2020-05-16,0.010548698,0.0,1.7328262,0.11289986,9.669198e-08,0.0,1.7166138e-05,1.0769079e-06,306.8003,301.15854,309.7146,1.8740789,0.067506984,0.00027127346,0.16723995,0.053627025,0.13746616,0.0017263821,0.20824647,0.038080018,120.79211,0.0,3799.375,659.96545,0.3965748716145754,0.5191498375497758,1.0585983691125875,1.5247146387555404,0.12952751,0.0,2.5835037,0.37372786,1.5424357e-06,0.0,8.225441e-05,7.863634e-06,305.88425,299.31323,309.0175,1.6861588,0.06911447,0.00026218453,0.17220394,0.05486241,0.13803858,0.0017260691,0.21036202,0.038514372,119.79476,0.0,3795.4688,654.59827,0.4417366497218609,0.54030418721959,1.074692947542644,1.5497962714143796,0.25649866,0.0,12.717724,1.0801072,6.0405996e-06,0.0,0.00064587593,5.1925665e-05,305.61276,298.96252,308.37698,1.4989808,0.068202056,0.00025460994,0.17542744,0.053996425,0.13826208,0.0017267409,0.20982103,0.038643904,118.28656,0.0,3793.2812,646.47516,0.3281831853091717,0.41117669141385704,0.9739465338498121,1.4347036828257842,0.055710476,0.0,1.7194748,0.21260878,9.695689e-07,0.0,7.8201294e-05,7.5465578e-06,305.45026,300.99866,308.0352,1.3877234,0.06777487,0.00026975074,0.18367529,0.05467956,0.13837245,0.0017398141,0.21002674,0.038866863,116.44165,0.0,3786.3438,636.50885,0.11643833667039871,0.1546780267963186,0.7494794053345686,1.1889643187605543,0.031703047,0.0,2.3403168,0.22562954,1.335144e-06,0.0,0.00012254715,1.0880066e-05,306.78183,301.283,310.14743,1.9028498,0.06714765,0.0002942821,0.16315453,0.05407926,0.13813624,0.0017399691,0.19938196,0.038422033,110.264824,0.0,3533.625,602.4427,0.03210306086111814,0.5394485315628117,0.6849991001508897,1.075654564134311,3816.5625,0,0,0
2020-05-17,0.24003321,0.0,4.6052933,0.61050284,1.62522e-06,0.0,7.081032e-05,6.1626824e-06,306.4043,301.28506,309.4335,1.8391191,0.06900946,0.0002760541,0.16948842,0.052536875,0.13756505,0.001727552,0.20678471,0.038101368,121.38852,0.0,3816.5625,663.1929,0.38010941632092,0.7530464176088572,1.2471901213139063,1.7549395722307963,0.010548698,0.0,1.7328262,0.11289986,9.669198e-08,0.0,1.7166138e-05,1.0769079e-06,306.8003,301.15854,309.7146,1.8740789,0.067506984,0.00027127346,0.16723995,0.053627025,0.13746616,0.0017263821,0.20824647,0.038080018,120.79211,0.0,3799.375,659.96545,0.3965748716145754,0.5191498375497758,1.0585983691125875,1.5247146387555404,0.12952751,0.0,2.5835037,0.37372786,1.5424357e-06,0.0,8.225441e-05,7.863634e-06,305.88425,299.31323,309.0175,1.6861588,0.06911447,0.00026218453,0.17220394,0.05486241,0.13803858,0.0017260691,0.21036202,0.038514372,119.79476,0.0,3795.4688,654.59827,0.4417366497218609,0.54030418721959,1.074692947542644,1.5497962714143796,0.25649866,0.0,12.717724,1.0801072,6.0405996e-06,0.0,0.00064587593,5.1925665e-05,305.61276,298.96252,308.37698,1.4989808,0.068202056,0.00025460994,0.17542744,0.053996425,0.13826208,0.0017267409,0.20982103,0.038643904,118.28656,0.0,3793.2812,646.47516,0.3281831853091717,0.41117669141385704,0.9739465338498121,1.4347036828257842,0.0061366293,0.0,0.72574615,0.043120153,2.8477775e-08,0.0,3.8146973e-06,2.7811637e-07,306.83914,301.4309,310.30484,1.9320805,0.06689027,0.00030394038,0.16515101,0.0539001,0.13811617,0.0017440306,0.20100473,0.038521614,111.1179,0.0,3623.5625,607.2097,0.03823969012591988,0.4941437037050491,0.6738543554529315,1.0817911933991127,3855.0625,0,0,0
2020-05-18,0.00054174,0.0,0.04386902,0.0036123306,0.0,0.0,0.0,0.0,306.37473,301.4111,309.37366,1.6413351,0.067937404,0.00028652605,0.17447262,0.052647438,0.1374493,0.0017237748,0.20577127,0.038033325,121.85519,0.0,3855.0625,665.74963,0.2511236470891163,0.7088343416107818,0.8634077278984478,1.744284911241266,0.24003321,0.0,4.6052933,0.61050284,1.62522e-06,0.0,7.081032e-05,6.1626824e-06,306.4043,301.28506,309.4335,1.8391191,0.06900946,0.0002760541,0.16948842,0.052536875,0.13756505,0.001727552,0.20678471,0.038101368,121.38852,0.0,3816.5625,663.1929,0.38010941632092,0.7530464176088572,1.2471901213139063,1.7549395722307963,0.010548698,0.0,1.7328262,0.11289986,9.669198e-08,0.0,1.7166138e-05,1.0769079e-06,306.8003,301.15854,309.7146,1.8740789,0.067506984,0.00027127346,0.16723995,0.053627025,0.13746616,0.0017263821,0.20824647,0.038080018,120.79211,0.0,3799.375,659.96545,0.3965748716145754,0.5191498375497758,1.0585983691125875,1.5247146387555404,0.12952751,0.0,2.5835037,0.37372786,1.5424357e-06,0.0,8.225441e-05,7.863634e-06,305.88425,299.31323,309.0175,1.6861588,0.06911447,0.00026218453,0.17220394,0.05486241,0.13803858,0.0017260691,0.21036202,0.038514372,119.79476,0.0,3795.4688,654.59827,0.4417366497218609,0.54030418721959,1.074692947542644,1.5497962714143796,0.044753816,0.0,1.8157959,0.21193308,8.377764e-07,0.0,6.6280365e-05,6.0045404e-06,306.6795,301.26608,310.24704,2.0834548,0.06781432,0.00029278407,0.17337197,0.054394644,0.13825022,0.0017432218,0.20215088,0.038665537,112.57473,0.0,3706.5,615.31036,0.08259349269792438,0.15457338628766593,0.7084091545402771,1.1175235148402862,3915.5625,0,0,0
2020-05-19,0.000120533834,0.0,0.00667572,0.00068549544,0.0,0.0,0.0,0.0,307.41592,301.5397,310.455,1.7264099,0.066984065,0.00028135674,0.17217608,0.053689428,0.13749333,0.0017159133,0.20512383,0.038183432,122.496254,0.0,3915.5625,669.2901,0.24069548313855194,0.6929808306449559,0.7920265298598679,1.6265856068494031,0.00054174,0.0,0.04386902,0.0036123306,0.0,0.0,0.0,0.0,306.37473,301.4111,309.37366,1.6413351,0.067937404,0.00028652605,0.17447262,0.052647438,0.1374493,0.0017237748,0.20577127,0.038033325,121.85519,0.0,3855.0625,665.74963,0.2511236470891163,0.7088343416107818,0.8634077278984478,1.744284911241266,0.24003321,0.0,4.6052933,0.61050284,1.62522e-06,0.0,7.081032e-05,6.1626824e-06,306.4043,301.28506,309.4335,1.8391191,0.06900946,0.0002760541,0.16948842,0.052536875,0.13756505,0.001727552,0.20678471,0.038101368,121.38852,0.0,3816.5625,663.1929,0.38010941632092,0.7530464176088572,1.2471901213139063,1.7549395722307963,0.010548698,0.0,1.7328262,0.11289986,9.669198e-08,0.0,1.7166138e-05,1.0769079e-06,306.8003,301.15854,309.7146,1.8740789,0.067506984,0.00027127346,0.16723995,0.053627025,0.13746616,0.0017263821,0.20824647,0.038080018,120.79211,0.0,3799.375,659.96545,0.3965748716145754,0.5191498375497758,1.0585983691125875,1.5247146387555404,0.015974045,0.0,0.9756088,0.07562809,4.0796067e-07,0.0,5.2928925e-05,3.6621807e-06,306.25772,301.42627,309.29443,1.6517004,0.06816941,0.0002694788,0.18163101,0.05477784,0.13824023,0.0017373726,0.20524639,0.038713638,114.458244,0.0,3763.0938,625.6996,0.06686449004337192,0.09904569921491202,0.711272826170898,1.1332538428687258,4000.9062,0,0,0
2020-05-20,0.00026226044,0.0,0.008583069,0.000901623,0.0,0.0,0.0,0.0,307.9504,301.7772,310.4477,1.8949769,0.06617095,0.00027638875,0.16686805,0.054088846,0.13741551,0.0017212754,0.20571987,0.03821038,123.56282,0.0,4000.9062,675.1969,0.0009245342516805977,0.637532615190139,0.7922106419864576,1.5909354057075689,0.000120533834,0.0,0.00667572,0.00068549544,0.0,0.0,0.0,0.0,307.41592,301.5397,310.455,1.7264099,0.066984065,0.00028135674,0.17217608,0.053689428,0.13749333,0.0017159133,0.20512383,0.038183432,122.496254,0.0,3915.5625,669.2901,0.24069548313855194,0.6929808306449559,0.7920265298598679,1.6265856068494031,0.00054174,0.0,0.04386902,0.0036123306,0.0,0.0,0.0,0.0,306.37473,301.4111,309.37366,1.6413351,0.067937404,0.00028652605,0.17447262,0.052647438,0.1374493,0.0017237748,0.20577127,0.038033325,121.85519,0.0,3855.0625,665.74963,0.2511236470891163,0.7088343416107818,0.8634077278984478,1.744284911241266,0.24003321,0.0,4.6052933,0.61050284,1.62522e-06,0.0,7.081032e-05,6.1626824e-06,306.4043,301.28506,309.4335,1.8391191,0.06900946,0.0002760541,0.16948842,0.052536875,0.13756505,0.001727552,0.20678471,0.038101368,121.38852,0.0,3816.5625,663.1929,0.38010941632092,0.7530464176088572,1.2471901213139063,1.7549395722307963,0.055710476,0.0,1.7194748,0.21260878,9.695689e-07,0.0,7.8201294e-05,7.5465578e-06,305.45026,300.99866,308.0352,1.3877234,0.06777487,0.00026975074,0.18367529,0.05467956,0.13837245,0.0017398141,0.21002674,0.038866863,116.44165,0.0,3786.3438,636.50885,0.11643833667039871,0.1546780267963186,0.7494794053345686,1.1889643187605543,4099.8125,0,0,0
2020-05-21,0.007838673,0.0,1.0652542,0.06720448,8.410878e-08,0.0,1.6212463e-05,8.938664e-07,308.41785,302.45786,311.66904,2.1011026,0.06458614,0.00027541662,0.16021042,0.05278589,0.1365415,0.0017203372,0.20361383,0.037546806,125.19196,0.0,4099.8125,684.22754,0.008221467229304835,0.388872623530915,0.800049314944772,1.5980733929463895,0.00026226044,0.0,0.008583069,0.000901623,0.0,0.0,0.0,0.0,307.9504,301.7772,310.4477,1.8949769,0.06617095,0.00027638875,0.16686805,0.054088846,0.13741551,0.0017212754,0.20571987,0.03821038,123.56282,0.0,4000.9062,675.1969,0.0009245342516805977,0.637532615190139,0.7922106419864576,1.5909354057075689,0.000120533834,0.0,0.00667572,0.00068549544,0.0,0.0,0.0,0.0,307.41592,301.5397,310.455,1.7264099,0.066984065,0.00028135674,0.17217608,0.053689428,0.13749333,0.0017159133,0.20512383,0.038183432,122.496254,0.0,3915.5625,669.2901,0.24069548313855194,0.6929808306449559,0.7920265298598679,1.6265856068494031,0.00054174,0.0,0.04386902,0.0036123306,0.0,0.0,0.0,0.0,306.37473,301.4111,309.37366,1.6413351,0.067937404,0.00028652605,0.17447262,0.052647438,0.1374493,0.0017237748,0.20577127,0.038033325,121.85519,0.0,3855.0625,665.74963,0.2511236470891163,0.7088343416107818,0.8634077278984478,1.744284911241266,0.25649866,0.0,12.717724,1.0801072,6.0405996e-06,0.0,0.00064587593,5.1925665e-05,305.61276,298.96252,308.37698,1.4989808,0.068202056,0.00025460994,0.17542744,0.053996425,0.13826208,0.0017267409,0.20982103,0.038643904,118.28656,0.0,3793.2812,646.47516,0.3281831853091717,0.41117669141385704,0.9739465338498121,1.4347036828257842,4167.4062,0,0,0
2020-05-22,0.0053948825,0.0,0.34856796,0.028060397,1.8543668e-08,0.0,1.4305115e-06,1.1640958e-07,308.147,302.43756,311.26382,2.0387194,0.064408794,0.00027544316,0.1569673,0.052219227,0.13595976,0.001718307,0.19950908,0.037094407,127.21549,0.0,4167.4062,695.392,0.01349581591784954,0.2647399968409445,0.8050441840605345,1.5672193791979225,0.007838673,0.0,1.0652542,0.06720448,8.410878e-08,0.0,1.6212463e-05,8.938664e-07,308.41785,302.45786,311.66904,2.1011026,0.06458614,0.00027541662,0.16021042,0.05278589,0.1365415,0.0017203372,0.20361383,0.037546806,125.19196,0.0,4099.8125,684.22754,0.008221467229304835,0.388872623530915,0.800049314944772,1.5980733929463895,0.00026226044,0.0,0.008583069,0.000901623,0.0,0.0,0.0,0.0,307.9504,301.7772,310.4477,1.8949769,0.06617095,0.00027638875,0.16686805,0.054088846,0.13741551,0.0017212754,0.20571987,0.03821038,123.56282,0.0,4000.9062,675.1969,0.0009245342516805977,0.637532615190139,0.7922106419864576,1.5909354057075689,0.000120533834,0.0,0.00667572,0.00068549544,0.0,0.0,0.0,0.0,307.41592,301.5397,310.455,1.7264099,0.066984065,0.00028135674,0.17217608,0.053689428,0.13749333,0.0017159133,0.20512383,0.038183432,122.496254,0.0,3915.5625,669.2901,0.24069548313855194,0.6929808306449559,0.7920265298598679,1.6265856068494031,0.12952751,0.0,2.5835037,0.37372786,1.5424357e-06,0.0,8.225441e-05,7.863634e-06,305.88425,299.31323,309.0175,1.6861588,0.06911447,0.00026218453,0.17220394,0.05486241,0.13803858,0.0017260691,0.21036202,0.038514372,119.79476,0.0,3795.4688,654.59827,0.4417366497218609,0.54030418721959,1.074692947542644,1.5497962714143796,4180.8438,0,0,0
2020-05-23,0.00043974983,0.0,0.019073486,0.0019852032,0.0,0.0,0.0,0.0,308.00647,301.95493,311.63638,2.3287342,0.064579695,0.00028001392,0.15671311,0.052567933,0.13571371,0.0017181406,0.19833845,0.036967162,129.16524,0.0,4180.8438,706.0148,0.013673305307747796,0.25463104888331145,0.7737808864330873,1.494476546169608,0.0053948825,0.0,0.34856796,0.028060397,1.8543668e-08,0.0,1.4305115e-06,1.1640958e-07,308.147,302.43756,311.26382,2.0387194,0.064408794,0.00027544316,0.1569673,0.052219227,0.13595976,0.001718307,0.19950908,0.037094407,127.21549,0.0,4167.4062,695.392,0.01349581591784954,0.2647399968409445,0.8050441840605345,1.5672193791979225,0.007838673,0.0,1.0652542,0.06720448,8.410878e-08,0.0,1.6212463e-05,8.938664e-07,308.41785,302.45786,311.66904,2.1011026,0.06458614,0.00027541662,0.16021042,0.05278589,0.1365415,0.0017203372,0.20361383,0.037546806,125.19196,0.0,4099.8125,684.22754,0.008221467229304835,0.388872623530915,0.800049314944772,1.5980733929463895,0.00026226044,0.0,0.008583069,0.000901623,0.0,0.0,0.0,0.0,307.9504,301.7772,310.4477,1.8949769,0.06617095,0.00027638875,0.16686805,0.054088846,0.13741551,0.0017212754,0.20571987,0.03821038,123.56282,0.0,4000.9062,675.1969,0.0009245342516805977,0.637532615190139,0.7922106419864576,1.5909354057075689,0.010548698,0.0,1.7328262,0.11289986,9.669198e-08,0.0,1.7166138e-05,1.0769079e-06,306.8003,301.15854,309.7146,1.8740789,0.067506984,0.00027127346,0.16723995,0.053627025,0.13746616,0.0017263821,0.20824647,0.038080018,120.79211,0.0,3799.375,659.96545,0.3965748716145754,0.5191498375497758,1.0585983691125875,1.5247146387555404,4157.6875,0,0,0
2020-05-24,0.0006728702,0.0,0.04386902,0.003772673,0.0,0.0,0.0,0.0,308.05618,301.93118,312.07797,2.4712949,0.06325316,0.00026058033,0.15401004,0.05201364,0.13525729,0.0017098823,0.19798112,0.03674805,130.6704,0.0,4157.6875,714.1072,0.006507502548629418,0.015270709758624434,0.7683171273674816,1.4711181479360675,0.00043974983,0.0,0.019073486,0.0019852032,0.0,0.0,0.0,0.0,308.00647,301.95493,311.63638,2.3287342,0.064579695,0.00028001392,0.15671311,0.052567933,0.13571371,0.0017181406,0.19833845,0.036967162,129.16524,0.0,4180.8438,706.0148,0.013673305307747796,0.25463104888331145,0.7737808864330873,1.494476546169608,0.0053948825,0.0,0.34856796,0.028060397,1.8543668e-08,0.0,1.4305115e-06,1.1640958e-07,308.147,302.43756,311.26382,2.0387194,0.064408794,0.00027544316,0.1569673,0.052219227,0.13595976,0.001718307,0.19950908,0.037094407,127.21549,0.0,4167.4062,695.392,0.01349581591784954,0.2647399968409445,0.8050441840605345,1.5672193791979225,0.007838673,0.0,1.0652542,0.06720448,8.410878e-08,0.0,1.6212463e-05,8.938664e-07,308.41785,302.45786,311.66904,2.1011026,0.06458614,0.00027541662,0.16021042,0.05278589,0.1365415,0.0017203372,0.20361383,0.037546806,125.19196,0.0,4099.8125,684.22754,0.008221467229304835,0.388872623530915,0.800049314944772,1.5980733929463895,0.24003321,0.0,4.6052933,0.61050284,1.62522e-06,0.0,7.081032e-05,6.1626824e-06,306.4043,301.28506,309.4335,1.8391191,0.06900946,0.0002760541,0.16948842,0.052536875,0.13756505,0.001727552,0.20678471,0.038101368,121.38852,0.0,3816.5625,663.1929,0.38010941632092,0.7530464176088572,1.2471901213139063,1.7549395722307963,3970.5312,0,0,0
2020-05-25,0.00010993746,0.0,0.009536743,0.00065335387,0.0,0.0,0.0,0.0,308.28653,301.88184,312.78085,2.6955128,0.062109414,0.0002547037,0.1536958,0.052020937,0.13458472,0.0017193718,0.19729763,0.036539175,126.959656,0.0,3970.5312,693.632,0.0012225574828335084,0.014838907234661747,0.7236732488454436,1.4595627942399005,0.0006728702,0.0,0.04386902,0.003772673,0.0,0.0,0.0,0.0,308.05618,301.93118,312.07797,2.4712949,0.06325316,0.00026058033,0.15401004,0.05201364,0.13525729,0.0017098823,0.19798112,0.03674805,130.6704,0.0,4157.6875,714.1072,0.006507502548629418,0.015270709758624434,0.7683171273674816,1.4711181479360675,0.00043974983,0.0,0.019073486,0.0019852032,0.0,0.0,0.0,0.0,308.00647,301.95493,311.63638,2.3287342,0.064579695,0.00028001392,0.15671311,0.052567933,0.13571371,0.0017181406,0.19833845,0.036967162,129.16524,0.0,4180.8438,706.0148,0.013673305307747796,0.25463104888331145,0.7737808864330873,1.494476546169608,0.0053948825,0.0,0.34856796,0.028060397,1.8543668e-08,0.0,1.4305115e-06,1.1640958e-07,308.147,302.43756,311.26382,2.0387194,0.064408794,0.00027544316,0.1569673,0.052219227,0.13595976,0.001718307,0.19950908,0.037094407,127.21549,0.0,4167.4062,695.392,0.01349581591784954,0.2647399968409445,0.8050441840605345,1.5672193791979225,0.00054174,0.0,0.04386902,0.0036123306,0.0,0.0,0.0,0.0,306.37473,301.4111,309.37366,1.6413351,0.067937404,0.00028652605,0.17447262,0.052647438,0.1374493,0.0017237748,0.20577127,0.038033325,121.85519,0.0,3855.0625,665.74963,0.2511236470891163,0.7088343416107818,0.8634077278984478,1.744284911241266,3892.4688,0,0,0
2020-05-26,1.5894571e-05,0.0,0.002861023,0.00017338932,0.0,0.0,0.0,0.0,308.74246,302.272,313.86795,2.6530006,0.06359477,0.00029611946,0.15509208,0.05250719,0.1347451,0.0017120318,0.19726741,0.036602054,117.86841,0.0,3892.4688,644.50397,0.0007987022272573086,0.014734267972016823,0.7077150986169727,1.4422973148484743,0.00010993746,0.0,0.009536743,0.00065335387,0.0,0.0,0.0,0.0,308.28653,301.88184,312.78085,2.6955128,0.062109414,0.0002547037,0.1536958,0.052020937,0.13458472,0.0017193718,0.19729763,0.036539175,126.959656,0.0,3970.5312,693.632,0.0012225574828335084,0.014838907234661747,0.7236732488454436,1.4595627942399005,0.0006728702,0.0,0.04386902,0.003772673,0.0,0.0,0.0,0.0,308.05618,301.93118,312.07797,2.4712949,0.06325316,0.00026058033,0.15401004,0.05201364,0.13525729,0.0017098823,0.19798112,0.03674805,130.6704,0.0,4157.6875,714.1072,0.006507502548629418,0.015270709758624434,0.7683171273674816,1.4711181479360675,0.00043974983,0.0,0.019073486,0.0019852032,0.0,0.0,0.0,0.0,308.00647,301.95493,311.63638,2.3287342,0.064579695,0.00028001392,0.15671311,0.052567933,0.13571371,0.0017181406,0.19833845,0.036967162,129.16524,0.0,4180.8438,706.0148,0.013673305307747796,0.25463104888331145,0.7737808864330873,1.494476546169608,0.000120533834,0.0,0.00667572,0.00068549544,0.0,0.0,0.0,0.0,307.41592,301.5397,310.455,1.7264099,0.066984065,0.00028135674,0.17217608,0.053689428,0.13749333,0.0017159133,0.20512383,0.038183432,122.496254,0.0,3915.5625,669.2901,0.24069548313855194,0.6929808306449559,0.7920265298598679,1.6265856068494031,3748.5625,0,0,0
2020-05-27,0.0,0.0,0.0,0.0,0.0,0.0,0.0,0.0,309.3847,302.85178,313.9884,2.6268547,0.06520722,0.00028334805,0.15688555,0.053119764,0.13481203,0.0017161259,0.19703053,0.036584962,107.04497,0.0,3748.5625,585.8697,0.00012583202806126792,0.014472007535005105,0.6520046227251441,1.4320982979570545,1.5894571e-05,0.0,0.002861023,0.00017338932,0.0,0.0,0.0,0.0,308.74246,302.272,313.86795,2.6530006,0.06359477,0.00029611946,0.15509208,0.05250719,0.1347451,0.0017120318,0.19726741,0.036602054,117.86841,0.0,3892.4688,644.50397,0.0007987022272573086,0.014734267972016823,0.7077150986169727,1.4422973148484743,0.00010993746,0.0,0.009536743,0.00065335387,0.0,0.0,0.0,0.0,308.28653,301.88184,312.78085,2.6955128,0.062109414,0.0002547037,0.1536958,0.052020937,0.13458472,0.0017193718,0.19729763,0.036539175,126.959656,0.0,3970.5312,693.632,0.0012225574828335084,0.014838907234661747,0.7236732488454436,1.4595627942399005,0.0006728702,0.0,0.04386902,0.003772673,0.0,0.0,0.0,0.0,308.05618,301.93118,312.07797,2.4712949,0.06325316,0.00026058033,0.15401004,0.05201364,0.13525729,0.0017098823,0.19798112,0.03674805,130.6704,0.0,4157.6875,714.1072,0.006507502548629418,0.015270709758624434,0.7683171273674816,1.4711181479360675,0.00026226044,0.0,0.008583069,0.000901623,0.0,0.0,0.0,0.0,307.9504,301.7772,310.4477,1.8949769,0.06617095,0.00027638875,0.16686805,0.054088846,0.13741551,0.0017212754,0.20571987,0.03821038,123.56282,0.0,4000.9062,675.1969,0.0009245342516805977,0.637532615190139,0.7922106419864576,1.5909354057075689,3461.0625,0,0,0
2020-05-28,0.00091261335,0.0,0.10633469,0.006874762,0.0,0.0,0.0,0.0,308.5263,302.37534,312.72104,2.429386,0.06607927,0.00028551897,0.15693416,0.05275928,0.13465616,0.0017138873,0.19658326,0.036463335,95.89223,0.0,3461.0625,525.1455,0.0009285079231631244,0.007545947928520036,0.39641857145943504,1.4199005381397,0.0,0.0,0.0,0.0,0.0,0.0,0.0,0.0,309.3847,302.85178,313.9884,2.6268547,0.06520722,0.00028334805,0.15688555,0.053119764,0.13481203,0.0017161259,0.19703053,0.036584962,107.04497,0.0,3748.5625,585.8697,0.00012583202806126792,0.014472007535005105,0.6520046227251441,1.4320982979570545,1.5894571e-05,0.0,0.002861023,0.00017338932,0.0,0.0,0.0,0.0,308.74246,302.272,313.86795,2.6530006,0.06359477,0.00029611946,0.15509208,0.05250719,0.1347451,0.0017120318,0.19726741,0.036602054,117.86841,0.0,3892.4688,644.50397,0.0007987022272573086,0.014734267972016823,0.7077150986169727,1.4422973148484743,0.00010993746,0.0,0.009536743,0.00065335387,0.0,0.0,0.0,0.0,308.28653,301.88184,312.78085,2.6955128,0.062109414,0.0002547037,0.1536958,0.052020937,0.13458472,0.0017193718,0.19729763,0.036539175,126.959656,0.0,3970.5312,693.632,0.0012225574828335084,0.014838907234661747,0.7236732488454436,1.4595627942399005,0.007838673,0.0,1.0652542,0.06720448,8.410878e-08,0.0,1.6212463e-05,8.938664e-07,308.41785,302.45786,311.66904,2.1011026,0.06458614,0.00027541662,0.16021042,0.05278589,0.1365415,0.0017203372,0.20361383,0.037546806,125.19196,0.0,4099.8125,684.22754,0.008221467229304835,0.388872623530915,0.800049314944772,1.5980733929463895,3132.2812,0,0,0
2020-05-29,0.07534822,0.0,2.1839142,0.28223968,2.682209e-07,0.0,1.21593475e-05,1.2435265e-06,307.40347,301.91275,311.85556,2.0346575,0.06558182,0.0002664385,0.1621355,0.05257077,0.13485473,0.001713392,0.19731456,0.03645488,85.19699,0.0,3132.2812,466.81384,0.07626083411742002,0.0774992861715873,0.3422392830125318,1.4777448621771327,0.00091261335,0.0,0.10633469,0.006874762,0.0,0.0,0.0,0.0,308.5263,302.37534,312.72104,2.429386,0.06607927,0.00028551897,0.15693416,0.05275928,0.13465616,0.0017138873,0.19658326,0.036463335,95.89223,0.0,3461.0625,525.1455,0.0009285079231631244,0.007545947928520036,0.39641857145943504,1.4199005381397,0.0,0.0,0.0,0.0,0.0,0.0,0.0,0.0,309.3847,302.85178,313.9884,2.6268547,0.06520722,0.00028334805,0.15688555,0.053119764,0.13481203,0.0017161259,0.19703053,0.036584962,107.04497,0.0,3748.5625,585.8697,0.00012583202806126792,0.014472007535005105,0.6520046227251441,1.4320982979570545,1.5894571e-05,0.0,0.002861023,0.00017338932,0.0,0.0,0.0,0.0,308.74246,302.272,313.86795,2.6530006,0.06359477,0.00029611946,0.15509208,0.05250719,0.1347451,0.0017120318,0.19726741,0.036602054,117.86841,0.0,3892.4688,644.50397,0.0007987022272573086,0.014734267972016823,0.7077150986169727,1.4422973148484743,0.0053948825,0.0,0.34856796,0.028060397,1.8543668e-08,0.0,1.4305115e-06,1.1640958e-07,308.147,302.43756,311.26382,2.0387194,0.064408794,0.00027544316,0.1569673,0.052219227,0.13595976,0.001718307,0.19950908,0.037094407,127.21549,0.0,4167.4062,695.392,0.01349581591784954,0.2647399968409445,0.8050441840605345,1.5672193791979225,2813.3125,0,0,0
2020-05-30,0.35447013,0.0,2.9344559,0.5834572,2.0345053e-06,0.0,5.531311e-05,5.7781685e-06,306.2261,301.6243,309.08304,1.4950616,0.06806075,0.00027212515,0.17334114,0.05249016,0.1349829,0.0017073062,0.1984961,0.036591675,75.493866,0.0,2813.3125,413.83792,0.4307309678988531,0.43152967012611043,0.6861607190094219,1.800183459856271,0.07534822,0.0,2.1839142,0.28223968,2.682209e-07,0.0,1.21593475e-05,1.2435265e-06,307.40347,301.91275,311.85556,2.0346575,0.06558182,0.0002664385,0.1621355,0.05257077,0.13485473,0.001713392,0.19731456,0.03645488,85.19699,0.0,3132.2812,466.81384,0.07626083411742002,0.0774992861715873,0.3422392830125318,1.4777448621771327,0.00091261335,0.0,0.10633469,0.006874762,0.0,0.0,0.0,0.0,308.5263,302.37534,312.72104,2.429386,0.06607927,0.00028551897,0.15693416,0.05275928,0.13465616,0.0017138873,0.19658326,0.036463335,95.89223,0.0,3461.0625,525.1455,0.0009285079231631244,0.007545947928520036,0.39641857145943504,1.4199005381397,0.0,0.0,0.0,0.0,0.0,0.0,0.0,0.0,309.3847,302.85178,313.9884,2.6268547,0.06520722,0.00028334805,0.15688555,0.053119764,0.13481203,0.0017161259,0.19703053,0.036584962,107.04497,0.0,3748.5625,585.8697,0.00012583202806126792,0.014472007535005105,0.6520046227251441,1.4320982979570545,0.00043974983,0.0,0.019073486,0.0019852032,0.0,0.0,0.0,0.0,308.00647,301.95493,311.63638,2.3287342,0.064579695,0.00028001392,0.15671311,0.052567933,0.13571371,0.0017181406,0.19833845,0.036967162,129.16524,0.0,4180.8438,706.0148,0.013673305307747796,0.25463104888331145,0.7737808864330873,1.494476546169608,2516.4375,0,0,0
2020-05-31,0.17014477,0.0,1.4185905,0.26682648,1.4980634e-06,0.0,7.4625015e-05,7.379442e-06,306.14648,301.68564,308.6368,1.3785063,0.068492495,0.00028231382,0.17231943,0.051362924,0.13463251,0.0017134617,0.19799809,0.036317848,66.989845,0.0,2516.4375,367.3203,0.5999631211161613,0.601001566496052,0.6162722762546764,1.9415471309057466,0.35447013,0.0,2.9344559,0.5834572,2.0345053e-06,0.0,5.531311e-05,5.7781685e-06,306.2261,301.6243,309.08304,1.4950616,0.06806075,0.00027212515,0.17334114,0.05249016,0.1349829,0.0017073062,0.1984961,0.036591675,75.493866,0.0,2813.3125,413.83792,0.4307309678988531,0.43152967012611043,0.6861607190094219,1.800183459856271,0.07534822,0.0,2.1839142,0.28223968,2.682209e-07,0.0,1.21593475e-05,1.2435265e-06,307.40347,301.91275,311.85556,2.0346575,0.06558182,0.0002664385,0.1621355,0.05257077,0.13485473,0.001713392,0.19731456,0.03645488,85.19699,0.0,3132.2812,466.81384,0.07626083411742002,0.0774992861715873,0.3422392830125318,1.4777448621771327,0.00091261335,0.0,0.10633469,0.006874762,0.0,0.0,0.0,0.0,308.5263,302.37534,312.72104,2.429386,0.06607927,0.00028551897,0.15693416,0.05275928,0.13465616,0.0017138873,0.19658326,0.036463335,95.89223,0.0,3461.0625,525.1455,0.0009285079231631244,0.007545947928520036,0.39641857145943504,1.4199005381397,0.0006728702,0.0,0.04386902,0.003772673,0.0,0.0,0.0,0.0,308.05618,301.93118,312.07797,2.4712949,0.06325316,0.00026058033,0.15401004,0.05201364,0.13525729,0.0017098823,0.19798112,0.03674805,130.6704,0.0,4157.6875,714.1072,0.006507502548629418,0.015270709758624434,0.7683171273674816,1.4711181479360675,2240.5938,0,0,0
2020-06-01,0.13352102,0.0,2.8243065,0.3262952,1.562304e-06,0.0,0.0001282692,1.0376816e-05,306.7623,301.72818,309.75137,1.5776278,0.06645154,0.00030872706,0.16734223,0.05071042,0.13408984,0.0017115915,0.19628529,0.035944883,59.691193,0.0,2240.5938,327.31403,0.6581359207630157,0.7344126494517695,0.7492515566864313,2.048424875103592,0.17014477,0.0,1.4185905,0.26682648,1.4980634e-06,0.0,7.4625015e-05,7.379442e-06,306.14648,301.68564,308.6368,1.3785063,0.068492495,0.00028231382,0.17231943,0.051362924,0.13463251,0.0017134617,0.19799809,0.036317848,66.989845,0.0,2516.4375,367.3203,0.5999631211161613,0.601001566496052,0.6162722762546764,1.9415471309057466,0.35447013,0.0,2.9344559,0.5834572,2.0345053e-06,0.0,5.531311e-05,5.7781685e-06,306.2261,301.6243,309.08304,1.4950616,0.06806075,0.00027212515,0.17334114,0.05249016,0.1349829,0.0017073062,0.1984961,0.036591675,75.493866,0.0,2813.3125,413.83792,0.4307309678988531,0.43152967012611043,0.6861607190094219,1.800183459856271,0.07534822,0.0,2.1839142,0.28223968,2.682209e-07,0.0,1.21593475e-05,1.2435265e-06,307.40347,301.91275,311.85556,2.0346575,0.06558182,0.0002664385,0.1621355,0.05257077,0.13485473,0.001713392,0.19731456,0.03645488,85.19699,0.0,3132.2812,466.81384,0.07626083411742002,0.0774992861715873,0.3422392830125318,1.4777448621771327,0.00010993746,0.0,0.009536743,0.00065335387,0.0,0.0,0.0,0.0,308.28653,301.88184,312.78085,2.6955128,0.062109414,0.0002547037,0.1536958,0.052020937,0.13458472,0.0017193718,0.19729763,0.036539175,126.959656,0.0,3970.5312,693.632,0.0012225574828335084,0.014838907234661747,0.7236732488454436,1.4595627942399005,1984.3438,0,0,0
2020-06-02,0.043363042,0.0,1.077652,0.14648677,4.556444e-07,0.0,5.1021576e-05,3.7049433e-06,306.60898,301.80615,309.16098,1.4081019,0.06584636,0.0003408465,0.16492407,0.050820604,0.13397919,0.0017087163,0.1968985,0.03589683,53.535282,0.0,1984.3438,293.6007,0.34702882915735245,0.7777597970562056,0.7924940650282224,2.0403464601567975,0.13352102,0.0,2.8243065,0.3262952,1.562304e-06,0.0,0.0001282692,1.0376816e-05,306.7623,301.72818,309.75137,1.5776278,0.06645154,0.00030872706,0.16734223,0.05071042,0.13408984,0.0017115915,0.19628529,0.035944883,59.691193,0.0,2240.5938,327.31403,0.6581359207630157,0.7344126494517695,0.7492515566864313,2.048424875103592,0.17014477,0.0,1.4185905,0.26682648,1.4980634e-06,0.0,7.4625015e-05,7.379442e-06,306.14648,301.68564,308.6368,1.3785063,0.068492495,0.00028231382,0.17231943,0.051362924,0.13463251,0.0017134617,0.19799809,0.036317848,66.989845,0.0,2516.4375,367.3203,0.5999631211161613,0.601001566496052,0.6162722762546764,1.9415471309057466,0.35447013,0.0,2.9344559,0.5834572,2.0345053e-06,0.0,5.531311e-05,5.7781685e-06,306.2261,301.6243,309.08304,1.4950616,0.06806075,0.00027212515,0.17334114,0.05249016,0.1349829,0.0017073062,0.1984961,0.036591675,75.493866,0.0,2813.3125,413.83792,0.4307309678988531,0.43152967012611043,0.6861607190094219,1.800183459856271,1.5894571e-05,0.0,0.002861023,0.00017338932,0.0,0.0,0.0,0.0,308.74246,302.272,313.86795,2.6530006,0.06359477,0.00029611946,0.15509208,0.05250719,0.1347451,0.0017120318,0.19726741,0.036602054,117.86841,0.0,3892.4688,644.50397,0.0007987022272573086,0.014734267972016823,0.7077150986169727,1.4422973148484743,1836.7812,0,0,0
2020-06-03,0.115246244,0.0,2.0370483,0.30084878,1.1616283e-06,0.0,0.00010108948,7.066363e-06,306.59943,301.79874,309.0101,1.3331381,0.06572224,0.0002923077,0.16261278,0.05124104,0.1341,0.0017070322,0.19827773,0.03612386,48.519608,0.0,1836.7812,266.31107,0.2921303063631058,0.8930060408310965,0.9074780483661016,1.7712685705355398,0.043363042,0.0,1.077652,0.14648677,4.556444e-07,0.0,5.1021576e-05,3.7049433e-06,306.60898,301.80615,309.16098,1.4081019,0.06584636,0.0003408465,0.16492407,0.050820604,0.13397919,0.0017087163,0.1968985,0.03589683,53.535282,0.0,1984.3438,293.6007,0.34702882915735245,0.7777597970562056,0.7924940650282224,2.0403464601567975,0.13352102,0.0,2.8243065,0.3262952,1.562304e-06,0.0,0.0001282692,1.0376816e-05,306.7623,301.72818,309.75137,1.5776278,0.06645154,0.00030872706,0.16734223,0.05071042,0.13408984,0.0017115915,0.19628529,0.035944883,59.691193,0.0,2240.5938,327.31403,0.6581359207630157,0.7344126494517695,0.7492515566864313,2.048424875103592,0.17014477,0.0,1.4185905,0.26682648,1.4980634e-06,0.0,7.4625015e-05,7.379442e-06,306.14648,301.68564,308.6368,1.3785063,0.068492495,0.00028231382,0.17231943,0.051362924,0.13463251,0.0017134617,0.19799809,0.036317848,66.989845,0.0,2516.4375,367.3203,0.5999631211161613,0.601001566496052,0.6162722762546764,1.9415471309057466,0.0,0.0,0.0,0.0,0.0,0.0,0.0,0.0,309.3847,302.85178,313.9884,2.6268547,0.06520722,0.00028334805,0.15688555,0.053119764,0.13481203,0.0017161259,0.19703053,0.036584962,107.04497,0.0,3748.5625,585.8697,0.00012583202806126792,0.014472007535005105,0.6520046227251441,1.4320982979570545,1905.6562,0,0,0
2020-06-04,0.16158952,0.0,3.0050278,0.38057396,6.8280434e-07,0.0,1.6212463e-05,2.1055932e-06,307.24127,302.00366,309.80493,1.4457163,0.065766014,0.00025793025,0.1603239,0.050615624,0.13361047,0.0017080646,0.19592,0.0359186,46.033634,0.0,1905.6562,253.38853,0.32019880414009094,1.0536829456686974,1.0612288935972174,1.8613563568524114,0.115246244,0.0,2.0370483,0.30084878,1.1616283e-06,0.0,0.00010108948,7.066363e-06,306.59943,301.79874,309.0101,1.3331381,0.06572224,0.0002923077,0.16261278,0.05124104,0.1341,0.0017070322,0.19827773,0.03612386,48.519608,0.0,1836.7812,266.31107,0.2921303063631058,0.8930060408310965,0.9074780483661016,1.7712685705355398,0.043363042,0.0,1.077652,0.14648677,4.556444e-07,0.0,5.1021576e-05,3.7049433e-06,306.60898,301.80615,309.16098,1.4081019,0.06584636,0.0003408465,0.16492407,0.050820604,0.13397919,0.0017087163,0.1968985,0.03589683,53.535282,0.0,1984.3438,293.6007,0.34702882915735245,0.7777597970562056,0.7924940650282224,2.0403464601567975,0.13352102,0.0,2.8243065,0.3262952,1.562304e-06,0.0,0.0001282692,1.0376816e-05,306.7623,301.72818,309.75137,1.5776278,0.06645154,0.00030872706,0.16734223,0.05071042,0.13408984,0.0017115915,0.19628529,0.035944883,59.691193,0.0,2240.5938,327.31403,0.6581359207630157,0.7344126494517695,0.7492515566864313,2.048424875103592,0.00091261335,0.0,0.10633469,0.006874762,0.0,0.0,0.0,0.0,308.5263,302.37534,312.72104,2.429386,0.06607927,0.00028551897,0.15693416,0.05275928,0.13465616,0.0017138873,0.19658326,0.036463335,95.89223,0.0,3461.0625,525.1455,0.0009285079231631244,0.007545947928520036,0.39641857145943504,1.4199005381397,2064.9062,0,0,0
2020-06-05,0.063421994,0.0,2.008438,0.18963514,1.0394388e-06,0.0,8.749962e-05,7.4179748e-06,306.3839,302.41544,309.86716,1.3928767,0.06598625,0.00027791644,0.16528456,0.05103434,0.1338322,0.0017108801,0.19641173,0.03609866,46.0118,0.0,2064.9062,255.14635,0.34025775641202927,1.0417567193508148,1.1192560055224021,1.9247002029896976,0.16158952,0.0,3.0050278,0.38057396,6.8280434e-07,0.0,1.6212463e-05,2.1055932e-06,307.24127,302.00366,309.80493,1.4457163,0.065766014,0.00025793025,0.1603239,0.050615624,0.13361047,0.0017080646,0.19592,0.0359186,46.033634,0.0,1905.6562,253.38853,0.32019880414009094,1.0536829456686974,1.0612288935972174,1.8613563568524114,0.115246244,0.0,2.0370483,0.30084878,1.1616283e-06,0.0,0.00010108948,7.066363e-06,306.59943,301.79874,309.0101,1.3331381,0.06572224,0.0002923077,0.16261278,0.05124104,0.1341,0.0017070322,0.19827773,0.03612386,48.519608,0.0,1836.7812,266.31107,0.2921303063631058,0.8930060408310965,0.9074780483661016,1.7712685705355398,0.043363042,0.0,1.077652,0.14648677,4.556444e-07,0.0,5.1021576e-05,3.7049433e-06,306.60898,301.80615,309.16098,1.4081019,0.06584636,0.0003408465,0.16492407,0.050820604,0.13397919,0.0017087163,0.1968985,0.03589683,53.535282,0.0,1984.3438,293.6007,0.34702882915735245,0.7777597970562056,0.7924940650282224,2.0403464601567975,0.07534822,0.0,2.1839142,0.28223968,2.682209e-07,0.0,1.21593475e-05,1.2435265e-06,307.40347,301.91275,311.85556,2.0346575,0.06558182,0.0002664385,0.1621355,0.05257077,0.13485473,0.001713392,0.19731456,0.03645488,85.19699,0.0,3132.2812,466.81384,0.07626083411742002,0.0774992861715873,0.3422392830125318,1.4777448621771327,2210.25,0,0,0
2020-06-06,0.06324715,0.0,1.1205673,0.15984322,1.5629662e-07,0.0,3.5762787e-06,5.186006e-07,306.44733,302.67783,309.579,1.2670625,0.06668876,0.00027555707,0.16794169,0.052069496,0.13447666,0.0017144257,0.19790494,0.036625408,47.43986,0.0,2210.25,265.34277,0.2882586643099785,0.7505337372422218,1.1820634073683323,1.9879473546625377,0.063421994,0.0,2.008438,0.18963514,1.0394388e-06,0.0,8.749962e-05,7.4179748e-06,306.3839,302.41544,309.86716,1.3928767,0.06598625,0.00027791644,0.16528456,0.05103434,0.1338322,0.0017108801,0.19641173,0.03609866,46.0118,0.0,2064.9062,255.14635,0.34025775641202927,1.0417567193508148,1.1192560055224021,1.9247002029896976,0.16158952,0.0,3.0050278,0.38057396,6.8280434e-07,0.0,1.6212463e-05,2.1055932e-06,307.24127,302.00366,309.80493,1.4457163,0.065766014,0.00025793025,0.1603239,0.050615624,0.13361047,0.0017080646,0.19592,0.0359186,46.033634,0.0,1905.6562,253.38853,0.32019880414009094,1.0536829456686974,1.0612288935972174,1.8613563568524114,0.115246244,0.0,2.0370483,0.30084878,1.1616283e-06,0.0,0.00010108948,7.066363e-06,306.59943,301.79874,309.0101,1.3331381,0.06572224,0.0002923077,0.16261278,0.05124104,0.1341,0.0017070322,0.19827773,0.03612386,48.519608,0.0,1836.7812,266.31107,0.2921303063631058,0.8930060408310965,0.9074780483661016,1.7712685705355398,0.35447013,0.0,2.9344559,0.5834572,2.0345053e-06,0.0,5.531311e-05,5.7781685e-06,306.2261,301.6243,309.08304,1.4950616,0.06806075,0.00027212515,0.17334114,0.05249016,0.1349829,0.0017073062,0.1984961,0.036591675,75.493866,0.0,2813.3125,413.83792,0.4307309678988531,0.43152967012611043,0.6861607190094219,1.800183459856271,2350.4375,0,0,0
2020-06-07,0.07473893,0.0,1.5859604,0.18987639,5.033281e-07,0.0,3.0994415e-05,2.4435662e-06,306.9872,302.7452,310.38535,1.6108439,0.06637875,0.00027166167,0.16336904,0.051772032,0.13434553,0.0017162422,0.19688255,0.03655998,49.967426,0.0,2350.4375,281.10736,0.20140807330608368,0.6551278978586197,1.2561294643546717,2.062286268441312,0.06324715,0.0,1.1205673,0.15984322,1.5629662e-07,0.0,3.5762787e-06,5.186006e-07,306.44733,302.67783,309.579,1.2670625,0.06668876,0.00027555707,0.16794169,0.052069496,0.13447666,0.0017144257,0.19790494,0.036625408,47.43986,0.0,2210.25,265.34277,0.2882586643099785,0.7505337372422218,1.1820634073683323,1.9879473546625377,0.063421994,0.0,2.008438,0.18963514,1.0394388e-06,0.0,8.749962e-05,7.4179748e-06,306.3839,302.41544,309.86716,1.3928767,0.06598625,0.00027791644,0.16528456,0.05103434,0.1338322,0.0017108801,0.19641173,0.03609866,46.0118,0.0,2064.9062,255.14635,0.34025775641202927,1.0417567193508148,1.1192560055224021,1.9247002029896976,0.16158952,0.0,3.0050278,0.38057396,6.8280434e-07,0.0,1.6212463e-05,2.1055932e-06,307.24127,302.00366,309.80493,1.4457163,0.065766014,0.00025793025,0.1603239,0.050615624,0.13361047,0.0017080646,0.19592,0.0359186,46.033634,0.0,1905.6562,253.38853,0.32019880414009094,1.0536829456686974,1.0612288935972174,1.8613563568524114,0.17014477,0.0,1.4185905,0.26682648,1.4980634e-06,0.0,7.4625015e-05,7.379442e-06,306.14648,301.68564,308.6368,1.3785063,0.068492495,0.00028231382,0.17231943,0.051362924,0.13463251,0.0017134617,0.19799809,0.036317848,66.989845,0.0,2516.4375,367.3203,0.5999631211161613,0.601001566496052,0.6162722762546764,1.9415471309057466,2469.3125,0,0,0
2020-06-08,0.085352525,0.0,1.4233589,0.2101344,9.1261336e-07,0.0,7.772446e-05,6.702209e-06,307.5622,302.8892,311.5641,1.9135456,0.06580438,0.00029623476,0.16206168,0.05124307,0.13383363,0.0017088443,0.19651079,0.036299292,53.27166,0.0,2469.3125,300.15027,0.22333860397338867,0.6069594025611877,1.3413720520129573,2.115935746101968,0.07473893,0.0,1.5859604,0.18987639,5.033281e-07,0.0,3.0994415e-05,2.4435662e-06,306.9872,302.7452,310.38535,1.6108439,0.06637875,0.00027166167,0.16336904,0.051772032,0.13434553,0.0017162422,0.19688255,0.03655998,49.967426,0.0,2350.4375,281.10736,0.20140807330608368,0.6551278978586197,1.2561294643546717,2.062286268441312,0.06324715,0.0,1.1205673,0.15984322,1.5629662e-07,0.0,3.5762787e-06,5.186006e-07,306.44733,302.67783,309.579,1.2670625,0.06668876,0.00027555707,0.16794169,0.052069496,0.13447666,0.0017144257,0.19790494,0.036625408,47.43986,0.0,2210.25,265.34277,0.2882586643099785,0.7505337372422218,1.1820634073683323,1.9879473546625377,0.063421994,0.0,2.008438,0.18963514,1.0394388e-06,0.0,8.749962e-05,7.4179748e-06,306.3839,302.41544,309.86716,1.3928767,0.06598625,0.00027791644,0.16528456,0.05103434,0.1338322,0.0017108801,0.19641173,0.03609866,46.0118,0.0,2064.9062,255.14635,0.34025775641202927,1.0417567193508148,1.1192560055224021,1.9247002029896976,0.13352102,0.0,2.8243065,0.3262952,1.562304e-06,0.0,0.0001282692,1.0376816e-05,306.7623,301.72818,309.75137,1.5776278,0.06645154,0.00030872706,0.16734223,0.05071042,0.13408984,0.0017115915,0.19628529,0.035944883,59.691193,0.0,2240.5938,327.31403,0.6581359207630157,0.7344126494517695,0.7492515566864313,2.048424875103592,2559.4062,0,0,0
2020-06-09,0.04377895,0.0,0.8468628,0.12624232,4.6888988e-07,0.0,4.4822693e-05,3.458339e-06,308.0579,303.03146,312.22488,1.9513531,0.06440875,0.0002880354,0.15976717,0.050690725,0.13311681,0.0017083707,0.19450569,0.035885688,56.947334,0.0,2559.4062,319.99933,0.20387040078639984,0.6073753088712692,1.3851351059274748,2.1535780653230177,0.085352525,0.0,1.4233589,0.2101344,9.1261336e-07,0.0,7.772446e-05,6.702209e-06,307.5622,302.8892,311.5641,1.9135456,0.06580438,0.00029623476,0.16206168,0.05124307,0.13383363,0.0017088443,0.19651079,0.036299292,53.27166,0.0,2469.3125,300.15027,0.22333860397338867,0.6069594025611877,1.3413720520129573,2.115935746101968,0.07473893,0.0,1.5859604,0.18987639,5.033281e-07,0.0,3.0994415e-05,2.4435662e-06,306.9872,302.7452,310.38535,1.6108439,0.06637875,0.00027166167,0.16336904,0.051772032,0.13434553,0.0017162422,0.19688255,0.03655998,49.967426,0.0,2350.4375,281.10736,0.20140807330608368,0.6551278978586197,1.2561294643546717,2.062286268441312,0.06324715,0.0,1.1205673,0.15984322,1.5629662e-07,0.0,3.5762787e-06,5.186006e-07,306.44733,302.67783,309.579,1.2670625,0.06668876,0.00027555707,0.16794169,0.052069496,0.13447666,0.0017144257,0.19790494,0.036625408,47.43986,0.0,2210.25,265.34277,0.2882586643099785,0.7505337372422218,1.1820634073683323,1.9879473546625377,0.043363042,0.0,1.077652,0.14648677,4.556444e-07,0.0,5.1021576e-05,3.7049433e-06,306.60898,301.80615,309.16098,1.4081019,0.06584636,0.0003408465,0.16492407,0.050820604,0.13397919,0.0017087163,0.1968985,0.03589683,53.535282,0.0,1984.3438,293.6007,0.34702882915735245,0.7777597970562056,0.7924940650282224,2.0403464601567975,2604.3125,0,0,0
2020-06-10,0.017138323,0.0,0.4272461,0.05877878,4.9670536e-08,0.0,5.722046e-06,3.649213e-07,308.22083,303.0758,311.82547,2.0009625,0.063454725,0.0002740825,0.1548348,0.05014349,0.13242577,0.0017051385,0.19086581,0.035455663,60.444553,0.0,2604.3125,337.75424,0.14626979641616344,0.5092673879116774,1.4022734287427738,2.125962572159551,0.04377895,0.0,0.8468628,0.12624232,4.6888988e-07,0.0,4.4822693e-05,3.458339e-06,308.0579,303.03146,312.22488,1.9513531,0.06440875,0.0002880354,0.15976717,0.050690725,0.13311681,0.0017083707,0.19450569,0.035885688,56.947334,0.0,2559.4062,319.99933,0.20387040078639984,0.6073753088712692,1.3851351059274748,2.1535780653230177,0.085352525,0.0,1.4233589,0.2101344,9.1261336e-07,0.0,7.772446e-05,6.702209e-06,307.5622,302.8892,311.5641,1.9135456,0.06580438,0.00029623476,0.16206168,0.05124307,0.13383363,0.0017088443,0.19651079,0.036299292,53.27166,0.0,2469.3125,300.15027,0.22333860397338867,0.6069594025611877,1.3413720520129573,2.115935746101968,0.07473893,0.0,1.5859604,0.18987639,5.033281e-07,0.0,3.0994415e-05,2.4435662e-06,306.9872,302.7452,310.38535,1.6108439,0.06637875,0.00027166167,0.16336904,0.051772032,0.13434553,0.0017162422,0.19688255,0.03655998,49.967426,0.0,2350.4375,281.10736,0.20140807330608368,0.6551278978586197,1.2561294643546717,2.062286268441312,0.115246244,0.0,2.0370483,0.30084878,1.1616283e-06,0.0,0.00010108948,7.066363e-06,306.59943,301.79874,309.0101,1.3331381,0.06572224,0.0002923077,0.16261278,0.05124104,0.1341,0.0017070322,0.19827773,0.03612386,48.519608,0.0,1836.7812,266.31107,0.2921303063631058,0.8930060408310965,0.9074780483661016,1.7712685705355398,2618.2812,0,0,0
2020-06-11,0.023188855,0.0,0.66423416,0.07558654,2.9802322e-08,0.0,1.66893e-06,1.4070007e-07,308.07428,302.9409,311.6489,2.071432,0.06384552,0.00028465502,0.1522838,0.050156794,0.1321307,0.0017047777,0.18951882,0.035307083,63.526577,0.0,2618.2812,352.8566,0.08410612680017948,0.3708667252212763,1.4245496708899736,2.1331773828587757,0.017138323,0.0,0.4272461,0.05877878,4.9670536e-08,0.0,5.722046e-06,3.649213e-07,308.22083,303.0758,311.82547,2.0009625,0.063454725,0.0002740825,0.1548348,0.05014349,0.13242577,0.0017051385,0.19086581,0.035455663,60.444553,0.0,2604.3125,337.75424,0.14626979641616344,0.5092673879116774,1.4022734287427738,2.125962572159551,0.04377895,0.0,0.8468628,0.12624232,4.6888988e-07,0.0,4.4822693e-05,3.458339e-06,308.0579,303.03146,312.22488,1.9513531,0.06440875,0.0002880354,0.15976717,0.050690725,0.13311681,0.0017083707,0.19450569,0.035885688,56.947334,0.0,2559.4062,319.99933,0.20387040078639984,0.6073753088712692,1.3851351059274748,2.1535780653230177,0.085352525,0.0,1.4233589,0.2101344,9.1261336e-07,0.0,7.772446e-05,6.702209e-06,307.5622,302.8892,311.5641,1.9135456,0.06580438,0.00029623476,0.16206168,0.05124307,0.13383363,0.0017088443,0.19651079,0.036299292,53.27166,0.0,2469.3125,300.15027,0.22333860397338867,0.6069594025611877,1.3413720520129573,2.115935746101968,0.16158952,0.0,3.0050278,0.38057396,6.8280434e-07,0.0,1.6212463e-05,2.1055932e-06,307.24127,302.00366,309.80493,1.4457163,0.065766014,0.00025793025,0.1603239,0.050615624,0.13361047,0.0017080646,0.19592,0.0359186,46.033634,0.0,1905.6562,253.38853,0.32019880414009094,1.0536829456686974,1.0612288935972174,1.8613563568524114,2627.5625,0,0,0
2020-06-12,0.03101296,0.0,1.8815994,0.16240163,1.0331472e-07,0.0,6.914139e-06,6.522588e-07,308.2096,302.90054,311.68823,2.0322359,0.064574815,0.0002739774,0.1554088,0.051004205,0.1317884,0.0017010194,0.18788682,0.035152312,66.131516,0.0,2627.5625,365.57422,0.07134013809263706,0.338457690551877,1.3802144099026918,2.108479866745256,0.023188855,0.0,0.66423416,0.07558654,2.9802322e-08,0.0,1.66893e-06,1.4070007e-07,308.07428,302.9409,311.6489,2.071432,0.06384552,0.00028465502,0.1522838,0.050156794,0.1321307,0.0017047777,0.18951882,0.035307083,63.526577,0.0,2618.2812,352.8566,0.08410612680017948,0.3708667252212763,1.4245496708899736,2.1331773828587757,0.017138323,0.0,0.4272461,0.05877878,4.9670536e-08,0.0,5.722046e-06,3.649213e-07,308.22083,303.0758,311.82547,2.0009625,0.063454725,0.0002740825,0.1548348,0.05014349,0.13242577,0.0017051385,0.19086581,0.035455663,60.444553,0.0,2604.3125,337.75424,0.14626979641616344,0.5092673879116774,1.4022734287427738,2.125962572159551,0.04377895,0.0,0.8468628,0.12624232,4.6888988e-07,0.0,4.4822693e-05,3.458339e-06,308.0579,303.03146,312.22488,1.9513531,0.06440875,0.0002880354,0.15976717,0.050690725,0.13311681,0.0017083707,0.19450569,0.035885688,56.947334,0.0,2559.4062,319.99933,0.20387040078639984,0.6073753088712692,1.3851351059274748,2.1535780653230177,0.063421994,0.0,2.008438,0.18963514,1.0394388e-06,0.0,8.749962e-05,7.4179748e-06,306.3839,302.41544,309.86716,1.3928767,0.06598625,0.00027791644,0.16528456,0.05103434,0.1338322,0.0017108801,0.19641173,0.03609866,46.0118,0.0,2064.9062,255.14635,0.34025775641202927,1.0417567193508148,1.1192560055224021,1.9247002029896976,2643.4375,0,0,0
2020-06-13,0.043684907,0.0,2.6350021,0.24331957,1.569589e-07,0.0,8.583069e-06,9.2586515e-07,307.83087,302.71008,311.23337,1.9139928,0.06666501,0.00028522793,0.16348244,0.052868735,0.13242404,0.0017043557,0.1890982,0.03564732,68.2117,0.0,2643.4375,375.82764,0.09788672253489494,0.3188954461365938,1.0694291833788157,1.8956661093852745,0.03101296,0.0,1.8815994,0.16240163,1.0331472e-07,0.0,6.914139e-06,6.522588e-07,308.2096,302.90054,311.68823,2.0322359,0.064574815,0.0002739774,0.1554088,0.051004205,0.1317884,0.0017010194,0.18788682,0.035152312,66.131516,0.0,2627.5625,365.57422,0.07134013809263706,0.338457690551877,1.3802144099026918,2.108479866745256,0.023188855,0.0,0.66423416,0.07558654,2.9802322e-08,0.0,1.66893e-06,1.4070007e-07,308.07428,302.9409,311.6489,2.071432,0.06384552,0.00028465502,0.1522838,0.050156794,0.1321307,0.0017047777,0.18951882,0.035307083,63.526577,0.0,2618.2812,352.8566,0.08410612680017948,0.3708667252212763,1.4245496708899736,2.1331773828587757,0.017138323,0.0,0.4272461,0.05877878,4.9670536e-08,0.0,5.722046e-06,3.649213e-07,308.22083,303.0758,311.82547,2.0009625,0.063454725,0.0002740825,0.1548348,0.05014349,0.13242577,0.0017051385,0.19086581,0.035455663,60.444553,0.0,2604.3125,337.75424,0.14626979641616344,0.5092673879116774,1.4022734287427738,2.125962572159551,0.06324715,0.0,1.1205673,0.15984322,1.5629662e-07,0.0,3.5762787e-06,5.186006e-07,306.44733,302.67783,309.579,1.2670625,0.06668876,0.00027555707,0.16794169,0.052069496,0.13447666,0.0017144257,0.19790494,0.036625408,47.43986,0.0,2210.25,265.34277,0.2882586643099785,0.7505337372422218,1.1820634073683323,1.9879473546625377,2713.1875,0,0,0
2020-06-14,0.005800194,0.0,0.38433075,0.029991455,1.39077505e-08,0.0,2.3841858e-06,1.4204036e-07,308.56555,302.7027,312.0567,2.1336014,0.0671254,0.0002706043,0.16635615,0.054275975,0.13309692,0.0017013646,0.19228174,0.036220685,70.58223,0.0,2713.1875,388.38657,0.08049806114286184,0.24995671305805445,0.9050846109166741,1.7719387942797766,0.043684907,0.0,2.6350021,0.24331957,1.569589e-07,0.0,8.583069e-06,9.2586515e-07,307.83087,302.71008,311.23337,1.9139928,0.06666501,0.00028522793,0.16348244,0.052868735,0.13242404,0.0017043557,0.1890982,0.03564732,68.2117,0.0,2643.4375,375.82764,0.09788672253489494,0.3188954461365938,1.0694291833788157,1.8956661093852745,0.03101296,0.0,1.8815994,0.16240163,1.0331472e-07,0.0,6.914139e-06,6.522588e-07,308.2096,302.90054,311.68823,2.0322359,0.064574815,0.0002739774,0.1554088,0.051004205,0.1317884,0.0017010194,0.18788682,0.035152312,66.131516,0.0,2627.5625,365.57422,0.07134013809263706,0.338457690551877,1.3802144099026918,2.108479866745256,0.023188855,0.0,0.66423416,0.07558654,2.9802322e-08,0.0,1.66893e-06,1.4070007e-07,308.07428,302.9409,311.6489,2.071432,0.06384552,0.00028465502,0.1522838,0.050156794,0.1321307,0.0017047777,0.18951882,0.035307083,63.526577,0.0,2618.2812,352.8566,0.08410612680017948,0.3708667252212763,1.4245496708899736,2.1331773828587757,0.07473893,0.0,1.5859604,0.18987639,5.033281e-07,0.0,3.0994415e-05,2.4435662e-06,306.9872,302.7452,310.38535,1.6108439,0.06637875,0.00027166167,0.16336904,0.051772032,0.13434553,0.0017162422,0.19688255,0.03655998,49.967426,0.0,2350.4375,281.10736,0.20140807330608368,0.6551278978586197,1.2561294643546717,2.062286268441312,2823.9062,0,0,0
2020-06-15,0.0007894304,0.0,0.04386902,0.0039708833,1.9868216e-09,0.0,4.7683716e-07,2.8027566e-08,309.3808,302.8137,313.33215,2.476743,0.06747415,0.00027189296,0.16991276,0.055017807,0.13379124,0.0016975772,0.19703807,0.036811456,73.5538,0.0,2823.9062,404.71378,0.050274531764443964,0.1653936183429323,0.7723530209041201,1.7621795268951246,0.005800194,0.0,0.38433075,0.029991455,1.39077505e-08,0.0,2.3841858e-06,1.4204036e-07,308.56555,302.7027,312.0567,2.1336014,0.0671254,0.0002706043,0.16635615,0.054275975,0.13309692,0.0017013646,0.19228174,0.036220685,70.58223,0.0,2713.1875,388.38657,0.08049806114286184,0.24995671305805445,0.9050846109166741,1.7719387942797766,0.043684907,0.0,2.6350021,0.24331957,1.569589e-07,0.0,8.583069e-06,9.2586515e-07,307.83087,302.71008,311.23337,1.9139928,0.06666501,0.00028522793,0.16348244,0.052868735,0.13242404,0.0017043557,0.1890982,0.03564732,68.2117,0.0,2643.4375,375.82764,0.09788672253489494,0.3188954461365938,1.0694291833788157,1.8956661093852745,0.03101296,0.0,1.8815994,0.16240163,1.0331472e-07,0.0,6.914139e-06,6.522588e-07,308.2096,302.90054,311.68823,2.0322359,0.064574815,0.0002739774,0.1554088,0.051004205,0.1317884,0.0017010194,0.18788682,0.035152312,66.131516,0.0,2627.5625,365.57422,0.07134013809263706,0.338457690551877,1.3802144099026918,2.108479866745256,0.085352525,0.0,1.4233589,0.2101344,9.1261336e-07,0.0,7.772446e-05,6.702209e-06,307.5622,302.8892,311.5641,1.9135456,0.06580438,0.00029623476,0.16206168,0.05124307,0.13383363,0.0017088443,0.19651079,0.036299292,53.27166,0.0,2469.3125,300.15027,0.22333860397338867,0.6069594025611877,1.3413720520129573,2.115935746101968,2930.5,0,0,0
2020-06-16,0.0006079674,0.0,0.02336502,0.0028346058,0.0,0.0,0.0,0.0,309.4443,303.07785,313.96423,2.5415773,0.065108605,0.0002460722,0.16164719,0.05313974,0.13265958,0.0016970745,0.19618751,0.03608132,76.627205,0.0,2930.5,421.58624,0.007197591883596033,0.12222263723379001,0.7295979461050592,1.5227542849479505,0.0007894304,0.0,0.04386902,0.0039708833,1.9868216e-09,0.0,4.7683716e-07,2.8027566e-08,309.3808,302.8137,313.33215,2.476743,0.06747415,0.00027189296,0.16991276,0.055017807,0.13379124,0.0016975772,0.19703807,0.036811456,73.5538,0.0,2823.9062,404.71378,0.050274531764443964,0.1653936183429323,0.7723530209041201,1.7621795268951246,0.005800194,0.0,0.38433075,0.029991455,1.39077505e-08,0.0,2.3841858e-06,1.4204036e-07,308.56555,302.7027,312.0567,2.1336014,0.0671254,0.0002706043,0.16635615,0.054275975,0.13309692,0.0017013646,0.19228174,0.036220685,70.58223,0.0,2713.1875,388.38657,0.08049806114286184,0.24995671305805445,0.9050846109166741,1.7719387942797766,0.043684907,0.0,2.6350021,0.24331957,1.569589e-07,0.0,8.583069e-06,9.2586515e-07,307.83087,302.71008,311.23337,1.9139928,0.06666501,0.00028522793,0.16348244,0.052868735,0.13242404,0.0017043557,0.1890982,0.03564732,68.2117,0.0,2643.4375,375.82764,0.09788672253489494,0.3188954461365938,1.0694291833788157,1.8956661093852745,0.04377895,0.0,0.8468628,0.12624232,4.6888988e-07,0.0,4.4822693e-05,3.458339e-06,308.0579,303.03146,312.22488,1.9513531,0.06440875,0.0002880354,0.15976717,0.050690725,0.13311681,0.0017083707,0.19450569,0.035885688,56.947334,0.0,2559.4062,319.99933,0.20387040078639984,0.6073753088712692,1.3851351059274748,2.1535780653230177,3048.0938,0,0,0
2020-06-17,0.0061776903,0.0,0.39482117,0.033725675,4.635917e-09,0.0,7.1525574e-07,4.5068692e-08,308.57343,303.1987,313.83987,2.340295,0.063957326,0.00022632226,0.15649603,0.05181192,0.13182174,0.0016950978,0.19377212,0.03551089,79.83195,0.0,3048.0938,439.17877,0.007575088122393936,0.11126200476428494,0.6205293926759623,1.5283902353130543,0.0006079674,0.0,0.02336502,0.0028346058,0.0,0.0,0.0,0.0,309.4443,303.07785,313.96423,2.5415773,0.065108605,0.0002460722,0.16164719,0.05313974,0.13265958,0.0016970745,0.19618751,0.03608132,76.627205,0.0,2930.5,421.58624,0.007197591883596033,0.12222263723379001,0.7295979461050592,1.5227542849479505,0.0007894304,0.0,0.04386902,0.0039708833,1.9868216e-09,0.0,4.7683716e-07,2.8027566e-08,309.3808,302.8137,313.33215,2.476743,0.06747415,0.00027189296,0.16991276,0.055017807,0.13379124,0.0016975772,0.19703807,0.036811456,73.5538,0.0,2823.9062,404.71378,0.050274531764443964,0.1653936183429323,0.7723530209041201,1.7621795268951246,0.005800194,0.0,0.38433075,0.029991455,1.39077505e-08,0.0,2.3841858e-06,1.4204036e-07,308.56555,302.7027,312.0567,2.1336014,0.0671254,0.0002706043,0.16635615,0.054275975,0.13309692,0.0017013646,0.19228174,0.036220685,70.58223,0.0,2713.1875,388.38657,0.08049806114286184,0.24995671305805445,0.9050846109166741,1.7719387942797766,0.017138323,0.0,0.4272461,0.05877878,4.9670536e-08,0.0,5.722046e-06,3.649213e-07,308.22083,303.0758,311.82547,2.0009625,0.063454725,0.0002740825,0.1548348,0.05014349,0.13242577,0.0017051385,0.19086581,0.035455663,60.444553,0.0,2604.3125,337.75424,0.14626979641616344,0.5092673879116774,1.4022734287427738,2.125962572159551,3171.1562,0,0,0
2020-06-18,0.008122127,0.0,0.5865097,0.03947931,9.801653e-08,0.0,2.2888184e-05,1.3453675e-06,308.60287,303.3655,313.38123,1.9890172,0.06302878,0.00023129256,0.15278612,0.050936475,0.13121442,0.0016901909,0.19107778,0.035066932,83.2224,0.0,3171.1562,457.78867,0.014907784294337034,0.09619527583708987,0.46706200105836615,1.5363918280509097,0.0061776903,0.0,0.39482117,0.033725675,4.635917e-09,0.0,7.1525574e-07,4.5068692e-08,308.57343,303.1987,313.83987,2.340295,0.063957326,0.00022632226,0.15649603,0.05181192,0.13182174,0.0016950978,0.19377212,0.03551089,79.83195,0.0,3048.0938,439.17877,0.007575088122393936,0.11126200476428494,0.6205293926759623,1.5283902353130543,0.0006079674,0.0,0.02336502,0.0028346058,0.0,0.0,0.0,0.0,309.4443,303.07785,313.96423,2.5415773,0.065108605,0.0002460722,0.16164719,0.05313974,0.13265958,0.0016970745,0.19618751,0.03608132,76.627205,0.0,2930.5,421.58624,0.007197591883596033,0.12222263723379001,0.7295979461050592,1.5227542849479505,0.0007894304,0.0,0.04386902,0.0039708833,1.9868216e-09,0.0,4.7683716e-07,2.8027566e-08,309.3808,302.8137,313.33215,2.476743,0.06747415,0.00027189296,0.16991276,0.055017807,0.13379124,0.0016975772,0.19703807,0.036811456,73.5538,0.0,2823.9062,404.71378,0.050274531764443964,0.1653936183429323,0.7723530209041201,1.7621795268951246,0.023188855,0.0,0.66423416,0.07558654,2.9802322e-08,0.0,1.66893e-06,1.4070007e-07,308.07428,302.9409,311.6489,2.071432,0.06384552,0.00028465502,0.1522838,0.050156794,0.1321307,0.0017047777,0.18951882,0.035307083,63.526577,0.0,2618.2812,352.8566,0.08410612680017948,0.3708667252212763,1.4245496708899736,2.1331773828587757,3285.6562,0,0,0
2020-06-19,0.028885735,0.0,0.5774498,0.08641361,6.6889655e-08,0.0,2.3841858e-06,3.0694017e-07,308.34363,303.25037,312.5475,1.853665,0.064558454,0.00030257288,0.15375258,0.051507514,0.1315626,0.0016916223,0.19067173,0.035178006,86.64618,0.0,3285.6562,476.48862,0.04318555211648345,0.0940680512576364,0.4325257418095134,1.5650153028127534,0.008122127,0.0,0.5865097,0.03947931,9.801653e-08,0.0,2.2888184e-05,1.3453675e-06,308.60287,303.3655,313.38123,1.9890172,0.06302878,0.00023129256,0.15278612,0.050936475,0.13121442,0.0016901909,0.19107778,0.035066932,83.2224,0.0,3171.1562,457.78867,0.014907784294337034,0.09619527583708987,0.46706200105836615,1.5363918280509097,0.0061776903,0.0,0.39482117,0.033725675,4.635917e-09,0.0,7.1525574e-07,4.5068692e-08,308.57343,303.1987,313.83987,2.340295,0.063957326,0.00022632226,0.15649603,0.05181192,0.13182174,0.0016950978,0.19377212,0.03551089,79.83195,0.0,3048.0938,439.17877,0.007575088122393936,0.11126200476428494,0.6205293926759623,1.5283902353130543,0.0006079674,0.0,0.02336502,0.0028346058,0.0,0.0,0.0,0.0,309.4443,303.07785,313.96423,2.5415773,0.065108605,0.0002460722,0.16164719,0.05313974,0.13265958,0.0016970745,0.19618751,0.03608132,76.627205,0.0,2930.5,421.58624,0.007197591883596033,0.12222263723379001,0.7295979461050592,1.5227542849479505,0.03101296,0.0,1.8815994,0.16240163,1.0331472e-07,0.0,6.914139e-06,6.522588e-07,308.2096,302.90054,311.68823,2.0322359,0.064574815,0.0002739774,0.1554088,0.051004205,0.1317884,0.0017010194,0.18788682,0.035152312,66.131516,0.0,2627.5625,365.57422,0.07134013809263706,0.338457690551877,1.3802144099026918,2.108479866745256,3391.75,0,0,0
2020-06-20,0.092347465,0.0,1.9640923,0.25008976,2.1060308e-07,0.0,1.001358e-05,9.1524134e-07,308.06967,303.12753,311.46817,1.7283376,0.06388329,0.00032601863,0.15295269,0.05047638,0.13114749,0.0016901862,0.1894356,0.03488861,90.052895,0.0,3391.75,495.02893,0.12935532722622156,0.14273060945561156,0.4616260555922054,1.649524095309971,0.028885735,0.0,0.5774498,0.08641361,6.6889655e-08,0.0,2.3841858e-06,3.0694017e-07,308.34363,303.25037,312.5475,1.853665,0.064558454,0.00030257288,0.15375258,0.051507514,0.1315626,0.0016916223,0.19067173,0.035178006,86.64618,0.0,3285.6562,476.48862,0.04318555211648345,0.0940680512576364,0.4325257418095134,1.5650153028127534,0.008122127,0.0,0.5865097,0.03947931,9.801653e-08,0.0,2.2888184e-05,1.3453675e-06,308.60287,303.3655,313.38123,1.9890172,0.06302878,0.00023129256,0.15278612,0.050936475,0.13121442,0.0016901909,0.19107778,0.035066932,83.2224,0.0,3171.1562,457.78867,0.014907784294337034,0.09619527583708987,0.46706200105836615,1.5363918280509097,0.0061776903,0.0,0.39482117,0.033725675,4.635917e-09,0.0,7.1525574e-07,4.5068692e-08,308.57343,303.1987,313.83987,2.340295,0.063957326,0.00022632226,0.15649603,0.05181192,0.13182174,0.0016950978,0.19377212,0.03551089,79.83195,0.0,3048.0938,439.17877,0.007575088122393936,0.11126200476428494,0.6205293926759623,1.5283902353130543,0.043684907,0.0,2.6350021,0.24331957,1.569589e-07,0.0,8.583069e-06,9.2586515e-07,307.83087,302.71008,311.23337,1.9139928,0.06666501,0.00028522793,0.16348244,0.052868735,0.13242404,0.0017043557,0.1890982,0.03564732,68.2117,0.0,2643.4375,375.82764,0.09788672253489494,0.3188954461365938,1.0694291833788157,1.8956661093852745,3484.8125,0,0,0
2020-06-21,0.2366185,0.0,3.8890839,0.58390856,8.106232e-07,0.0,1.50203705e-05,2.2239767e-06,307.22244,302.9186,311.97623,2.072473,0.06715651,0.0005515416,0.15914504,0.050434195,0.13179208,0.0016896921,0.19117971,0.035407722,93.51269,0.0,3484.8125,513.7763,0.357851704582572,0.3735489192768,0.6235056323348545,1.8807477167156321,0.092347465,0.0,1.9640923,0.25008976,2.1060308e-07,0.0,1.001358e-05,9.1524134e-07,308.06967,303.12753,311.46817,1.7283376,0.06388329,0.00032601863,0.15295269,0.05047638,0.13114749,0.0016901862,0.1894356,0.03488861,90.052895,0.0,3391.75,495.02893,0.12935532722622156,0.14273060945561156,0.4616260555922054,1.649524095309971,0.028885735,0.0,0.5774498,0.08641361,6.6889655e-08,0.0,2.3841858e-06,3.0694017e-07,308.34363,303.25037,312.5475,1.853665,0.064558454,0.00030257288,0.15375258,0.051507514,0.1315626,0.0016916223,0.19067173,0.035178006,86.64618,0.0,3285.6562,476.48862,0.04318555211648345,0.0940680512576364,0.4325257418095134,1.5650153028127534,0.008122127,0.0,0.5865097,0.03947931,9.801653e-08,0.0,2.2888184e-05,1.3453675e-06,308.60287,303.3655,313.38123,1.9890172,0.06302878,0.00023129256,0.15278612,0.050936475,0.13121442,0.0016901909,0.19107778,0.035066932,83.2224,0.0,3171.1562,457.78867,0.014907784294337034,0.09619527583708987,0.46706200105836615,1.5363918280509097,0.005800194,0.0,0.38433075,0.029991455,1.39077505e-08,0.0,2.3841858e-06,1.4204036e-07,308.56555,302.7027,312.0567,2.1336014,0.0671254,0.0002706043,0.16635615,0.054275975,0.13309692,0.0017013646,0.19228174,0.036220685,70.58223,0.0,2713.1875,388.38657,0.08049806114286184,0.24995671305805445,0.9050846109166741,1.7719387942797766,3568.0312,0,0,0
2020-06-22,0.12421475,0.0,2.0666122,0.3186135,3.8544337e-07,0.0,8.583069e-06,1.2038957e-06,308.01956,302.90506,312.39066,2.1607888,0.06681735,0.00057644275,0.15877132,0.05074542,0.13167016,0.0016830763,0.19200593,0.03539815,96.94587,0.0,3568.0312,532.26074,0.4531807228922844,0.4969742423854768,0.6623678607284091,2.00452272039729,0.2366185,0.0,3.8890839,0.58390856,8.106232e-07,0.0,1.50203705e-05,2.2239767e-06,307.22244,302.9186,311.97623,2.072473,0.06715651,0.0005515416,0.15914504,0.050434195,0.13179208,0.0016896921,0.19117971,0.035407722,93.51269,0.0,3484.8125,513.7763,0.357851704582572,0.3735489192768,0.6235056323348545,1.8807477167156321,0.092347465,0.0,1.9640923,0.25008976,2.1060308e-07,0.0,1.001358e-05,9.1524134e-07,308.06967,303.12753,311.46817,1.7283376,0.06388329,0.00032601863,0.15295269,0.05047638,0.13114749,0.0016901862,0.1894356,0.03488861,90.052895,0.0,3391.75,495.02893,0.12935532722622156,0.14273060945561156,0.4616260555922054,1.649524095309971,0.028885735,0.0,0.5774498,0.08641361,6.6889655e-08,0.0,2.3841858e-06,3.0694017e-07,308.34363,303.25037,312.5475,1.853665,0.064558454,0.00030257288,0.15375258,0.051507514,0.1315626,0.0016916223,0.19067173,0.035178006,86.64618,0.0,3285.6562,476.48862,0.04318555211648345,0.0940680512576364,0.4325257418095134,1.5650153028127534,0.0007894304,0.0,0.04386902,0.0039708833,1.9868216e-09,0.0,4.7683716e-07,2.8027566e-08,309.3808,302.8137,313.33215,2.476743,0.06747415,0.00027189296,0.16991276,0.055017807,0.13379124,0.0016975772,0.19703807,0.036811456,73.5538,0.0,2823.9062,404.71378,0.050274531764443964,0.1653936183429323,0.7723530209041201,1.7621795268951246,3660.6406,0,0,0
2020-06-23,0.048318174,0.0,1.2469292,0.15583526,1.2980567e-07,0.0,6.198883e-06,5.5620916e-07,308.51688,303.2991,312.16476,1.8165375,0.06488636,0.00036997985,0.15476859,0.0516131,0.13138966,0.0016918556,0.19691981,0.035299804,100.24645,0.0,3660.6406,550.00934,0.40915143117308617,0.5446844487451017,0.6669070859788917,2.0521680239344278,0.12421475,0.0,2.0666122,0.3186135,3.8544337e-07,0.0,8.583069e-06,1.2038957e-06,308.01956,302.90506,312.39066,2.1607888,0.06681735,0.00057644275,0.15877132,0.05074542,0.13167016,0.0016830763,0.19200593,0.03539815,96.94587,0.0,3568.0312,532.26074,0.4531807228922844,0.4969742423854768,0.6623678607284091,2.00452272039729,0.2366185,0.0,3.8890839,0.58390856,8.106232e-07,0.0,1.50203705e-05,2.2239767e-06,307.22244,302.9186,311.97623,2.072473,0.06715651,0.0005515416,0.15914504,0.050434195,0.13179208,0.0016896921,0.19117971,0.035407722,93.51269,0.0,3484.8125,513.7763,0.357851704582572,0.3735489192768,0.6235056323348545,1.8807477167156321,0.092347465,0.0,1.9640923,0.25008976,2.1060308e-07,0.0,1.001358e-05,9.1524134e-07,308.06967,303.12753,311.46817,1.7283376,0.06388329,0.00032601863,0.15295269,0.05047638,0.13114749,0.0016901862,0.1894356,0.03488861,90.052895,0.0,3391.75,495.02893,0.12935532722622156,0.14273060945561156,0.4616260555922054,1.649524095309971,0.0006079674,0.0,0.02336502,0.0028346058,0.0,0.0,0.0,0.0,309.4443,303.07785,313.96423,2.5415773,0.065108605,0.0002460722,0.16164719,0.05313974,0.13265958,0.0016970745,0.19618751,0.03608132,76.627205,0.0,2930.5,421.58624,0.007197591883596033,0.12222263723379001,0.7295979461050592,1.5227542849479505,3773.3906,0,0,0
2020-06-24,0.054827,0.0,2.4204254,0.2529613,1.6159481e-07,0.0,9.059906e-06,9.047892e-07,308.4647,303.59396,312.30157,1.752735,0.065927066,0.00029315983,0.162592,0.053184133,0.13175756,0.0016867057,0.20421593,0.035713807,103.47928,0.0,3773.3906,567.536,0.22735992819070816,0.5933337593451142,0.7045957641093992,2.1068850874235068,0.048318174,0.0,1.2469292,0.15583526,1.2980567e-07,0.0,6.198883e-06,5.5620916e-07,308.51688,303.2991,312.16476,1.8165375,0.06488636,0.00036997985,0.15476859,0.0516131,0.13138966,0.0016918556,0.19691981,0.035299804,100.24645,0.0,3660.6406,550.00934,0.40915143117308617,0.5446844487451017,0.6669070859788917,2.0521680239344278,0.12421475,0.0,2.0666122,0.3186135,3.8544337e-07,0.0,8.583069e-06,1.2038957e-06,308.01956,302.90506,312.39066,2.1607888,0.06681735,0.00057644275,0.15877132,0.05074542,0.13167016,0.0016830763,0.19200593,0.03539815,96.94587,0.0,3568.0312,532.26074,0.4531807228922844,0.4969742423854768,0.6623678607284091,2.00452272039729,0.2366185,0.0,3.8890839,0.58390856,8.106232e-07,0.0,1.50203705e-05,2.2239767e-06,307.22244,302.9186,311.97623,2.072473,0.06715651,0.0005515416,0.15914504,0.050434195,0.13179208,0.0016896921,0.19117971,0.035407722,93.51269,0.0,3484.8125,513.7763,0.357851704582572,0.3735489192768,0.6235056323348545,1.8807477167156321,0.0061776903,0.0,0.39482117,0.033725675,4.635917e-09,0.0,7.1525574e-07,4.5068692e-08,308.57343,303.1987,313.83987,2.340295,0.063957326,0.00022632226,0.15649603,0.05181192,0.13182174,0.0016950978,0.19377212,0.03551089,79.83195,0.0,3048.0938,439.17877,0.007575088122393936,0.11126200476428494,0.6205293926759623,1.5283902353130543,3915.125,0,0,0
2020-06-25,0.06284846,0.0,1.8620491,0.18867478,1.09805e-06,0.0,9.918213e-05,8.021073e-06,308.33548,303.6185,312.26163,1.9396489,0.06801622,0.00027015805,0.16918303,0.05385925,0.1319318,0.0016840432,0.20525919,0.0359609,106.930214,0.0,3915.125,586.4937,0.16599363833665848,0.6480600964277983,0.7442553722648881,2.169717656506691,0.054827,0.0,2.4204254,0.2529613,1.6159481e-07,0.0,9.059906e-06,9.047892e-07,308.4647,303.59396,312.30157,1.752735,0.065927066,0.00029315983,0.162592,0.053184133,0.13175756,0.0016867057,0.20421593,0.035713807,103.47928,0.0,3773.3906,567.536,0.22735992819070816,0.5933337593451142,0.7045957641093992,2.1068850874235068,0.048318174,0.0,1.2469292,0.15583526,1.2980567e-07,0.0,6.198883e-06,5.5620916e-07,308.51688,303.2991,312.16476,1.8165375,0.06488636,0.00036997985,0.15476859,0.0516131,0.13138966,0.0016918556,0.19691981,0.035299804,100.24645,0.0,3660.6406,550.00934,0.40915143117308617,0.5446844487451017,0.6669070859788917,2.0521680239344278,0.12421475,0.0,2.0666122,0.3186135,3.8544337e-07,0.0,8.583069e-06,1.2038957e-06,308.01956,302.90506,312.39066,2.1607888,0.06681735,0.00057644275,0.15877132,0.05074542,0.13167016,0.0016830763,0.19200593,0.03539815,96.94587,0.0,3568.0312,532.26074,0.4531807228922844,0.4969742423854768,0.6623678607284091,2.00452272039729,0.008122127,0.0,0.5865097,0.03947931,9.801653e-08,0.0,2.2888184e-05,1.3453675e-06,308.60287,303.3655,313.38123,1.9890172,0.06302878,0.00023129256,0.15278612,0.050936475,0.13121442,0.0016901909,0.19107778,0.035066932,83.2224,0.0,3171.1562,457.78867,0.014907784294337034,0.09619527583708987,0.46706200105836615,1.5363918280509097,4111.6562,0,0,0
2020-06-26,0.047120783,0.0,1.1711121,0.17005223,9.106265e-08,0.0,4.2915344e-06,4.0848056e-07,308.0028,303.82523,312.2368,1.7995319,0.067816034,0.00028327885,0.16822086,0.053378284,0.13176426,0.0016783829,0.20321013,0.03576978,111.04284,0.0,4111.6562,609.3748,0.16479624807834625,0.6662951447069645,0.7603631959646009,2.2168384399847127,0.06284846,0.0,1.8620491,0.18867478,1.09805e-06,0.0,9.918213e-05,8.021073e-06,308.33548,303.6185,312.26163,1.9396489,0.06801622,0.00027015805,0.16918303,0.05385925,0.1319318,0.0016840432,0.20525919,0.0359609,106.930214,0.0,3915.125,586.4937,0.16599363833665848,0.6480600964277983,0.7442553722648881,2.169717656506691,0.054827,0.0,2.4204254,0.2529613,1.6159481e-07,0.0,9.059906e-06,9.047892e-07,308.4647,303.59396,312.30157,1.752735,0.065927066,0.00029315983,0.162592,0.053184133,0.13175756,0.0016867057,0.20421593,0.035713807,103.47928,0.0,3773.3906,567.536,0.22735992819070816,0.5933337593451142,0.7045957641093992,2.1068850874235068,0.048318174,0.0,1.2469292,0.15583526,1.2980567e-07,0.0,6.198883e-06,5.5620916e-07,308.51688,303.2991,312.16476,1.8165375,0.06488636,0.00036997985,0.15476859,0.0516131,0.13138966,0.0016918556,0.19691981,0.035299804,100.24645,0.0,3660.6406,550.00934,0.40915143117308617,0.5446844487451017,0.6669070859788917,2.0521680239344278,0.028885735,0.0,0.5774498,0.08641361,6.6889655e-08,0.0,2.3841858e-06,3.0694017e-07,308.34363,303.25037,312.5475,1.853665,0.064558454,0.00030257288,0.15375258,0.051507514,0.1315626,0.0016916223,0.19067173,0.035178006,86.64618,0.0,3285.6562,476.48862,0.04318555211648345,0.0940680512576364,0.4325257418095134,1.5650153028127534,4459.25,0,0,0
2020-06-27,0.07937087,0.0,2.0222664,0.24928996,9.669198e-08,0.0,3.8146973e-06,4.259013e-07,308.1241,303.8363,312.55368,1.8986876,0.067336604,0.00030988673,0.1660763,0.052421164,0.13155432,0.0016866628,0.20116036,0.035559386,116.48744,0.0,4459.25,640.0821,0.18934011831879616,0.6533185504376888,0.7960491598933004,2.29529669781914,0.047120783,0.0,1.1711121,0.17005223,9.106265e-08,0.0,4.2915344e-06,4.0848056e-07,308.0028,303.82523,312.2368,1.7995319,0.067816034,0.00028327885,0.16822086,0.053378284,0.13176426,0.0016783829,0.20321013,0.03576978,111.04284,0.0,4111.6562,609.3748,0.16479624807834625,0.6662951447069645,0.7603631959646009,2.2168384399847127,0.06284846,0.0,1.8620491,0.18867478,1.09805e-06,0.0,9.918213e-05,8.021073e-06,308.33548,303.6185,312.26163,1.9396489,0.06801622,0.00027015805,0.16918303,0.05385925,0.1319318,0.0016840432,0.20525919,0.0359609,106.930214,0.0,3915.125,586.4937,0.16599363833665848,0.6480600964277983,0.7442553722648881,2.169717656506691,0.054827,0.0,2.4204254,0.2529613,1.6159481e-07,0.0,9.059906e-06,9.047892e-07,308.4647,303.59396,312.30157,1.752735,0.065927066,0.00029315983,0.162592,0.053184133,0.13175756,0.0016867057,0.20421593,0.035713807,103.47928,0.0,3773.3906,567.536,0.22735992819070816,0.5933337593451142,0.7045957641093992,2.1068850874235068,0.092347465,0.0,1.9640923,0.25008976,2.1060308e-07,0.0,1.001358e-05,9.1524134e-07,308.06967,303.12753,311.46817,1.7283376,0.06388329,0.00032601863,0.15295269,0.05047638,0.13114749,0.0016901862,0.1894356,0.03488861,90.052895,0.0,3391.75,495.02893,0.12935532722622156,0.14273060945561156,0.4616260555922054,1.649524095309971,5283.2656,0,0,0
2020-06-28,0.050679844,0.0,1.6813278,0.14470458,5.761782e-08,0.0,1.9073486e-06,2.2265702e-07,308.2209,303.66077,313.06735,1.9385682,0.06641023,0.0002873804,0.16317432,0.051736534,0.13119987,0.0016809342,0.19931276,0.035307836,125.4678,0.0,5283.2656,692.6114,0.1771714985370636,0.4673798903822899,0.8409288096590899,2.2706283209263347,0.07937087,0.0,2.0222664,0.24928996,9.669198e-08,0.0,3.8146973e-06,4.259013e-07,308.1241,303.8363,312.55368,1.8986876,0.067336604,0.00030988673,0.1660763,0.052421164,0.13155432,0.0016866628,0.20116036,0.035559386,116.48744,0.0,4459.25,640.0821,0.18934011831879616,0.6533185504376888,0.7960491598933004,2.29529669781914,0.047120783,0.0,1.1711121,0.17005223,9.106265e-08,0.0,4.2915344e-06,4.0848056e-07,308.0028,303.82523,312.2368,1.7995319,0.067816034,0.00028327885,0.16822086,0.053378284,0.13176426,0.0016783829,0.20321013,0.03576978,111.04284,0.0,4111.6562,609.3748,0.16479624807834625,0.6662951447069645,0.7603631959646009,2.2168384399847127,0.06284846,0.0,1.8620491,0.18867478,1.09805e-06,0.0,9.918213e-05,8.021073e-06,308.33548,303.6185,312.26163,1.9396489,0.06801622,0.00027015805,0.16918303,0.05385925,0.1319318,0.0016840432,0.20525919,0.0359609,106.930214,0.0,3915.125,586.4937,0.16599363833665848,0.6480600964277983,0.7442553722648881,2.169717656506691,0.2366185,0.0,3.8890839,0.58390856,8.106232e-07,0.0,1.50203705e-05,2.2239767e-06,307.22244,302.9186,311.97623,2.072473,0.06715651,0.0005515416,0.15914504,0.050434195,0.13179208,0.0016896921,0.19117971,0.035407722,93.51269,0.0,3484.8125,513.7763,0.357851704582572,0.3735489192768,0.6235056323348545,1.8807477167156321,6869.8125,1,0,0
2020-06-29,0.037405226,0.0,0.8864403,0.12635332,9.338061e-08,0.0,3.33786e-06,3.8109184e-07,308.06467,303.73358,312.02664,1.7988081,0.065720625,0.00029741306,0.1580771,0.051123615,0.13096362,0.0016785986,0.19871788,0.035148982,143.39536,0.0,6869.8125,803.0219,0.16745594143867493,0.380570363253355,0.8775446056388319,1.9535634135245346,0.050679844,0.0,1.6813278,0.14470458,5.761782e-08,0.0,1.9073486e-06,2.2265702e-07,308.2209,303.66077,313.06735,1.9385682,0.06641023,0.0002873804,0.16317432,0.051736534,0.13119987,0.0016809342,0.19931276,0.035307836,125.4678,0.0,5283.2656,692.6114,0.1771714985370636,0.4673798903822899,0.8409288096590899,2.2706283209263347,0.07937087,0.0,2.0222664,0.24928996,9.669198e-08,0.0,3.8146973e-06,4.259013e-07,308.1241,303.8363,312.55368,1.8986876,0.067336604,0.00030988673,0.1660763,0.052421164,0.13155432,0.0016866628,0.20116036,0.035559386,116.48744,0.0,4459.25,640.0821,0.18934011831879616,0.6533185504376888,0.7960491598933004,2.29529669781914,0.047120783,0.0,1.1711121,0.17005223,9.106265e-08,0.0,4.2915344e-06,4.0848056e-07,308.0028,303.82523,312.2368,1.7995319,0.067816034,0.00028327885,0.16822086,0.053378284,0.13176426,0.0016783829,0.20321013,0.03576978,111.04284,0.0,4111.6562,609.3748,0.16479624807834625,0.6662951447069645,0.7603631959646009,2.2168384399847127,0.12421475,0.0,2.0666122,0.3186135,3.8544337e-07,0.0,8.583069e-06,1.2038957e-06,308.01956,302.90506,312.39066,2.1607888,0.06681735,0.00057644275,0.15877132,0.05074542,0.13167016,0.0016830763,0.19200593,0.03539815,96.94587,0.0,3568.0312,532.26074,0.4531807228922844,0.4969742423854768,0.6623678607284091,2.00452272039729,8247.266,1,0,0
2020-06-30,0.06279283,0.0,1.226902,0.152289,4.682276e-07,0.0,3.0994415e-05,2.4792646e-06,308.1875,303.72742,311.74353,1.7700375,0.06555625,0.00028758775,0.1578543,0.050654545,0.13055775,0.0016773305,0.19692434,0.034974862,173.9042,0.0,8247.266,986.7674,0.15087790042161942,0.3950450196862221,0.9397294684313238,1.8462114771245979,0.037405226,0.0,0.8864403,0.12635332,9.338061e-08,0.0,3.33786e-06,3.8109184e-07,308.06467,303.73358,312.02664,1.7988081,0.065720625,0.00029741306,0.1580771,0.051123615,0.13096362,0.0016785986,0.19871788,0.035148982,143.39536,0.0,6869.8125,803.0219,0.16745594143867493,0.380570363253355,0.8775446056388319,1.9535634135245346,0.050679844,0.0,1.6813278,0.14470458,5.761782e-08,0.0,1.9073486e-06,2.2265702e-07,308.2209,303.66077,313.06735,1.9385682,0.06641023,0.0002873804,0.16317432,0.051736534,0.13119987,0.0016809342,0.19931276,0.035307836,125.4678,0.0,5283.2656,692.6114,0.1771714985370636,0.4673798903822899,0.8409288096590899,2.2706283209263347,0.07937087,0.0,2.0222664,0.24928996,9.669198e-08,0.0,3.8146973e-06,4.259013e-07,308.1241,303.8363,312.55368,1.8986876,0.067336604,0.00030988673,0.1660763,0.052421164,0.13155432,0.0016866628,0.20116036,0.035559386,116.48744,0.0,4459.25,640.0821,0.18934011831879616,0.6533185504376888,0.7960491598933004,2.29529669781914,0.048318174,0.0,1.2469292,0.15583526,1.2980567e-07,0.0,6.198883e-06,5.5620916e-07,308.51688,303.2991,312.16476,1.8165375,0.06488636,0.00036997985,0.15476859,0.0516131,0.13138966,0.0016918556,0.19691981,0.035299804,100.24645,0.0,3660.6406,550.00934,0.40915143117308617,0.5446844487451017,0.6669070859788917,2.0521680239344278,8864.516,1,0,0
2020-07-01,0.1738641,0.0,2.1457672,0.3349809,7.30488e-07,0.0,2.0742416e-05,2.1555147e-06,308.8163,303.28503,312.73752,1.8931146,0.06602423,0.0002775908,0.16109951,0.05135476,0.12986223,0.0016815747,0.19345212,0.03454501,211.45636,0.0,8864.516,1190.839,0.2740621529519558,0.5140821151435375,1.1074158744886518,1.8865545531152748,0.06279283,0.0,1.226902,0.152289,4.682276e-07,0.0,3.0994415e-05,2.4792646e-06,308.1875,303.72742,311.74353,1.7700375,0.06555625,0.00028758775,0.1578543,0.050654545,0.13055775,0.0016773305,0.19692434,0.034974862,173.9042,0.0,8247.266,986.7674,0.15087790042161942,0.3950450196862221,0.9397294684313238,1.8462114771245979,0.037405226,0.0,0.8864403,0.12635332,9.338061e-08,0.0,3.33786e-06,3.8109184e-07,308.06467,303.73358,312.02664,1.7988081,0.065720625,0.00029741306,0.1580771,0.051123615,0.13096362,0.0016785986,0.19871788,0.035148982,143.39536,0.0,6869.8125,803.0219,0.16745594143867493,0.380570363253355,0.8775446056388319,1.9535634135245346,0.050679844,0.0,1.6813278,0.14470458,5.761782e-08,0.0,1.9073486e-06,2.2265702e-07,308.2209,303.66077,313.06735,1.9385682,0.06641023,0.0002873804,0.16317432,0.051736534,0.13119987,0.0016809342,0.19931276,0.035307836,125.4678,0.0,5283.2656,692.6114,0.1771714985370636,0.4673798903822899,0.8409288096590899,2.2706283209263347,0.054827,0.0,2.4204254,0.2529613,1.6159481e-07,0.0,9.059906e-06,9.047892e-07,308.4647,303.59396,312.30157,1.752735,0.065927066,0.00029315983,0.162592,0.053184133,0.13175756,0.0016867057,0.20421593,0.035713807,103.47928,0.0,3773.3906,567.536,0.22735992819070816,0.5933337593451142,0.7045957641093992,2.1068850874235068,9209.4375,1,0,0
2020-07-02,0.009801652,0.0,0.25224686,0.030825028,3.112687e-08,0.0,1.9073486e-06,1.6899146e-07,308.33926,303.78134,313.92603,2.328943,0.067832775,0.00032415954,0.16690946,0.05307167,0.13020466,0.0016754147,0.19513394,0.034866627,248.15121,0.0,9209.4375,1373.5668,0.24645857885479927,0.4610353037714958,1.109095400199294,1.8529931632219814,0.1738641,0.0,2.1457672,0.3349809,7.30488e-07,0.0,2.0742416e-05,2.1555147e-06,308.8163,303.28503,312.73752,1.8931146,0.06602423,0.0002775908,0.16109951,0.05135476,0.12986223,0.0016815747,0.19345212,0.03454501,211.45636,0.0,8864.516,1190.839,0.2740621529519558,0.5140821151435375,1.1074158744886518,1.8865545531152748,0.06279283,0.0,1.226902,0.152289,4.682276e-07,0.0,3.0994415e-05,2.4792646e-06,308.1875,303.72742,311.74353,1.7700375,0.06555625,0.00028758775,0.1578543,0.050654545,0.13055775,0.0016773305,0.19692434,0.034974862,173.9042,0.0,8247.266,986.7674,0.15087790042161942,0.3950450196862221,0.9397294684313238,1.8462114771245979,0.037405226,0.0,0.8864403,0.12635332,9.338061e-08,0.0,3.33786e-06,3.8109184e-07,308.06467,303.73358,312.02664,1.7988081,0.065720625,0.00029741306,0.1580771,0.051123615,0.13096362,0.0016785986,0.19871788,0.035148982,143.39536,0.0,6869.8125,803.0219,0.16745594143867493,0.380570363253355,0.8775446056388319,1.9535634135245346,0.06284846,0.0,1.8620491,0.18867478,1.09805e-06,0.0,9.918213e-05,8.021073e-06,308.33548,303.6185,312.26163,1.9396489,0.06801622,0.00027015805,0.16918303,0.05385925,0.1319318,0.0016840432,0.20525919,0.0359609,106.930214,0.0,3915.125,586.4937,0.16599363833665848,0.6480600964277983,0.7442553722648881,2.169717656506691,9399.328,1,0,0
2020-07-03,0.007867813,0.0,0.32615662,0.034578767,7.285012e-09,0.0,7.1525574e-07,6.727542e-08,308.86856,304.1119,313.4319,1.915829,0.06698879,0.00028913454,0.1666449,0.05313829,0.13014644,0.0016781675,0.19418114,0.03485099,274.39944,0.0,9399.328,1504.211,0.19153356179594994,0.42178233340382576,1.0880774781107903,1.745614732557442,0.009801652,0.0,0.25224686,0.030825028,3.112687e-08,0.0,1.9073486e-06,1.6899146e-07,308.33926,303.78134,313.92603,2.328943,0.067832775,0.00032415954,0.16690946,0.05307167,0.13020466,0.0016754147,0.19513394,0.034866627,248.15121,0.0,9209.4375,1373.5668,0.24645857885479927,0.4610353037714958,1.109095400199294,1.8529931632219814,0.1738641,0.0,2.1457672,0.3349809,7.30488e-07,0.0,2.0742416e-05,2.1555147e-06,308.8163,303.28503,312.73752,1.8931146,0.06602423,0.0002775908,0.16109951,0.05135476,0.12986223,0.0016815747,0.19345212,0.03454501,211.45636,0.0,8864.516,1190.839,0.2740621529519558,0.5140821151435375,1.1074158744886518,1.8865545531152748,0.06279283,0.0,1.226902,0.152289,4.682276e-07,0.0,3.0994415e-05,2.4792646e-06,308.1875,303.72742,311.74353,1.7700375,0.06555625,0.00028758775,0.1578543,0.050654545,0.13055775,0.0016773305,0.19692434,0.034974862,173.9042,0.0,8247.266,986.7674,0.15087790042161942,0.3950450196862221,0.9397294684313238,1.8462114771245979,0.047120783,0.0,1.1711121,0.17005223,9.106265e-08,0.0,4.2915344e-06,4.0848056e-07,308.0028,303.82523,312.2368,1.7995319,0.067816034,0.00028327885,0.16822086,0.053378284,0.13176426,0.0016783829,0.20321013,0.03576978,111.04284,0.0,4111.6562,609.3748,0.16479624807834625,0.6662951447069645,0.7603631959646009,2.2168384399847127,9431.703,1,0,0
2020-07-04,0.035802525,0.0,1.6670227,0.15429816,1.9007258e-07,0.0,2.8371811e-05,1.6904662e-06,308.72113,304.21518,313.29666,1.8989532,0.06730987,0.0002764881,0.16794641,0.05327471,0.13059407,0.0016741841,0.19239824,0.035190206,286.85495,0.0,9431.703,1568.6287,0.053471989929676056,0.3782139867544174,1.0315325371921062,1.6198277389048599,0.007867813,0.0,0.32615662,0.034578767,7.285012e-09,0.0,7.1525574e-07,6.727542e-08,308.86856,304.1119,313.4319,1.915829,0.06698879,0.00028913454,0.1666449,0.05313829,0.13014644,0.0016781675,0.19418114,0.03485099,274.39944,0.0,9399.328,1504.211,0.19153356179594994,0.42178233340382576,1.0880774781107903,1.745614732557442,0.009801652,0.0,0.25224686,0.030825028,3.112687e-08,0.0,1.9073486e-06,1.6899146e-07,308.33926,303.78134,313.92603,2.328943,0.067832775,0.00032415954,0.16690946,0.05307167,0.13020466,0.0016754147,0.19513394,0.034866627,248.15121,0.0,9209.4375,1373.5668,0.24645857885479927,0.4610353037714958,1.109095400199294,1.8529931632219814,0.1738641,0.0,2.1457672,0.3349809,7.30488e-07,0.0,2.0742416e-05,2.1555147e-06,308.8163,303.28503,312.73752,1.8931146,0.06602423,0.0002775908,0.16109951,0.05135476,0.12986223,0.0016815747,0.19345212,0.03454501,211.45636,0.0,8864.516,1190.839,0.2740621529519558,0.5140821151435375,1.1074158744886518,1.8865545531152748,0.07937087,0.0,2.0222664,0.24928996,9.669198e-08,0.0,3.8146973e-06,4.259013e-07,308.1241,303.8363,312.55368,1.8986876,0.067336604,0.00030988673,0.1660763,0.052421164,0.13155432,0.0016866628,0.20116036,0.035559386,116.48744,0.0,4459.25,640.0821,0.18934011831879616,0.6533185504376888,0.7960491598933004,2.29529669781914,9425.625,1,0,0
2020-07-05,0.5088316,0.0,5.083084,0.8236983,3.4193197e-06,0.0,0.0001244545,1.1460023e-05,307.66614,304.17334,311.87857,1.65578,0.07067334,0.0003079766,0.17235018,0.052509986,0.13079558,0.0016739118,0.19165029,0.03537243,291.6944,0.0,9425.625,1594.2347,0.5525019578635693,0.8363657630980015,1.3037456534802914,2.0652373646735214,0.035802525,0.0,1.6670227,0.15429816,1.9007258e-07,0.0,2.8371811e-05,1.6904662e-06,308.72113,304.21518,313.29666,1.8989532,0.06730987,0.0002764881,0.16794641,0.05327471,0.13059407,0.0016741841,0.19239824,0.035190206,286.85495,0.0,9431.703,1568.6287,0.053471989929676056,0.3782139867544174,1.0315325371921062,1.6198277389048599,0.007867813,0.0,0.32615662,0.034578767,7.285012e-09,0.0,7.1525574e-07,6.727542e-08,308.86856,304.1119,313.4319,1.915829,0.06698879,0.00028913454,0.1666449,0.05313829,0.13014644,0.0016781675,0.19418114,0.03485099,274.39944,0.0,9399.328,1504.211,0.19153356179594994,0.42178233340382576,1.0880774781107903,1.745614732557442,0.009801652,0.0,0.25224686,0.030825028,3.112687e-08,0.0,1.9073486e-06,1.6899146e-07,308.33926,303.78134,313.92603,2.328943,0.067832775,0.00032415954,0.16690946,0.05307167,0.13020466,0.0016754147,0.19513394,0.034866627,248.15121,0.0,9209.4375,1373.5668,0.24645857885479927,0.4610353037714958,1.109095400199294,1.8529931632219814,0.050679844,0.0,1.6813278,0.14470458,5.761782e-08,0.0,1.9073486e-06,2.2265702e-07,308.2209,303.66077,313.06735,1.9385682,0.06641023,0.0002873804,0.16317432,0.051736534,0.13119987,0.0016809342,0.19931276,0.035307836,125.4678,0.0,5283.2656,692.6114,0.1771714985370636,0.4673798903822899,0.8409288096590899,2.2706283209263347,9518.922,1,0,0
2020-07-06,0.72555804,0.0,6.222248,1.1458666,5.8074793e-06,0.0,0.00033283234,2.5127589e-05,306.71378,302.94577,309.8766,1.5372429,0.07703864,0.0004916834,0.17514253,0.052916873,0.13085358,0.0016665488,0.19230922,0.035328638,294.44275,0.0,9518.922,1609.1049,1.2701921872794628,1.5245185792446136,1.9050889424979687,2.7275482555269264,0.5088316,0.0,5.083084,0.8236983,3.4193197e-06,0.0,0.0001244545,1.1460023e-05,307.66614,304.17334,311.87857,1.65578,0.07067334,0.0003079766,0.17235018,0.052509986,0.13079558,0.0016739118,0.19165029,0.03537243,291.6944,0.0,9425.625,1594.2347,0.5525019578635693,0.8363657630980015,1.3037456534802914,2.0652373646735214,0.035802525,0.0,1.6670227,0.15429816,1.9007258e-07,0.0,2.8371811e-05,1.6904662e-06,308.72113,304.21518,313.29666,1.8989532,0.06730987,0.0002764881,0.16794641,0.05327471,0.13059407,0.0016741841,0.19239824,0.035190206,286.85495,0.0,9431.703,1568.6287,0.053471989929676056,0.3782139867544174,1.0315325371921062,1.6198277389048599,0.007867813,0.0,0.32615662,0.034578767,7.285012e-09,0.0,7.1525574e-07,6.727542e-08,308.86856,304.1119,313.4319,1.915829,0.06698879,0.00028913454,0.1666449,0.05313829,0.13014644,0.0016781675,0.19418114,0.03485099,274.39944,0.0,9399.328,1504.211,0.19153356179594994,0.42178233340382576,1.0880774781107903,1.745614732557442,0.037405226,0.0,0.8864403,0.12635332,9.338061e-08,0.0,3.33786e-06,3.8109184e-07,308.06467,303.73358,312.02664,1.7988081,0.065720625,0.00029741306,0.1580771,0.051123615,0.13096362,0.0016785986,0.19871788,0.035148982,143.39536,0.0,6869.8125,803.0219,0.16745594143867493,0.380570363253355,0.8775446056388319,1.9535634135245346,9708.516,1,0,0
2020-07-07,3.7897506,0.0,137.08209,14.560544,0.00023225546,0.0,0.025110245,0.0017164078,307.48703,302.47546,312.07278,2.333014,0.08607137,0.0010606338,0.22616847,0.056488108,0.13095404,0.0017559311,0.19187282,0.035322506,298.2004,0.0,9708.516,1629.7625,5.024140238761902,5.2514763250947,5.646521344780922,6.442559904360678,0.72555804,0.0,6.222248,1.1458666,5.8074793e-06,0.0,0.00033283234,2.5127589e-05,306.71378,302.94577,309.8766,1.5372429,0.07703864,0.0004916834,0.17514253,0.052916873,0.13085358,0.0016665488,0.19230922,0.035328638,294.44275,0.0,9518.922,1609.1049,1.2701921872794628,1.5245185792446136,1.9050889424979687,2.7275482555269264,0.5088316,0.0,5.083084,0.8236983,3.4193197e-06,0.0,0.0001244545,1.1460023e-05,307.66614,304.17334,311.87857,1.65578,0.07067334,0.0003079766,0.17235018,0.052509986,0.13079558,0.0016739118,0.19165029,0.03537243,291.6944,0.0,9425.625,1594.2347,0.5525019578635693,0.8363657630980015,1.3037456534802914,2.0652373646735214,0.035802525,0.0,1.6670227,0.15429816,1.9007258e-07,0.0,2.8371811e-05,1.6904662e-06,308.72113,304.21518,313.29666,1.8989532,0.06730987,0.0002764881,0.16794641,0.05327471,0.13059407,0.0016741841,0.19239824,0.035190206,286.85495,0.0,9431.703,1568.6287,0.053471989929676056,0.3782139867544174,1.0315325371921062,1.6198277389048599,0.06279283,0.0,1.226902,0.152289,4.682276e-07,0.0,3.0994415e-05,2.4792646e-06,308.1875,303.72742,311.74353,1.7700375,0.06555625,0.00028758775,0.1578543,0.050654545,0.13055775,0.0016773305,0.19692434,0.034974862,173.9042,0.0,8247.266,986.7674,0.15087790042161942,0.3950450196862221,0.9397294684313238,1.8462114771245979,9905.531,1,0,0
2020-07-08,3.9085455,0.0,215.62201,18.687914,0.0002530575,0.0,0.034400225,0.0021702745,306.45007,302.47278,312.33655,2.4500692,0.1093941,0.0040691183,0.39098117,0.08986351,0.13945891,0.0038468402,0.36146832,0.05136255,303.52615,0.0,9905.531,1658.4288,8.423854112625122,8.986157722771168,9.500239837914705,10.265752873325255,3.7897506,0.0,137.08209,14.560544,0.00023225546,0.0,0.025110245,0.0017164078,307.48703,302.47546,312.07278,2.333014,0.08607137,0.0010606338,0.22616847,0.056488108,0.13095404,0.0017559311,0.19187282,0.035322506,298.2004,0.0,9708.516,1629.7625,5.024140238761902,5.2514763250947,5.646521344780922,6.442559904360678,0.72555804,0.0,6.222248,1.1458666,5.8074793e-06,0.0,0.00033283234,2.5127589e-05,306.71378,302.94577,309.8766,1.5372429,0.07703864,0.0004916834,0.17514253,0.052916873,0.13085358,0.0016665488,0.19230922,0.035328638,294.44275,0.0,9518.922,1609.1049,1.2701921872794628,1.5245185792446136,1.9050889424979687,2.7275482555269264,0.5088316,0.0,5.083084,0.8236983,3.4193197e-06,0.0,0.0001244545,1.1460023e-05,307.66614,304.17334,311.87857,1.65578,0.07067334,0.0003079766,0.17235018,0.052509986,0.13079558,0.0016739118,0.19165029,0.03537243,291.6944,0.0,9425.625,1594.2347,0.5525019578635693,0.8363657630980015,1.3037456534802914,2.0652373646735214,0.1738641,0.0,2.1457672,0.3349809,7.30488e-07,0.0,2.0742416e-05,2.1555147e-06,308.8163,303.28503,312.73752,1.8931146,0.06602423,0.0002775908,0.16109951,0.05135476,0.12986223,0.0016815747,0.19345212,0.03454501,211.45636,0.0,8864.516,1190.839,0.2740621529519558,0.5140821151435375,1.1074158744886518,1.8865545531152748,10063.141,1,0,0
2020-07-09,0.25831857,0.0,4.3582916,0.5543246,9.4506476e-07,0.0,1.7404556e-05,2.3631662e-06,306.53738,302.69458,311.83682,2.291131,0.1016095,0.003693429,0.35073552,0.08195953,0.14025411,0.0037950298,0.36237976,0.05260312,309.31842,0.0,10063.141,1689.6069,7.956614643335342,9.234674643725157,9.695709947496653,10.480292498075869,3.9085455,0.0,215.62201,18.687914,0.0002530575,0.0,0.034400225,0.0021702745,306.45007,302.47278,312.33655,2.4500692,0.1093941,0.0040691183,0.39098117,0.08986351,0.13945891,0.0038468402,0.36146832,0.05136255,303.52615,0.0,9905.531,1658.4288,8.423854112625122,8.986157722771168,9.500239837914705,10.265752873325255,3.7897506,0.0,137.08209,14.560544,0.00023225546,0.0,0.025110245,0.0017164078,307.48703,302.47546,312.07278,2.333014,0.08607137,0.0010606338,0.22616847,0.056488108,0.13095404,0.0017559311,0.19187282,0.035322506,298.2004,0.0,9708.516,1629.7625,5.024140238761902,5.2514763250947,5.646521344780922,6.442559904360678,0.72555804,0.0,6.222248,1.1458666,5.8074793e-06,0.0,0.00033283234,2.5127589e-05,306.71378,302.94577,309.8766,1.5372429,0.07703864,0.0004916834,0.17514253,0.052916873,0.13085358,0.0016665488,0.19230922,0.035328638,294.44275,0.0,9518.922,1609.1049,1.2701921872794628,1.5245185792446136,1.9050889424979687,2.7275482555269264,0.009801652,0.0,0.25224686,0.030825028,3.112687e-08,0.0,1.9073486e-06,1.6899146e-07,308.33926,303.78134,313.92603,2.328943,0.067832775,0.00032415954,0.16690946,0.05307167,0.13020466,0.0016754147,0.19513394,0.034866627,248.15121,0.0,9209.4375,1373.5668,0.24645857885479927,0.4610353037714958,1.109095400199294,1.8529931632219814,10187.781,1,0,0
2020-07-10,0.35771263,0.0,3.6568642,0.7167876,1.3046795e-06,0.0,1.7642975e-05,3.010483e-06,306.8561,302.929,311.9539,2.3594997,0.096097074,0.0033674992,0.3216537,0.07574406,0.14025751,0.0036336265,0.34878865,0.051341273,314.40155,0.0,10187.781,1717.6427,4.52457669377327,9.58451945707202,10.006301790475845,10.820866801717784,0.25831857,0.0,4.3582916,0.5543246,9.4506476e-07,0.0,1.7404556e-05,2.3631662e-06,306.53738,302.69458,311.83682,2.291131,0.1016095,0.003693429,0.35073552,0.08195953,0.14025411,0.0037950298,0.36237976,0.05260312,309.31842,0.0,10063.141,1689.6069,7.956614643335342,9.234674643725157,9.695709947496653,10.480292498075869,3.9085455,0.0,215.62201,18.687914,0.0002530575,0.0,0.034400225,0.0021702745,306.45007,302.47278,312.33655,2.4500692,0.1093941,0.0040691183,0.39098117,0.08986351,0.13945891,0.0038468402,0.36146832,0.05136255,303.52615,0.0,9905.531,1658.4288,8.423854112625122,8.986157722771168,9.500239837914705,10.265752873325255,3.7897506,0.0,137.08209,14.560544,0.00023225546,0.0,0.025110245,0.0017164078,307.48703,302.47546,312.07278,2.333014,0.08607137,0.0010606338,0.22616847,0.056488108,0.13095404,0.0017559311,0.19187282,0.035322506,298.2004,0.0,9708.516,1629.7625,5.024140238761902,5.2514763250947,5.646521344780922,6.442559904360678,0.007867813,0.0,0.32615662,0.034578767,7.285012e-09,0.0,7.1525574e-07,6.727542e-08,308.86856,304.1119,313.4319,1.915829,0.06698879,0.00028913454,0.1666449,0.05313829,0.13014644,0.0016781675,0.19418114,0.03485099,274.39944,0.0,9399.328,1504.211,0.19153356179594994,0.42178233340382576,1.0880774781107903,1.745614732557442,10297.453,1,0,0
2020-07-11,0.14440483,0.0,2.5486946,0.33845142,4.000134e-07,0.0,1.2636185e-05,1.3678006e-06,307.3176,303.12643,312.46097,2.3965778,0.09085801,0.0030715808,0.29805958,0.07015968,0.1400462,0.0035129068,0.33715653,0.05011949,317.91226,0.0,10297.453,1737.0448,0.7604360282421112,9.693121761083603,10.07133574783802,10.942082774767186,0.35771263,0.0,3.6568642,0.7167876,1.3046795e-06,0.0,1.7642975e-05,3.010483e-06,306.8561,302.929,311.9539,2.3594997,0.096097074,0.0033674992,0.3216537,0.07574406,0.14025751,0.0036336265,0.34878865,0.051341273,314.40155,0.0,10187.781,1717.6427,4.52457669377327,9.58451945707202,10.006301790475845,10.820866801717784,0.25831857,0.0,4.3582916,0.5543246,9.4506476e-07,0.0,1.7404556e-05,2.3631662e-06,306.53738,302.69458,311.83682,2.291131,0.1016095,0.003693429,0.35073552,0.08195953,0.14025411,0.0037950298,0.36237976,0.05260312,309.31842,0.0,10063.141,1689.6069,7.956614643335342,9.234674643725157,9.695709947496653,10.480292498075869,3.9085455,0.0,215.62201,18.687914,0.0002530575,0.0,0.034400225,0.0021702745,306.45007,302.47278,312.33655,2.4500692,0.1093941,0.0040691183,0.39098117,0.08986351,0.13945891,0.0038468402,0.36146832,0.05136255,303.52615,0.0,9905.531,1658.4288,8.423854112625122,8.986157722771168,9.500239837914705,10.265752873325255,0.035802525,0.0,1.6670227,0.15429816,1.9007258e-07,0.0,2.8371811e-05,1.6904662e-06,308.72113,304.21518,313.29666,1.8989532,0.06730987,0.0002764881,0.16794641,0.05327471,0.13059407,0.0016741841,0.19239824,0.035190206,286.85495,0.0,9431.703,1568.6287,0.053471989929676056,0.3782139867544174,1.0315325371921062,1.6198277389048599,10459.094,1,1,0
2020-07-12,0.1273473,0.0,2.6173592,0.31704947,1.3318327e-06,0.0,0.00014209747,1.0503425e-05,306.7924,302.95206,311.67667,2.041741,0.08529782,0.0026915448,0.27899513,0.06517672,0.13991888,0.0033726336,0.3241912,0.048871696,320.8094,0.0,10459.094,1753.1278,0.6294647604227066,9.311637446284294,10.148003209382296,11.038417120405938,0.14440483,0.0,2.5486946,0.33845142,4.000134e-07,0.0,1.2636185e-05,1.3678006e-06,307.3176,303.12643,312.46097,2.3965778,0.09085801,0.0030715808,0.29805958,0.07015968,0.1400462,0.0035129068,0.33715653,0.05011949,317.91226,0.0,10297.453,1737.0448,0.7604360282421112,9.693121761083603,10.07133574783802,10.942082774767186,0.35771263,0.0,3.6568642,0.7167876,1.3046795e-06,0.0,1.7642975e-05,3.010483e-06,306.8561,302.929,311.9539,2.3594997,0.096097074,0.0033674992,0.3216537,0.07574406,0.14025751,0.0036336265,0.34878865,0.051341273,314.40155,0.0,10187.781,1717.6427,4.52457669377327,9.58451945707202,10.006301790475845,10.820866801717784,0.25831857,0.0,4.3582916,0.5543246,9.4506476e-07,0.0,1.7404556e-05,2.3631662e-06,306.53738,302.69458,311.83682,2.291131,0.1016095,0.003693429,0.35073552,0.08195953,0.14025411,0.0037950298,0.36237976,0.05260312,309.31842,0.0,10063.141,1689.6069,7.956614643335342,9.234674643725157,9.695709947496653,10.480292498075869,0.5088316,0.0,5.083084,0.8236983,3.4193197e-06,0.0,0.0001244545,1.1460023e-05,307.66614,304.17334,311.87857,1.65578,0.07067334,0.0003079766,0.17235018,0.052509986,0.13079558,0.0016739118,0.19165029,0.03537243,291.6944,0.0,9425.625,1594.2347,0.5525019578635693,0.8363657630980015,1.3037456534802914,2.0652373646735214,10763.406,1,1,0
2020-07-13,0.26394525,0.0,10.229588,1.0724018,7.129378e-06,0.0,0.00056648254,5.1872015e-05,306.81308,302.7668,310.96072,1.6940898,0.0817478,0.0023316348,0.26018485,0.060704403,0.13931057,0.0032358347,0.31140426,0.047446635,326.1298,0.0,10763.406,1782.6799,0.5356973856687546,8.850024655461311,10.374543234705925,11.258677464851644,0.1273473,0.0,2.6173592,0.31704947,1.3318327e-06,0.0,0.00014209747,1.0503425e-05,306.7924,302.95206,311.67667,2.041741,0.08529782,0.0026915448,0.27899513,0.06517672,0.13991888,0.0033726336,0.3241912,0.048871696,320.8094,0.0,10459.094,1753.1278,0.6294647604227066,9.311637446284294,10.148003209382296,11.038417120405938,0.14440483,0.0,2.5486946,0.33845142,4.000134e-07,0.0,1.2636185e-05,1.3678006e-06,307.3176,303.12643,312.46097,2.3965778,0.09085801,0.0030715808,0.29805958,0.07015968,0.1400462,0.0035129068,0.33715653,0.05011949,317.91226,0.0,10297.453,1737.0448,0.7604360282421112,9.693121761083603,10.07133574783802,10.942082774767186,0.35771263,0.0,3.6568642,0.7167876,1.3046795e-06,0.0,1.7642975e-05,3.010483e-06,306.8561,302.929,311.9539,2.3594997,0.096097074,0.0033674992,0.3216537,0.07574406,0.14025751,0.0036336265,0.34878865,0.051341273,314.40155,0.0,10187.781,1717.6427,4.52457669377327,9.58451945707202,10.006301790475845,10.820866801717784,0.72555804,0.0,6.222248,1.1458666,5.8074793e-06,0.0,0.00033283234,2.5127589e-05,306.71378,302.94577,309.8766,1.5372429,0.07703864,0.0004916834,0.17514253,0.052916873,0.13085358,0.0016665488,0.19230922,0.035328638,294.44275,0.0,9518.922,1609.1049,1.2701921872794628,1.5245185792446136,1.9050889424979687,2.7275482555269264,10979.719,1,1,0
2020-07-14,0.048900977,0.0,1.2245178,0.1506618,2.9934776e-07,0.0,2.3841858e-05,1.6735827e-06,307.893,302.59897,312.49237,2.146313,0.07668551,0.0020525402,0.24230856,0.05794374,0.13807742,0.003111764,0.29969367,0.045933977,334.60767,0.0,10979.719,1829.2941,0.4401935338973999,5.109175056219101,10.3606513813138,11.301778247521725,0.26394525,0.0,10.229588,1.0724018,7.129378e-06,0.0,0.00056648254,5.1872015e-05,306.81308,302.7668,310.96072,1.6940898,0.0817478,0.0023316348,0.26018485,0.060704403,0.13931057,0.0032358347,0.31140426,0.047446635,326.1298,0.0,10763.406,1782.6799,0.5356973856687546,8.850024655461311,10.374543234705925,11.258677464851644,0.1273473,0.0,2.6173592,0.31704947,1.3318327e-06,0.0,0.00014209747,1.0503425e-05,306.7924,302.95206,311.67667,2.041741,0.08529782,0.0026915448,0.27899513,0.06517672,0.13991888,0.0033726336,0.3241912,0.048871696,320.8094,0.0,10459.094,1753.1278,0.6294647604227066,9.311637446284294,10.148003209382296,11.038417120405938,0.14440483,0.0,2.5486946,0.33845142,4.000134e-07,0.0,1.2636185e-05,1.3678006e-06,307.3176,303.12643,312.46097,2.3965778,0.09085801,0.0030715808,0.29805958,0.07015968,0.1400462,0.0035129068,0.33715653,0.05011949,317.91226,0.0,10297.453,1737.0448,0.7604360282421112,9.693121761083603,10.07133574783802,10.942082774767186,3.7897506,0.0,137.08209,14.560544,0.00023225546,0.0,0.025110245,0.0017164078,307.48703,302.47546,312.07278,2.333014,0.08607137,0.0010606338,0.22616847,0.056488108,0.13095404,0.0017559311,0.19187282,0.035322506,298.2004,0.0,9708.516,1629.7625,5.024140238761902,5.2514763250947,5.646521344780922,6.442559904360678,10867.219,1,1,0
2020-07-15,0.040470228,0.0,1.461029,0.12111128,3.721979e-07,0.0,6.341934e-05,3.7134148e-06,308.30673,302.74036,312.62692,2.129677,0.07334723,0.0017470814,0.22449994,0.055851314,0.13736588,0.0030044045,0.28913912,0.044737056,341.48654,0.0,10867.219,1866.2974,0.35331645607948303,1.241099789738655,10.227257512509823,11.341459044720978,0.048900977,0.0,1.2245178,0.1506618,2.9934776e-07,0.0,2.3841858e-05,1.6735827e-06,307.893,302.59897,312.49237,2.146313,0.07668551,0.0020525402,0.24230856,0.05794374,0.13807742,0.003111764,0.29969367,0.045933977,334.60767,0.0,10979.719,1829.2941,0.4401935338973999,5.109175056219101,10.3606513813138,11.301778247521725,0.26394525,0.0,10.229588,1.0724018,7.129378e-06,0.0,0.00056648254,5.1872015e-05,306.81308,302.7668,310.96072,1.6940898,0.0817478,0.0023316348,0.26018485,0.060704403,0.13931057,0.0032358347,0.31140426,0.047446635,326.1298,0.0,10763.406,1782.6799,0.5356973856687546,8.850024655461311,10.374543234705925,11.258677464851644,0.1273473,0.0,2.6173592,0.31704947,1.3318327e-06,0.0,0.00014209747,1.0503425e-05,306.7924,302.95206,311.67667,2.041741,0.08529782,0.0026915448,0.27899513,0.06517672,0.13991888,0.0033726336,0.3241912,0.048871696,320.8094,0.0,10459.094,1753.1278,0.6294647604227066,9.311637446284294,10.148003209382296,11.038417120405938,3.9085455,0.0,215.62201,18.687914,0.0002530575,0.0,0.034400225,0.0021702745,306.45007,302.47278,312.33655,2.4500692,0.1093941,0.0040691183,0.39098117,0.08986351,0.13945891,0.0038468402,0.36146832,0.05136255,303.52615,0.0,9905.531,1658.4288,8.423854112625122,8.986157722771168,9.500239837914705,10.265752873325255,10625.969,1,1,0
2020-07-16,2.4042647,0.0,29.919147,5.1447477,1.1726221e-05,0.0,0.00020670891,2.675587e-05,306.59186,302.97766,310.82117,2.187319,0.085473284,0.0014989843,0.20853089,0.053000815,0.13856427,0.0029078117,0.2803094,0.044379167,342.31772,0.0,10625.969,1870.2964,2.493635892868042,3.387045904994011,12.621720548719168,13.74511576583609,0.040470228,0.0,1.461029,0.12111128,3.721979e-07,0.0,6.341934e-05,3.7134148e-06,308.30673,302.74036,312.62692,2.129677,0.07334723,0.0017470814,0.22449994,0.055851314,0.13736588,0.0030044045,0.28913912,0.044737056,341.48654,0.0,10867.219,1866.2974,0.35331645607948303,1.241099789738655,10.227257512509823,11.341459044720978,0.048900977,0.0,1.2245178,0.1506618,2.9934776e-07,0.0,2.3841858e-05,1.6735827e-06,307.893,302.59897,312.49237,2.146313,0.07668551,0.0020525402,0.24230856,0.05794374,0.13807742,0.003111764,0.29969367,0.045933977,334.60767,0.0,10979.719,1829.2941,0.4401935338973999,5.109175056219101,10.3606513813138,11.301778247521725,0.26394525,0.0,10.229588,1.0724018,7.129378e-06,0.0,0.00056648254,5.1872015e-05,306.81308,302.7668,310.96072,1.6940898,0.0817478,0.0023316348,0.26018485,0.060704403,0.13931057,0.0032358347,0.31140426,0.047446635,326.1298,0.0,10763.406,1782.6799,0.5356973856687546,8.850024655461311,10.374543234705925,11.258677464851644,0.25831857,0.0,4.3582916,0.5543246,9.4506476e-07,0.0,1.7404556e-05,2.3631662e-06,306.53738,302.69458,311.83682,2.291131,0.1016095,0.003693429,0.35073552,0.08195953,0.14025411,0.0037950298,0.36237976,0.05260312,309.31842,0.0,10063.141,1689.6069,7.956614643335342,9.234674643725157,9.695709947496653,10.480292498075869,10523.0625,1,1,0
2020-07-17,1.2366693,0.0,11.361599,1.9629793,7.067786e-06,0.0,0.00016784668,1.593526e-05,306.20615,303.23157,309.9197,1.7342222,0.114490606,0.0017797222,0.29566082,0.068617664,0.14186051,0.002830877,0.2731988,0.043976538,337.3077,0.0,10523.0625,1842.7817,3.6814042180776596,4.266002580523491,13.85052203759551,14.97560737747699,2.4042647,0.0,29.919147,5.1447477,1.1726221e-05,0.0,0.00020670891,2.675587e-05,306.59186,302.97766,310.82117,2.187319,0.085473284,0.0014989843,0.20853089,0.053000815,0.13856427,0.0029078117,0.2803094,0.044379167,342.31772,0.0,10625.969,1870.2964,2.493635892868042,3.387045904994011,12.621720548719168,13.74511576583609,0.040470228,0.0,1.461029,0.12111128,3.721979e-07,0.0,6.341934e-05,3.7134148e-06,308.30673,302.74036,312.62692,2.129677,0.07334723,0.0017470814,0.22449994,0.055851314,0.13736588,0.0030044045,0.28913912,0.044737056,341.48654,0.0,10867.219,1866.2974,0.35331645607948303,1.241099789738655,10.227257512509823,11.341459044720978,0.048900977,0.0,1.2245178,0.1506618,2.9934776e-07,0.0,2.3841858e-05,1.6735827e-06,307.893,302.59897,312.49237,2.146313,0.07668551,0.0020525402,0.24230856,0.05794374,0.13807742,0.003111764,0.29969367,0.045933977,334.60767,0.0,10979.719,1829.2941,0.4401935338973999,5.109175056219101,10.3606513813138,11.301778247521725,0.35771263,0.0,3.6568642,0.7167876,1.3046795e-06,0.0,1.7642975e-05,3.010483e-06,306.8561,302.929,311.9539,2.3594997,0.096097074,0.0033674992,0.3216537,0.07574406,0.14025751,0.0036336265,0.34878865,0.051341273,314.40155,0.0,10187.781,1717.6427,4.52457669377327,9.58451945707202,10.006301790475845,10.820866801717784,10423.281,1,0,0
2020-07-18,0.22152264,0.0,5.830765,0.6509604,1.376205e-06,0.0,5.722046e-05,5.074069e-06,307.0892,303.27502,311.44162,1.7896079,0.102842614,0.0013870383,0.2847427,0.06356772,0.14129247,0.002761838,0.26722777,0.04330994,328.87616,0.0,10423.281,1796.8433,3.8624566346406937,4.3431203961372375,14.03624215722084,15.189007895067334,1.2366693,0.0,11.361599,1.9629793,7.067786e-06,0.0,0.00016784668,1.593526e-05,306.20615,303.23157,309.9197,1.7342222,0.114490606,0.0017797222,0.29566082,0.068617664,0.14186051,0.002830877,0.2731988,0.043976538,337.3077,0.0,10523.0625,1842.7817,3.6814042180776596,4.266002580523491,13.85052203759551,14.97560737747699,2.4042647,0.0,29.919147,5.1447477,1.1726221e-05,0.0,0.00020670891,2.675587e-05,306.59186,302.97766,310.82117,2.187319,0.085473284,0.0014989843,0.20853089,0.053000815,0.13856427,0.0029078117,0.2803094,0.044379167,342.31772,0.0,10625.969,1870.2964,2.493635892868042,3.387045904994011,12.621720548719168,13.74511576583609,0.040470228,0.0,1.461029,0.12111128,3.721979e-07,0.0,6.341934e-05,3.7134148e-06,308.30673,302.74036,312.62692,2.129677,0.07334723,0.0017470814,0.22449994,0.055851314,0.13736588,0.0030044045,0.28913912,0.044737056,341.48654,0.0,10867.219,1866.2974,0.35331645607948303,1.241099789738655,10.227257512509823,11.341459044720978,0.14440483,0.0,2.5486946,0.33845142,4.000134e-07,0.0,1.2636185e-05,1.3678006e-06,307.3176,303.12643,312.46097,2.3965778,0.09085801,0.0030715808,0.29805958,0.07015968,0.1400462,0.0035129068,0.33715653,0.05011949,317.91226,0.0,10297.453,1737.0448,0.7604360282421112,9.693121761083603,10.07133574783802,10.942082774767186,10168.984,1,0,0
2020-07-19,0.14591615,0.0,2.029419,0.28285798,5.536609e-07,0.0,1.5735626e-05,1.6214518e-06,306.92047,302.99976,311.5309,1.8974221,0.08713129,0.0010775862,0.2504863,0.061436124,0.14057516,0.0026853874,0.26135495,0.042518463,320.56696,0.0,10168.984,1751.471,1.6041080951690674,4.361689239740372,13.673326686024666,15.306038308888674,0.22152264,0.0,5.830765,0.6509604,1.376205e-06,0.0,5.722046e-05,5.074069e-06,307.0892,303.27502,311.44162,1.7896079,0.102842614,0.0013870383,0.2847427,0.06356772,0.14129247,0.002761838,0.26722777,0.04330994,328.87616,0.0,10423.281,1796.8433,3.8624566346406937,4.3431203961372375,14.03624215722084,15.189007895067334,1.2366693,0.0,11.361599,1.9629793,7.067786e-06,0.0,0.00016784668,1.593526e-05,306.20615,303.23157,309.9197,1.7342222,0.114490606,0.0017797222,0.29566082,0.068617664,0.14186051,0.002830877,0.2731988,0.043976538,337.3077,0.0,10523.0625,1842.7817,3.6814042180776596,4.266002580523491,13.85052203759551,14.97560737747699,2.4042647,0.0,29.919147,5.1447477,1.1726221e-05,0.0,0.00020670891,2.675587e-05,306.59186,302.97766,310.82117,2.187319,0.085473284,0.0014989843,0.20853089,0.053000815,0.13856427,0.0029078117,0.2803094,0.044379167,342.31772,0.0,10625.969,1870.2964,2.493635892868042,3.387045904994011,12.621720548719168,13.74511576583609,0.1273473,0.0,2.6173592,0.31704947,1.3318327e-06,0.0,0.00014209747,1.0503425e-05,306.7924,302.95206,311.67667,2.041741,0.08529782,0.0026915448,0.27899513,0.06517672,0.13991888,0.0033726336,0.3241912,0.048871696,320.8094,0.0,10459.094,1753.1278,0.6294647604227066,9.311637446284294,10.148003209382296,11.038417120405938,9908.469,1,0,0
2020-07-20,0.22695461,0.0,2.9039383,0.49394953,7.033348e-07,0.0,3.0755997e-05,2.4549622e-06,306.85828,302.9305,311.67203,2.0297527,0.081605546,0.0009675189,0.22729862,0.05998111,0.14055425,0.0026235443,0.25711283,0.042123184,314.63504,0.0,9908.469,1719.0449,0.594393402338028,4.324698597192764,13.174723252654076,15.440645452588797,0.14591615,0.0,2.029419,0.28285798,5.536609e-07,0.0,1.5735626e-05,1.6214518e-06,306.92047,302.99976,311.5309,1.8974221,0.08713129,0.0010775862,0.2504863,0.061436124,0.14057516,0.0026853874,0.26135495,0.042518463,320.56696,0.0,10168.984,1751.471,1.6041080951690674,4.361689239740372,13.673326686024666,15.306038308888674,0.22152264,0.0,5.830765,0.6509604,1.376205e-06,0.0,5.722046e-05,5.074069e-06,307.0892,303.27502,311.44162,1.7896079,0.102842614,0.0013870383,0.2847427,0.06356772,0.14129247,0.002761838,0.26722777,0.04330994,328.87616,0.0,10423.281,1796.8433,3.8624566346406937,4.3431203961372375,14.03624215722084,15.189007895067334,1.2366693,0.0,11.361599,1.9629793,7.067786e-06,0.0,0.00016784668,1.593526e-05,306.20615,303.23157,309.9197,1.7342222,0.114490606,0.0017797222,0.29566082,0.068617664,0.14186051,0.002830877,0.2731988,0.043976538,337.3077,0.0,10523.0625,1842.7817,3.6814042180776596,4.266002580523491,13.85052203759551,14.97560737747699,0.26394525,0.0,10.229588,1.0724018,7.129378e-06,0.0,0.00056648254,5.1872015e-05,306.81308,302.7668,310.96072,1.6940898,0.0817478,0.0023316348,0.26018485,0.060704403,0.13931057,0.0032358347,0.31140426,0.047446635,326.1298,0.0,10763.406,1782.6799,0.5356973856687546,8.850024655461311,10.374543234705925,11.258677464851644,10023.422,1,0,0
2020-07-21,0.30026305,0.0,3.5858154,0.56609714,1.7238988e-06,0.0,7.1287155e-05,6.3802877e-06,305.74368,302.37903,309.54,1.4402905,0.081765525,0.0009873927,0.21831323,0.05796063,0.14091545,0.002563511,0.25339386,0.041855473,312.32172,0.0,10023.422,1706.5643,0.6731338053941727,4.57606066763401,9.685235723853111,15.504289995878935,0.22695461,0.0,2.9039383,0.49394953,7.033348e-07,0.0,3.0755997e-05,2.4549622e-06,306.85828,302.9305,311.67203,2.0297527,0.081605546,0.0009675189,0.22729862,0.05998111,0.14055425,0.0026235443,0.25711283,0.042123184,314.63504,0.0,9908.469,1719.0449,0.594393402338028,4.324698597192764,13.174723252654076,15.440645452588797,0.14591615,0.0,2.029419,0.28285798,5.536609e-07,0.0,1.5735626e-05,1.6214518e-06,306.92047,302.99976,311.5309,1.8974221,0.08713129,0.0010775862,0.2504863,0.061436124,0.14057516,0.0026853874,0.26135495,0.042518463,320.56696,0.0,10168.984,1751.471,1.6041080951690674,4.361689239740372,13.673326686024666,15.306038308888674,0.22152264,0.0,5.830765,0.6509604,1.376205e-06,0.0,5.722046e-05,5.074069e-06,307.0892,303.27502,311.44162,1.7896079,0.102842614,0.0013870383,0.2847427,0.06356772,0.14129247,0.002761838,0.26722777,0.04330994,328.87616,0.0,10423.281,1796.8433,3.8624566346406937,4.3431203961372375,14.03624215722084,15.189007895067334,0.048900977,0.0,1.2245178,0.1506618,2.9934776e-07,0.0,2.3841858e-05,1.6735827e-06,307.893,302.59897,312.49237,2.146313,0.07668551,0.0020525402,0.24230856,0.05794374,0.13807742,0.003111764,0.29969367,0.045933977,334.60767,0.0,10979.719,1829.2941,0.4401935338973999,5.109175056219101,10.3606513813138,11.301778247521725,10262.8125,1,0,0
2020-07-22,0.2877924,0.0,4.682064,0.52752066,2.8252603e-06,0.0,0.00020313263,1.80755e-05,305.68954,302.74023,308.89346,1.2303215,0.079748824,0.0009025598,0.22062658,0.058255065,0.14100286,0.002509788,0.2506228,0.041538075,315.49274,0.0,10262.8125,1724.2488,0.8150100708007812,4.82338285446167,6.064482644200325,15.66786765679717,0.30026305,0.0,3.5858154,0.56609714,1.7238988e-06,0.0,7.1287155e-05,6.3802877e-06,305.74368,302.37903,309.54,1.4402905,0.081765525,0.0009873927,0.21831323,0.05796063,0.14091545,0.002563511,0.25339386,0.041855473,312.32172,0.0,10023.422,1706.5643,0.6731338053941727,4.57606066763401,9.685235723853111,15.504289995878935,0.22695461,0.0,2.9039383,0.49394953,7.033348e-07,0.0,3.0755997e-05,2.4549622e-06,306.85828,302.9305,311.67203,2.0297527,0.081605546,0.0009675189,0.22729862,0.05998111,0.14055425,0.0026235443,0.25711283,0.042123184,314.63504,0.0,9908.469,1719.0449,0.594393402338028,4.324698597192764,13.174723252654076,15.440645452588797,0.14591615,0.0,2.029419,0.28285798,5.536609e-07,0.0,1.5735626e-05,1.6214518e-06,306.92047,302.99976,311.5309,1.8974221,0.08713129,0.0010775862,0.2504863,0.061436124,0.14057516,0.0026853874,0.26135495,0.042518463,320.56696,0.0,10168.984,1751.471,1.6041080951690674,4.361689239740372,13.673326686024666,15.306038308888674,0.040470228,0.0,1.461029,0.12111128,3.721979e-07,0.0,6.341934e-05,3.7134148e-06,308.30673,302.74036,312.62692,2.129677,0.07334723,0.0017470814,0.22449994,0.055851314,0.13736588,0.0030044045,0.28913912,0.044737056,341.48654,0.0,10867.219,1866.2974,0.35331645607948303,1.241099789738655,10.227257512509823,11.341459044720978,10648.719,1,1,0
2020-07-23,0.09170241,0.0,2.2935867,0.25329155,3.2583873e-07,0.0,1.0728836e-05,1.1251516e-06,306.94278,303.028,311.03232,1.7514397,0.076203234,0.000794138,0.20929532,0.057731576,0.14102212,0.0024639054,0.24762686,0.041379105,323.44122,0.0,10648.719,1768.0627,0.679757870733738,2.5108205750584602,5.897866480052471,15.711251892149448,0.2877924,0.0,4.682064,0.52752066,2.8252603e-06,0.0,0.00020313263,1.80755e-05,305.68954,302.74023,308.89346,1.2303215,0.079748824,0.0009025598,0.22062658,0.058255065,0.14100286,0.002509788,0.2506228,0.041538075,315.49274,0.0,10262.8125,1724.2488,0.8150100708007812,4.82338285446167,6.064482644200325,15.66786765679717,0.30026305,0.0,3.5858154,0.56609714,1.7238988e-06,0.0,7.1287155e-05,6.3802877e-06,305.74368,302.37903,309.54,1.4402905,0.081765525,0.0009873927,0.21831323,0.05796063,0.14091545,0.002563511,0.25339386,0.041855473,312.32172,0.0,10023.422,1706.5643,0.6731338053941727,4.57606066763401,9.685235723853111,15.504289995878935,0.22695461,0.0,2.9039383,0.49394953,7.033348e-07,0.0,3.0755997e-05,2.4549622e-06,306.85828,302.9305,311.67203,2.0297527,0.081605546,0.0009675189,0.22729862,0.05998111,0.14055425,0.0026235443,0.25711283,0.042123184,314.63504,0.0,9908.469,1719.0449,0.594393402338028,4.324698597192764,13.174723252654076,15.440645452588797,2.4042647,0.0,29.919147,5.1447477,1.1726221e-05,0.0,0.00020670891,2.675587e-05,306.59186,302.97766,310.82117,2.187319,0.085473284,0.0014989843,0.20853089,0.053000815,0.13856427,0.0029078117,0.2803094,0.044379167,342.31772,0.0,10625.969,1870.2964,2.493635892868042,3.387045904994011,12.621720548719168,13.74511576583609,10982.094,1,1,0
2020-07-24,0.08802944,0.0,1.7433167,0.22606385,6.291601e-07,0.0,2.6226044e-05,2.8518207e-06,307.38693,303.01086,311.4785,1.6371686,0.07322085,0.0006336782,0.19687569,0.056837462,0.14063382,0.0024176228,0.24415874,0.041112673,332.74454,0.0,10982.094,1819.1188,0.4675242602825165,1.3621807098388672,5.628183290362358,15.744454327970743,0.09170241,0.0,2.2935867,0.25329155,3.2583873e-07,0.0,1.0728836e-05,1.1251516e-06,306.94278,303.028,311.03232,1.7514397,0.076203234,0.000794138,0.20929532,0.057731576,0.14102212,0.0024639054,0.24762686,0.041379105,323.44122,0.0,10648.719,1768.0627,0.679757870733738,2.5108205750584602,5.897866480052471,15.711251892149448,0.2877924,0.0,4.682064,0.52752066,2.8252603e-06,0.0,0.00020313263,1.80755e-05,305.68954,302.74023,308.89346,1.2303215,0.079748824,0.0009025598,0.22062658,0.058255065,0.14100286,0.002509788,0.2506228,0.041538075,315.49274,0.0,10262.8125,1724.2488,0.8150100708007812,4.82338285446167,6.064482644200325,15.66786765679717,0.30026305,0.0,3.5858154,0.56609714,1.7238988e-06,0.0,7.1287155e-05,6.3802877e-06,305.74368,302.37903,309.54,1.4402905,0.081765525,0.0009873927,0.21831323,0.05796063,0.14091545,0.002563511,0.25339386,0.041855473,312.32172,0.0,10023.422,1706.5643,0.6731338053941727,4.57606066763401,9.685235723853111,15.504289995878935,1.2366693,0.0,11.361599,1.9629793,7.067786e-06,0.0,0.00016784668,1.593526e-05,306.20615,303.23157,309.9197,1.7342222,0.114490606,0.0017797222,0.29566082,0.068617664,0.14186051,0.002830877,0.2731988,0.043976538,337.3077,0.0,10523.0625,1842.7817,3.6814042180776596,4.266002580523491,13.85052203759551,14.97560737747699,11039.766,1,1,0
2020-07-25,1.093516,0.0,10.591507,1.8946406,9.669198e-06,0.0,0.00043201447,4.220956e-05,306.2591,302.9017,310.2101,1.706111,0.0793029,0.00076929835,0.19483884,0.054071434,0.14079604,0.0023763333,0.24078475,0.041178305,340.68027,0.0,11039.766,1862.2467,1.2732478380203247,2.234174057841301,6.5772944539785385,16.775121856480837,0.08802944,0.0,1.7433167,0.22606385,6.291601e-07,0.0,2.6226044e-05,2.8518207e-06,307.38693,303.01086,311.4785,1.6371686,0.07322085,0.0006336782,0.19687569,0.056837462,0.14063382,0.0024176228,0.24415874,0.041112673,332.74454,0.0,10982.094,1819.1188,0.4675242602825165,1.3621807098388672,5.628183290362358,15.744454327970743,0.09170241,0.0,2.2935867,0.25329155,3.2583873e-07,0.0,1.0728836e-05,1.1251516e-06,306.94278,303.028,311.03232,1.7514397,0.076203234,0.000794138,0.20929532,0.057731576,0.14102212,0.0024639054,0.24762686,0.041379105,323.44122,0.0,10648.719,1768.0627,0.679757870733738,2.5108205750584602,5.897866480052471,15.711251892149448,0.2877924,0.0,4.682064,0.52752066,2.8252603e-06,0.0,0.00020313263,1.80755e-05,305.68954,302.74023,308.89346,1.2303215,0.079748824,0.0009025598,0.22062658,0.058255065,0.14100286,0.002509788,0.2506228,0.041538075,315.49274,0.0,10262.8125,1724.2488,0.8150100708007812,4.82338285446167,6.064482644200325,15.66786765679717,0.22152264,0.0,5.830765,0.6509604,1.376205e-06,0.0,5.722046e-05,5.074069e-06,307.0892,303.27502,311.44162,1.7896079,0.102842614,0.0013870383,0.2847427,0.06356772,0.14129247,0.002761838,0.26722777,0.04330994,328.87616,0.0,10423.281,1796.8433,3.8624566346406937,4.3431203961372375,14.03624215722084,15.189007895067334,10865.875,1,1,0
2020-07-26,2.484613,0.0,23.175716,3.154458,1.6169415e-05,0.0,0.00037002563,3.4953984e-05,305.25443,301.9882,309.33472,1.892914,0.105578616,0.0012733376,0.24711533,0.0597448,0.13997255,0.0023512545,0.23936789,0.04055414,345.07883,0.0,10865.875,1885.653,3.6661583706736565,4.572870850563049,8.934560090303421,19.21261401474476,1.093516,0.0,10.591507,1.8946406,9.669198e-06,0.0,0.00043201447,4.220956e-05,306.2591,302.9017,310.2101,1.706111,0.0793029,0.00076929835,0.19483884,0.054071434,0.14079604,0.0023763333,0.24078475,0.041178305,340.68027,0.0,11039.766,1862.2467,1.2732478380203247,2.234174057841301,6.5772944539785385,16.775121856480837,0.08802944,0.0,1.7433167,0.22606385,6.291601e-07,0.0,2.6226044e-05,2.8518207e-06,307.38693,303.01086,311.4785,1.6371686,0.07322085,0.0006336782,0.19687569,0.056837462,0.14063382,0.0024176228,0.24415874,0.041112673,332.74454,0.0,10982.094,1819.1188,0.4675242602825165,1.3621807098388672,5.628183290362358,15.744454327970743,0.09170241,0.0,2.2935867,0.25329155,3.2583873e-07,0.0,1.0728836e-05,1.1251516e-06,306.94278,303.028,311.03232,1.7514397,0.076203234,0.000794138,0.20929532,0.057731576,0.14102212,0.0024639054,0.24762686,0.041379105,323.44122,0.0,10648.719,1768.0627,0.679757870733738,2.5108205750584602,5.897866480052471,15.711251892149448,0.14591615,0.0,2.029419,0.28285798,5.536609e-07,0.0,1.5735626e-05,1.6214518e-06,306.92047,302.99976,311.5309,1.8974221,0.08713129,0.0010775862,0.2504863,0.061436124,0.14057516,0.0026853874,0.26135495,0.042518463,320.56696,0.0,10168.984,1751.471,1.6041080951690674,4.361689239740372,13.673326686024666,15.306038308888674,10640.141,1,1,0
2020-07-27,0.23136139,0.0,3.8046837,0.4430252,7.298258e-07,0.0,1.001358e-05,1.4855609e-06,306.1439,302.1637,309.91232,1.8637896,0.100970775,0.0010471315,0.2725671,0.06698217,0.13974269,0.0023268326,0.23985916,0.040303696,343.76553,0.0,10640.141,1878.0621,3.8094903230667114,4.577277630567551,8.901976227760315,19.36460453271866,2.484613,0.0,23.175716,3.154458,1.6169415e-05,0.0,0.00037002563,3.4953984e-05,305.25443,301.9882,309.33472,1.892914,0.105578616,0.0012733376,0.24711533,0.0597448,0.13997255,0.0023512545,0.23936789,0.04055414,345.07883,0.0,10865.875,1885.653,3.6661583706736565,4.572870850563049,8.934560090303421,19.21261401474476,1.093516,0.0,10.591507,1.8946406,9.669198e-06,0.0,0.00043201447,4.220956e-05,306.2591,302.9017,310.2101,1.706111,0.0793029,0.00076929835,0.19483884,0.054071434,0.14079604,0.0023763333,0.24078475,0.041178305,340.68027,0.0,11039.766,1862.2467,1.2732478380203247,2.234174057841301,6.5772944539785385,16.775121856480837,0.08802944,0.0,1.7433167,0.22606385,6.291601e-07,0.0,2.6226044e-05,2.8518207e-06,307.38693,303.01086,311.4785,1.6371686,0.07322085,0.0006336782,0.19687569,0.056837462,0.14063382,0.0024176228,0.24415874,0.041112673,332.74454,0.0,10982.094,1819.1188,0.4675242602825165,1.3621807098388672,5.628183290362358,15.744454327970743,0.22695461,0.0,2.9039383,0.49394953,7.033348e-07,0.0,3.0755997e-05,2.4549622e-06,306.85828,302.9305,311.67203,2.0297527,0.081605546,0.0009675189,0.22729862,0.05998111,0.14055425,0.0026235443,0.25711283,0.042123184,314.63504,0.0,9908.469,1719.0449,0.594393402338028,4.324698597192764,13.174723252654076,15.440645452588797,10571.125,1,1,0
2020-07-28,0.0958244,0.0,1.9993782,0.24798208,3.2054052e-07,0.0,1.3589859e-05,1.3008622e-06,306.97122,302.6145,311.77505,2.0916176,0.08646006,0.00081031694,0.24449705,0.06494536,0.13914862,0.0022985896,0.23924662,0.03984285,336.3675,0.0,10571.125,1837.5664,2.8117987290024757,4.372838981449604,8.948899649083614,19.40974908694625,0.23136139,0.0,3.8046837,0.4430252,7.298258e-07,0.0,1.001358e-05,1.4855609e-06,306.1439,302.1637,309.91232,1.8637896,0.100970775,0.0010471315,0.2725671,0.06698217,0.13974269,0.0023268326,0.23985916,0.040303696,343.76553,0.0,10640.141,1878.0621,3.8094903230667114,4.577277630567551,8.901976227760315,19.36460453271866,2.484613,0.0,23.175716,3.154458,1.6169415e-05,0.0,0.00037002563,3.4953984e-05,305.25443,301.9882,309.33472,1.892914,0.105578616,0.0012733376,0.24711533,0.0597448,0.13997255,0.0023512545,0.23936789,0.04055414,345.07883,0.0,10865.875,1885.653,3.6661583706736565,4.572870850563049,8.934560090303421,19.21261401474476,1.093516,0.0,10.591507,1.8946406,9.669198e-06,0.0,0.00043201447,4.220956e-05,306.2591,302.9017,310.2101,1.706111,0.0793029,0.00076929835,0.19483884,0.054071434,0.14079604,0.0023763333,0.24078475,0.041178305,340.68027,0.0,11039.766,1862.2467,1.2732478380203247,2.234174057841301,6.5772944539785385,16.775121856480837,0.30026305,0.0,3.5858154,0.56609714,1.7238988e-06,0.0,7.1287155e-05,6.3802877e-06,305.74368,302.37903,309.54,1.4402905,0.081765525,0.0009873927,0.21831323,0.05796063,0.14091545,0.002563511,0.25339386,0.041855473,312.32172,0.0,10023.422,1706.5643,0.6731338053941727,4.57606066763401,9.685235723853111,15.504289995878935,10392.328,1,0,0
2020-07-29,0.12049278,0.0,1.5082359,0.28507975,3.741847e-07,0.0,1.001358e-05,1.227223e-06,307.04886,303.12186,311.843,2.061259,0.08038775,0.00072127813,0.22485255,0.062372737,0.13891347,0.0022770152,0.2376966,0.039658412,326.2032,0.0,10392.328,1781.8428,0.4476785659790039,4.205539345741272,9.028922200202942,19.492836639285088,0.0958244,0.0,1.9993782,0.24798208,3.2054052e-07,0.0,1.3589859e-05,1.3008622e-06,306.97122,302.6145,311.77505,2.0916176,0.08646006,0.00081031694,0.24449705,0.06494536,0.13914862,0.0022985896,0.23924662,0.03984285,336.3675,0.0,10571.125,1837.5664,2.8117987290024757,4.372838981449604,8.948899649083614,19.40974908694625,0.23136139,0.0,3.8046837,0.4430252,7.298258e-07,0.0,1.001358e-05,1.4855609e-06,306.1439,302.1637,309.91232,1.8637896,0.100970775,0.0010471315,0.2725671,0.06698217,0.13974269,0.0023268326,0.23985916,0.040303696,343.76553,0.0,10640.141,1878.0621,3.8094903230667114,4.577277630567551,8.901976227760315,19.36460453271866,2.484613,0.0,23.175716,3.154458,1.6169415e-05,0.0,0.00037002563,3.4953984e-05,305.25443,301.9882,309.33472,1.892914,0.105578616,0.0012733376,0.24711533,0.0597448,0.13997255,0.0023512545,0.23936789,0.04055414,345.07883,0.0,10865.875,1885.653,3.6661583706736565,4.572870850563049,8.934560090303421,19.21261401474476,0.2877924,0.0,4.682064,0.52752066,2.8252603e-06,0.0,0.00020313263,1.80755e-05,305.68954,302.74023,308.89346,1.2303215,0.079748824,0.0009025598,0.22062658,0.058255065,0.14100286,0.002509788,0.2506228,0.041538075,315.49274,0.0,10262.8125,1724.2488,0.8150100708007812,4.82338285446167,6.064482644200325,15.66786765679717,10065.344,1,0,0
2020-07-30,0.10433462,0.0,1.7924309,0.22331294,2.7947956e-07,0.0,7.390976e-06,8.3098763e-07,307.08853,302.98148,310.9133,1.6315852,0.07614272,0.0005711207,0.2116167,0.06010492,0.1386111,0.002251548,0.23585154,0.03942107,317.94382,0.0,10065.344,1736.5043,0.3206517994403839,4.218171559274197,6.728992134332657,19.534378431737423,0.12049278,0.0,1.5082359,0.28507975,3.741847e-07,0.0,1.001358e-05,1.227223e-06,307.04886,303.12186,311.843,2.061259,0.08038775,0.00072127813,0.22485255,0.062372737,0.13891347,0.0022770152,0.2376966,0.039658412,326.2032,0.0,10392.328,1781.8428,0.4476785659790039,4.205539345741272,9.028922200202942,19.492836639285088,0.0958244,0.0,1.9993782,0.24798208,3.2054052e-07,0.0,1.3589859e-05,1.3008622e-06,306.97122,302.6145,311.77505,2.0916176,0.08646006,0.00081031694,0.24449705,0.06494536,0.13914862,0.0022985896,0.23924662,0.03984285,336.3675,0.0,10571.125,1837.5664,2.8117987290024757,4.372838981449604,8.948899649083614,19.40974908694625,0.23136139,0.0,3.8046837,0.4430252,7.298258e-07,0.0,1.001358e-05,1.4855609e-06,306.1439,302.1637,309.91232,1.8637896,0.100970775,0.0010471315,0.2725671,0.06698217,0.13974269,0.0023268326,0.23985916,0.040303696,343.76553,0.0,10640.141,1878.0621,3.8094903230667114,4.577277630567551,8.901976227760315,19.36460453271866,0.09170241,0.0,2.2935867,0.25329155,3.2583873e-07,0.0,1.0728836e-05,1.1251516e-06,306.94278,303.028,311.03232,1.7514397,0.076203234,0.000794138,0.20929532,0.057731576,0.14102212,0.0024639054,0.24762686,0.041379105,323.44122,0.0,10648.719,1768.0627,0.679757870733738,2.5108205750584602,5.897866480052471,15.711251892149448,9944.0625,1,0,0
2020-07-31,0.70614815,0.0,16.15572,1.7679217,9.765227e-06,0.0,0.00071406364,6.0998995e-05,307.06967,302.75522,310.6464,1.5753802,0.07620643,0.00039615296,0.20002435,0.05722351,0.13808829,0.0022187892,0.2329387,0.03902269,314.2029,0.0,9944.0625,1716.1467,0.9309755489230156,4.836290270090103,6.19847097992897,20.06666248291731,0.10433462,0.0,1.7924309,0.22331294,2.7947956e-07,0.0,7.390976e-06,8.3098763e-07,307.08853,302.98148,310.9133,1.6315852,0.07614272,0.0005711207,0.2116167,0.06010492,0.1386111,0.002251548,0.23585154,0.03942107,317.94382,0.0,10065.344,1736.5043,0.3206517994403839,4.218171559274197,6.728992134332657,19.534378431737423,0.12049278,0.0,1.5082359,0.28507975,3.741847e-07,0.0,1.001358e-05,1.227223e-06,307.04886,303.12186,311.843,2.061259,0.08038775,0.00072127813,0.22485255,0.062372737,0.13891347,0.0022770152,0.2376966,0.039658412,326.2032,0.0,10392.328,1781.8428,0.4476785659790039,4.205539345741272,9.028922200202942,19.492836639285088,0.0958244,0.0,1.9993782,0.24798208,3.2054052e-07,0.0,1.3589859e-05,1.3008622e-06,306.97122,302.6145,311.77505,2.0916176,0.08646006,0.00081031694,0.24449705,0.06494536,0.13914862,0.0022985896,0.23924662,0.03984285,336.3675,0.0,10571.125,1837.5664,2.8117987290024757,4.372838981449604,8.948899649083614,19.40974908694625,0.08802944,0.0,1.7433167,0.22606385,6.291601e-07,0.0,2.6226044e-05,2.8518207e-06,307.38693,303.01086,311.4785,1.6371686,0.07322085,0.0006336782,0.19687569,0.056837462,0.14063382,0.0024176228,0.24415874,0.041112673,332.74454,0.0,10982.094,1819.1188,0.4675242602825165,1.3621807098388672,5.628183290362358,15.744454327970743,9980.672,1,0,0
2020-08-01,0.21724968,0.0,8.127689,0.7458183,1.2934208e-06,0.0,6.4373016e-05,6.2119616e-06,307.6358,303.0901,311.66635,1.8603395,0.07812485,0.00029350413,0.2036308,0.0560356,0.13720948,0.0021862192,0.22959812,0.038329724,313.8311,0.0,9980.672,1714.3761,1.0277324467897415,3.960023954510689,6.19419801235199,20.27411050722003,0.70614815,0.0,16.15572,1.7679217,9.765227e-06,0.0,0.00071406364,6.0998995e-05,307.06967,302.75522,310.6464,1.5753802,0.07620643,0.00039615296,0.20002435,0.05722351,0.13808829,0.0022187892,0.2329387,0.03902269,314.2029,0.0,9944.0625,1716.1467,0.9309755489230156,4.836290270090103,6.19847097992897,20.06666248291731,0.10433462,0.0,1.7924309,0.22331294,2.7947956e-07,0.0,7.390976e-06,8.3098763e-07,307.08853,302.98148,310.9133,1.6315852,0.07614272,0.0005711207,0.2116167,0.06010492,0.1386111,0.002251548,0.23585154,0.03942107,317.94382,0.0,10065.344,1736.5043,0.3206517994403839,4.218171559274197,6.728992134332657,19.534378431737423,0.12049278,0.0,1.5082359,0.28507975,3.741847e-07,0.0,1.001358e-05,1.227223e-06,307.04886,303.12186,311.843,2.061259,0.08038775,0.00072127813,0.22485255,0.062372737,0.13891347,0.0022770152,0.2376966,0.039658412,326.2032,0.0,10392.328,1781.8428,0.4476785659790039,4.205539345741272,9.028922200202942,19.492836639285088,1.093516,0.0,10.591507,1.8946406,9.669198e-06,0.0,0.00043201447,4.220956e-05,306.2591,302.9017,310.2101,1.706111,0.0793029,0.00076929835,0.19483884,0.054071434,0.14079604,0.0023763333,0.24078475,0.041178305,340.68027,0.0,11039.766,1862.2467,1.2732478380203247,2.234174057841301,6.5772944539785385,16.775121856480837,9971.719,1,0,0
2020-08-02,0.101689495,0.0,2.5491714,0.24163634,3.3842193e-07,0.0,8.34465e-06,9.812294e-07,308.08112,303.31445,311.969,1.8313094,0.072964236,0.0002963321,0.178711,0.05473017,0.13648942,0.0021543894,0.22618584,0.03781036,314.10922,0.0,9971.719,1716.019,1.0250873193144798,1.57710050791502,6.149971358478069,20.367932189255953,0.21724968,0.0,8.127689,0.7458183,1.2934208e-06,0.0,6.4373016e-05,6.2119616e-06,307.6358,303.0901,311.66635,1.8603395,0.07812485,0.00029350413,0.2036308,0.0560356,0.13720948,0.0021862192,0.22959812,0.038329724,313.8311,0.0,9980.672,1714.3761,1.0277324467897415,3.960023954510689,6.19419801235199,20.27411050722003,0.70614815,0.0,16.15572,1.7679217,9.765227e-06,0.0,0.00071406364,6.0998995e-05,307.06967,302.75522,310.6464,1.5753802,0.07620643,0.00039615296,0.20002435,0.05722351,0.13808829,0.0022187892,0.2329387,0.03902269,314.2029,0.0,9944.0625,1716.1467,0.9309755489230156,4.836290270090103,6.19847097992897,20.06666248291731,0.10433462,0.0,1.7924309,0.22331294,2.7947956e-07,0.0,7.390976e-06,8.3098763e-07,307.08853,302.98148,310.9133,1.6315852,0.07614272,0.0005711207,0.2116167,0.06010492,0.1386111,0.002251548,0.23585154,0.03942107,317.94382,0.0,10065.344,1736.5043,0.3206517994403839,4.218171559274197,6.728992134332657,19.534378431737423,2.484613,0.0,23.175716,3.154458,1.6169415e-05,0.0,0.00037002563,3.4953984e-05,305.25443,301.9882,309.33472,1.892914,0.105578616,0.0012733376,0.24711533,0.0597448,0.13997255,0.0023512545,0.23936789,0.04055414,345.07883,0.0,10865.875,1885.653,3.6661583706736565,4.572870850563049,8.934560090303421,19.21261401474476,9948.578,1,0,0
2020-08-03,0.02844996,0.0,0.78487396,0.09163202,9.437402e-08,0.0,5.722046e-06,5.3220765e-07,307.95477,303.70242,312.2379,1.8076297,0.0716959,0.0003337719,0.17235692,0.054794542,0.13671513,0.0021376004,0.2234276,0.03796534,313.7907,0.0,9948.578,1713.666,0.3473891317844391,1.3741890788078308,5.9514667093753815,20.360579624772072,0.101689495,0.0,2.5491714,0.24163634,3.3842193e-07,0.0,8.34465e-06,9.812294e-07,308.08112,303.31445,311.969,1.8313094,0.072964236,0.0002963321,0.178711,0.05473017,0.13648942,0.0021543894,0.22618584,0.03781036,314.10922,0.0,9971.719,1716.019,1.0250873193144798,1.57710050791502,6.149971358478069,20.367932189255953,0.21724968,0.0,8.127689,0.7458183,1.2934208e-06,0.0,6.4373016e-05,6.2119616e-06,307.6358,303.0901,311.66635,1.8603395,0.07812485,0.00029350413,0.2036308,0.0560356,0.13720948,0.0021862192,0.22959812,0.038329724,313.8311,0.0,9980.672,1714.3761,1.0277324467897415,3.960023954510689,6.19419801235199,20.27411050722003,0.70614815,0.0,16.15572,1.7679217,9.765227e-06,0.0,0.00071406364,6.0998995e-05,307.06967,302.75522,310.6464,1.5753802,0.07620643,0.00039615296,0.20002435,0.05722351,0.13808829,0.0022187892,0.2329387,0.03902269,314.2029,0.0,9944.0625,1716.1467,0.9309755489230156,4.836290270090103,6.19847097992897,20.06666248291731,0.23136139,0.0,3.8046837,0.4430252,7.298258e-07,0.0,1.001358e-05,1.4855609e-06,306.1439,302.1637,309.91232,1.8637896,0.100970775,0.0010471315,0.2725671,0.06698217,0.13974269,0.0023268326,0.23985916,0.040303696,343.76553,0.0,10640.141,1878.0621,3.8094903230667114,4.577277630567551,8.901976227760315,19.36460453271866,9865.094,1,0,0
2020-08-04,0.07517735,0.0,4.1999817,0.28534415,1.131826e-06,0.0,0.00018191338,1.0916763e-05,307.83893,303.50293,311.28085,1.7907962,0.06978293,0.00035662344,0.16568306,0.05391491,0.13615109,0.0021128503,0.22023343,0.037593,312.6929,0.0,9865.094,1704.4604,0.20531680434942245,1.3535420298576355,5.7263810113072395,19.926925353705883,0.02844996,0.0,0.78487396,0.09163202,9.437402e-08,0.0,5.722046e-06,5.3220765e-07,307.95477,303.70242,312.2379,1.8076297,0.0716959,0.0003337719,0.17235692,0.054794542,0.13671513,0.0021376004,0.2234276,0.03796534,313.7907,0.0,9948.578,1713.666,0.3473891317844391,1.3741890788078308,5.9514667093753815,20.360579624772072,0.101689495,0.0,2.5491714,0.24163634,3.3842193e-07,0.0,8.34465e-06,9.812294e-07,308.08112,303.31445,311.969,1.8313094,0.072964236,0.0002963321,0.178711,0.05473017,0.13648942,0.0021543894,0.22618584,0.03781036,314.10922,0.0,9971.719,1716.019,1.0250873193144798,1.57710050791502,6.149971358478069,20.367932189255953,0.21724968,0.0,8.127689,0.7458183,1.2934208e-06,0.0,6.4373016e-05,6.2119616e-06,307.6358,303.0901,311.66635,1.8603395,0.07812485,0.00029350413,0.2036308,0.0560356,0.13720948,0.0021862192,0.22959812,0.038329724,313.8311,0.0,9980.672,1714.3761,1.0277324467897415,3.960023954510689,6.19419801235199,20.27411050722003,0.0958244,0.0,1.9993782,0.24798208,3.2054052e-07,0.0,1.3589859e-05,1.3008622e-06,306.97122,302.6145,311.77505,2.0916176,0.08646006,0.00081031694,0.24449705,0.06494536,0.13914862,0.0022985896,0.23924662,0.03984285,336.3675,0.0,10571.125,1837.5664,2.8117987290024757,4.372838981449604,8.948899649083614,19.40974908694625,9677.641,1,0,0
2020-08-05,0.028350618,0.0,0.74005127,0.09386728,3.2981237e-07,0.0,3.2424927e-05,2.500148e-06,308.58685,303.3229,312.058,1.9695833,0.06865129,0.00032798745,0.15860423,0.05350785,0.13586763,0.0020936418,0.21735448,0.037411757,311.56473,0.0,9677.641,1692.0089,0.13197792693972588,1.261399868875742,5.466939214617014,19.229717928916216,0.07517735,0.0,4.1999817,0.28534415,1.131826e-06,0.0,0.00018191338,1.0916763e-05,307.83893,303.50293,311.28085,1.7907962,0.06978293,0.00035662344,0.16568306,0.05391491,0.13615109,0.0021128503,0.22023343,0.037593,312.6929,0.0,9865.094,1704.4604,0.20531680434942245,1.3535420298576355,5.7263810113072395,19.926925353705883,0.02844996,0.0,0.78487396,0.09163202,9.437402e-08,0.0,5.722046e-06,5.3220765e-07,307.95477,303.70242,312.2379,1.8076297,0.0716959,0.0003337719,0.17235692,0.054794542,0.13671513,0.0021376004,0.2234276,0.03796534,313.7907,0.0,9948.578,1713.666,0.3473891317844391,1.3741890788078308,5.9514667093753815,20.360579624772072,0.101689495,0.0,2.5491714,0.24163634,3.3842193e-07,0.0,8.34465e-06,9.812294e-07,308.08112,303.31445,311.969,1.8313094,0.072964236,0.0002963321,0.178711,0.05473017,0.13648942,0.0021543894,0.22618584,0.03781036,314.10922,0.0,9971.719,1716.019,1.0250873193144798,1.57710050791502,6.149971358478069,20.367932189255953,0.12049278,0.0,1.5082359,0.28507975,3.741847e-07,0.0,1.001358e-05,1.227223e-06,307.04886,303.12186,311.843,2.061259,0.08038775,0.00072127813,0.22485255,0.062372737,0.13891347,0.0022770152,0.2376966,0.039658412,326.2032,0.0,10392.328,1781.8428,0.4476785659790039,4.205539345741272,9.028922200202942,19.492836639285088,9453.281,1,0,0
2020-08-06,5.831545,0.0,53.723812,8.6638775,8.8556604e-05,0.0,0.0039930344,0.00034928412,306.7817,302.89542,310.25967,1.6934644,0.10202203,0.001955675,0.24071632,0.059836898,0.13650964,0.0021187721,0.21550976,0.037743133,308.79053,0.0,9453.281,1670.6799,5.935072842985392,6.9886101223528385,11.206781681627035,21.27151222899556,0.028350618,0.0,0.74005127,0.09386728,3.2981237e-07,0.0,3.2424927e-05,2.500148e-06,308.58685,303.3229,312.058,1.9695833,0.06865129,0.00032798745,0.15860423,0.05350785,0.13586763,0.0020936418,0.21735448,0.037411757,311.56473,0.0,9677.641,1692.0089,0.13197792693972588,1.261399868875742,5.466939214617014,19.229717928916216,0.07517735,0.0,4.1999817,0.28534415,1.131826e-06,0.0,0.00018191338,1.0916763e-05,307.83893,303.50293,311.28085,1.7907962,0.06978293,0.00035662344,0.16568306,0.05391491,0.13615109,0.0021128503,0.22023343,0.037593,312.6929,0.0,9865.094,1704.4604,0.20531680434942245,1.3535420298576355,5.7263810113072395,19.926925353705883,0.02844996,0.0,0.78487396,0.09163202,9.437402e-08,0.0,5.722046e-06,5.3220765e-07,307.95477,303.70242,312.2379,1.8076297,0.0716959,0.0003337719,0.17235692,0.054794542,0.13671513,0.0021376004,0.2234276,0.03796534,313.7907,0.0,9948.578,1713.666,0.3473891317844391,1.3741890788078308,5.9514667093753815,20.360579624772072,0.10433462,0.0,1.7924309,0.22331294,2.7947956e-07,0.0,7.390976e-06,8.3098763e-07,307.08853,302.98148,310.9133,1.6315852,0.07614272,0.0005711207,0.2116167,0.06010492,0.1386111,0.002251548,0.23585154,0.03942107,317.94382,0.0,10065.344,1736.5043,0.3206517994403839,4.218171559274197,6.728992134332657,19.534378431737423,9415.5,1,0,0
2020-08-07,22.52102,0.0,160.91394,27.675507,0.0020683666,0.0,0.04998684,0.0067286454,303.24582,299.41183,305.30203,0.85417503,0.27125123,0.0038313698,0.42247403,0.08933836,0.17127317,0.0027726984,0.35303247,0.060913783,302.11893,0.0,9415.5,1631.4335,28.380916383117437,28.803482864052057,33.63977313414216,39.8839876241982,5.831545,0.0,53.723812,8.6638775,8.8556604e-05,0.0,0.0039930344,0.00034928412,306.7817,302.89542,310.25967,1.6934644,0.10202203,0.001955675,0.24071632,0.059836898,0.13650964,0.0021187721,0.21550976,0.037743133,308.79053,0.0,9453.281,1670.6799,5.935072842985392,6.9886101223528385,11.206781681627035,21.27151222899556,0.028350618,0.0,0.74005127,0.09386728,3.2981237e-07,0.0,3.2424927e-05,2.500148e-06,308.58685,303.3229,312.058,1.9695833,0.06865129,0.00032798745,0.15860423,0.05350785,0.13586763,0.0020936418,0.21735448,0.037411757,311.56473,0.0,9677.641,1692.0089,0.13197792693972588,1.261399868875742,5.466939214617014,19.229717928916216,0.07517735,0.0,4.1999817,0.28534415,1.131826e-06,0.0,0.00018191338,1.0916763e-05,307.83893,303.50293,311.28085,1.7907962,0.06978293,0.00035662344,0.16568306,0.05391491,0.13615109,0.0021128503,0.22023343,0.037593,312.6929,0.0,9865.094,1704.4604,0.20531680434942245,1.3535420298576355,5.7263810113072395,19.926925353705883,0.70614815,0.0,16.15572,1.7679217,9.765227e-06,0.0,0.00071406364,6.0998995e-05,307.06967,302.75522,310.6464,1.5753802,0.07620643,0.00039615296,0.20002435,0.05722351,0.13808829,0.0022187892,0.2329387,0.03902269,314.2029,0.0,9944.0625,1716.1467,0.9309755489230156,4.836290270090103,6.19847097992897,20.06666248291731,9309.5625,1,0,0
2020-08-08,3.3038003,0.0,20.189285,4.414089,0.00013706088,0.0,0.008085728,0.0006901662,303.2724,298.45984,304.4674,0.9473577,0.28401345,0.0033027548,0.42046976,0.09060197,0.22235656,0.0029710324,0.41498196,0.09014612,297.40332,0.0,9309.5625,1583.9221,31.656366109848022,31.890033531934023,35.85005748644471,42.929469395428896,22.52102,0.0,160.91394,27.675507,0.0020683666,0.0,0.04998684,0.0067286454,303.24582,299.41183,305.30203,0.85417503,0.27125123,0.0038313698,0.42247403,0.08933836,0.17127317,0.0027726984,0.35303247,0.060913783,302.11893,0.0,9415.5,1631.4335,28.380916383117437,28.803482864052057,33.63977313414216,39.8839876241982,5.831545,0.0,53.723812,8.6638775,8.8556604e-05,0.0,0.0039930344,0.00034928412,306.7817,302.89542,310.25967,1.6934644,0.10202203,0.001955675,0.24071632,0.059836898,0.13650964,0.0021187721,0.21550976,0.037743133,308.79053,0.0,9453.281,1670.6799,5.935072842985392,6.9886101223528385,11.206781681627035,21.27151222899556,0.028350618,0.0,0.74005127,0.09386728,3.2981237e-07,0.0,3.2424927e-05,2.500148e-06,308.58685,303.3229,312.058,1.9695833,0.06865129,0.00032798745,0.15860423,0.05350785,0.13586763,0.0020936418,0.21735448,0.037411757,311.56473,0.0,9677.641,1692.0089,0.13197792693972588,1.261399868875742,5.466939214617014,19.229717928916216,0.21724968,0.0,8.127689,0.7458183,1.2934208e-06,0.0,6.4373016e-05,6.2119616e-06,307.6358,303.0901,311.66635,1.8603395,0.07812485,0.00029350413,0.2036308,0.0560356,0.13720948,0.0021862192,0.22959812,0.038329724,313.8311,0.0,9980.672,1714.3761,1.0277324467897415,3.960023954510689,6.19419801235199,20.27411050722003,9249.4375,1,0,0
2020-08-09,0.75786775,0.0,17.504692,1.38882,7.802911e-06,0.0,0.00057935715,3.785652e-05,304.4111,301.93533,306.70023,1.3214089,0.24612026,0.0031725925,0.38403073,0.088221096,0.22292227,0.0029956165,0.38746306,0.08493196,294.54373,0.0,9249.4375,1552.1859,26.582688987255096,32.546211790293455,34.123312298208475,43.32962452247739,3.3038003,0.0,20.189285,4.414089,0.00013706088,0.0,0.008085728,0.0006901662,303.2724,298.45984,304.4674,0.9473577,0.28401345,0.0033027548,0.42046976,0.09060197,0.22235656,0.0029710324,0.41498196,0.09014612,297.40332,0.0,9309.5625,1583.9221,31.656366109848022,31.890033531934023,35.85005748644471,42.929469395428896,22.52102,0.0,160.91394,27.675507,0.0020683666,0.0,0.04998684,0.0067286454,303.24582,299.41183,305.30203,0.85417503,0.27125123,0.0038313698,0.42247403,0.08933836,0.17127317,0.0027726984,0.35303247,0.060913783,302.11893,0.0,9415.5,1631.4335,28.380916383117437,28.803482864052057,33.63977313414216,39.8839876241982,5.831545,0.0,53.723812,8.6638775,8.8556604e-05,0.0,0.0039930344,0.00034928412,306.7817,302.89542,310.25967,1.6934644,0.10202203,0.001955675,0.24071632,0.059836898,0.13650964,0.0021187721,0.21550976,0.037743133,308.79053,0.0,9453.281,1670.6799,5.935072842985392,6.9886101223528385,11.206781681627035,21.27151222899556,0.101689495,0.0,2.5491714,0.24163634,3.3842193e-07,0.0,8.34465e-06,9.812294e-07,308.08112,303.31445,311.969,1.8313094,0.072964236,0.0002963321,0.178711,0.05473017,0.13648942,0.0021543894,0.22618584,0.03781036,314.10922,0.0,9971.719,1716.019,1.0250873193144798,1.57710050791502,6.149971358478069,20.367932189255953,9463.859,1,0,0
2020-08-10,0.42338765,0.0,9.505749,1.012188,1.285341e-05,0.0,0.00090932846,9.190959e-05,305.2983,302.82666,308.0988,1.5144953,0.20916294,0.002785328,0.35965848,0.0922679,0.21789666,0.002991378,0.3669885,0.07952837,292.0469,0.0,9463.859,1547.5848,4.48505574464798,32.9411494769156,34.31533855572343,43.60860734060407,0.75786775,0.0,17.504692,1.38882,7.802911e-06,0.0,0.00057935715,3.785652e-05,304.4111,301.93533,306.70023,1.3214089,0.24612026,0.0031725925,0.38403073,0.088221096,0.22292227,0.0029956165,0.38746306,0.08493196,294.54373,0.0,9249.4375,1552.1859,26.582688987255096,32.546211790293455,34.123312298208475,43.32962452247739,3.3038003,0.0,20.189285,4.414089,0.00013706088,0.0,0.008085728,0.0006901662,303.2724,298.45984,304.4674,0.9473577,0.28401345,0.0033027548,0.42046976,0.09060197,0.22235656,0.0029710324,0.41498196,0.09014612,297.40332,0.0,9309.5625,1583.9221,31.656366109848022,31.890033531934023,35.85005748644471,42.929469395428896,22.52102,0.0,160.91394,27.675507,0.0020683666,0.0,0.04998684,0.0067286454,303.24582,299.41183,305.30203,0.85417503,0.27125123,0.0038313698,0.42247403,0.08933836,0.17127317,0.0027726984,0.35303247,0.060913783,302.11893,0.0,9415.5,1631.4335,28.380916383117437,28.803482864052057,33.63977313414216,39.8839876241982,0.02844996,0.0,0.78487396,0.09163202,9.437402e-08,0.0,5.722046e-06,5.3220765e-07,307.95477,303.70242,312.2379,1.8076297,0.0716959,0.0003337719,0.17235692,0.054794542,0.13671513,0.0021376004,0.2234276,0.03796534,313.7907,0.0,9948.578,1713.666,0.3473891317844391,1.3741890788078308,5.9514667093753815,20.360579624772072,9435.766,1,0,0
2020-08-11,0.57766837,0.0,18.115044,1.8494188,4.9567883e-05,0.0,0.00502491,0.00036458953,305.85287,302.59122,308.83878,1.8222581,0.17950816,0.0026441377,0.3862011,0.09780031,0.21257064,0.0029643376,0.37701324,0.075890295,285.76352,0.0,9435.766,1521.1058,1.7589237689971924,33.44364049658179,34.79718252643943,44.05892840400338,0.42338765,0.0,9.505749,1.012188,1.285341e-05,0.0,0.00090932846,9.190959e-05,305.2983,302.82666,308.0988,1.5144953,0.20916294,0.002785328,0.35965848,0.0922679,0.21789666,0.002991378,0.3669885,0.07952837,292.0469,0.0,9463.859,1547.5848,4.48505574464798,32.9411494769156,34.31533855572343,43.60860734060407,0.75786775,0.0,17.504692,1.38882,7.802911e-06,0.0,0.00057935715,3.785652e-05,304.4111,301.93533,306.70023,1.3214089,0.24612026,0.0031725925,0.38403073,0.088221096,0.22292227,0.0029956165,0.38746306,0.08493196,294.54373,0.0,9249.4375,1552.1859,26.582688987255096,32.546211790293455,34.123312298208475,43.32962452247739,3.3038003,0.0,20.189285,4.414089,0.00013706088,0.0,0.008085728,0.0006901662,303.2724,298.45984,304.4674,0.9473577,0.28401345,0.0033027548,0.42046976,0.09060197,0.22235656,0.0029710324,0.41498196,0.09014612,297.40332,0.0,9309.5625,1583.9221,31.656366109848022,31.890033531934023,35.85005748644471,42.929469395428896,0.07517735,0.0,4.1999817,0.28534415,1.131826e-06,0.0,0.00018191338,1.0916763e-05,307.83893,303.50293,311.28085,1.7907962,0.06978293,0.00035662344,0.16568306,0.05391491,0.13615109,0.0021128503,0.22023343,0.037593,312.6929,0.0,9865.094,1704.4604,0.20531680434942245,1.3535420298576355,5.7263810113072395,19.926925353705883,9237.6875,1,0,0
2020-08-12,0.2267546,0.0,2.8176308,0.48784357,8.8943375e-07,0.0,1.4066696e-05,2.3012458e-06,306.05588,302.77792,309.76474,2.131175,0.15458046,0.0023801976,0.35118976,0.09158568,0.2067804,0.0029283843,0.37228584,0.07169035,277.5782,0.0,9237.6875,1481.0454,1.2278106212615967,33.642044484615326,34.90344435349107,44.02173775807023,0.57766837,0.0,18.115044,1.8494188,4.9567883e-05,0.0,0.00502491,0.00036458953,305.85287,302.59122,308.83878,1.8222581,0.17950816,0.0026441377,0.3862011,0.09780031,0.21257064,0.0029643376,0.37701324,0.075890295,285.76352,0.0,9435.766,1521.1058,1.7589237689971924,33.44364049658179,34.79718252643943,44.05892840400338,0.42338765,0.0,9.505749,1.012188,1.285341e-05,0.0,0.00090932846,9.190959e-05,305.2983,302.82666,308.0988,1.5144953,0.20916294,0.002785328,0.35965848,0.0922679,0.21789666,0.002991378,0.3669885,0.07952837,292.0469,0.0,9463.859,1547.5848,4.48505574464798,32.9411494769156,34.31533855572343,43.60860734060407,0.75786775,0.0,17.504692,1.38882,7.802911e-06,0.0,0.00057935715,3.785652e-05,304.4111,301.93533,306.70023,1.3214089,0.24612026,0.0031725925,0.38403073,0.088221096,0.22292227,0.0029956165,0.38746306,0.08493196,294.54373,0.0,9249.4375,1552.1859,26.582688987255096,32.546211790293455,34.123312298208475,43.32962452247739,0.028350618,0.0,0.74005127,0.09386728,3.2981237e-07,0.0,3.2424927e-05,2.500148e-06,308.58685,303.3229,312.058,1.9695833,0.06865129,0.00032798745,0.15860423,0.05350785,0.13586763,0.0020936418,0.21735448,0.037411757,311.56473,0.0,9677.641,1692.0089,0.13197792693972588,1.261399868875742,5.466939214617014,19.229717928916216,8859.453,1,0,0
2020-08-13,0.24174453,0.0,3.2277107,0.53310966,9.64933e-07,0.0,1.692772e-05,2.684848e-06,306.28217,302.63425,309.81906,2.2046406,0.13394505,0.0020728386,0.31711724,0.084909506,0.20050116,0.0028799481,0.35130867,0.0668887,271.38785,0.0,8859.453,1453.8225,1.0461675077676773,28.052244141697884,35.04085426405072,44.214581314474344,0.2267546,0.0,2.8176308,0.48784357,8.8943375e-07,0.0,1.4066696e-05,2.3012458e-06,306.05588,302.77792,309.76474,2.131175,0.15458046,0.0023801976,0.35118976,0.09158568,0.2067804,0.0029283843,0.37228584,0.07169035,277.5782,0.0,9237.6875,1481.0454,1.2278106212615967,33.642044484615326,34.90344435349107,44.02173775807023,0.57766837,0.0,18.115044,1.8494188,4.9567883e-05,0.0,0.00502491,0.00036458953,305.85287,302.59122,308.83878,1.8222581,0.17950816,0.0026441377,0.3862011,0.09780031,0.21257064,0.0029643376,0.37701324,0.075890295,285.76352,0.0,9435.766,1521.1058,1.7589237689971924,33.44364049658179,34.79718252643943,44.05892840400338,0.42338765,0.0,9.505749,1.012188,1.285341e-05,0.0,0.00090932846,9.190959e-05,305.2983,302.82666,308.0988,1.5144953,0.20916294,0.002785328,0.35965848,0.0922679,0.21789666,0.002991378,0.3669885,0.07952837,292.0469,0.0,9463.859,1547.5848,4.48505574464798,32.9411494769156,34.31533855572343,43.60860734060407,5.831545,0.0,53.723812,8.6638775,8.8556604e-05,0.0,0.0039930344,0.00034928412,306.7817,302.89542,310.25967,1.6934644,0.10202203,0.001955675,0.24071632,0.059836898,0.13650964,0.0021187721,0.21550976,0.037743133,308.79053,0.0,9453.281,1670.6799,5.935072842985392,6.9886101223528385,11.206781681627035,21.27151222899556,8595.094,1,0,0
2020-08-14,0.22495987,0.0,6.154537,0.72116625,1.6046895e-06,0.0,0.00010967255,8.200745e-06,306.53427,302.7801,310.01535,2.1095557,0.117146686,0.001888947,0.29022983,0.079985246,0.19412562,0.0028179593,0.33364317,0.06259409,268.44852,0.0,8595.094,1444.5284,0.6934590041637421,5.7561831176280975,34.559665981680155,44.39907095208764,0.24174453,0.0,3.2277107,0.53310966,9.64933e-07,0.0,1.692772e-05,2.684848e-06,306.28217,302.63425,309.81906,2.2046406,0.13394505,0.0020728386,0.31711724,0.084909506,0.20050116,0.0028799481,0.35130867,0.0668887,271.38785,0.0,8859.453,1453.8225,1.0461675077676773,28.052244141697884,35.04085426405072,44.214581314474344,0.2267546,0.0,2.8176308,0.48784357,8.8943375e-07,0.0,1.4066696e-05,2.3012458e-06,306.05588,302.77792,309.76474,2.131175,0.15458046,0.0023801976,0.35118976,0.09158568,0.2067804,0.0029283843,0.37228584,0.07169035,277.5782,0.0,9237.6875,1481.0454,1.2278106212615967,33.642044484615326,34.90344435349107,44.02173775807023,0.57766837,0.0,18.115044,1.8494188,4.9567883e-05,0.0,0.00502491,0.00036458953,305.85287,302.59122,308.83878,1.8222581,0.17950816,0.0026441377,0.3862011,0.09780031,0.21257064,0.0029643376,0.37701324,0.075890295,285.76352,0.0,9435.766,1521.1058,1.7589237689971924,33.44364049658179,34.79718252643943,44.05892840400338,22.52102,0.0,160.91394,27.675507,0.0020683666,0.0,0.04998684,0.0067286454,303.24582,299.41183,305.30203,0.85417503,0.27125123,0.0038313698,0.42247403,0.08933836,0.17127317,0.0027726984,0.35303247,0.060913783,302.11893,0.0,9415.5,1631.4335,28.380916383117437,28.803482864052057,33.63977313414216,39.8839876241982,8712.609,1,0,0
2020-08-15,1.2648078,0.0,17.543793,2.8557615,5.787611e-06,0.0,6.67572e-05,1.3133366e-05,306.35507,302.4012,309.79727,2.190229,0.11055859,0.0019391752,0.27160078,0.07551808,0.18917213,0.0027700907,0.32084528,0.05919588,269.96912,0.0,8712.609,1459.2272,1.7315122187137604,3.717190593481064,35.60722412541509,43.25961408391595,0.22495987,0.0,6.154537,0.72116625,1.6046895e-06,0.0,0.00010967255,8.200745e-06,306.53427,302.7801,310.01535,2.1095557,0.117146686,0.001888947,0.29022983,0.079985246,0.19412562,0.0028179593,0.33364317,0.06259409,268.44852,0.0,8595.094,1444.5284,0.6934590041637421,5.7561831176280975,34.559665981680155,44.39907095208764,0.24174453,0.0,3.2277107,0.53310966,9.64933e-07,0.0,1.692772e-05,2.684848e-06,306.28217,302.63425,309.81906,2.2046406,0.13394505,0.0020728386,0.31711724,0.084909506,0.20050116,0.0028799481,0.35130867,0.0668887,271.38785,0.0,8859.453,1453.8225,1.0461675077676773,28.052244141697884,35.04085426405072,44.214581314474344,0.2267546,0.0,2.8176308,0.48784357,8.8943375e-07,0.0,1.4066696e-05,2.3012458e-06,306.05588,302.77792,309.76474,2.131175,0.15458046,0.0023801976,0.35118976,0.09158568,0.2067804,0.0029283843,0.37228584,0.07169035,277.5782,0.0,9237.6875,1481.0454,1.2278106212615967,33.642044484615326,34.90344435349107,44.02173775807023,3.3038003,0.0,20.189285,4.414089,0.00013706088,0.0,0.008085728,0.0006901662,303.2724,298.45984,304.4674,0.9473577,0.28401345,0.0033027548,0.42046976,0.09060197,0.22235656,0.0029710324,0.41498196,0.09014612,297.40332,0.0,9309.5625,1583.9221,31.656366109848022,31.890033531934023,35.85005748644471,42.929469395428896,8887.484,1,0,0
2020-08-16,1.8094711,0.0,21.06142,4.048349,9.170506e-06,0.0,0.00014948845,2.2327253e-05,306.35867,302.41553,310.41177,2.7338977,0.1345338,0.0026187766,0.35736978,0.084966764,0.18622181,0.0027520813,0.30862594,0.05571235,274.69992,0.0,8887.484,1490.3848,3.2992388159036636,4.768793970346451,37.315005760639906,43.83241591230035,1.2648078,0.0,17.543793,2.8557615,5.787611e-06,0.0,6.67572e-05,1.3133366e-05,306.35507,302.4012,309.79727,2.190229,0.11055859,0.0019391752,0.27160078,0.07551808,0.18917213,0.0027700907,0.32084528,0.05919588,269.96912,0.0,8712.609,1459.2272,1.7315122187137604,3.717190593481064,35.60722412541509,43.25961408391595,0.22495987,0.0,6.154537,0.72116625,1.6046895e-06,0.0,0.00010967255,8.200745e-06,306.53427,302.7801,310.01535,2.1095557,0.117146686,0.001888947,0.29022983,0.079985246,0.19412562,0.0028179593,0.33364317,0.06259409,268.44852,0.0,8595.094,1444.5284,0.6934590041637421,5.7561831176280975,34.559665981680155,44.39907095208764,0.24174453,0.0,3.2277107,0.53310966,9.64933e-07,0.0,1.692772e-05,2.684848e-06,306.28217,302.63425,309.81906,2.2046406,0.13394505,0.0020728386,0.31711724,0.084909506,0.20050116,0.0028799481,0.35130867,0.0668887,271.38785,0.0,8859.453,1453.8225,1.0461675077676773,28.052244141697884,35.04085426405072,44.214581314474344,0.75786775,0.0,17.504692,1.38882,7.802911e-06,0.0,0.00057935715,3.785652e-05,304.4111,301.93533,306.70023,1.3214089,0.24612026,0.0031725925,0.38403073,0.088221096,0.22292227,0.0029956165,0.38746306,0.08493196,294.54373,0.0,9249.4375,1552.1859,26.582688987255096,32.546211790293455,34.123312298208475,43.32962452247739,8948.984,1,0,0
2020-08-17,0.4919224,0.0,28.23019,2.2086387,1.1182494e-05,0.0,0.0031175613,0.00016448066,306.47818,302.19852,310.32318,2.6031587,0.1254036,0.002306803,0.3887827,0.08237986,0.18442145,0.002753677,0.29744664,0.05374532,279.71286,0.0,8948.984,1520.7043,3.5662013590335846,4.837328732013702,37.7784782089293,44.10281567648053,1.8094711,0.0,21.06142,4.048349,9.170506e-06,0.0,0.00014948845,2.2327253e-05,306.35867,302.41553,310.41177,2.7338977,0.1345338,0.0026187766,0.35736978,0.084966764,0.18622181,0.0027520813,0.30862594,0.05571235,274.69992,0.0,8887.484,1490.3848,3.2992388159036636,4.768793970346451,37.315005760639906,43.83241591230035,1.2648078,0.0,17.543793,2.8557615,5.787611e-06,0.0,6.67572e-05,1.3133366e-05,306.35507,302.4012,309.79727,2.190229,0.11055859,0.0019391752,0.27160078,0.07551808,0.18917213,0.0027700907,0.32084528,0.05919588,269.96912,0.0,8712.609,1459.2272,1.7315122187137604,3.717190593481064,35.60722412541509,43.25961408391595,0.22495987,0.0,6.154537,0.72116625,1.6046895e-06,0.0,0.00010967255,8.200745e-06,306.53427,302.7801,310.01535,2.1095557,0.117146686,0.001888947,0.29022983,0.079985246,0.19412562,0.0028179593,0.33364317,0.06259409,268.44852,0.0,8595.094,1444.5284,0.6934590041637421,5.7561831176280975,34.559665981680155,44.39907095208764,0.42338765,0.0,9.505749,1.012188,1.285341e-05,0.0,0.00090932846,9.190959e-05,305.2983,302.82666,308.0988,1.5144953,0.20916294,0.002785328,0.35965848,0.0922679,0.21789666,0.002991378,0.3669885,0.07952837,292.0469,0.0,9463.859,1547.5848,4.48505574464798,32.9411494769156,34.31533855572343,43.60860734060407,8986.453,1,0,0
2020-08-18,0.5290363,0.0,13.646126,1.3037525,2.8550626e-06,0.0,9.4890594e-05,8.953251e-06,306.10443,302.09415,310.37167,2.4722726,0.118409075,0.0022709032,0.37269005,0.07560645,0.18248978,0.0027299875,0.34479323,0.05299401,283.00372,0.0,8986.453,1539.8912,2.830429822206497,4.788696646690369,38.23233714327216,44.48593581095338,0.4919224,0.0,28.23019,2.2086387,1.1182494e-05,0.0,0.0031175613,0.00016448066,306.47818,302.19852,310.32318,2.6031587,0.1254036,0.002306803,0.3887827,0.08237986,0.18442145,0.002753677,0.29744664,0.05374532,279.71286,0.0,8948.984,1520.7043,3.5662013590335846,4.837328732013702,37.7784782089293,44.10281567648053,1.8094711,0.0,21.06142,4.048349,9.170506e-06,0.0,0.00014948845,2.2327253e-05,306.35867,302.41553,310.41177,2.7338977,0.1345338,0.0026187766,0.35736978,0.084966764,0.18622181,0.0027520813,0.30862594,0.05571235,274.69992,0.0,8887.484,1490.3848,3.2992388159036636,4.768793970346451,37.315005760639906,43.83241591230035,1.2648078,0.0,17.543793,2.8557615,5.787611e-06,0.0,6.67572e-05,1.3133366e-05,306.35507,302.4012,309.79727,2.190229,0.11055859,0.0019391752,0.27160078,0.07551808,0.18917213,0.0027700907,0.32084528,0.05919588,269.96912,0.0,8712.609,1459.2272,1.7315122187137604,3.717190593481064,35.60722412541509,43.25961408391595,0.57766837,0.0,18.115044,1.8494188,4.9567883e-05,0.0,0.00502491,0.00036458953,305.85287,302.59122,308.83878,1.8222581,0.17950816,0.0026441377,0.3862011,0.09780031,0.21257064,0.0029643376,0.37701324,0.075890295,285.76352,0.0,9435.766,1521.1058,1.7589237689971924,33.44364049658179,34.79718252643943,44.05892840400338,9907.4375,1,0,0
2020-08-19,0.21440189,0.0,3.0550957,0.48474014,1.0238754e-06,0.0,2.2888184e-05,3.0102487e-06,306.00925,302.54724,309.64334,2.1575027,0.10898255,0.0020197055,0.33451387,0.06961809,0.1800883,0.0027025016,0.33943596,0.05146726,287.7298,0.0,9907.4375,1567.3035,1.2353605777025223,4.776343926787376,38.4183884114027,44.47338308766484,0.5290363,0.0,13.646126,1.3037525,2.8550626e-06,0.0,9.4890594e-05,8.953251e-06,306.10443,302.09415,310.37167,2.4722726,0.118409075,0.0022709032,0.37269005,0.07560645,0.18248978,0.0027299875,0.34479323,0.05299401,283.00372,0.0,8986.453,1539.8912,2.830429822206497,4.788696646690369,38.23233714327216,44.48593581095338,0.4919224,0.0,28.23019,2.2086387,1.1182494e-05,0.0,0.0031175613,0.00016448066,306.47818,302.19852,310.32318,2.6031587,0.1254036,0.002306803,0.3887827,0.08237986,0.18442145,0.002753677,0.29744664,0.05374532,279.71286,0.0,8948.984,1520.7043,3.5662013590335846,4.837328732013702,37.7784782089293,44.10281567648053,1.8094711,0.0,21.06142,4.048349,9.170506e-06,0.0,0.00014948845,2.2327253e-05,306.35867,302.41553,310.41177,2.7338977,0.1345338,0.0026187766,0.35736978,0.084966764,0.18622181,0.0027520813,0.30862594,0.05571235,274.69992,0.0,8887.484,1490.3848,3.2992388159036636,4.768793970346451,37.315005760639906,43.83241591230035,0.2267546,0.0,2.8176308,0.48784357,8.8943375e-07,0.0,1.4066696e-05,2.3012458e-06,306.05588,302.77792,309.76474,2.131175,0.15458046,0.0023801976,0.35118976,0.09158568,0.2067804,0.0029283843,0.37228584,0.07169035,277.5782,0.0,9237.6875,1481.0454,1.2278106212615967,33.642044484615326,34.90344435349107,44.02173775807023,11943.844,1,1,1
2020-08-20,0.6123212,0.0,12.350082,1.7921422,3.862381e-06,0.0,0.00012993813,1.4268109e-05,305.94357,302.5168,308.83176,1.9319156,0.10258391,0.0017936103,0.35501292,0.068490684,0.17743166,0.0026694192,0.33685791,0.05010842,312.3499,0.0,11943.844,1713.0991,1.3557593673467636,5.146920591592789,33.19916473329067,44.78544123843312,0.21440189,0.0,3.0550957,0.48474014,1.0238754e-06,0.0,2.2888184e-05,3.0102487e-06,306.00925,302.54724,309.64334,2.1575027,0.10898255,0.0020197055,0.33451387,0.06961809,0.1800883,0.0027025016,0.33943596,0.05146726,287.7298,0.0,9907.4375,1567.3035,1.2353605777025223,4.776343926787376,38.4183884114027,44.47338308766484,0.5290363,0.0,13.646126,1.3037525,2.8550626e-06,0.0,9.4890594e-05,8.953251e-06,306.10443,302.09415,310.37167,2.4722726,0.118409075,0.0022709032,0.37269005,0.07560645,0.18248978,0.0027299875,0.34479323,0.05299401,283.00372,0.0,8986.453,1539.8912,2.830429822206497,4.788696646690369,38.23233714327216,44.48593581095338,0.4919224,0.0,28.23019,2.2086387,1.1182494e-05,0.0,0.0031175613,0.00016448066,306.47818,302.19852,310.32318,2.6031587,0.1254036,0.002306803,0.3887827,0.08237986,0.18442145,0.002753677,0.29744664,0.05374532,279.71286,0.0,8948.984,1520.7043,3.5662013590335846,4.837328732013702,37.7784782089293,44.10281567648053,0.24174453,0.0,3.2277107,0.53310966,9.64933e-07,0.0,1.692772e-05,2.684848e-06,306.28217,302.63425,309.81906,2.2046406,0.13394505,0.0020728386,0.31711724,0.084909506,0.20050116,0.0028799481,0.35130867,0.0668887,271.38785,0.0,8859.453,1453.8225,1.0461675077676773,28.052244141697884,35.04085426405072,44.214581314474344,11581.922,1,1,0
2020-08-21,3.7171814,0.0,37.06789,5.259064,5.2014988e-05,0.0,0.003005743,0.00022959463,304.57724,301.3164,308.1039,1.8264527,0.12481033,0.002059658,0.39384815,0.07706832,0.17609638,0.0026330724,0.3591038,0.050139595,339.47885,0.0,11581.922,1859.9038,4.543904528021812,8.639142170548439,14.395325288176537,48.21483026817441,0.6123212,0.0,12.350082,1.7921422,3.862381e-06,0.0,0.00012993813,1.4268109e-05,305.94357,302.5168,308.83176,1.9319156,0.10258391,0.0017936103,0.35501292,0.068490684,0.17743166,0.0026694192,0.33685791,0.05010842,312.3499,0.0,11943.844,1713.0991,1.3557593673467636,5.146920591592789,33.19916473329067,44.78544123843312,0.21440189,0.0,3.0550957,0.48474014,1.0238754e-06,0.0,2.2888184e-05,3.0102487e-06,306.00925,302.54724,309.64334,2.1575027,0.10898255,0.0020197055,0.33451387,0.06961809,0.1800883,0.0027025016,0.33943596,0.05146726,287.7298,0.0,9907.4375,1567.3035,1.2353605777025223,4.776343926787376,38.4183884114027,44.47338308766484,0.5290363,0.0,13.646126,1.3037525,2.8550626e-06,0.0,9.4890594e-05,8.953251e-06,306.10443,302.09415,310.37167,2.4722726,0.118409075,0.0022709032,0.37269005,0.07560645,0.18248978,0.0027299875,0.34479323,0.05299401,283.00372,0.0,8986.453,1539.8912,2.830429822206497,4.788696646690369,38.23233714327216,44.48593581095338,0.22495987,0.0,6.154537,0.72116625,1.6046895e-06,0.0,0.00010967255,8.200745e-06,306.53427,302.7801,310.01535,2.1095557,0.117146686,0.001888947,0.29022983,0.079985246,0.19412562,0.0028179593,0.33364317,0.06259409,268.44852,0.0,8595.094,1444.5284,0.6934590041637421,5.7561831176280975,34.559665981680155,44.39907095208764,11725.922,1,1,1
2020-08-22,2.334081,0.0,25.79403,4.4091954,2.1211968e-05,0.0,0.0009455681,7.669275e-05,305.08203,301.7689,308.8959,2.0185306,0.1534621,0.00343932,0.39737484,0.09108092,0.1777948,0.0026910978,0.37587592,0.05248602,358.34717,0.0,11725.922,1956.9888,6.66358357667923,9.708415284752846,13.42560587823391,50.457208793610334,3.7171814,0.0,37.06789,5.259064,5.2014988e-05,0.0,0.003005743,0.00022959463,304.57724,301.3164,308.1039,1.8264527,0.12481033,0.002059658,0.39384815,0.07706832,0.17609638,0.0026330724,0.3591038,0.050139595,339.47885,0.0,11581.922,1859.9038,4.543904528021812,8.639142170548439,14.395325288176537,48.21483026817441,0.6123212,0.0,12.350082,1.7921422,3.862381e-06,0.0,0.00012993813,1.4268109e-05,305.94357,302.5168,308.83176,1.9319156,0.10258391,0.0017936103,0.35501292,0.068490684,0.17743166,0.0026694192,0.33685791,0.05010842,312.3499,0.0,11943.844,1713.0991,1.3557593673467636,5.146920591592789,33.19916473329067,44.78544123843312,0.21440189,0.0,3.0550957,0.48474014,1.0238754e-06,0.0,2.2888184e-05,3.0102487e-06,306.00925,302.54724,309.64334,2.1575027,0.10898255,0.0020197055,0.33451387,0.06961809,0.1800883,0.0027025016,0.33943596,0.05146726,287.7298,0.0,9907.4375,1567.3035,1.2353605777025223,4.776343926787376,38.4183884114027,44.47338308766484,1.2648078,0.0,17.543793,2.8557615,5.787611e-06,0.0,6.67572e-05,1.3133366e-05,306.35507,302.4012,309.79727,2.190229,0.11055859,0.0019391752,0.27160078,0.07551808,0.18917213,0.0027700907,0.32084528,0.05919588,269.96912,0.0,8712.609,1459.2272,1.7315122187137604,3.717190593481064,35.60722412541509,43.25961408391595,12621.539,1,1,1
2020-08-23,2.501998,0.0,69.919106,8.621595,0.00026654138,0.0,0.021755457,0.0018678288,305.62512,300.29846,310.1099,2.7913504,0.15208234,0.0035153106,0.42491284,0.10099315,0.18325932,0.0028622483,0.41790387,0.061667174,374.45535,0.0,12621.539,2046.5394,8.553260326385498,10.400942102074623,15.169736072421074,52.871177304536104,2.334081,0.0,25.79403,4.4091954,2.1211968e-05,0.0,0.0009455681,7.669275e-05,305.08203,301.7689,308.8959,2.0185306,0.1534621,0.00343932,0.39737484,0.09108092,0.1777948,0.0026910978,0.37587592,0.05248602,358.34717,0.0,11725.922,1956.9888,6.66358357667923,9.708415284752846,13.42560587823391,50.457208793610334,3.7171814,0.0,37.06789,5.259064,5.2014988e-05,0.0,0.003005743,0.00022959463,304.57724,301.3164,308.1039,1.8264527,0.12481033,0.002059658,0.39384815,0.07706832,0.17609638,0.0026330724,0.3591038,0.050139595,339.47885,0.0,11581.922,1859.9038,4.543904528021812,8.639142170548439,14.395325288176537,48.21483026817441,0.6123212,0.0,12.350082,1.7921422,3.862381e-06,0.0,0.00012993813,1.4268109e-05,305.94357,302.5168,308.83176,1.9319156,0.10258391,0.0017936103,0.35501292,0.068490684,0.17743166,0.0026694192,0.33685791,0.05010842,312.3499,0.0,11943.844,1713.0991,1.3557593673467636,5.146920591592789,33.19916473329067,44.78544123843312,1.8094711,0.0,21.06142,4.048349,9.170506e-06,0.0,0.00014948845,2.2327253e-05,306.35867,302.41553,310.41177,2.7338977,0.1345338,0.0026187766,0.35736978,0.084966764,0.18622181,0.0027520813,0.30862594,0.05571235,274.69992,0.0,8887.484,1490.3848,3.2992388159036636,4.768793970346451,37.315005760639906,43.83241591230035,12617.258,1,1,1
2020-08-24,6.5476604,0.0,81.638336,14.429262,0.00045336617,0.0,0.030486107,0.002991756,304.48532,299.7637,309.44666,3.0505705,0.15979865,0.0034321556,0.42993125,0.10528369,0.18781853,0.002986587,0.42618337,0.067087375,388.96512,0.0,12617.258,2125.279,11.383739233016968,16.456680044531822,21.294008776545525,58.32532166317105,2.501998,0.0,69.919106,8.621595,0.00026654138,0.0,0.021755457,0.0018678288,305.62512,300.29846,310.1099,2.7913504,0.15208234,0.0035153106,0.42491284,0.10099315,0.18325932,0.0028622483,0.41790387,0.061667174,374.45535,0.0,12621.539,2046.5394,8.553260326385498,10.400942102074623,15.169736072421074,52.871177304536104,2.334081,0.0,25.79403,4.4091954,2.1211968e-05,0.0,0.0009455681,7.669275e-05,305.08203,301.7689,308.8959,2.0185306,0.1534621,0.00343932,0.39737484,0.09108092,0.1777948,0.0026910978,0.37587592,0.05248602,358.34717,0.0,11725.922,1956.9888,6.66358357667923,9.708415284752846,13.42560587823391,50.457208793610334,3.7171814,0.0,37.06789,5.259064,5.2014988e-05,0.0,0.003005743,0.00022959463,304.57724,301.3164,308.1039,1.8264527,0.12481033,0.002059658,0.39384815,0.07706832,0.17609638,0.0026330724,0.3591038,0.050139595,339.47885,0.0,11581.922,1859.9038,4.543904528021812,8.639142170548439,14.395325288176537,48.21483026817441,0.4919224,0.0,28.23019,2.2086387,1.1182494e-05,0.0,0.0031175613,0.00016448066,306.47818,302.19852,310.32318,2.6031587,0.1254036,0.002306803,0.3887827,0.08237986,0.18442145,0.002753677,0.29744664,0.05374532,279.71286,0.0,8948.984,1520.7043,3.5662013590335846,4.837328732013702,37.7784782089293,44.10281567648053,12347.836,1,1,1
2020-08-25,25.200209,0.0,150.90797,28.176233,0.0006576306,0.0,0.010882378,0.0014331718,301.4459,298.74362,306.56485,1.8631921,0.27313423,0.0033411533,0.4197675,0.093422644,0.23175618,0.0031241903,0.41827896,0.077091955,395.58066,0.0,12347.836,2152.6257,34.24986696243286,41.12785242497921,45.91654907166958,81.04091738536954,6.5476604,0.0,81.638336,14.429262,0.00045336617,0.0,0.030486107,0.002991756,304.48532,299.7637,309.44666,3.0505705,0.15979865,0.0034321556,0.42993125,0.10528369,0.18781853,0.002986587,0.42618337,0.067087375,388.96512,0.0,12617.258,2125.279,11.383739233016968,16.456680044531822,21.294008776545525,58.32532166317105,2.501998,0.0,69.919106,8.621595,0.00026654138,0.0,0.021755457,0.0018678288,305.62512,300.29846,310.1099,2.7913504,0.15208234,0.0035153106,0.42491284,0.10099315,0.18325932,0.0028622483,0.41790387,0.061667174,374.45535,0.0,12621.539,2046.5394,8.553260326385498,10.400942102074623,15.169736072421074,52.871177304536104,2.334081,0.0,25.79403,4.4091954,2.1211968e-05,0.0,0.0009455681,7.669275e-05,305.08203,301.7689,308.8959,2.0185306,0.1534621,0.00343932,0.39737484,0.09108092,0.1777948,0.0026910978,0.37587592,0.05248602,358.34717,0.0,11725.922,1956.9888,6.66358357667923,9.708415284752846,13.42560587823391,50.457208793610334,0.5290363,0.0,13.646126,1.3037525,2.8550626e-06,0.0,9.4890594e-05,8.953251e-06,306.10443,302.09415,310.37167,2.4722726,0.118409075,0.0022709032,0.37269005,0.07560645,0.18248978,0.0027299875,0.34479323,0.05299401,283.00372,0.0,8986.453,1539.8912,2.830429822206497,4.788696646690369,38.23233714327216,44.48593581095338,12222.781,1,1,1
2020-08-26,13.392943,0.0,168.33972,28.396624,0.0031494307,0.0,0.096122265,0.011092038,301.5005,297.44608,302.92892,0.90171576,0.3249983,0.0034869546,0.43461958,0.079208724,0.28902972,0.003233483,0.4213078,0.078453556,382.50745,0.0,12222.781,2077.3906,45.140812397003174,54.306393921375275,59.08273784816265,94.20249937847257,25.200209,0.0,150.90797,28.176233,0.0006576306,0.0,0.010882378,0.0014331718,301.4459,298.74362,306.56485,1.8631921,0.27313423,0.0033411533,0.4197675,0.093422644,0.23175618,0.0031241903,0.41827896,0.077091955,395.58066,0.0,12347.836,2152.6257,34.24986696243286,41.12785242497921,45.91654907166958,81.04091738536954,6.5476604,0.0,81.638336,14.429262,0.00045336617,0.0,0.030486107,0.002991756,304.48532,299.7637,309.44666,3.0505705,0.15979865,0.0034321556,0.42993125,0.10528369,0.18781853,0.002986587,0.42618337,0.067087375,388.96512,0.0,12617.258,2125.279,11.383739233016968,16.456680044531822,21.294008776545525,58.32532166317105,2.501998,0.0,69.919106,8.621595,0.00026654138,0.0,0.021755457,0.0018678288,305.62512,300.29846,310.1099,2.7913504,0.15208234,0.0035153106,0.42491284,0.10099315,0.18325932,0.0028622483,0.41790387,0.061667174,374.45535,0.0,12621.539,2046.5394,8.553260326385498,10.400942102074623,15.169736072421074,52.871177304536104,0.21440189,0.0,3.0550957,0.48474014,1.0238754e-06,0.0,2.2888184e-05,3.0102487e-06,306.00925,302.54724,309.64334,2.1575027,0.10898255,0.0020197055,0.33451387,0.06961809,0.1800883,0.0027025016,0.33943596,0.05146726,287.7298,0.0,9907.4375,1567.3035,1.2353605777025223,4.776343926787376,38.4183884114027,44.47338308766484,12322.281,1,1,1
2020-08-27,11.077037,0.0,143.97192,22.446638,0.002526311,0.0,0.08547902,0.00945594,301.78226,298.60806,303.34897,0.8343868,0.325059,0.00392502,0.43402705,0.08556915,0.3019653,0.0033960976,0.43089464,0.08161017,386.79318,0.0,12322.281,1973.0581,49.670188903808594,64.77110958099365,69.91803017258644,105.18371183797717,13.392943,0.0,168.33972,28.396624,0.0031494307,0.0,0.096122265,0.011092038,301.5005,297.44608,302.92892,0.90171576,0.3249983,0.0034869546,0.43461958,0.079208724,0.28902972,0.003233483,0.4213078,0.078453556,382.50745,0.0,12222.781,2077.3906,45.140812397003174,54.306393921375275,59.08273784816265,94.20249937847257,25.200209,0.0,150.90797,28.176233,0.0006576306,0.0,0.010882378,0.0014331718,301.4459,298.74362,306.56485,1.8631921,0.27313423,0.0033411533,0.4197675,0.093422644,0.23175618,0.0031241903,0.41827896,0.077091955,395.58066,0.0,12347.836,2152.6257,34.24986696243286,41.12785242497921,45.91654907166958,81.04091738536954,6.5476604,0.0,81.638336,14.429262,0.00045336617,0.0,0.030486107,0.002991756,304.48532,299.7637,309.44666,3.0505705,0.15979865,0.0034321556,0.42993125,0.10528369,0.18781853,0.002986587,0.42618337,0.067087375,388.96512,0.0,12617.258,2125.279,11.383739233016968,16.456680044531822,21.294008776545525,58.32532166317105,0.6123212,0.0,12.350082,1.7921422,3.862381e-06,0.0,0.00012993813,1.4268109e-05,305.94357,302.5168,308.83176,1.9319156,0.10258391,0.0017936103,0.35501292,0.068490684,0.17743166,0.0026694192,0.33685791,0.05010842,312.3499,0.0,11943.844,1713.0991,1.3557593673467636,5.146920591592789,33.19916473329067,44.78544123843312,15025.734,1,1,1
2020-08-28,3.103124,0.0,266.43277,16.966558,8.057224e-05,0.0,0.0066149235,0.0004745924,303.36737,300.5735,305.70767,1.1903734,0.3022453,0.0041344604,0.42101347,0.082705766,0.2997239,0.0038413603,0.41499448,0.07734303,413.01074,0.0,15025.734,2115.1758,27.5731041431427,64.1570520401001,72.79619421064854,108.16634296253324,11.077037,0.0,143.97192,22.446638,0.002526311,0.0,0.08547902,0.00945594,301.78226,298.60806,303.34897,0.8343868,0.325059,0.00392502,0.43402705,0.08556915,0.3019653,0.0033960976,0.43089464,0.08161017,386.79318,0.0,12322.281,1973.0581,49.670188903808594,64.77110958099365,69.91803017258644,105.18371183797717,13.392943,0.0,168.33972,28.396624,0.0031494307,0.0,0.096122265,0.011092038,301.5005,297.44608,302.92892,0.90171576,0.3249983,0.0034869546,0.43461958,0.079208724,0.28902972,0.003233483,0.4213078,0.078453556,382.50745,0.0,12222.781,2077.3906,45.140812397003174,54.306393921375275,59.08273784816265,94.20249937847257,25.200209,0.0,150.90797,28.176233,0.0006576306,0.0,0.010882378,0.0014331718,301.4459,298.74362,306.56485,1.8631921,0.27313423,0.0033411533,0.4197675,0.093422644,0.23175618,0.0031241903,0.41827896,0.077091955,395.58066,0.0,12347.836,2152.6257,34.24986696243286,41.12785242497921,45.91654907166958,81.04091738536954,3.7171814,0.0,37.06789,5.259064,5.2014988e-05,0.0,0.003005743,0.00022959463,304.57724,301.3164,308.1039,1.8264527,0.12481033,0.002059658,0.39384815,0.07706832,0.17609638,0.0026330724,0.3591038,0.050139595,339.47885,0.0,11581.922,1859.9038,4.543904528021812,8.639142170548439,14.395325288176537,48.21483026817441,15371.703,1,1,1
2020-08-29,1.4253087,0.0,12.869835,2.2914827,1.5423695e-05,0.0,0.000344038,3.9284307e-05,303.981,300.56226,306.32242,1.2306341,0.27881098,0.0037993405,0.39088497,0.07985066,0.289085,0.0038427438,0.39511564,0.073355675,415.8786,0.0,15371.703,2203.6196,15.605469465255737,63.24827980995178,72.95669509470463,109.48731704428792,3.103124,0.0,266.43277,16.966558,8.057224e-05,0.0,0.0066149235,0.0004745924,303.36737,300.5735,305.70767,1.1903734,0.3022453,0.0041344604,0.42101347,0.082705766,0.2997239,0.0038413603,0.41499448,0.07734303,413.01074,0.0,15025.734,2115.1758,27.5731041431427,64.1570520401001,72.79619421064854,108.16634296253324,11.077037,0.0,143.97192,22.446638,0.002526311,0.0,0.08547902,0.00945594,301.78226,298.60806,303.34897,0.8343868,0.325059,0.00392502,0.43402705,0.08556915,0.3019653,0.0033960976,0.43089464,0.08161017,386.79318,0.0,12322.281,1973.0581,49.670188903808594,64.77110958099365,69.91803017258644,105.18371183797717,13.392943,0.0,168.33972,28.396624,0.0031494307,0.0,0.096122265,0.011092038,301.5005,297.44608,302.92892,0.90171576,0.3249983,0.0034869546,0.43461958,0.079208724,0.28902972,0.003233483,0.4213078,0.078453556,382.50745,0.0,12222.781,2077.3906,45.140812397003174,54.306393921375275,59.08273784816265,94.20249937847257,2.334081,0.0,25.79403,4.4091954,2.1211968e-05,0.0,0.0009455681,7.669275e-05,305.08203,301.7689,308.8959,2.0185306,0.1534621,0.00343932,0.39737484,0.09108092,0.1777948,0.0026910978,0.37587592,0.05248602,358.34717,0.0,11725.922,1956.9888,6.66358357667923,9.708415284752846,13.42560587823391,50.457208793610334,14668.07,1,1,1
2020-08-30,9.630814,0.0,81.42566,16.223125,0.00030360487,0.0,0.013535738,0.0012600428,303.13373,300.23416,306.6461,1.803602,0.29834265,0.0035261333,0.4209869,0.07880501,0.29381916,0.003697713,0.4029509,0.070346385,382.44196,0.0,14668.07,2047.1373,14.15924620628357,70.37709546089172,80.77803756296635,118.41198249533772,1.4253087,0.0,12.869835,2.2914827,1.5423695e-05,0.0,0.000344038,3.9284307e-05,303.981,300.56226,306.32242,1.2306341,0.27881098,0.0037993405,0.39088497,0.07985066,0.289085,0.0038427438,0.39511564,0.073355675,415.8786,0.0,15371.703,2203.6196,15.605469465255737,63.24827980995178,72.95669509470463,109.48731704428792,3.103124,0.0,266.43277,16.966558,8.057224e-05,0.0,0.0066149235,0.0004745924,303.36737,300.5735,305.70767,1.1903734,0.3022453,0.0041344604,0.42101347,0.082705766,0.2997239,0.0038413603,0.41499448,0.07734303,413.01074,0.0,15025.734,2115.1758,27.5731041431427,64.1570520401001,72.79619421064854,108.16634296253324,11.077037,0.0,143.97192,22.446638,0.002526311,0.0,0.08547902,0.00945594,301.78226,298.60806,303.34897,0.8343868,0.325059,0.00392502,0.43402705,0.08556915,0.3019653,0.0033960976,0.43089464,0.08161017,386.79318,0.0,12322.281,1973.0581,49.670188903808594,64.77110958099365,69.91803017258644,105.18371183797717,2.501998,0.0,69.919106,8.621595,0.00026654138,0.0,0.021755457,0.0018678288,305.62512,300.29846,310.1099,2.7913504,0.15208234,0.0035153106,0.42491284,0.10099315,0.18325932,0.0028622483,0.41790387,0.061667174,374.45535,0.0,12621.539,2046.5394,8.553260326385498,10.400942102074623,15.169736072421074,52.871177304536104,12955.242,1,1,1
2020-08-31,9.114712,0.0,130.40686,17.431726,0.00055165554,0.0,0.026037455,0.0023899712,300.52325,297.7786,303.42834,1.2803779,0.3159602,0.0035867698,0.43039164,0.07945154,0.31161362,0.0036057692,0.42465356,0.07435209,358.59503,0.0,12955.242,1924.1537,20.170834064483643,72.94414687156677,89.4008269160986,127.30944458022714,9.630814,0.0,81.42566,16.223125,0.00030360487,0.0,0.013535738,0.0012600428,303.13373,300.23416,306.6461,1.803602,0.29834265,0.0035261333,0.4209869,0.07880501,0.29381916,0.003697713,0.4029509,0.070346385,382.44196,0.0,14668.07,2047.1373,14.15924620628357,70.37709546089172,80.77803756296635,118.41198249533772,1.4253087,0.0,12.869835,2.2914827,1.5423695e-05,0.0,0.000344038,3.9284307e-05,303.981,300.56226,306.32242,1.2306341,0.27881098,0.0037993405,0.39088497,0.07985066,0.289085,0.0038427438,0.39511564,0.073355675,415.8786,0.0,15371.703,2203.6196,15.605469465255737,63.24827980995178,72.95669509470463,109.48731704428792,3.103124,0.0,266.43277,16.966558,8.057224e-05,0.0,0.0066149235,0.0004745924,303.36737,300.5735,305.70767,1.1903734,0.3022453,0.0041344604,0.42101347,0.082705766,0.2997239,0.0038413603,0.41499448,0.07734303,413.01074,0.0,15025.734,2115.1758,27.5731041431427,64.1570520401001,72.79619421064854,108.16634296253324,6.5476604,0.0,81.638336,14.429262,0.00045336617,0.0,0.030486107,0.002991756,304.48532,299.7637,309.44666,3.0505705,0.15979865,0.0034321556,0.42993125,0.10528369,0.18781853,0.002986587,0.42618337,0.067087375,388.96512,0.0,12617.258,2125.279,11.383739233016968,16.456680044531822,21.294008776545525,58.32532166317105,11674.156,1,1,0
2020-09-01,0.13352898,0.0,6.6661835,0.5293949,1.3517009e-06,0.0,5.2452087e-05,5.130028e-06,302.542,300.33505,304.865,0.9579019,0.2811116,0.0033256274,0.39360413,0.073130734,0.3000058,0.003545964,0.40690506,0.069170475,358.8154,0.0,11674.156,1926.9481,18.879054337739944,47.877467185258865,89.00531961023808,127.34128406271338,9.114712,0.0,130.40686,17.431726,0.00055165554,0.0,0.026037455,0.0023899712,300.52325,297.7786,303.42834,1.2803779,0.3159602,0.0035867698,0.43039164,0.07945154,0.31161362,0.0036057692,0.42465356,0.07435209,358.59503,0.0,12955.242,1924.1537,20.170834064483643,72.94414687156677,89.4008269160986,127.30944458022714,9.630814,0.0,81.42566,16.223125,0.00030360487,0.0,0.013535738,0.0012600428,303.13373,300.23416,306.6461,1.803602,0.29834265,0.0035261333,0.4209869,0.07880501,0.29381916,0.003697713,0.4029509,0.070346385,382.44196,0.0,14668.07,2047.1373,14.15924620628357,70.37709546089172,80.77803756296635,118.41198249533772,1.4253087,0.0,12.869835,2.2914827,1.5423695e-05,0.0,0.000344038,3.9284307e-05,303.981,300.56226,306.32242,1.2306341,0.27881098,0.0037993405,0.39088497,0.07985066,0.289085,0.0038427438,0.39511564,0.073355675,415.8786,0.0,15371.703,2203.6196,15.605469465255737,63.24827980995178,72.95669509470463,109.48731704428792,25.200209,0.0,150.90797,28.176233,0.0006576306,0.0,0.010882378,0.0014331718,301.4459,298.74362,306.56485,1.8631921,0.27313423,0.0033411533,0.4197675,0.093422644,0.23175618,0.0031241903,0.41827896,0.077091955,395.58066,0.0,12347.836,2152.6257,34.24986696243286,41.12785242497921,45.91654907166958,81.04091738536954,12824.102,1,1,1
2020-09-02,0.06982353,0.0,0.9098053,0.1269486,1.5755494e-06,0.0,0.00010538101,8.22108e-06,303.3489,300.37967,305.35828,0.9281623,0.25241032,0.0029542653,0.37243,0.07255983,0.2850675,0.0034406793,0.3918538,0.06599489,377.13135,0.0,12824.102,2034.6537,9.318064272403717,34.55434733629227,88.86074125766754,127.382657635957,0.13352898,0.0,6.6661835,0.5293949,1.3517009e-06,0.0,5.2452087e-05,5.130028e-06,302.542,300.33505,304.865,0.9579019,0.2811116,0.0033256274,0.39360413,0.073130734,0.3000058,0.003545964,0.40690506,0.069170475,358.8154,0.0,11674.156,1926.9481,18.879054337739944,47.877467185258865,89.00531961023808,127.34128406271338,9.114712,0.0,130.40686,17.431726,0.00055165554,0.0,0.026037455,0.0023899712,300.52325,297.7786,303.42834,1.2803779,0.3159602,0.0035867698,0.43039164,0.07945154,0.31161362,0.0036057692,0.42465356,0.07435209,358.59503,0.0,12955.242,1924.1537,20.170834064483643,72.94414687156677,89.4008269160986,127.30944458022714,9.630814,0.0,81.42566,16.223125,0.00030360487,0.0,0.013535738,0.0012600428,303.13373,300.23416,306.6461,1.803602,0.29834265,0.0035261333,0.4209869,0.07880501,0.29381916,0.003697713,0.4029509,0.070346385,382.44196,0.0,14668.07,2047.1373,14.15924620628357,70.37709546089172,80.77803756296635,118.41198249533772,13.392943,0.0,168.33972,28.396624,0.0031494307,0.0,0.096122265,0.011092038,301.5005,297.44608,302.92892,0.90171576,0.3249983,0.0034869546,0.43461958,0.079208724,0.28902972,0.003233483,0.4213078,0.078453556,382.50745,0.0,12222.781,2077.3906,45.140812397003174,54.306393921375275,59.08273784816265,94.20249937847257,13381.234,1,1,1
2020-09-03,0.4169173,0.0,3.3097267,0.5531943,4.35147e-06,0.0,6.723404e-05,8.335487e-06,304.05383,300.61807,306.35538,1.1614698,0.23088856,0.0026192705,0.36356148,0.07311693,0.27252552,0.0033280477,0.38138554,0.063810766,401.30933,0.0,13381.234,2176.3115,0.6202698051929474,23.894227772951126,88.66533735394478,127.72439758107066,0.06982353,0.0,0.9098053,0.1269486,1.5755494e-06,0.0,0.00010538101,8.22108e-06,303.3489,300.37967,305.35828,0.9281623,0.25241032,0.0029542653,0.37243,0.07255983,0.2850675,0.0034406793,0.3918538,0.06599489,377.13135,0.0,12824.102,2034.6537,9.318064272403717,34.55434733629227,88.86074125766754,127.382657635957,0.13352898,0.0,6.6661835,0.5293949,1.3517009e-06,0.0,5.2452087e-05,5.130028e-06,302.542,300.33505,304.865,0.9579019,0.2811116,0.0033256274,0.39360413,0.073130734,0.3000058,0.003545964,0.40690506,0.069170475,358.8154,0.0,11674.156,1926.9481,18.879054337739944,47.877467185258865,89.00531961023808,127.34128406271338,9.114712,0.0,130.40686,17.431726,0.00055165554,0.0,0.026037455,0.0023899712,300.52325,297.7786,303.42834,1.2803779,0.3159602,0.0035867698,0.43039164,0.07945154,0.31161362,0.0036057692,0.42465356,0.07435209,358.59503,0.0,12955.242,1924.1537,20.170834064483643,72.94414687156677,89.4008269160986,127.30944458022714,11.077037,0.0,143.97192,22.446638,0.002526311,0.0,0.08547902,0.00945594,301.78226,298.60806,303.34897,0.8343868,0.325059,0.00392502,0.43402705,0.08556915,0.3019653,0.0033960976,0.43089464,0.08161017,386.79318,0.0,12322.281,1973.0581,49.670188903808594,64.77110958099365,69.91803017258644,105.18371183797717,13752.82,1,1,1
2020-09-04,2.8756127,0.0,18.641949,3.8551207,5.3443513e-05,0.0,0.0032699108,0.00023428226,302.66177,300.06042,305.5955,1.0619454,0.23712577,0.0023429971,0.37656924,0.0788153,0.26488063,0.0032145828,0.37459317,0.0625829,423.84537,0.0,13752.82,2304.8872,3.362353563308716,23.66671660542488,87.82376864552498,130.57165969908237,0.4169173,0.0,3.3097267,0.5531943,4.35147e-06,0.0,6.723404e-05,8.335487e-06,304.05383,300.61807,306.35538,1.1614698,0.23088856,0.0026192705,0.36356148,0.07311693,0.27252552,0.0033280477,0.38138554,0.063810766,401.30933,0.0,13381.234,2176.3115,0.6202698051929474,23.894227772951126,88.66533735394478,127.72439758107066,0.06982353,0.0,0.9098053,0.1269486,1.5755494e-06,0.0,0.00010538101,8.22108e-06,303.3489,300.37967,305.35828,0.9281623,0.25241032,0.0029542653,0.37243,0.07255983,0.2850675,0.0034406793,0.3918538,0.06599489,377.13135,0.0,12824.102,2034.6537,9.318064272403717,34.55434733629227,88.86074125766754,127.382657635957,0.13352898,0.0,6.6661835,0.5293949,1.3517009e-06,0.0,5.2452087e-05,5.130028e-06,302.542,300.33505,304.865,0.9579019,0.2811116,0.0033256274,0.39360413,0.073130734,0.3000058,0.003545964,0.40690506,0.069170475,358.8154,0.0,11674.156,1926.9481,18.879054337739944,47.877467185258865,89.00531961023808,127.34128406271338,3.103124,0.0,266.43277,16.966558,8.057224e-05,0.0,0.0066149235,0.0004745924,303.36737,300.5735,305.70767,1.1903734,0.3022453,0.0041344604,0.42101347,0.082705766,0.2997239,0.0038413603,0.41499448,0.07734303,413.01074,0.0,15025.734,2115.1758,27.5731041431427,64.1570520401001,72.79619421064854,108.16634296253324,13612.602,1,1,1
2020-09-05,0.8400626,0.0,16.275883,2.2810874,8.136696e-06,0.0,0.0001924038,2.5139974e-05,303.87326,300.89618,306.37543,1.1869496,0.230169,0.0020952635,0.36582473,0.08094946,0.26188943,0.0031015947,0.36586344,0.062251307,435.98712,0.0,13612.602,2373.9983,4.132592648267746,23.081470519304276,86.32975032925606,125.58017744123936,2.8756127,0.0,18.641949,3.8551207,5.3443513e-05,0.0,0.0032699108,0.00023428226,302.66177,300.06042,305.5955,1.0619454,0.23712577,0.0023429971,0.37656924,0.0788153,0.26488063,0.0032145828,0.37459317,0.0625829,423.84537,0.0,13752.82,2304.8872,3.362353563308716,23.66671660542488,87.82376864552498,130.57165969908237,0.4169173,0.0,3.3097267,0.5531943,4.35147e-06,0.0,6.723404e-05,8.335487e-06,304.05383,300.61807,306.35538,1.1614698,0.23088856,0.0026192705,0.36356148,0.07311693,0.27252552,0.0033280477,0.38138554,0.063810766,401.30933,0.0,13381.234,2176.3115,0.6202698051929474,23.894227772951126,88.66533735394478,127.72439758107066,0.06982353,0.0,0.9098053,0.1269486,1.5755494e-06,0.0,0.00010538101,8.22108e-06,303.3489,300.37967,305.35828,0.9281623,0.25241032,0.0029542653,0.37243,0.07255983,0.2850675,0.0034406793,0.3918538,0.06599489,377.13135,0.0,12824.102,2034.6537,9.318064272403717,34.55434733629227,88.86074125766754,127.382657635957,1.4253087,0.0,12.869835,2.2914827,1.5423695e-05,0.0,0.000344038,3.9284307e-05,303.981,300.56226,306.32242,1.2306341,0.27881098,0.0037993405,0.39088497,0.07985066,0.289085,0.0038427438,0.39511564,0.073355675,415.8786,0.0,15371.703,2203.6196,15.605469465255737,63.24827980995178,72.95669509470463,109.48731704428792,13555.641,1,1,1
2020-09-06,0.014444192,0.0,0.5540848,0.05772038,1.0662609e-07,0.0,5.9604645e-06,5.7542377e-07,304.3121,300.99252,307.7731,1.4642574,0.19988534,0.0017720172,0.34036008,0.077495456,0.25356352,0.003001924,0.35464522,0.060614724,429.92758,0.0,13555.641,2344.1785,3.730119545944035,13.465101112611592,83.84219657350332,103.07360074389726,0.8400626,0.0,16.275883,2.2810874,8.136696e-06,0.0,0.0001924038,2.5139974e-05,303.87326,300.89618,306.37543,1.1869496,0.230169,0.0020952635,0.36582473,0.08094946,0.26188943,0.0031015947,0.36586344,0.062251307,435.98712,0.0,13612.602,2373.9983,4.132592648267746,23.081470519304276,86.32975032925606,125.58017744123936,2.8756127,0.0,18.641949,3.8551207,5.3443513e-05,0.0,0.0032699108,0.00023428226,302.66177,300.06042,305.5955,1.0619454,0.23712577,0.0023429971,0.37656924,0.0788153,0.26488063,0.0032145828,0.37459317,0.0625829,423.84537,0.0,13752.82,2304.8872,3.362353563308716,23.66671660542488,87.82376864552498,130.57165969908237,0.4169173,0.0,3.3097267,0.5531943,4.35147e-06,0.0,6.723404e-05,8.335487e-06,304.05383,300.61807,306.35538,1.1614698,0.23088856,0.0026192705,0.36356148,0.07311693,0.27252552,0.0033280477,0.38138554,0.063810766,401.30933,0.0,13381.234,2176.3115,0.6202698051929474,23.894227772951126,88.66533735394478,127.72439758107066,9.630814,0.0,81.42566,16.223125,0.00030360487,0.0,0.013535738,0.0012600428,303.13373,300.23416,306.6461,1.803602,0.29834265,0.0035261333,0.4209869,0.07880501,0.29381916,0.003697713,0.4029509,0.070346385,382.44196,0.0,14668.07,2047.1373,14.15924620628357,70.37709546089172,80.77803756296635,118.41198249533772,13441.227,1,1,1
2020-09-07,0.0022530556,0.0,0.04720688,0.0057720374,1.3245477e-09,0.0,4.7683716e-07,2.5096593e-08,304.24545,301.43726,308.10117,1.495149,0.17276038,0.001474042,0.32067207,0.07575029,0.24334905,0.0029107202,0.34332097,0.05895821,410.401,0.0,13441.227,2240.4868,0.8567598657682538,4.352642406709492,77.29678927827626,99.7720534550026,0.014444192,0.0,0.5540848,0.05772038,1.0662609e-07,0.0,5.9604645e-06,5.7542377e-07,304.3121,300.99252,307.7731,1.4642574,0.19988534,0.0017720172,0.34036008,0.077495456,0.25356352,0.003001924,0.35464522,0.060614724,429.92758,0.0,13555.641,2344.1785,3.730119545944035,13.465101112611592,83.84219657350332,103.07360074389726,0.8400626,0.0,16.275883,2.2810874,8.136696e-06,0.0,0.0001924038,2.5139974e-05,303.87326,300.89618,306.37543,1.1869496,0.230169,0.0020952635,0.36582473,0.08094946,0.26188943,0.0031015947,0.36586344,0.062251307,435.98712,0.0,13612.602,2373.9983,4.132592648267746,23.081470519304276,86.32975032925606,125.58017744123936,2.8756127,0.0,18.641949,3.8551207,5.3443513e-05,0.0,0.0032699108,0.00023428226,302.66177,300.06042,305.5955,1.0619454,0.23712577,0.0023429971,0.37656924,0.0788153,0.26488063,0.0032145828,0.37459317,0.0625829,423.84537,0.0,13752.82,2304.8872,3.362353563308716,23.66671660542488,87.82376864552498,130.57165969908237,9.114712,0.0,130.40686,17.431726,0.00055165554,0.0,0.026037455,0.0023899712,300.52325,297.7786,303.42834,1.2803779,0.3159602,0.0035867698,0.43039164,0.07945154,0.31161362,0.0036057692,0.42465356,0.07435209,358.59503,0.0,12955.242,1924.1537,20.170834064483643,72.94414687156677,89.4008269160986,127.30944458022714,12865.352,1,1,1
2020-09-08,0.016632345,0.0,1.4810562,0.10906487,9.589725e-07,0.0,0.00013113022,1.0180035e-05,304.47543,301.473,308.98746,1.7987789,0.15074812,0.0012417558,0.30458075,0.074511975,0.23365892,0.0028347948,0.3323954,0.057452615,389.87927,0.0,12865.352,2128.6804,0.03332959208637476,4.235745773650706,52.11321295890957,99.03081804607064,0.0022530556,0.0,0.04720688,0.0057720374,1.3245477e-09,0.0,4.7683716e-07,2.5096593e-08,304.24545,301.43726,308.10117,1.495149,0.17276038,0.001474042,0.32067207,0.07575029,0.24334905,0.0029107202,0.34332097,0.05895821,410.401,0.0,13441.227,2240.4868,0.8567598657682538,4.352642406709492,77.29678927827626,99.7720534550026,0.014444192,0.0,0.5540848,0.05772038,1.0662609e-07,0.0,5.9604645e-06,5.7542377e-07,304.3121,300.99252,307.7731,1.4642574,0.19988534,0.0017720172,0.34036008,0.077495456,0.25356352,0.003001924,0.35464522,0.060614724,429.92758,0.0,13555.641,2344.1785,3.730119545944035,13.465101112611592,83.84219657350332,103.07360074389726,0.8400626,0.0,16.275883,2.2810874,8.136696e-06,0.0,0.0001924038,2.5139974e-05,303.87326,300.89618,306.37543,1.1869496,0.230169,0.0020952635,0.36582473,0.08094946,0.26188943,0.0031015947,0.36586344,0.062251307,435.98712,0.0,13612.602,2373.9983,4.132592648267746,23.081470519304276,86.32975032925606,125.58017744123936,0.13352898,0.0,6.6661835,0.5293949,1.3517009e-06,0.0,5.2452087e-05,5.130028e-06,302.542,300.33505,304.865,0.9579019,0.2811116,0.0033256274,0.39360413,0.073130734,0.3000058,0.003545964,0.40690506,0.069170475,358.8154,0.0,11674.156,1926.9481,18.879054337739944,47.877467185258865,89.00531961023808,127.34128406271338,12103.133,1,1,1
2020-09-09,0.0022358363,0.0,0.06389618,0.00704791,1.3245477e-09,0.0,2.3841858e-07,1.772124e-08,304.6152,301.4865,309.16873,1.7796421,0.13154346,0.0010308771,0.28783378,0.07234668,0.22470203,0.00275734,0.32347488,0.055981126,374.31134,0.0,12103.133,2043.6249,0.021121236495673656,4.168158076703548,38.722505412995815,98.60966623574495,0.016632345,0.0,1.4810562,0.10906487,9.589725e-07,0.0,0.00013113022,1.0180035e-05,304.47543,301.473,308.98746,1.7987789,0.15074812,0.0012417558,0.30458075,0.074511975,0.23365892,0.0028347948,0.3323954,0.057452615,389.87927,0.0,12865.352,2128.6804,0.03332959208637476,4.235745773650706,52.11321295890957,99.03081804607064,0.0022530556,0.0,0.04720688,0.0057720374,1.3245477e-09,0.0,4.7683716e-07,2.5096593e-08,304.24545,301.43726,308.10117,1.495149,0.17276038,0.001474042,0.32067207,0.07575029,0.24334905,0.0029107202,0.34332097,0.05895821,410.401,0.0,13441.227,2240.4868,0.8567598657682538,4.352642406709492,77.29678927827626,99.7720534550026,0.014444192,0.0,0.5540848,0.05772038,1.0662609e-07,0.0,5.9604645e-06,5.7542377e-07,304.3121,300.99252,307.7731,1.4642574,0.19988534,0.0017720172,0.34036008,0.077495456,0.25356352,0.003001924,0.35464522,0.060614724,429.92758,0.0,13555.641,2344.1785,3.730119545944035,13.465101112611592,83.84219657350332,103.07360074389726,0.06982353,0.0,0.9098053,0.1269486,1.5755494e-06,0.0,0.00010538101,8.22108e-06,303.3489,300.37967,305.35828,0.9281623,0.25241032,0.0029542653,0.37243,0.07255983,0.2850675,0.0034406793,0.3918538,0.06599489,377.13135,0.0,12824.102,2034.6537,9.318064272403717,34.55434733629227,88.86074125766754,127.382657635957,11585.234,1,1,0
2020-09-10,0.001976225,0.0,0.092983246,0.008365608,0.0,0.0,0.0,0.0,304.7396,301.1246,308.6373,1.7345259,0.1160542,0.00085684675,0.2729681,0.06961564,0.216984,0.002684788,0.31494957,0.054327644,361.56665,0.0,11585.234,1974.486,0.020844405982643366,3.753217007499188,27.647444780450314,98.03397409198806,0.0022358363,0.0,0.06389618,0.00704791,1.3245477e-09,0.0,2.3841858e-07,1.772124e-08,304.6152,301.4865,309.16873,1.7796421,0.13154346,0.0010308771,0.28783378,0.07234668,0.22470203,0.00275734,0.32347488,0.055981126,374.31134,0.0,12103.133,2043.6249,0.021121236495673656,4.168158076703548,38.722505412995815,98.60966623574495,0.016632345,0.0,1.4810562,0.10906487,9.589725e-07,0.0,0.00013113022,1.0180035e-05,304.47543,301.473,308.98746,1.7987789,0.15074812,0.0012417558,0.30458075,0.074511975,0.23365892,0.0028347948,0.3323954,0.057452615,389.87927,0.0,12865.352,2128.6804,0.03332959208637476,4.235745773650706,52.11321295890957,99.03081804607064,0.0022530556,0.0,0.04720688,0.0057720374,1.3245477e-09,0.0,4.7683716e-07,2.5096593e-08,304.24545,301.43726,308.10117,1.495149,0.17276038,0.001474042,0.32067207,0.07575029,0.24334905,0.0029107202,0.34332097,0.05895821,410.401,0.0,13441.227,2240.4868,0.8567598657682538,4.352642406709492,77.29678927827626,99.7720534550026,0.4169173,0.0,3.3097267,0.5531943,4.35147e-06,0.0,6.723404e-05,8.335487e-06,304.05383,300.61807,306.35538,1.1614698,0.23088856,0.0026192705,0.36356148,0.07311693,0.27252552,0.0033280477,0.38138554,0.063810766,401.30933,0.0,13381.234,2176.3115,0.6202698051929474,23.894227772951126,88.66533735394478,127.72439758107066,11257.297,1,1,0
2020-09-11,0.0021868283,0.0,0.12111664,0.00964374,0.0,0.0,0.0,0.0,304.8837,301.3551,308.65042,1.7664838,0.103980266,0.00073201087,0.25810453,0.06707939,0.21022826,0.0026140772,0.30686608,0.05271391,348.6798,0.0,11257.297,1904.6008,0.006398889701813459,0.8797911000438035,24.546507705468684,97.80940631451085,0.001976225,0.0,0.092983246,0.008365608,0.0,0.0,0.0,0.0,304.7396,301.1246,308.6373,1.7345259,0.1160542,0.00085684675,0.2729681,0.06961564,0.216984,0.002684788,0.31494957,0.054327644,361.56665,0.0,11585.234,1974.486,0.020844405982643366,3.753217007499188,27.647444780450314,98.03397409198806,0.0022358363,0.0,0.06389618,0.00704791,1.3245477e-09,0.0,2.3841858e-07,1.772124e-08,304.6152,301.4865,309.16873,1.7796421,0.13154346,0.0010308771,0.28783378,0.07234668,0.22470203,0.00275734,0.32347488,0.055981126,374.31134,0.0,12103.133,2043.6249,0.021121236495673656,4.168158076703548,38.722505412995815,98.60966623574495,0.016632345,0.0,1.4810562,0.10906487,9.589725e-07,0.0,0.00013113022,1.0180035e-05,304.47543,301.473,308.98746,1.7987789,0.15074812,0.0012417558,0.30458075,0.074511975,0.23365892,0.0028347948,0.3323954,0.057452615,389.87927,0.0,12865.352,2128.6804,0.03332959208637476,4.235745773650706,52.11321295890957,99.03081804607064,2.8756127,0.0,18.641949,3.8551207,5.3443513e-05,0.0,0.0032699108,0.00023428226,302.66177,300.06042,305.5955,1.0619454,0.23712577,0.0023429971,0.37656924,0.0788153,0.26488063,0.0032145828,0.37459317,0.0625829,423.84537,0.0,13752.82,2304.8872,3.362353563308716,23.66671660542488,87.82376864552498,130.57165969908237,10909.969,1,1,0
2020-09-12,1.1774434,0.0,10.362625,2.3543892,8.145305e-06,0.0,7.1525574e-05,1.6448163e-05,304.85443,301.44754,308.98776,1.946564,0.10186521,0.0008109128,0.2688023,0.065990545,0.20422055,0.0025508935,0.2997578,0.05141956,335.38232,0.0,10909.969,1832.1935,1.1816064384765923,1.2171718669123948,24.29864238621667,98.74510516645387,0.0021868283,0.0,0.12111664,0.00964374,0.0,0.0,0.0,0.0,304.8837,301.3551,308.65042,1.7664838,0.103980266,0.00073201087,0.25810453,0.06707939,0.21022826,0.0026140772,0.30686608,0.05271391,348.6798,0.0,11257.297,1904.6008,0.006398889701813459,0.8797911000438035,24.546507705468684,97.80940631451085,0.001976225,0.0,0.092983246,0.008365608,0.0,0.0,0.0,0.0,304.7396,301.1246,308.6373,1.7345259,0.1160542,0.00085684675,0.2729681,0.06961564,0.216984,0.002684788,0.31494957,0.054327644,361.56665,0.0,11585.234,1974.486,0.020844405982643366,3.753217007499188,27.647444780450314,98.03397409198806,0.0022358363,0.0,0.06389618,0.00704791,1.3245477e-09,0.0,2.3841858e-07,1.772124e-08,304.6152,301.4865,309.16873,1.7796421,0.13154346,0.0010308771,0.28783378,0.07234668,0.22470203,0.00275734,0.32347488,0.055981126,374.31134,0.0,12103.133,2043.6249,0.021121236495673656,4.168158076703548,38.722505412995815,98.60966623574495,0.8400626,0.0,16.275883,2.2810874,8.136696e-06,0.0,0.0001924038,2.5139974e-05,303.87326,300.89618,306.37543,1.1869496,0.230169,0.0020952635,0.36582473,0.08094946,0.26188943,0.0031015947,0.36586344,0.062251307,435.98712,0.0,13612.602,2373.9983,4.132592648267746,23.081470519304276,86.32975032925606,125.58017744123936,10506.984,1,1,0
2020-09-13,1.2015105,0.0,15.094757,2.6023848,8.7844e-06,0.0,0.00016832352,2.064473e-05,305.5382,301.87997,309.63486,1.7804137,0.11953592,0.0012712247,0.31944558,0.07954704,0.20002127,0.002505651,0.30247244,0.05049824,322.67416,0.0,10506.984,1762.788,2.3811407620087266,2.4042382235638797,15.869339336175472,99.72165584983304,1.1774434,0.0,10.362625,2.3543892,8.145305e-06,0.0,7.1525574e-05,1.6448163e-05,304.85443,301.44754,308.98776,1.946564,0.10186521,0.0008109128,0.2688023,0.065990545,0.20422055,0.0025508935,0.2997578,0.05141956,335.38232,0.0,10909.969,1832.1935,1.1816064384765923,1.2171718669123948,24.29864238621667,98.74510516645387,0.0021868283,0.0,0.12111664,0.00964374,0.0,0.0,0.0,0.0,304.8837,301.3551,308.65042,1.7664838,0.103980266,0.00073201087,0.25810453,0.06707939,0.21022826,0.0026140772,0.30686608,0.05271391,348.6798,0.0,11257.297,1904.6008,0.006398889701813459,0.8797911000438035,24.546507705468684,97.80940631451085,0.001976225,0.0,0.092983246,0.008365608,0.0,0.0,0.0,0.0,304.7396,301.1246,308.6373,1.7345259,0.1160542,0.00085684675,0.2729681,0.06961564,0.216984,0.002684788,0.31494957,0.054327644,361.56665,0.0,11585.234,1974.486,0.020844405982643366,3.753217007499188,27.647444780450314,98.03397409198806,0.014444192,0.0,0.5540848,0.05772038,1.0662609e-07,0.0,5.9604645e-06,5.7542377e-07,304.3121,300.99252,307.7731,1.4642574,0.19988534,0.0017720172,0.34036008,0.077495456,0.25356352,0.003001924,0.35464522,0.060614724,429.92758,0.0,13555.641,2344.1785,3.730119545944035,13.465101112611592,83.84219657350332,103.07360074389726,10105.4375,1,0,0
2020-09-14,1.2986038,0.0,18.510818,3.1986923,1.1893114e-05,0.0,0.00048816204,4.1221512e-05,305.7099,301.427,309.93604,2.1645586,0.12512042,0.0023985426,0.3507471,0.08528523,0.19697206,0.0024924236,0.3179863,0.050511405,310.87405,0.0,10105.4375,1698.2471,3.6775577068328857,3.7005889411084354,8.053231347817928,99.75545180262998,1.2015105,0.0,15.094757,2.6023848,8.7844e-06,0.0,0.00016832352,2.064473e-05,305.5382,301.87997,309.63486,1.7804137,0.11953592,0.0012712247,0.31944558,0.07954704,0.20002127,0.002505651,0.30247244,0.05049824,322.67416,0.0,10506.984,1762.788,2.3811407620087266,2.4042382235638797,15.869339336175472,99.72165584983304,1.1774434,0.0,10.362625,2.3543892,8.145305e-06,0.0,7.1525574e-05,1.6448163e-05,304.85443,301.44754,308.98776,1.946564,0.10186521,0.0008109128,0.2688023,0.065990545,0.20422055,0.0025508935,0.2997578,0.05141956,335.38232,0.0,10909.969,1832.1935,1.1816064384765923,1.2171718669123948,24.29864238621667,98.74510516645387,0.0021868283,0.0,0.12111664,0.00964374,0.0,0.0,0.0,0.0,304.8837,301.3551,308.65042,1.7664838,0.103980266,0.00073201087,0.25810453,0.06707939,0.21022826,0.0026140772,0.30686608,0.05271391,348.6798,0.0,11257.297,1904.6008,0.006398889701813459,0.8797911000438035,24.546507705468684,97.80940631451085,0.0022530556,0.0,0.04720688,0.0057720374,1.3245477e-09,0.0,4.7683716e-07,2.5096593e-08,304.24545,301.43726,308.10117,1.495149,0.17276038,0.001474042,0.32067207,0.07575029,0.24334905,0.0029107202,0.34332097,0.05895821,410.401,0.0,13441.227,2240.4868,0.8567598657682538,4.352642406709492,77.29678927827626,99.7720534550026,9738.859,1,0,0
2020-09-15,0.98929,0.0,11.457443,2.1117103,9.370181e-06,0.0,0.00031292439,2.9323883e-05,305.34622,301.49146,308.61118,1.7216874,0.1263906,0.003311241,0.3647131,0.09272192,0.1954532,0.0025922235,0.3189476,0.050939012,299.61337,0.0,9738.859,1636.7346,3.489404320716858,4.673246595542878,8.908992369193584,98.93527067126706,1.2986038,0.0,18.510818,3.1986923,1.1893114e-05,0.0,0.00048816204,4.1221512e-05,305.7099,301.427,309.93604,2.1645586,0.12512042,0.0023985426,0.3507471,0.08528523,0.19697206,0.0024924236,0.3179863,0.050511405,310.87405,0.0,10105.4375,1698.2471,3.6775577068328857,3.7005889411084354,8.053231347817928,99.75545180262998,1.2015105,0.0,15.094757,2.6023848,8.7844e-06,0.0,0.00016832352,2.064473e-05,305.5382,301.87997,309.63486,1.7804137,0.11953592,0.0012712247,0.31944558,0.07954704,0.20002127,0.002505651,0.30247244,0.05049824,322.67416,0.0,10506.984,1762.788,2.3811407620087266,2.4042382235638797,15.869339336175472,99.72165584983304,1.1774434,0.0,10.362625,2.3543892,8.145305e-06,0.0,7.1525574e-05,1.6448163e-05,304.85443,301.44754,308.98776,1.946564,0.10186521,0.0008109128,0.2688023,0.065990545,0.20422055,0.0025508935,0.2997578,0.05141956,335.38232,0.0,10909.969,1832.1935,1.1816064384765923,1.2171718669123948,24.29864238621667,98.74510516645387,0.016632345,0.0,1.4810562,0.10906487,9.589725e-07,0.0,0.00013113022,1.0180035e-05,304.47543,301.473,308.98746,1.7987789,0.15074812,0.0012417558,0.30458075,0.074511975,0.23365892,0.0028347948,0.3323954,0.057452615,389.87927,0.0,12865.352,2128.6804,0.03332959208637476,4.235745773650706,52.11321295890957,99.03081804607064,9394.0,1,0,0
2020-09-16,0.7058408,0.0,7.586479,1.417333,6.814798e-06,0.0,0.00027537346,2.1196267e-05,305.14896,301.35596,308.09946,1.7018801,0.12248575,0.002942646,0.34617385,0.091586955,0.19415042,0.0026531715,0.32009512,0.05156453,288.9878,0.0,9394.0,1578.7377,2.99373459815979,5.376851585227996,9.545009661931545,99.14918908895925,0.98929,0.0,11.457443,2.1117103,9.370181e-06,0.0,0.00031292439,2.9323883e-05,305.34622,301.49146,308.61118,1.7216874,0.1263906,0.003311241,0.3647131,0.09272192,0.1954532,0.0025922235,0.3189476,0.050939012,299.61337,0.0,9738.859,1636.7346,3.489404320716858,4.673246595542878,8.908992369193584,98.93527067126706,1.2986038,0.0,18.510818,3.1986923,1.1893114e-05,0.0,0.00048816204,4.1221512e-05,305.7099,301.427,309.93604,2.1645586,0.12512042,0.0023985426,0.3507471,0.08528523,0.19697206,0.0024924236,0.3179863,0.050511405,310.87405,0.0,10105.4375,1698.2471,3.6775577068328857,3.7005889411084354,8.053231347817928,99.75545180262998,1.2015105,0.0,15.094757,2.6023848,8.7844e-06,0.0,0.00016832352,2.064473e-05,305.5382,301.87997,309.63486,1.7804137,0.11953592,0.0012712247,0.31944558,0.07954704,0.20002127,0.002505651,0.30247244,0.05049824,322.67416,0.0,10506.984,1762.788,2.3811407620087266,2.4042382235638797,15.869339336175472,99.72165584983304,0.0022358363,0.0,0.06389618,0.00704791,1.3245477e-09,0.0,2.3841858e-07,1.772124e-08,304.6152,301.4865,309.16873,1.7796421,0.13154346,0.0010308771,0.28783378,0.07234668,0.22470203,0.00275734,0.32347488,0.055981126,374.31134,0.0,12103.133,2043.6249,0.021121236495673656,4.168158076703548,38.722505412995815,98.60966623574495,9061.398,1,0,0
2020-09-17,0.2105832,0.0,2.74992,0.44343665,1.3821655e-06,0.0,2.527237e-05,3.2597e-06,305.29337,301.5609,308.6379,1.6903688,0.115049735,0.002516702,0.3258587,0.084214196,0.19259377,0.0026594708,0.31642595,0.05132291,278.9345,0.0,9061.398,1523.8706,1.9057140201330185,5.5854585552588105,9.338675562757999,98.8307360005565,0.7058408,0.0,7.586479,1.417333,6.814798e-06,0.0,0.00027537346,2.1196267e-05,305.14896,301.35596,308.09946,1.7018801,0.12248575,0.002942646,0.34617385,0.091586955,0.19415042,0.0026531715,0.32009512,0.05156453,288.9878,0.0,9394.0,1578.7377,2.99373459815979,5.376851585227996,9.545009661931545,99.14918908895925,0.98929,0.0,11.457443,2.1117103,9.370181e-06,0.0,0.00031292439,2.9323883e-05,305.34622,301.49146,308.61118,1.7216874,0.1263906,0.003311241,0.3647131,0.09272192,0.1954532,0.0025922235,0.3189476,0.050939012,299.61337,0.0,9738.859,1636.7346,3.489404320716858,4.673246595542878,8.908992369193584,98.93527067126706,1.2986038,0.0,18.510818,3.1986923,1.1893114e-05,0.0,0.00048816204,4.1221512e-05,305.7099,301.427,309.93604,2.1645586,0.12512042,0.0023985426,0.3507471,0.08528523,0.19697206,0.0024924236,0.3179863,0.050511405,310.87405,0.0,10105.4375,1698.2471,3.6775577068328857,3.7005889411084354,8.053231347817928,99.75545180262998,0.001976225,0.0,0.092983246,0.008365608,0.0,0.0,0.0,0.0,304.7396,301.1246,308.6373,1.7345259,0.1160542,0.00085684675,0.2729681,0.06961564,0.216984,0.002684788,0.31494957,0.054327644,361.56665,0.0,11585.234,1974.486,0.020844405982643366,3.753217007499188,27.647444780450314,98.03397409198806,8745.547,1,0,0
2020-09-18,0.06879965,0.0,1.9364357,0.22264054,3.8080745e-07,0.0,1.4305115e-05,1.54863e-06,305.1537,302.11795,308.36536,1.6366603,0.10592916,0.0020040642,0.3011692,0.075597666,0.19084398,0.002641813,0.31175694,0.050337076,269.09842,0.0,8745.547,1470.1993,0.9852236732840538,5.652071379125118,6.531862479168922,98.6851337668486,0.2105832,0.0,2.74992,0.44343665,1.3821655e-06,0.0,2.527237e-05,3.2597e-06,305.29337,301.5609,308.6379,1.6903688,0.115049735,0.002516702,0.3258587,0.084214196,0.19259377,0.0026594708,0.31642595,0.05132291,278.9345,0.0,9061.398,1523.8706,1.9057140201330185,5.5854585552588105,9.338675562757999,98.8307360005565,0.7058408,0.0,7.586479,1.417333,6.814798e-06,0.0,0.00027537346,2.1196267e-05,305.14896,301.35596,308.09946,1.7018801,0.12248575,0.002942646,0.34617385,0.091586955,0.19415042,0.0026531715,0.32009512,0.05156453,288.9878,0.0,9394.0,1578.7377,2.99373459815979,5.376851585227996,9.545009661931545,99.14918908895925,0.98929,0.0,11.457443,2.1117103,9.370181e-06,0.0,0.00031292439,2.9323883e-05,305.34622,301.49146,308.61118,1.7216874,0.1263906,0.003311241,0.3647131,0.09272192,0.1954532,0.0025922235,0.3189476,0.050939012,299.61337,0.0,9738.859,1636.7346,3.489404320716858,4.673246595542878,8.908992369193584,98.93527067126706,0.0021868283,0.0,0.12111664,0.00964374,0.0,0.0,0.0,0.0,304.8837,301.3551,308.65042,1.7664838,0.103980266,0.00073201087,0.25810453,0.06707939,0.21022826,0.0026140772,0.30686608,0.05271391,348.6798,0.0,11257.297,1904.6008,0.006398889701813459,0.8797911000438035,24.546507705468684,97.80940631451085,8440.164,1,0,0
2020-09-19,0.016555522,0.0,0.5378723,0.06878929,1.2848112e-07,0.0,5.9604645e-06,6.2443814e-07,305.11243,302.08844,308.06955,1.560409,0.097675346,0.0015285773,0.28032896,0.06897032,0.18916748,0.0026085617,0.30586043,0.049023993,259.59134,0.0,8440.164,1418.2985,0.2959383688867092,4.491183515638113,5.708355382550508,98.08936809049919,0.06879965,0.0,1.9364357,0.22264054,3.8080745e-07,0.0,1.4305115e-05,1.54863e-06,305.1537,302.11795,308.36536,1.6366603,0.10592916,0.0020040642,0.3011692,0.075597666,0.19084398,0.002641813,0.31175694,0.050337076,269.09842,0.0,8745.547,1470.1993,0.9852236732840538,5.652071379125118,6.531862479168922,98.6851337668486,0.2105832,0.0,2.74992,0.44343665,1.3821655e-06,0.0,2.527237e-05,3.2597e-06,305.29337,301.5609,308.6379,1.6903688,0.115049735,0.002516702,0.3258587,0.084214196,0.19259377,0.0026594708,0.31642595,0.05132291,278.9345,0.0,9061.398,1523.8706,1.9057140201330185,5.5854585552588105,9.338675562757999,98.8307360005565,0.7058408,0.0,7.586479,1.417333,6.814798e-06,0.0,0.00027537346,2.1196267e-05,305.14896,301.35596,308.09946,1.7018801,0.12248575,0.002942646,0.34617385,0.091586955,0.19415042,0.0026531715,0.32009512,0.05156453,288.9878,0.0,9394.0,1578.7377,2.99373459815979,5.376851585227996,9.545009661931545,99.14918908895925,1.1774434,0.0,10.362625,2.3543892,8.145305e-06,0.0,7.1525574e-05,1.6448163e-05,304.85443,301.44754,308.98776,1.946564,0.10186521,0.0008109128,0.2688023,0.065990545,0.20422055,0.0025508935,0.2997578,0.05141956,335.38232,0.0,10909.969,1832.1935,1.1816064384765923,1.2171718669123948,24.29864238621667,98.74510516645387,8143.4766,1,0,0
2020-09-20,0.029657947,0.0,0.6456375,0.0834003,2.0795399e-07,0.0,7.1525574e-06,7.796974e-07,305.53262,302.16382,309.2062,1.778569,0.09152946,0.0011926814,0.2632738,0.06466727,0.1875904,0.0025707234,0.29910243,0.047776133,250.6188,0.0,8143.4766,1369.2916,0.1150131206959486,3.3193309139460325,5.723569137509912,94.40184459323063,0.016555522,0.0,0.5378723,0.06878929,1.2848112e-07,0.0,5.9604645e-06,6.2443814e-07,305.11243,302.08844,308.06955,1.560409,0.097675346,0.0015285773,0.28032896,0.06897032,0.18916748,0.0026085617,0.30586043,0.049023993,259.59134,0.0,8440.164,1418.2985,0.2959383688867092,4.491183515638113,5.708355382550508,98.08936809049919,0.06879965,0.0,1.9364357,0.22264054,3.8080745e-07,0.0,1.4305115e-05,1.54863e-06,305.1537,302.11795,308.36536,1.6366603,0.10592916,0.0020040642,0.3011692,0.075597666,0.19084398,0.002641813,0.31175694,0.050337076,269.09842,0.0,8745.547,1470.1993,0.9852236732840538,5.652071379125118,6.531862479168922,98.6851337668486,0.2105832,0.0,2.74992,0.44343665,1.3821655e-06,0.0,2.527237e-05,3.2597e-06,305.29337,301.5609,308.6379,1.6903688,0.115049735,0.002516702,0.3258587,0.084214196,0.19259377,0.0026594708,0.31642595,0.05132291,278.9345,0.0,9061.398,1523.8706,1.9057140201330185,5.5854585552588105,9.338675562757999,98.8307360005565,1.2015105,0.0,15.094757,2.6023848,8.7844e-06,0.0,0.00016832352,2.064473e-05,305.5382,301.87997,309.63486,1.7804137,0.11953592,0.0012712247,0.31944558,0.07954704,0.20002127,0.002505651,0.30247244,0.05049824,322.67416,0.0,10506.984,1762.788,2.3811407620087266,2.4042382235638797,15.869339336175472,99.72165584983304,7860.9297,1,0,0
2020-09-21,0.0051882532,0.0,0.36907196,0.029527003,2.5166406e-08,0.0,2.3841858e-06,1.9466343e-07,306.15268,302.4746,309.4856,1.5780808,0.08781562,0.0008717252,0.24899489,0.06249218,0.18608804,0.0025265578,0.29246324,0.046768412,242.22276,0.0,7860.9297,1323.4259,0.05140172177925706,2.0259153940714896,5.726504335179925,92.07295191194862,0.029657947,0.0,0.6456375,0.0834003,2.0795399e-07,0.0,7.1525574e-06,7.796974e-07,305.53262,302.16382,309.2062,1.778569,0.09152946,0.0011926814,0.2632738,0.06466727,0.1875904,0.0025707234,0.29910243,0.047776133,250.6188,0.0,8143.4766,1369.2916,0.1150131206959486,3.3193309139460325,5.723569137509912,94.40184459323063,0.016555522,0.0,0.5378723,0.06878929,1.2848112e-07,0.0,5.9604645e-06,6.2443814e-07,305.11243,302.08844,308.06955,1.560409,0.097675346,0.0015285773,0.28032896,0.06897032,0.18916748,0.0026085617,0.30586043,0.049023993,259.59134,0.0,8440.164,1418.2985,0.2959383688867092,4.491183515638113,5.708355382550508,98.08936809049919,0.06879965,0.0,1.9364357,0.22264054,3.8080745e-07,0.0,1.4305115e-05,1.54863e-06,305.1537,302.11795,308.36536,1.6366603,0.10592916,0.0020040642,0.3011692,0.075597666,0.19084398,0.002641813,0.31175694,0.050337076,269.09842,0.0,8745.547,1470.1993,0.9852236732840538,5.652071379125118,6.531862479168922,98.6851337668486,1.2986038,0.0,18.510818,3.1986923,1.1893114e-05,0.0,0.00048816204,4.1221512e-05,305.7099,301.427,309.93604,2.1645586,0.12512042,0.0023985426,0.3507471,0.08528523,0.19697206,0.0024924236,0.3179863,0.050511405,310.87405,0.0,10105.4375,1698.2471,3.6775577068328857,3.7005889411084354,8.053231347817928,99.75545180262998,7597.0547,1,0,0
2020-09-22,0.0,0.0,0.0,0.0,0.0,0.0,0.0,0.0,306.3568,302.39435,309.24176,1.5433887,0.08533303,0.00066109793,0.23597199,0.062136304,0.18548177,0.0024883586,0.28672275,0.045925222,234.26328,0.0,7597.0547,1279.9489,0.03484620014205575,1.0366253950633109,5.709871990606189,89.57095396425575,0.0051882532,0.0,0.36907196,0.029527003,2.5166406e-08,0.0,2.3841858e-06,1.9466343e-07,306.15268,302.4746,309.4856,1.5780808,0.08781562,0.0008717252,0.24899489,0.06249218,0.18608804,0.0025265578,0.29246324,0.046768412,242.22276,0.0,7860.9297,1323.4259,0.05140172177925706,2.0259153940714896,5.726504335179925,92.07295191194862,0.029657947,0.0,0.6456375,0.0834003,2.0795399e-07,0.0,7.1525574e-06,7.796974e-07,305.53262,302.16382,309.2062,1.778569,0.09152946,0.0011926814,0.2632738,0.06466727,0.1875904,0.0025707234,0.29910243,0.047776133,250.6188,0.0,8143.4766,1369.2916,0.1150131206959486,3.3193309139460325,5.723569137509912,94.40184459323063,0.016555522,0.0,0.5378723,0.06878929,1.2848112e-07,0.0,5.9604645e-06,6.2443814e-07,305.11243,302.08844,308.06955,1.560409,0.097675346,0.0015285773,0.28032896,0.06897032,0.18916748,0.0026085617,0.30586043,0.049023993,259.59134,0.0,8440.164,1418.2985,0.2959383688867092,4.491183515638113,5.708355382550508,98.08936809049919,0.98929,0.0,11.457443,2.1117103,9.370181e-06,0.0,0.00031292439,2.9323883e-05,305.34622,301.49146,308.61118,1.7216874,0.1263906,0.003311241,0.3647131,0.09272192,0.1954532,0.0025922235,0.3189476,0.050939012,299.61337,0.0,9738.859,1636.7346,3.489404320716858,4.673246595542878,8.908992369193584,98.93527067126706,7347.1484,1,0,0
2020-09-23,9.006924e-05,0.0,0.005722046,0.00059214246,0.0,0.0,0.0,0.0,305.98615,301.56897,309.08377,1.5620099,0.08269839,0.00050284184,0.22659044,0.06136983,0.1842059,0.0024377857,0.28065252,0.045342535,226.66954,0.0,7347.1484,1238.4646,0.005278322481899522,0.330874638268142,5.707726223496138,83.02338368269557,0.0,0.0,0.0,0.0,0.0,0.0,0.0,0.0,306.3568,302.39435,309.24176,1.5433887,0.08533303,0.00066109793,0.23597199,0.062136304,0.18548177,0.0024883586,0.28672275,0.045925222,234.26328,0.0,7597.0547,1279.9489,0.03484620014205575,1.0366253950633109,5.709871990606189,89.57095396425575,0.0051882532,0.0,0.36907196,0.029527003,2.5166406e-08,0.0,2.3841858e-06,1.9466343e-07,306.15268,302.4746,309.4856,1.5780808,0.08781562,0.0008717252,0.24899489,0.06249218,0.18608804,0.0025265578,0.29246324,0.046768412,242.22276,0.0,7860.9297,1323.4259,0.05140172177925706,2.0259153940714896,5.726504335179925,92.07295191194862,0.029657947,0.0,0.6456375,0.0834003,2.0795399e-07,0.0,7.1525574e-06,7.796974e-07,305.53262,302.16382,309.2062,1.778569,0.09152946,0.0011926814,0.2632738,0.06466727,0.1875904,0.0025707234,0.29910243,0.047776133,250.6188,0.0,8143.4766,1369.2916,0.1150131206959486,3.3193309139460325,5.723569137509912,94.40184459323063,0.7058408,0.0,7.586479,1.417333,6.814798e-06,0.0,0.00027537346,2.1196267e-05,305.14896,301.35596,308.09946,1.7018801,0.12248575,0.002942646,0.34617385,0.091586955,0.19415042,0.0026531715,0.32009512,0.05156453,288.9878,0.0,9394.0,1578.7377,2.99373459815979,5.376851585227996,9.545009661931545,99.14918908895925,7106.867,1,0,0
2020-09-24,0.001809332,0.0,0.055789948,0.005524752,0.0,0.0,0.0,0.0,305.2951,301.2861,308.57645,1.4083953,0.08081975,0.00043751206,0.21409042,0.060467146,0.18286549,0.0024008893,0.27406013,0.044473793,219.51886,0.0,7106.867,1199.3853,0.0018994012934854254,0.1221007752319565,5.707559330490767,57.824984350809245,9.006924e-05,0.0,0.005722046,0.00059214246,0.0,0.0,0.0,0.0,305.98615,301.56897,309.08377,1.5620099,0.08269839,0.00050284184,0.22659044,0.06136983,0.1842059,0.0024377857,0.28065252,0.045342535,226.66954,0.0,7347.1484,1238.4646,0.005278322481899522,0.330874638268142,5.707726223496138,83.02338368269557,0.0,0.0,0.0,0.0,0.0,0.0,0.0,0.0,306.3568,302.39435,309.24176,1.5433887,0.08533303,0.00066109793,0.23597199,0.062136304,0.18548177,0.0024883586,0.28672275,0.045925222,234.26328,0.0,7597.0547,1279.9489,0.03484620014205575,1.0366253950633109,5.709871990606189,89.57095396425575,0.0051882532,0.0,0.36907196,0.029527003,2.5166406e-08,0.0,2.3841858e-06,1.9466343e-07,306.15268,302.4746,309.4856,1.5780808,0.08781562,0.0008717252,0.24899489,0.06249218,0.18608804,0.0025265578,0.29246324,0.046768412,242.22276,0.0,7860.9297,1323.4259,0.05140172177925706,2.0259153940714896,5.726504335179925,92.07295191194862,0.2105832,0.0,2.74992,0.44343665,1.3821655e-06,0.0,2.527237e-05,3.2597e-06,305.29337,301.5609,308.6379,1.6903688,0.115049735,0.002516702,0.3258587,0.084214196,0.19259377,0.0026594708,0.31642595,0.05132291,278.9345,0.0,9061.398,1523.8706,1.9057140201330185,5.5854585552588105,9.338675562757999,98.8307360005565,6878.672,1,0,0
2020-09-25,0.002125899,0.0,0.062942505,0.007133431,0.0,0.0,0.0,0.0,304.25333,301.016,306.55554,1.0318086,0.07945859,0.00041475627,0.20423593,0.059082225,0.18099445,0.0023616261,0.26794276,0.043632608,212.75717,0.0,6878.672,1162.4332,0.004025300368084572,0.05542702214734163,5.70749840127246,44.43416686762066,0.001809332,0.0,0.055789948,0.005524752,0.0,0.0,0.0,0.0,305.2951,301.2861,308.57645,1.4083953,0.08081975,0.00043751206,0.21409042,0.060467146,0.18286549,0.0024008893,0.27406013,0.044473793,219.51886,0.0,7106.867,1199.3853,0.0018994012934854254,0.1221007752319565,5.707559330490767,57.824984350809245,9.006924e-05,0.0,0.005722046,0.00059214246,0.0,0.0,0.0,0.0,305.98615,301.56897,309.08377,1.5620099,0.08269839,0.00050284184,0.22659044,0.06136983,0.1842059,0.0024377857,0.28065252,0.045342535,226.66954,0.0,7347.1484,1238.4646,0.005278322481899522,0.330874638268142,5.707726223496138,83.02338368269557,0.0,0.0,0.0,0.0,0.0,0.0,0.0,0.0,306.3568,302.39435,309.24176,1.5433887,0.08533303,0.00066109793,0.23597199,0.062136304,0.18548177,0.0024883586,0.28672275,0.045925222,234.26328,0.0,7597.0547,1279.9489,0.03484620014205575,1.0366253950633109,5.709871990606189,89.57095396425575,0.06879965,0.0,1.9364357,0.22264054,3.8080745e-07,0.0,1.4305115e-05,1.54863e-06,305.1537,302.11795,308.36536,1.6366603,0.10592916,0.0020040642,0.3011692,0.075597666,0.19084398,0.002641813,0.31175694,0.050337076,269.09842,0.0,8745.547,1470.1993,0.9852236732840538,5.652071379125118,6.531862479168922,98.6851337668486,6664.5703,1,0,0
2020-09-26,0.0037140315,0.0,0.082969666,0.010904358,0.0,0.0,0.0,0.0,303.8588,301.26108,305.75693,0.8547414,0.078463726,0.00037302962,0.19407003,0.05833529,0.17946142,0.002326899,0.26196727,0.042863056,206.13066,0.0,6664.5703,1126.2439,0.007649262668564916,0.04258553204999771,4.533769047688111,33.36084404155554,0.002125899,0.0,0.062942505,0.007133431,0.0,0.0,0.0,0.0,304.25333,301.016,306.55554,1.0318086,0.07945859,0.00041475627,0.20423593,0.059082225,0.18099445,0.0023616261,0.26794276,0.043632608,212.75717,0.0,6878.672,1162.4332,0.004025300368084572,0.05542702214734163,5.70749840127246,44.43416686762066,0.001809332,0.0,0.055789948,0.005524752,0.0,0.0,0.0,0.0,305.2951,301.2861,308.57645,1.4083953,0.08081975,0.00043751206,0.21409042,0.060467146,0.18286549,0.0024008893,0.27406013,0.044473793,219.51886,0.0,7106.867,1199.3853,0.0018994012934854254,0.1221007752319565,5.707559330490767,57.824984350809245,9.006924e-05,0.0,0.005722046,0.00059214246,0.0,0.0,0.0,0.0,305.98615,301.56897,309.08377,1.5620099,0.08269839,0.00050284184,0.22659044,0.06136983,0.1842059,0.0024377857,0.28065252,0.045342535,226.66954,0.0,7347.1484,1238.4646,0.005278322481899522,0.330874638268142,5.707726223496138,83.02338368269557,0.016555522,0.0,0.5378723,0.06878929,1.2848112e-07,0.0,5.9604645e-06,6.2443814e-07,305.11243,302.08844,308.06955,1.560409,0.097675346,0.0015285773,0.28032896,0.06897032,0.18916748,0.0026085617,0.30586043,0.049023993,259.59134,0.0,8440.164,1418.2985,0.2959383688867092,4.491183515638113,5.708355382550508,98.08936809049919,6460.008,1,0,0
2020-09-27,0.0038610564,0.0,0.1001358,0.010491489,3.3113692e-09,0.0,2.3841858e-07,2.7902091e-08,303.8488,300.23846,305.84506,0.91151994,0.07693326,0.0003422466,0.18593873,0.057720512,0.17794017,0.002296793,0.25631753,0.042128056,199.62898,0.0,6460.008,1090.7408,0.0097009870223701,0.016788641558378004,3.3361195555044105,30.261581194688915,0.0037140315,0.0,0.082969666,0.010904358,0.0,0.0,0.0,0.0,303.8588,301.26108,305.75693,0.8547414,0.078463726,0.00037302962,0.19407003,0.05833529,0.17946142,0.002326899,0.26196727,0.042863056,206.13066,0.0,6664.5703,1126.2439,0.007649262668564916,0.04258553204999771,4.533769047688111,33.36084404155554,0.002125899,0.0,0.062942505,0.007133431,0.0,0.0,0.0,0.0,304.25333,301.016,306.55554,1.0318086,0.07945859,0.00041475627,0.20423593,0.059082225,0.18099445,0.0023616261,0.26794276,0.043632608,212.75717,0.0,6878.672,1162.4332,0.004025300368084572,0.05542702214734163,5.70749840127246,44.43416686762066,0.001809332,0.0,0.055789948,0.005524752,0.0,0.0,0.0,0.0,305.2951,301.2861,308.57645,1.4083953,0.08081975,0.00043751206,0.21409042,0.060467146,0.18286549,0.0024008893,0.27406013,0.044473793,219.51886,0.0,7106.867,1199.3853,0.0018994012934854254,0.1221007752319565,5.707559330490767,57.824984350809245,0.029657947,0.0,0.6456375,0.0834003,2.0795399e-07,0.0,7.1525574e-06,7.796974e-07,305.53262,302.16382,309.2062,1.778569,0.09152946,0.0011926814,0.2632738,0.06466727,0.1875904,0.0025707234,0.29910243,0.047776133,250.6188,0.0,8143.4766,1369.2916,0.1150131206959486,3.3193309139460325,5.723569137509912,94.40184459323063,6260.6875,0,0,0
2020-09-28,0.0024967724,0.0,0.09059906,0.01039294,1.3245477e-08,0.0,3.33786e-06,1.8074131e-07,303.61926,300.10843,306.02176,1.1751837,0.07700375,0.0003537486,0.18210755,0.057381265,0.17675468,0.002270135,0.25220144,0.041660648,193.38068,0.0,6260.6875,1056.6115,0.010071860393509269,0.014097160761593841,2.0400125548330834,28.838769262758433,0.0038610564,0.0,0.1001358,0.010491489,3.3113692e-09,0.0,2.3841858e-07,2.7902091e-08,303.8488,300.23846,305.84506,0.91151994,0.07693326,0.0003422466,0.18593873,0.057720512,0.17794017,0.002296793,0.25631753,0.042128056,199.62898,0.0,6460.008,1090.7408,0.0097009870223701,0.016788641558378004,3.3361195555044105,30.261581194688915,0.0037140315,0.0,0.082969666,0.010904358,0.0,0.0,0.0,0.0,303.8588,301.26108,305.75693,0.8547414,0.078463726,0.00037302962,0.19407003,0.05833529,0.17946142,0.002326899,0.26196727,0.042863056,206.13066,0.0,6664.5703,1126.2439,0.007649262668564916,0.04258553204999771,4.533769047688111,33.36084404155554,0.002125899,0.0,0.062942505,0.007133431,0.0,0.0,0.0,0.0,304.25333,301.016,306.55554,1.0318086,0.07945859,0.00041475627,0.20423593,0.059082225,0.18099445,0.0023616261,0.26794276,0.043632608,212.75717,0.0,6878.672,1162.4332,0.004025300368084572,0.05542702214734163,5.70749840127246,44.43416686762066,0.0051882532,0.0,0.36907196,0.029527003,2.5166406e-08,0.0,2.3841858e-06,1.9466343e-07,306.15268,302.4746,309.4856,1.5780808,0.08781562,0.0008717252,0.24899489,0.06249218,0.18608804,0.0025265578,0.29246324,0.046768412,242.22276,0.0,7860.9297,1323.4259,0.05140172177925706,2.0259153940714896,5.726504335179925,92.07295191194862,6068.8594,0,0,0
2020-09-29,0.010474523,0.0,0.7715225,0.07224495,6.629361e-07,0.0,7.1287155e-05,5.890726e-06,303.504,300.54178,305.92517,1.1149144,0.076976255,0.0003569553,0.18341346,0.05712591,0.17571726,0.002248496,0.24896151,0.041232705,187.34251,0.0,6068.8594,1023.6346,0.01683235145173967,0.02457168335968163,1.0611970784229925,19.218430186723708,0.0024967724,0.0,0.09059906,0.01039294,1.3245477e-08,0.0,3.33786e-06,1.8074131e-07,303.61926,300.10843,306.02176,1.1751837,0.07700375,0.0003537486,0.18210755,0.057381265,0.17675468,0.002270135,0.25220144,0.041660648,193.38068,0.0,6260.6875,1056.6115,0.010071860393509269,0.014097160761593841,2.0400125548330834,28.838769262758433,0.0038610564,0.0,0.1001358,0.010491489,3.3113692e-09,0.0,2.3841858e-07,2.7902091e-08,303.8488,300.23846,305.84506,0.91151994,0.07693326,0.0003422466,0.18593873,0.057720512,0.17794017,0.002296793,0.25631753,0.042128056,199.62898,0.0,6460.008,1090.7408,0.0097009870223701,0.016788641558378004,3.3361195555044105,30.261581194688915,0.0037140315,0.0,0.082969666,0.010904358,0.0,0.0,0.0,0.0,303.8588,301.26108,305.75693,0.8547414,0.078463726,0.00037302962,0.19407003,0.05833529,0.17946142,0.002326899,0.26196727,0.042863056,206.13066,0.0,6664.5703,1126.2439,0.007649262668564916,0.04258553204999771,4.533769047688111,33.36084404155554,0.0,0.0,0.0,0.0,0.0,0.0,0.0,0.0,306.3568,302.39435,309.24176,1.5433887,0.08533303,0.00066109793,0.23597199,0.062136304,0.18548177,0.0024883586,0.28672275,0.045925222,234.26328,0.0,7597.0547,1279.9489,0.03484620014205575,1.0366253950633109,5.709871990606189,89.57095396425575,5882.6875,0,0,0
2020-09-30,0.062415335,0.0,2.0318031,0.22120358,1.7573436e-06,0.0,0.000115156174,9.837321e-06,303.65103,299.81436,305.96237,1.0650115,0.07725655,0.00035507247,0.1840601,0.056713946,0.17477296,0.0022216768,0.24618429,0.040967394,181.44795,0.0,5882.6875,991.4418,0.07538663037121296,0.08689694944769144,0.41777158771583345,10.166133760576486,0.010474523,0.0,0.7715225,0.07224495,6.629361e-07,0.0,7.1287155e-05,5.890726e-06,303.504,300.54178,305.92517,1.1149144,0.076976255,0.0003569553,0.18341346,0.05712591,0.17571726,0.002248496,0.24896151,0.041232705,187.34251,0.0,6068.8594,1023.6346,0.01683235145173967,0.02457168335968163,1.0611970784229925,19.218430186723708,0.0024967724,0.0,0.09059906,0.01039294,1.3245477e-08,0.0,3.33786e-06,1.8074131e-07,303.61926,300.10843,306.02176,1.1751837,0.07700375,0.0003537486,0.18210755,0.057381265,0.17675468,0.002270135,0.25220144,0.041660648,193.38068,0.0,6260.6875,1056.6115,0.010071860393509269,0.014097160761593841,2.0400125548330834,28.838769262758433,0.0038610564,0.0,0.1001358,0.010491489,3.3113692e-09,0.0,2.3841858e-07,2.7902091e-08,303.8488,300.23846,305.84506,0.91151994,0.07693326,0.0003422466,0.18593873,0.057720512,0.17794017,0.002296793,0.25631753,0.042128056,199.62898,0.0,6460.008,1090.7408,0.0097009870223701,0.016788641558378004,3.3361195555044105,30.261581194688915,9.006924e-05,0.0,0.005722046,0.00059214246,0.0,0.0,0.0,0.0,305.98615,301.56897,309.08377,1.5620099,0.08269839,0.00050284184,0.22659044,0.06136983,0.1842059,0.0024377857,0.28065252,0.045342535,226.66954,0.0,7347.1484,1238.4646,0.005278322481899522,0.330874638268142,5.707726223496138,83.02338368269557,5701.867,0,0,0
2020-10-01,0.002747112,0.0,0.17356873,0.01680041,1.3245477e-08,0.0,1.4305115e-06,1.11608365e-07,304.01718,300.2502,306.20193,1.1703974,0.07871671,0.00036767437,0.18738131,0.057822537,0.17471586,0.0022152045,0.24389215,0.040914435,175.69196,0.0,5701.867,960.00305,0.0756369698792696,0.08783472934737802,0.20993550457933452,10.035351894897758,0.062415335,0.0,2.0318031,0.22120358,1.7573436e-06,0.0,0.000115156174,9.837321e-06,303.65103,299.81436,305.96237,1.0650115,0.07725655,0.00035507247,0.1840601,0.056713946,0.17477296,0.0022216768,0.24618429,0.040967394,181.44795,0.0,5882.6875,991.4418,0.07538663037121296,0.08689694944769144,0.41777158771583345,10.166133760576486,0.010474523,0.0,0.7715225,0.07224495,6.629361e-07,0.0,7.1287155e-05,5.890726e-06,303.504,300.54178,305.92517,1.1149144,0.076976255,0.0003569553,0.18341346,0.05712591,0.17571726,0.002248496,0.24896151,0.041232705,187.34251,0.0,6068.8594,1023.6346,0.01683235145173967,0.02457168335968163,1.0611970784229925,19.218430186723708,0.0024967724,0.0,0.09059906,0.01039294,1.3245477e-08,0.0,3.33786e-06,1.8074131e-07,303.61926,300.10843,306.02176,1.1751837,0.07700375,0.0003537486,0.18210755,0.057381265,0.17675468,0.002270135,0.25220144,0.041660648,193.38068,0.0,6260.6875,1056.6115,0.010071860393509269,0.014097160761593841,2.0400125548330834,28.838769262758433,0.001809332,0.0,0.055789948,0.005524752,0.0,0.0,0.0,0.0,305.2951,301.2861,308.57645,1.4083953,0.08081975,0.00043751206,0.21409042,0.060467146,0.18286549,0.0024008893,0.27406013,0.044473793,219.51886,0.0,7106.867,1199.3853,0.0018994012934854254,0.1221007752319565,5.707559330490767,57.824984350809245,5523.914,0,0,0
2020-10-02,0.00042915344,0.0,0.010967255,0.0014710852,0.0,0.0,0.0,0.0,303.90247,300.5327,306.2706,1.1941681,0.07888263,0.00038029705,0.189389,0.05890055,0.17475308,0.002198213,0.24213757,0.04086666,170.17735,0.0,5523.914,929.8677,0.06559160072356462,0.08613798371516168,0.1415650058625033,9.965957515043556,0.002747112,0.0,0.17356873,0.01680041,1.3245477e-08,0.0,1.4305115e-06,1.11608365e-07,304.01718,300.2502,306.20193,1.1703974,0.07871671,0.00036767437,0.18738131,0.057822537,0.17471586,0.0022152045,0.24389215,0.040914435,175.69196,0.0,5701.867,960.00305,0.0756369698792696,0.08783472934737802,0.20993550457933452,10.035351894897758,0.062415335,0.0,2.0318031,0.22120358,1.7573436e-06,0.0,0.000115156174,9.837321e-06,303.65103,299.81436,305.96237,1.0650115,0.07725655,0.00035507247,0.1840601,0.056713946,0.17477296,0.0022216768,0.24618429,0.040967394,181.44795,0.0,5882.6875,991.4418,0.07538663037121296,0.08689694944769144,0.41777158771583345,10.166133760576486,0.010474523,0.0,0.7715225,0.07224495,6.629361e-07,0.0,7.1287155e-05,5.890726e-06,303.504,300.54178,305.92517,1.1149144,0.076976255,0.0003569553,0.18341346,0.05712591,0.17571726,0.002248496,0.24896151,0.041232705,187.34251,0.0,6068.8594,1023.6346,0.01683235145173967,0.02457168335968163,1.0611970784229925,19.218430186723708,0.002125899,0.0,0.062942505,0.007133431,0.0,0.0,0.0,0.0,304.25333,301.016,306.55554,1.0318086,0.07945859,0.00041475627,0.20423593,0.059082225,0.18099445,0.0023616261,0.26794276,0.043632608,212.75717,0.0,6878.672,1162.4332,0.004025300368084572,0.05542702214734163,5.70749840127246,44.43416686762066,5349.078,0,0,0
2020-10-03,0.0021325217,0.0,0.059604645,0.0062022307,3.973643e-09,0.0,4.7683716e-07,3.9537248e-08,303.73383,299.99948,306.1344,1.0664663,0.07798934,0.00036713047,0.19076061,0.05909325,0.17422721,0.0021794608,0.24010338,0.040711775,165.06506,0.0,5349.078,901.90533,0.005308787105605006,0.08455647388473153,0.12714200593472924,9.551172742489143,0.00042915344,0.0,0.010967255,0.0014710852,0.0,0.0,0.0,0.0,303.90247,300.5327,306.2706,1.1941681,0.07888263,0.00038029705,0.189389,0.05890055,0.17475308,0.002198213,0.24213757,0.04086666,170.17735,0.0,5523.914,929.8677,0.06559160072356462,0.08613798371516168,0.1415650058625033,9.965957515043556,0.002747112,0.0,0.17356873,0.01680041,1.3245477e-08,0.0,1.4305115e-06,1.11608365e-07,304.01718,300.2502,306.20193,1.1703974,0.07871671,0.00036767437,0.18738131,0.057822537,0.17471586,0.0022152045,0.24389215,0.040914435,175.69196,0.0,5701.867,960.00305,0.0756369698792696,0.08783472934737802,0.20993550457933452,10.035351894897758,0.062415335,0.0,2.0318031,0.22120358,1.7573436e-06,0.0,0.000115156174,9.837321e-06,303.65103,299.81436,305.96237,1.0650115,0.07725655,0.00035507247,0.1840601,0.056713946,0.17477296,0.0022216768,0.24618429,0.040967394,181.44795,0.0,5882.6875,991.4418,0.07538663037121296,0.08689694944769144,0.41777158771583345,10.166133760576486,0.0037140315,0.0,0.082969666,0.010904358,0.0,0.0,0.0,0.0,303.8588,301.26108,305.75693,0.8547414,0.078463726,0.00037302962,0.19407003,0.05833529,0.17946142,0.002326899,0.26196727,0.042863056,206.13066,0.0,6664.5703,1126.2439,0.007649262668564916,0.04258553204999771,4.533769047688111,33.36084404155554,5182.7812,0,0,0
2020-10-04,0.002386835,0.0,0.052928925,0.0071476107,0.0,0.0,0.0,0.0,303.5638,299.912,306.13675,1.074935,0.07739817,0.000333818,0.18932854,0.05928334,0.17383176,0.0021603906,0.23864935,0.040580258,160.4004,0.0,5182.7812,876.3808,0.004948510089889169,0.08308225241489708,0.09987089397327509,6.677946841678931,0.0021325217,0.0,0.059604645,0.0062022307,3.973643e-09,0.0,4.7683716e-07,3.9537248e-08,303.73383,299.99948,306.1344,1.0664663,0.07798934,0.00036713047,0.19076061,0.05909325,0.17422721,0.0021794608,0.24010338,0.040711775,165.06506,0.0,5349.078,901.90533,0.005308787105605006,0.08455647388473153,0.12714200593472924,9.551172742489143,0.00042915344,0.0,0.010967255,0.0014710852,0.0,0.0,0.0,0.0,303.90247,300.5327,306.2706,1.1941681,0.07888263,0.00038029705,0.189389,0.05890055,0.17475308,0.002198213,0.24213757,0.04086666,170.17735,0.0,5523.914,929.8677,0.06559160072356462,0.08613798371516168,0.1415650058625033,9.965957515043556,0.002747112,0.0,0.17356873,0.01680041,1.3245477e-08,0.0,1.4305115e-06,1.11608365e-07,304.01718,300.2502,306.20193,1.1703974,0.07871671,0.00036767437,0.18738131,0.057822537,0.17471586,0.0022152045,0.24389215,0.040914435,175.69196,0.0,5701.867,960.00305,0.0756369698792696,0.08783472934737802,0.20993550457933452,10.035351894897758,0.0038610564,0.0,0.1001358,0.010491489,3.3113692e-09,0.0,2.3841858e-07,2.7902091e-08,303.8488,300.23846,305.84506,0.91151994,0.07693326,0.0003422466,0.18593873,0.057720512,0.17794017,0.002296793,0.25631753,0.042128056,199.62898,0.0,6460.008,1090.7408,0.0097009870223701,0.016788641558378004,3.3361195555044105,30.261581194688915,5028.75,0,0,0
2020-10-05,0.0002688832,0.0,0.010967255,0.0011235031,0.0,0.0,0.0,0.0,303.51825,300.2848,306.01248,1.124173,0.076633185,0.00035023814,0.19173169,0.059024293,0.1732102,0.002151041,0.23700224,0.040497284,156.08328,0.0,5028.75,852.7632,0.0047882398357614875,0.0808543631574139,0.09495152391900774,5.838153106611571,0.002386835,0.0,0.052928925,0.0071476107,0.0,0.0,0.0,0.0,303.5638,299.912,306.13675,1.074935,0.07739817,0.000333818,0.18932854,0.05928334,0.17383176,0.0021603906,0.23864935,0.040580258,160.4004,0.0,5182.7812,876.3808,0.004948510089889169,0.08308225241489708,0.09987089397327509,6.677946841678931,0.0021325217,0.0,0.059604645,0.0062022307,3.973643e-09,0.0,4.7683716e-07,3.9537248e-08,303.73383,299.99948,306.1344,1.0664663,0.07798934,0.00036713047,0.19076061,0.05909325,0.17422721,0.0021794608,0.24010338,0.040711775,165.06506,0.0,5349.078,901.90533,0.005308787105605006,0.08455647388473153,0.12714200593472924,9.551172742489143,0.00042915344,0.0,0.010967255,0.0014710852,0.0,0.0,0.0,0.0,303.90247,300.5327,306.2706,1.1941681,0.07888263,0.00038029705,0.189389,0.05890055,0.17475308,0.002198213,0.24213757,0.04086666,170.17735,0.0,5523.914,929.8677,0.06559160072356462,0.08613798371516168,0.1415650058625033,9.965957515043556,0.0024967724,0.0,0.09059906,0.01039294,1.3245477e-08,0.0,3.33786e-06,1.8074131e-07,303.61926,300.10843,306.02176,1.1751837,0.07700375,0.0003537486,0.18210755,0.057381265,0.17675468,0.002270135,0.25220144,0.041660648,193.38068,0.0,6260.6875,1056.6115,0.010071860393509269,0.014097160761593841,2.0400125548330834,28.838769262758433,4886.0,0,0,0
2020-10-06,0.00024504133,0.0,0.0104904175,0.00096090895,0.0,0.0,0.0,0.0,303.30222,300.14243,305.55298,1.1848313,0.07660783,0.00032783113,0.19469874,0.05921409,0.17258653,0.0021294593,0.23515026,0.04042465,151.9943,0.0,4886.0,830.4008,0.002900759456679225,0.07062488188967109,0.09519656524935272,5.8239539560017874,0.0002688832,0.0,0.010967255,0.0011235031,0.0,0.0,0.0,0.0,303.51825,300.2848,306.01248,1.124173,0.076633185,0.00035023814,0.19173169,0.059024293,0.1732102,0.002151041,0.23700224,0.040497284,156.08328,0.0,5028.75,852.7632,0.0047882398357614875,0.0808543631574139,0.09495152391900774,5.838153106611571,0.002386835,0.0,0.052928925,0.0071476107,0.0,0.0,0.0,0.0,303.5638,299.912,306.13675,1.074935,0.07739817,0.000333818,0.18932854,0.05928334,0.17383176,0.0021603906,0.23864935,0.040580258,160.4004,0.0,5182.7812,876.3808,0.004948510089889169,0.08308225241489708,0.09987089397327509,6.677946841678931,0.0021325217,0.0,0.059604645,0.0062022307,3.973643e-09,0.0,4.7683716e-07,3.9537248e-08,303.73383,299.99948,306.1344,1.0664663,0.07798934,0.00036713047,0.19076061,0.05909325,0.17422721,0.0021794608,0.24010338,0.040711775,165.06506,0.0,5349.078,901.90533,0.005308787105605006,0.08455647388473153,0.12714200593472924,9.551172742489143,0.010474523,0.0,0.7715225,0.07224495,6.629361e-07,0.0,7.1287155e-05,5.890726e-06,303.504,300.54178,305.92517,1.1149144,0.076976255,0.0003569553,0.18341346,0.05712591,0.17571726,0.002248496,0.24896151,0.041232705,187.34251,0.0,6068.8594,1023.6346,0.01683235145173967,0.02457168335968163,1.0611970784229925,19.218430186723708,4751.4297,0,0,0
2020-10-07,2.78155e-05,0.0,0.0014305115,0.00016243405,0.0,0.0,0.0,0.0,302.79767,300.041,305.11975,1.1183001,0.076438226,0.00031566698,0.19313656,0.058991805,0.17186597,0.0021137206,0.23485987,0.04021174,148.05254,0.0,4751.4297,808.85364,0.0005417400188889587,0.008237362062573084,0.09513431151026452,5.8217287159295665,0.00024504133,0.0,0.0104904175,0.00096090895,0.0,0.0,0.0,0.0,303.30222,300.14243,305.55298,1.1848313,0.07660783,0.00032783113,0.19469874,0.05921409,0.17258653,0.0021294593,0.23515026,0.04042465,151.9943,0.0,4886.0,830.4008,0.002900759456679225,0.07062488188967109,0.09519656524935272,5.8239539560017874,0.0002688832,0.0,0.010967255,0.0011235031,0.0,0.0,0.0,0.0,303.51825,300.2848,306.01248,1.124173,0.076633185,0.00035023814,0.19173169,0.059024293,0.1732102,0.002151041,0.23700224,0.040497284,156.08328,0.0,5028.75,852.7632,0.0047882398357614875,0.0808543631574139,0.09495152391900774,5.838153106611571,0.002386835,0.0,0.052928925,0.0071476107,0.0,0.0,0.0,0.0,303.5638,299.912,306.13675,1.074935,0.07739817,0.000333818,0.18932854,0.05928334,0.17383176,0.0021603906,0.23864935,0.040580258,160.4004,0.0,5182.7812,876.3808,0.004948510089889169,0.08308225241489708,0.09987089397327509,6.677946841678931,0.062415335,0.0,2.0318031,0.22120358,1.7573436e-06,0.0,0.000115156174,9.837321e-06,303.65103,299.81436,305.96237,1.0650115,0.07725655,0.00035507247,0.1840601,0.056713946,0.17477296,0.0022216768,0.24618429,0.040967394,181.44795,0.0,5882.6875,991.4418,0.07538663037121296,0.08689694944769144,0.41777158771583345,10.166133760576486,4624.711,0,0,0
2020-10-08,5.5631e-05,0.0,0.0052452087,0.0003853409,0.0,0.0,0.0,0.0,302.92856,299.80258,304.9283,1.0124846,0.07592671,0.0003178421,0.19135724,0.058500405,0.17116264,0.0020997871,0.23427689,0.040045395,144.20741,0.0,4624.711,787.8479,0.00032848783121153247,0.0055458811093558325,0.09338061045673385,5.805152002356408,2.78155e-05,0.0,0.0014305115,0.00016243405,0.0,0.0,0.0,0.0,302.79767,300.041,305.11975,1.1183001,0.076438226,0.00031566698,0.19313656,0.058991805,0.17186597,0.0021137206,0.23485987,0.04021174,148.05254,0.0,4751.4297,808.85364,0.0005417400188889587,0.008237362062573084,0.09513431151026452,5.8217287159295665,0.00024504133,0.0,0.0104904175,0.00096090895,0.0,0.0,0.0,0.0,303.30222,300.14243,305.55298,1.1848313,0.07660783,0.00032783113,0.19469874,0.05921409,0.17258653,0.0021294593,0.23515026,0.04042465,151.9943,0.0,4886.0,830.4008,0.002900759456679225,0.07062488188967109,0.09519656524935272,5.8239539560017874,0.0002688832,0.0,0.010967255,0.0011235031,0.0,0.0,0.0,0.0,303.51825,300.2848,306.01248,1.124173,0.076633185,0.00035023814,0.19173169,0.059024293,0.1732102,0.002151041,0.23700224,0.040497284,156.08328,0.0,5028.75,852.7632,0.0047882398357614875,0.0808543631574139,0.09495152391900774,5.838153106611571,0.002747112,0.0,0.17356873,0.01680041,1.3245477e-08,0.0,1.4305115e-06,1.11608365e-07,304.01718,300.2502,306.20193,1.1703974,0.07871671,0.00036767437,0.18738131,0.057822537,0.17471586,0.0022152045,0.24389215,0.040914435,175.69196,0.0,5701.867,960.00305,0.0756369698792696,0.08783472934737802,0.20993550457933452,10.035351894897758,4505.9844,0,0,0
2020-10-09,0.0001417266,0.0,0.0071525574,0.0007149012,0.0,0.0,0.0,0.0,303.375,299.31107,305.43436,1.1737849,0.075926274,0.00036766552,0.18942787,0.058491163,0.170909,0.0020891891,0.23340668,0.040057834,140.47511,0.0,4505.9844,767.4625,0.00022517310389957856,0.005258454270006041,0.09139643798516772,5.803057892610013,5.5631e-05,0.0,0.0052452087,0.0003853409,0.0,0.0,0.0,0.0,302.92856,299.80258,304.9283,1.0124846,0.07592671,0.0003178421,0.19135724,0.058500405,0.17116264,0.0020997871,0.23427689,0.040045395,144.20741,0.0,4624.711,787.8479,0.00032848783121153247,0.0055458811093558325,0.09338061045673385,5.805152002356408,2.78155e-05,0.0,0.0014305115,0.00016243405,0.0,0.0,0.0,0.0,302.79767,300.041,305.11975,1.1183001,0.076438226,0.00031566698,0.19313656,0.058991805,0.17186597,0.0021137206,0.23485987,0.04021174,148.05254,0.0,4751.4297,808.85364,0.0005417400188889587,0.008237362062573084,0.09513431151026452,5.8217287159295665,0.00024504133,0.0,0.0104904175,0.00096090895,0.0,0.0,0.0,0.0,303.30222,300.14243,305.55298,1.1848313,0.07660783,0.00032783113,0.19469874,0.05921409,0.17258653,0.0021294593,0.23515026,0.04042465,151.9943,0.0,4886.0,830.4008,0.002900759456679225,0.07062488188967109,0.09519656524935272,5.8239539560017874,0.00042915344,0.0,0.010967255,0.0014710852,0.0,0.0,0.0,0.0,303.90247,300.5327,306.2706,1.1941681,0.07888263,0.00038029705,0.189389,0.05890055,0.17475308,0.002198213,0.24213757,0.04086666,170.17735,0.0,5523.914,929.8677,0.06559160072356462,0.08613798371516168,0.1415650058625033,9.965957515043556,4392.625,0,0,0
2020-10-10,2.6490952e-06,0.0,0.0009536743,5.019319e-05,0.0,0.0,0.0,0.0,303.63928,299.46463,306.12698,1.215223,0.07517716,0.00032689236,0.19286422,0.058324676,0.17017232,0.0020759618,0.23144925,0.03992275,136.82782,0.0,4392.625,747.5439,0.0002000066988330218,0.0031285816558010993,0.08768505554053263,5.801084316645756,0.0001417266,0.0,0.0071525574,0.0007149012,0.0,0.0,0.0,0.0,303.375,299.31107,305.43436,1.1737849,0.075926274,0.00036766552,0.18942787,0.058491163,0.170909,0.0020891891,0.23340668,0.040057834,140.47511,0.0,4505.9844,767.4625,0.00022517310389957856,0.005258454270006041,0.09139643798516772,5.803057892610013,5.5631e-05,0.0,0.0052452087,0.0003853409,0.0,0.0,0.0,0.0,302.92856,299.80258,304.9283,1.0124846,0.07592671,0.0003178421,0.19135724,0.058500405,0.17116264,0.0020997871,0.23427689,0.040045395,144.20741,0.0,4624.711,787.8479,0.00032848783121153247,0.0055458811093558325,0.09338061045673385,5.805152002356408,2.78155e-05,0.0,0.0014305115,0.00016243405,0.0,0.0,0.0,0.0,302.79767,300.041,305.11975,1.1183001,0.076438226,0.00031566698,0.19313656,0.058991805,0.17186597,0.0021137206,0.23485987,0.04021174,148.05254,0.0,4751.4297,808.85364,0.0005417400188889587,0.008237362062573084,0.09513431151026452,5.8217287159295665,0.0021325217,0.0,0.059604645,0.0062022307,3.973643e-09,0.0,4.7683716e-07,3.9537248e-08,303.73383,299.99948,306.1344,1.0664663,0.07798934,0.00036713047,0.19076061,0.05909325,0.17422721,0.0021794608,0.24010338,0.040711775,165.06506,0.0,5349.078,901.90533,0.005308787105605006,0.08455647388473153,0.12714200593472924,9.551172742489143,4282.836,0,0,0
2020-10-11,1.4570024e-05,0.0,0.0009536743,9.6237294e-05,0.0,0.0,0.0,0.0,303.8382,300.23352,305.99832,1.1436849,0.074219696,0.00033142,0.19484033,0.058331456,0.16911899,0.0020753408,0.22774966,0.03955735,133.20154,0.0,4282.836,727.7479,0.00015894572243269067,0.0007563167418993544,0.08383856915679644,5.798912058377027,2.6490952e-06,0.0,0.0009536743,5.019319e-05,0.0,0.0,0.0,0.0,303.63928,299.46463,306.12698,1.215223,0.07517716,0.00032689236,0.19286422,0.058324676,0.17017232,0.0020759618,0.23144925,0.03992275,136.82782,0.0,4392.625,747.5439,0.0002000066988330218,0.0031285816558010993,0.08768505554053263,5.801084316645756,0.0001417266,0.0,0.0071525574,0.0007149012,0.0,0.0,0.0,0.0,303.375,299.31107,305.43436,1.1737849,0.075926274,0.00036766552,0.18942787,0.058491163,0.170909,0.0020891891,0.23340668,0.040057834,140.47511,0.0,4505.9844,767.4625,0.00022517310389957856,0.005258454270006041,0.09139643798516772,5.803057892610013,5.5631e-05,0.0,0.0052452087,0.0003853409,0.0,0.0,0.0,0.0,302.92856,299.80258,304.9283,1.0124846,0.07592671,0.0003178421,0.19135724,0.058500405,0.17116264,0.0020997871,0.23427689,0.040045395,144.20741,0.0,4624.711,787.8479,0.00032848783121153247,0.0055458811093558325,0.09338061045673385,5.805152002356408,0.002386835,0.0,0.052928925,0.0071476107,0.0,0.0,0.0,0.0,303.5638,299.912,306.13675,1.074935,0.07739817,0.000333818,0.18932854,0.05928334,0.17383176,0.0021603906,0.23864935,0.040580258,160.4004,0.0,5182.7812,876.3808,0.004948510089889169,0.08308225241489708,0.09987089397327509,6.677946841678931,4174.8125,0,0,0
2020-10-12,0.0,0.0,0.0,0.0,0.0,0.0,0.0,0.0,303.15195,298.55264,305.45026,1.3967344,0.07382662,0.00030457476,0.19090337,0.05890262,0.16821758,0.0020661885,0.22610527,0.039408233,129.57399,0.0,4174.8125,707.9459,1.721911939966958e-05,0.00048743355364422314,0.08134179671105812,4.621468673252821,1.4570024e-05,0.0,0.0009536743,9.6237294e-05,0.0,0.0,0.0,0.0,303.8382,300.23352,305.99832,1.1436849,0.074219696,0.00033142,0.19484033,0.058331456,0.16911899,0.0020753408,0.22774966,0.03955735,133.20154,0.0,4282.836,727.7479,0.00015894572243269067,0.0007563167418993544,0.08383856915679644,5.798912058377027,2.6490952e-06,0.0,0.0009536743,5.019319e-05,0.0,0.0,0.0,0.0,303.63928,299.46463,306.12698,1.215223,0.07517716,0.00032689236,0.19286422,0.058324676,0.17017232,0.0020759618,0.23144925,0.03992275,136.82782,0.0,4392.625,747.5439,0.0002000066988330218,0.0031285816558010993,0.08768505554053263,5.801084316645756,0.0001417266,0.0,0.0071525574,0.0007149012,0.0,0.0,0.0,0.0,303.375,299.31107,305.43436,1.1737849,0.075926274,0.00036766552,0.18942787,0.058491163,0.170909,0.0020891891,0.23340668,0.040057834,140.47511,0.0,4505.9844,767.4625,0.00022517310389957856,0.005258454270006041,0.09139643798516772,5.803057892610013,0.0002688832,0.0,0.010967255,0.0011235031,0.0,0.0,0.0,0.0,303.51825,300.2848,306.01248,1.124173,0.076633185,0.00035023814,0.19173169,0.059024293,0.1732102,0.002151041,0.23700224,0.040497284,156.08328,0.0,5028.75,852.7632,0.0047882398357614875,0.0808543631574139,0.09495152391900774,5.838153106611571,4069.9062,0,0,0
2020-10-13,0.0,0.0,0.0,0.0,0.0,0.0,0.0,0.0,301.98007,295.91943,305.0084,1.857807,0.073278666,0.00029474963,0.1844785,0.058742885,0.16731499,0.0020518128,0.22487848,0.039208516,126.79613,0.0,4069.9062,692.7243,1.4570024177373853e-05,0.00024239222329924814,0.07086727411297034,3.419958124661207,0.0,0.0,0.0,0.0,0.0,0.0,0.0,0.0,303.15195,298.55264,305.45026,1.3967344,0.07382662,0.00030457476,0.19090337,0.05890262,0.16821758,0.0020661885,0.22610527,0.039408233,129.57399,0.0,4174.8125,707.9459,1.721911939966958e-05,0.00048743355364422314,0.08134179671105812,4.621468673252821,1.4570024e-05,0.0,0.0009536743,9.6237294e-05,0.0,0.0,0.0,0.0,303.8382,300.23352,305.99832,1.1436849,0.074219696,0.00033142,0.19484033,0.058331456,0.16911899,0.0020753408,0.22774966,0.03955735,133.20154,0.0,4282.836,727.7479,0.00015894572243269067,0.0007563167418993544,0.08383856915679644,5.798912058377027,2.6490952e-06,0.0,0.0009536743,5.019319e-05,0.0,0.0,0.0,0.0,303.63928,299.46463,306.12698,1.215223,0.07517716,0.00032689236,0.19286422,0.058324676,0.17017232,0.0020759618,0.23144925,0.03992275,136.82782,0.0,4392.625,747.5439,0.0002000066988330218,0.0031285816558010993,0.08768505554053263,5.801084316645756,0.00024504133,0.0,0.0104904175,0.00096090895,0.0,0.0,0.0,0.0,303.30222,300.14243,305.55298,1.1848313,0.07660783,0.00032783113,0.19469874,0.05921409,0.17258653,0.0021294593,0.23515026,0.04042465,151.9943,0.0,4886.0,830.4008,0.002900759456679225,0.07062488188967109,0.09519656524935272,5.8239539560017874,3970.0312,0,0,0
2020-10-14,0.0,0.0,0.0,0.0,0.0,0.0,0.0,0.0,302.21536,296.7799,304.5762,1.669543,0.07394187,0.0002933368,0.18555349,0.059481867,0.16717874,0.0020409927,0.22373529,0.039364967,124.909645,0.0,3970.0312,682.3725,0.0,0.00021457672301039565,0.00845193878558348,2.1213543515441415,0.0,0.0,0.0,0.0,0.0,0.0,0.0,0.0,301.98007,295.91943,305.0084,1.857807,0.073278666,0.00029474963,0.1844785,0.058742885,0.16731499,0.0020518128,0.22487848,0.039208516,126.79613,0.0,4069.9062,692.7243,1.4570024177373853e-05,0.00024239222329924814,0.07086727411297034,3.419958124661207,0.0,0.0,0.0,0.0,0.0,0.0,0.0,0.0,303.15195,298.55264,305.45026,1.3967344,0.07382662,0.00030457476,0.19090337,0.05890262,0.16821758,0.0020661885,0.22610527,0.039408233,129.57399,0.0,4174.8125,707.9459,1.721911939966958e-05,0.00048743355364422314,0.08134179671105812,4.621468673252821,1.4570024e-05,0.0,0.0009536743,9.6237294e-05,0.0,0.0,0.0,0.0,303.8382,300.23352,305.99832,1.1436849,0.074219696,0.00033142,0.19484033,0.058331456,0.16911899,0.0020753408,0.22774966,0.03955735,133.20154,0.0,4282.836,727.7479,0.00015894572243269067,0.0007563167418993544,0.08383856915679644,5.798912058377027,2.78155e-05,0.0,0.0014305115,0.00016243405,0.0,0.0,0.0,0.0,302.79767,300.041,305.11975,1.1183001,0.076438226,0.00031566698,0.19313656,0.058991805,0.17186597,0.0021137206,0.23485987,0.04021174,148.05254,0.0,4751.4297,808.85364,0.0005417400188889587,0.008237362062573084,0.09513431151026452,5.8217287159295665,3890.9297,0,0,0
2020-10-15,0.0,0.0,0.0,0.0,0.0,0.0,0.0,0.0,302.37598,296.8423,304.72705,1.782441,0.074929,0.00029356094,0.18945168,0.060668718,0.16741315,0.0020300301,0.22339052,0.039855223,123.36936,0.0,3890.9297,673.95337,0.0,0.00015894572243269067,0.005704826831788523,1.1320643525359628,0.0,0.0,0.0,0.0,0.0,0.0,0.0,0.0,302.21536,296.7799,304.5762,1.669543,0.07394187,0.0002933368,0.18555349,0.059481867,0.16717874,0.0020409927,0.22373529,0.039364967,124.909645,0.0,3970.0312,682.3725,0.0,0.00021457672301039565,0.00845193878558348,2.1213543515441415,0.0,0.0,0.0,0.0,0.0,0.0,0.0,0.0,301.98007,295.91943,305.0084,1.857807,0.073278666,0.00029474963,0.1844785,0.058742885,0.16731499,0.0020518128,0.22487848,0.039208516,126.79613,0.0,4069.9062,692.7243,1.4570024177373853e-05,0.00024239222329924814,0.07086727411297034,3.419958124661207,0.0,0.0,0.0,0.0,0.0,0.0,0.0,0.0,303.15195,298.55264,305.45026,1.3967344,0.07382662,0.00030457476,0.19090337,0.05890262,0.16821758,0.0020661885,0.22610527,0.039408233,129.57399,0.0,4174.8125,707.9459,1.721911939966958e-05,0.00048743355364422314,0.08134179671105812,4.621468673252821,5.5631e-05,0.0,0.0052452087,0.0003853409,0.0,0.0,0.0,0.0,302.92856,299.80258,304.9283,1.0124846,0.07592671,0.0003178421,0.19135724,0.058500405,0.17116264,0.0020997871,0.23427689,0.040045395,144.20741,0.0,4624.711,787.8479,0.00032848783121153247,0.0055458811093558325,0.09338061045673385,5.805152002356408,3836.461,0,0,0
2020-10-16,0.01712905,0.0,1.0895729,0.10945834,1.291434e-07,0.0,9.059906e-06,8.870552e-07,303.15906,297.32126,306.90173,2.3089006,0.07541631,0.00028880266,0.193453,0.061019402,0.16724482,0.002021962,0.22581947,0.040149003,122.04071,0.0,3836.461,666.69714,0.017129050567746162,0.017146269687145832,0.022404723957151873,0.4433525770691631,0.0,0.0,0.0,0.0,0.0,0.0,0.0,0.0,302.37598,296.8423,304.72705,1.782441,0.074929,0.00029356094,0.18945168,0.060668718,0.16741315,0.0020300301,0.22339052,0.039855223,123.36936,0.0,3890.9297,673.95337,0.0,0.00015894572243269067,0.005704826831788523,1.1320643525359628,0.0,0.0,0.0,0.0,0.0,0.0,0.0,0.0,302.21536,296.7799,304.5762,1.669543,0.07394187,0.0002933368,0.18555349,0.059481867,0.16717874,0.0020409927,0.22373529,0.039364967,124.909645,0.0,3970.0312,682.3725,0.0,0.00021457672301039565,0.00845193878558348,2.1213543515441415,0.0,0.0,0.0,0.0,0.0,0.0,0.0,0.0,301.98007,295.91943,305.0084,1.857807,0.073278666,0.00029474963,0.1844785,0.058742885,0.16731499,0.0020518128,0.22487848,0.039208516,126.79613,0.0,4069.9062,692.7243,1.4570024177373853e-05,0.00024239222329924814,0.07086727411297034,3.419958124661207,0.0001417266,0.0,0.0071525574,0.0007149012,0.0,0.0,0.0,0.0,303.375,299.31107,305.43436,1.1737849,0.075926274,0.00036766552,0.18942787,0.058491163,0.170909,0.0020891891,0.23340668,0.040057834,140.47511,0.0,4505.9844,767.4625,0.00022517310389957856,0.005258454270006041,0.09139643798516772,5.803057892610013,3789.8438,0,0,0
2020-10-17,0.4180299,0.0,11.521339,1.3522925,2.115965e-06,0.0,6.747246e-05,7.459554e-06,303.10626,297.45886,306.4529,1.9619554,0.07798087,0.00036832178,0.1872071,0.058356915,0.16610584,0.0020131667,0.22514819,0.039806683,120.849525,0.0,3789.8438,660.1886,0.4351589549332857,0.4351735249574631,0.4383021066132642,0.6507992863444088,0.01712905,0.0,1.0895729,0.10945834,1.291434e-07,0.0,9.059906e-06,8.870552e-07,303.15906,297.32126,306.90173,2.3089006,0.07541631,0.00028880266,0.193453,0.061019402,0.16724482,0.002021962,0.22581947,0.040149003,122.04071,0.0,3836.461,666.69714,0.017129050567746162,0.017146269687145832,0.022404723957151873,0.4433525770691631,0.0,0.0,0.0,0.0,0.0,0.0,0.0,0.0,302.37598,296.8423,304.72705,1.782441,0.074929,0.00029356094,0.18945168,0.060668718,0.16741315,0.0020300301,0.22339052,0.039855223,123.36936,0.0,3890.9297,673.95337,0.0,0.00015894572243269067,0.005704826831788523,1.1320643525359628,0.0,0.0,0.0,0.0,0.0,0.0,0.0,0.0,302.21536,296.7799,304.5762,1.669543,0.07394187,0.0002933368,0.18555349,0.059481867,0.16717874,0.0020409927,0.22373529,0.039364967,124.909645,0.0,3970.0312,682.3725,0.0,0.00021457672301039565,0.00845193878558348,2.1213543515441415,2.6490952e-06,0.0,0.0009536743,5.019319e-05,0.0,0.0,0.0,0.0,303.63928,299.46463,306.12698,1.215223,0.07517716,0.00032689236,0.19286422,0.058324676,0.17017232,0.0020759618,0.23144925,0.03992275,136.82782,0.0,4392.625,747.5439,0.0002000066988330218,0.0031285816558010993,0.08768505554053263,5.801084316645756,3747.664,0,0,0
2020-10-18,1.7606602,0.0,23.371696,3.9952998,1.0226832e-05,0.0,0.0001502037,2.4046187e-05,302.49506,297.32358,305.64282,1.7367411,0.09039537,0.0007100321,0.24006069,0.061168212,0.16496634,0.0020104155,0.22502714,0.039269608,119.73841,0.0,3747.664,654.1054,2.1958191264420748,2.1958191264420748,2.196575443183974,2.342659805693984,0.4180299,0.0,11.521339,1.3522925,2.115965e-06,0.0,6.747246e-05,7.459554e-06,303.10626,297.45886,306.4529,1.9619554,0.07798087,0.00036832178,0.1872071,0.058356915,0.16610584,0.0020131667,0.22514819,0.039806683,120.849525,0.0,3789.8438,660.1886,0.4351589549332857,0.4351735249574631,0.4383021066132642,0.6507992863444088,0.01712905,0.0,1.0895729,0.10945834,1.291434e-07,0.0,9.059906e-06,8.870552e-07,303.15906,297.32126,306.90173,2.3089006,0.07541631,0.00028880266,0.193453,0.061019402,0.16724482,0.002021962,0.22581947,0.040149003,122.04071,0.0,3836.461,666.69714,0.017129050567746162,0.017146269687145832,0.022404723957151873,0.4433525770691631,0.0,0.0,0.0,0.0,0.0,0.0,0.0,0.0,302.37598,296.8423,304.72705,1.782441,0.074929,0.00029356094,0.18945168,0.060668718,0.16741315,0.0020300301,0.22339052,0.039855223,123.36936,0.0,3890.9297,673.95337,0.0,0.00015894572243269067,0.005704826831788523,1.1320643525359628,1.4570024e-05,0.0,0.0009536743,9.6237294e-05,0.0,0.0,0.0,0.0,303.8382,300.23352,305.99832,1.1436849,0.074219696,0.00033142,0.19484033,0.058331456,0.16911899,0.0020753408,0.22774966,0.03955735,133.20154,0.0,4282.836,727.7479,0.00015894572243269067,0.0007563167418993544,0.08383856915679644,5.798912058377027,3713.3516,0,0,0
2020-10-19,0.24900702,0.0,4.7883987,0.71302277,1.421902e-06,0.0,3.6478043e-05,4.540407e-06,302.03665,296.9169,305.02252,1.8554097,0.09556269,0.00062751287,0.2666912,0.066042244,0.16392739,0.0020280988,0.22080798,0.03860039,118.74524,0.0,3713.3516,648.6512,2.427697092294693,2.444826142862439,2.4453135764160834,2.575111300477147,1.7606602,0.0,23.371696,3.9952998,1.0226832e-05,0.0,0.0001502037,2.4046187e-05,302.49506,297.32358,305.64282,1.7367411,0.09039537,0.0007100321,0.24006069,0.061168212,0.16496634,0.0020104155,0.22502714,0.039269608,119.73841,0.0,3747.664,654.1054,2.1958191264420748,2.1958191264420748,2.196575443183974,2.342659805693984,0.4180299,0.0,11.521339,1.3522925,2.115965e-06,0.0,6.747246e-05,7.459554e-06,303.10626,297.45886,306.4529,1.9619554,0.07798087,0.00036832178,0.1872071,0.058356915,0.16610584,0.0020131667,0.22514819,0.039806683,120.849525,0.0,3789.8438,660.1886,0.4351589549332857,0.4351735249574631,0.4383021066132642,0.6507992863444088,0.01712905,0.0,1.0895729,0.10945834,1.291434e-07,0.0,9.059906e-06,8.870552e-07,303.15906,297.32126,306.90173,2.3089006,0.07541631,0.00028880266,0.193453,0.061019402,0.16724482,0.002021962,0.22581947,0.040149003,122.04071,0.0,3836.461,666.69714,0.017129050567746162,0.017146269687145832,0.022404723957151873,0.4433525770691631,0.0,0.0,0.0,0.0,0.0,0.0,0.0,0.0,303.15195,298.55264,305.45026,1.3967344,0.07382662,0.00030457476,0.19090337,0.05890262,0.16821758,0.0020661885,0.22610527,0.039408233,129.57399,0.0,4174.8125,707.9459,1.721911939966958e-05,0.00048743355364422314,0.08134179671105812,4.621468673252821,3683.7031,0,0,0
2020-10-20,0.0010066562,0.0,0.05054474,0.00542594,0.0,0.0,0.0,0.0,301.63223,296.06247,304.49573,1.9083891,0.08494994,0.00056450925,0.22614409,0.059158556,0.16274993,0.0020255412,0.219483,0.038211286,118.03756,0.0,3683.7031,644.7763,2.0106738441390917,2.4458327990723774,2.4460751912956766,2.546460009787552,0.24900702,0.0,4.7883987,0.71302277,1.421902e-06,0.0,3.6478043e-05,4.540407e-06,302.03665,296.9169,305.02252,1.8554097,0.09556269,0.00062751287,0.2666912,0.066042244,0.16392739,0.0020280988,0.22080798,0.03860039,118.74524,0.0,3713.3516,648.6512,2.427697092294693,2.444826142862439,2.4453135764160834,2.575111300477147,1.7606602,0.0,23.371696,3.9952998,1.0226832e-05,0.0,0.0001502037,2.4046187e-05,302.49506,297.32358,305.64282,1.7367411,0.09039537,0.0007100321,0.24006069,0.061168212,0.16496634,0.0020104155,0.22502714,0.039269608,119.73841,0.0,3747.664,654.1054,2.1958191264420748,2.1958191264420748,2.196575443183974,2.342659805693984,0.4180299,0.0,11.521339,1.3522925,2.115965e-06,0.0,6.747246e-05,7.459554e-06,303.10626,297.45886,306.4529,1.9619554,0.07798087,0.00036832178,0.1872071,0.058356915,0.16610584,0.0020131667,0.22514819,0.039806683,120.849525,0.0,3789.8438,660.1886,0.4351589549332857,0.4351735249574631,0.4383021066132642,0.6507992863444088,0.0,0.0,0.0,0.0,0.0,0.0,0.0,0.0,301.98007,295.91943,305.0084,1.857807,0.073278666,0.00029474963,0.1844785,0.058742885,0.16731499,0.0020518128,0.22487848,0.039208516,126.79613,0.0,4069.9062,692.7243,1.4570024177373853e-05,0.00024239222329924814,0.07086727411297034,3.419958124661207,3691.1172,0,0,0
2020-10-21,0.0,0.0,0.0,0.0,0.0,0.0,0.0,0.0,300.56696,295.80505,303.77835,1.6686672,0.07897217,0.0004908138,0.20606488,0.056748595,0.16275291,0.0020231816,0.22127546,0.038343124,117.8307,0.0,3691.1172,643.6572,0.2500136726303026,2.4458327990723774,2.446047375795388,2.5412717565450293,0.0010066562,0.0,0.05054474,0.00542594,0.0,0.0,0.0,0.0,301.63223,296.06247,304.49573,1.9083891,0.08494994,0.00056450925,0.22614409,0.059158556,0.16274993,0.0020255412,0.219483,0.038211286,118.03756,0.0,3683.7031,644.7763,2.0106738441390917,2.4458327990723774,2.4460751912956766,2.546460009787552,0.24900702,0.0,4.7883987,0.71302277,1.421902e-06,0.0,3.6478043e-05,4.540407e-06,302.03665,296.9169,305.02252,1.8554097,0.09556269,0.00062751287,0.2666912,0.066042244,0.16392739,0.0020280988,0.22080798,0.03860039,118.74524,0.0,3713.3516,648.6512,2.427697092294693,2.444826142862439,2.4453135764160834,2.575111300477147,1.7606602,0.0,23.371696,3.9952998,1.0226832e-05,0.0,0.0001502037,2.4046187e-05,302.49506,297.32358,305.64282,1.7367411,0.09039537,0.0007100321,0.24006069,0.061168212,0.16496634,0.0020104155,0.22502714,0.039269608,119.73841,0.0,3747.664,654.1054,2.1958191264420748,2.1958191264420748,2.196575443183974,2.342659805693984,0.0,0.0,0.0,0.0,0.0,0.0,0.0,0.0,302.21536,296.7799,304.5762,1.669543,0.07394187,0.0002933368,0.18555349,0.059481867,0.16717874,0.0020409927,0.22373529,0.039364967,124.909645,0.0,3970.0312,682.3725,0.0,0.00021457672301039565,0.00845193878558348,2.1213543515441415,3680.8828,0,0,0
2020-10-22,0.0,0.0,0.0,0.0,0.0,0.0,0.0,0.0,300.32706,296.59525,303.09622,1.33228,0.07599847,0.00040042726,0.19361676,0.056637645,0.16247016,0.0020309915,0.22243023,0.038342077,117.866066,0.0,3680.8828,643.86285,0.0010066562099382281,2.4458327990723774,2.44599174479481,2.5412717565450293,0.0,0.0,0.0,0.0,0.0,0.0,0.0,0.0,300.56696,295.80505,303.77835,1.6686672,0.07897217,0.0004908138,0.20606488,0.056748595,0.16275291,0.0020231816,0.22127546,0.038343124,117.8307,0.0,3691.1172,643.6572,0.2500136726303026,2.4458327990723774,2.446047375795388,2.5412717565450293,0.0010066562,0.0,0.05054474,0.00542594,0.0,0.0,0.0,0.0,301.63223,296.06247,304.49573,1.9083891,0.08494994,0.00056450925,0.22614409,0.059158556,0.16274993,0.0020255412,0.219483,0.038211286,118.03756,0.0,3683.7031,644.7763,2.0106738441390917,2.4458327990723774,2.4460751912956766,2.546460009787552,0.24900702,0.0,4.7883987,0.71302277,1.421902e-06,0.0,3.6478043e-05,4.540407e-06,302.03665,296.9169,305.02252,1.8554097,0.09556269,0.00062751287,0.2666912,0.066042244,0.16392739,0.0020280988,0.22080798,0.03860039,118.74524,0.0,3713.3516,648.6512,2.427697092294693,2.444826142862439,2.4453135764160834,2.575111300477147,0.0,0.0,0.0,0.0,0.0,0.0,0.0,0.0,302.37598,296.8423,304.72705,1.782441,0.074929,0.00029356094,0.18945168,0.060668718,0.16741315,0.0020300301,0.22339052,0.039855223,123.36936,0.0,3890.9297,673.95337,0.0,0.00015894572243269067,0.005704826831788523,1.1320643525359628,3665.8672,0,0,0
2020-10-23,0.0,0.0,0.0,0.0,0.0,0.0,0.0,0.0,300.39606,295.75296,302.8621,1.4683899,0.07464769,0.0003198314,0.19174133,0.05764409,0.1619311,0.002016276,0.21984313,0.03817757,117.8238,0.0,3665.8672,643.6262,0.0,2.428703748504631,2.445850018191777,2.5411816873056523,0.0,0.0,0.0,0.0,0.0,0.0,0.0,0.0,300.32706,296.59525,303.09622,1.33228,0.07599847,0.00040042726,0.19361676,0.056637645,0.16247016,0.0020309915,0.22243023,0.038342077,117.866066,0.0,3680.8828,643.86285,0.0010066562099382281,2.4458327990723774,2.44599174479481,2.5412717565450293,0.0,0.0,0.0,0.0,0.0,0.0,0.0,0.0,300.56696,295.80505,303.77835,1.6686672,0.07897217,0.0004908138,0.20606488,0.056748595,0.16275291,0.0020231816,0.22127546,0.038343124,117.8307,0.0,3691.1172,643.6572,0.2500136726303026,2.4458327990723774,2.446047375795388,2.5412717565450293,0.0010066562,0.0,0.05054474,0.00542594,0.0,0.0,0.0,0.0,301.63223,296.06247,304.49573,1.9083891,0.08494994,0.00056450925,0.22614409,0.059158556,0.16274993,0.0020255412,0.219483,0.038211286,118.03756,0.0,3683.7031,644.7763,2.0106738441390917,2.4458327990723774,2.4460751912956766,2.546460009787552,0.01712905,0.0,1.0895729,0.10945834,1.291434e-07,0.0,9.059906e-06,8.870552e-07,303.15906,297.32126,306.90173,2.3089006,0.07541631,0.00028880266,0.193453,0.061019402,0.16724482,0.002021962,0.22581947,0.040149003,122.04071,0.0,3836.461,666.69714,0.017129050567746162,0.017146269687145832,0.022404723957151873,0.4433525770691631,3654.5938,0,0,0
2020-10-24,0.0,0.0,0.0,0.0,0.0,0.0,0.0,0.0,299.7584,295.00955,301.70828,1.3047434,0.07378508,0.000306436,0.19199371,0.057771143,0.16115011,0.0020038218,0.22022295,0.03795557,117.50754,0.0,3654.5938,641.88806,0.0,2.0106738441390917,2.4458473690965548,2.539372355251544,0.0,0.0,0.0,0.0,0.0,0.0,0.0,0.0,300.39606,295.75296,302.8621,1.4683899,0.07464769,0.0003198314,0.19174133,0.05764409,0.1619311,0.002016276,0.21984313,0.03817757,117.8238,0.0,3665.8672,643.6262,0.0,2.428703748504631,2.445850018191777,2.5411816873056523,0.0,0.0,0.0,0.0,0.0,0.0,0.0,0.0,300.32706,296.59525,303.09622,1.33228,0.07599847,0.00040042726,0.19361676,0.056637645,0.16247016,0.0020309915,0.22243023,0.038342077,117.866066,0.0,3680.8828,643.86285,0.0010066562099382281,2.4458327990723774,2.44599174479481,2.5412717565450293,0.0,0.0,0.0,0.0,0.0,0.0,0.0,0.0,300.56696,295.80505,303.77835,1.6686672,0.07897217,0.0004908138,0.20606488,0.056748595,0.16275291,0.0020231816,0.22127546,0.038343124,117.8307,0.0,3691.1172,643.6572,0.2500136726303026,2.4458327990723774,2.446047375795388,2.5412717565450293,0.4180299,0.0,11.521339,1.3522925,2.115965e-06,0.0,6.747246e-05,7.459554e-06,303.10626,297.45886,306.4529,1.9619554,0.07798087,0.00036832178,0.1872071,0.058356915,0.16610584,0.0020131667,0.22514819,0.039806683,120.849525,0.0,3789.8438,660.1886,0.4351589549332857,0.4351735249574631,0.4383021066132642,0.6507992863444088,3644.5625,0,0,0
2020-10-25,7.947286e-06,0.0,0.0014305115,9.369712e-05,0.0,0.0,0.0,0.0,299.4246,295.5497,301.49014,1.1342019,0.07268095,0.00031022276,0.19194724,0.05710621,0.16032332,0.0020006557,0.22105968,0.037700687,116.68532,0.0,3644.5625,637.4107,7.947285666887183e-06,0.2500216199159695,2.4458407463580443,2.5372544034626117,0.0,0.0,0.0,0.0,0.0,0.0,0.0,0.0,299.7584,295.00955,301.70828,1.3047434,0.07378508,0.000306436,0.19199371,0.057771143,0.16115011,0.0020038218,0.22022295,0.03795557,117.50754,0.0,3654.5938,641.88806,0.0,2.0106738441390917,2.4458473690965548,2.539372355251544,0.0,0.0,0.0,0.0,0.0,0.0,0.0,0.0,300.39606,295.75296,302.8621,1.4683899,0.07464769,0.0003198314,0.19174133,0.05764409,0.1619311,0.002016276,0.21984313,0.03817757,117.8238,0.0,3665.8672,643.6262,0.0,2.428703748504631,2.445850018191777,2.5411816873056523,0.0,0.0,0.0,0.0,0.0,0.0,0.0,0.0,300.32706,296.59525,303.09622,1.33228,0.07599847,0.00040042726,0.19361676,0.056637645,0.16247016,0.0020309915,0.22243023,0.038342077,117.866066,0.0,3680.8828,643.86285,0.0010066562099382281,2.4458327990723774,2.44599174479481,2.5412717565450293,1.7606602,0.0,23.371696,3.9952998,1.0226832e-05,0.0,0.0001502037,2.4046187e-05,302.49506,297.32358,305.64282,1.7367411,0.09039537,0.0007100321,0.24006069,0.061168212,0.16496634,0.0020104155,0.22502714,0.039269608,119.73841,0.0,3747.664,654.1054,2.1958191264420748,2.1958191264420748,2.196575443183974,2.342659805693984,3635.5078,0,0,0
2020-10-26,0.0,0.0,0.0,0.0,0.0,0.0,0.0,0.0,299.34268,295.53668,301.62238,1.3631666,0.07284525,0.00033001447,0.18959303,0.05714681,0.16007014,0.0020002055,0.22193848,0.03772777,115.3137,0.0,3635.5078,629.9297,7.947285666887183e-06,0.0010146034956051153,2.4458407463580443,2.5335403719227543,7.947286e-06,0.0,0.0014305115,9.369712e-05,0.0,0.0,0.0,0.0,299.4246,295.5497,301.49014,1.1342019,0.07268095,0.00031022276,0.19194724,0.05710621,0.16032332,0.0020006557,0.22105968,0.037700687,116.68532,0.0,3644.5625,637.4107,7.947285666887183e-06,0.2500216199159695,2.4458407463580443,2.5372544034626117,0.0,0.0,0.0,0.0,0.0,0.0,0.0,0.0,299.7584,295.00955,301.70828,1.3047434,0.07378508,0.000306436,0.19199371,0.057771143,0.16115011,0.0020038218,0.22022295,0.03795557,117.50754,0.0,3654.5938,641.88806,0.0,2.0106738441390917,2.4458473690965548,2.539372355251544,0.0,0.0,0.0,0.0,0.0,0.0,0.0,0.0,300.39606,295.75296,302.8621,1.4683899,0.07464769,0.0003198314,0.19174133,0.05764409,0.1619311,0.002016276,0.21984313,0.03817757,117.8238,0.0,3665.8672,643.6262,0.0,2.428703748504631,2.445850018191777,2.5411816873056523,0.24900702,0.0,4.7883987,0.71302277,1.421902e-06,0.0,3.6478043e-05,4.540407e-06,302.03665,296.9169,305.02252,1.8554097,0.09556269,0.00062751287,0.2666912,0.066042244,0.16392739,0.0020280988,0.22080798,0.03860039,118.74524,0.0,3713.3516,648.6512,2.427697092294693,2.444826142862439,2.4453135764160834,2.575111300477147,3616.9297,0,0,0
2020-10-27,0.0,0.0,0.0,0.0,0.0,0.0,0.0,0.0,299.39117,295.55557,301.74887,1.1792846,0.072728135,0.0003072686,0.18580389,0.057524763,0.15948965,0.0019941356,0.22060616,0.037601106,113.5319,0.0,3616.9297,620.15625,7.947285666887183e-06,7.947285666887183e-06,2.4458407463580443,2.5296793155148407,0.0,0.0,0.0,0.0,0.0,0.0,0.0,0.0,299.34268,295.53668,301.62238,1.3631666,0.07284525,0.00033001447,0.18959303,0.05714681,0.16007014,0.0020002055,0.22193848,0.03772777,115.3137,0.0,3635.5078,629.9297,7.947285666887183e-06,0.0010146034956051153,2.4458407463580443,2.5335403719227543,7.947286e-06,0.0,0.0014305115,9.369712e-05,0.0,0.0,0.0,0.0,299.4246,295.5497,301.49014,1.1342019,0.07268095,0.00031022276,0.19194724,0.05710621,0.16032332,0.0020006557,0.22105968,0.037700687,116.68532,0.0,3644.5625,637.4107,7.947285666887183e-06,0.2500216199159695,2.4458407463580443,2.5372544034626117,0.0,0.0,0.0,0.0,0.0,0.0,0.0,0.0,299.7584,295.00955,301.70828,1.3047434,0.07378508,0.000306436,0.19199371,0.057771143,0.16115011,0.0020038218,0.22022295,0.03795557,117.50754,0.0,3654.5938,641.88806,0.0,2.0106738441390917,2.4458473690965548,2.539372355251544,0.0010066562,0.0,0.05054474,0.00542594,0.0,0.0,0.0,0.0,301.63223,296.06247,304.49573,1.9083891,0.08494994,0.00056450925,0.22614409,0.059158556,0.16274993,0.0020255412,0.219483,0.038211286,118.03756,0.0,3683.7031,644.7763,2.0106738441390917,2.4458327990723774,2.4460751912956766,2.546460009787552,3573.0625,0,0,0
2020-10-28,0.0,0.0,0.0,0.0,0.0,0.0,0.0,0.0,299.32324,295.4956,300.85864,0.9466648,0.07393196,0.000394803,0.18866159,0.05795629,0.1595123,0.0020003198,0.21995051,0.03763286,111.6414,0.0,3573.0625,609.73236,0.0,7.947285666887183e-06,2.4458407463580443,2.5271825430691024,0.0,0.0,0.0,0.0,0.0,0.0,0.0,0.0,299.39117,295.55557,301.74887,1.1792846,0.072728135,0.0003072686,0.18580389,0.057524763,0.15948965,0.0019941356,0.22060616,0.037601106,113.5319,0.0,3616.9297,620.15625,7.947285666887183e-06,7.947285666887183e-06,2.4458407463580443,2.5296793155148407,0.0,0.0,0.0,0.0,0.0,0.0,0.0,0.0,299.34268,295.53668,301.62238,1.3631666,0.07284525,0.00033001447,0.18959303,0.05714681,0.16007014,0.0020002055,0.22193848,0.03772777,115.3137,0.0,3635.5078,629.9297,7.947285666887183e-06,0.0010146034956051153,2.4458407463580443,2.5335403719227543,7.947286e-06,0.0,0.0014305115,9.369712e-05,0.0,0.0,0.0,0.0,299.4246,295.5497,301.49014,1.1342019,0.07268095,0.00031022276,0.19194724,0.05710621,0.16032332,0.0020006557,0.22105968,0.037700687,116.68532,0.0,3644.5625,637.4107,7.947285666887183e-06,0.2500216199159695,2.4458407463580443,2.5372544034626117,0.0,0.0,0.0,0.0,0.0,0.0,0.0,0.0,300.56696,295.80505,303.77835,1.6686672,0.07897217,0.0004908138,0.20606488,0.056748595,0.16275291,0.0020231816,0.22127546,0.038343124,117.8307,0.0,3691.1172,643.6572,0.2500136726303026,2.4458327990723774,2.446047375795388,2.5412717565450293,3514.8203,0,0,0
2020-10-29,1.4570024e-05,0.0,0.0009536743,0.00010857252,0.0,0.0,0.0,0.0,298.87656,294.78882,300.683,0.9845462,0.07500038,0.00044117263,0.19571616,0.05830408,0.1597708,0.002002734,0.22234283,0.03791621,109.816795,0.0,3514.8203,599.6224,1.4570024177373853e-05,2.2517309844261035e-05,2.4458553163822216,2.516722590495192,0.0,0.0,0.0,0.0,0.0,0.0,0.0,0.0,299.32324,295.4956,300.85864,0.9466648,0.07393196,0.000394803,0.18866159,0.05795629,0.1595123,0.0020003198,0.21995051,0.03763286,111.6414,0.0,3573.0625,609.73236,0.0,7.947285666887183e-06,2.4458407463580443,2.5271825430691024,0.0,0.0,0.0,0.0,0.0,0.0,0.0,0.0,299.39117,295.55557,301.74887,1.1792846,0.072728135,0.0003072686,0.18580389,0.057524763,0.15948965,0.0019941356,0.22060616,0.037601106,113.5319,0.0,3616.9297,620.15625,7.947285666887183e-06,7.947285666887183e-06,2.4458407463580443,2.5296793155148407,0.0,0.0,0.0,0.0,0.0,0.0,0.0,0.0,299.34268,295.53668,301.62238,1.3631666,0.07284525,0.00033001447,0.18959303,0.05714681,0.16007014,0.0020002055,0.22193848,0.03772777,115.3137,0.0,3635.5078,629.9297,7.947285666887183e-06,0.0010146034956051153,2.4458407463580443,2.5335403719227543,0.0,0.0,0.0,0.0,0.0,0.0,0.0,0.0,300.32706,296.59525,303.09622,1.33228,0.07599847,0.00040042726,0.19361676,0.056637645,0.16247016,0.0020309915,0.22243023,0.038342077,117.866066,0.0,3680.8828,643.86285,0.0010066562099382281,2.4458327990723774,2.44599174479481,2.5412717565450293,3453.914,0,0,0
2020-10-30,0.0,0.0,0.0,0.0,0.0,0.0,0.0,0.0,298.9621,294.23654,301.19504,1.3657532,0.07559952,0.00038108477,0.19047315,0.05924645,0.15979944,0.0019957903,0.22517277,0.038189236,108.127266,0.0,3453.914,590.23285,1.4570024177373853e-05,2.2517309844261035e-05,2.4287262658144755,2.454307255167805,1.4570024e-05,0.0,0.0009536743,0.00010857252,0.0,0.0,0.0,0.0,298.87656,294.78882,300.683,0.9845462,0.07500038,0.00044117263,0.19571616,0.05830408,0.1597708,0.002002734,0.22234283,0.03791621,109.816795,0.0,3514.8203,599.6224,1.4570024177373853e-05,2.2517309844261035e-05,2.4458553163822216,2.516722590495192,0.0,0.0,0.0,0.0,0.0,0.0,0.0,0.0,299.32324,295.4956,300.85864,0.9466648,0.07393196,0.000394803,0.18866159,0.05795629,0.1595123,0.0020003198,0.21995051,0.03763286,111.6414,0.0,3573.0625,609.73236,0.0,7.947285666887183e-06,2.4458407463580443,2.5271825430691024,0.0,0.0,0.0,0.0,0.0,0.0,0.0,0.0,299.39117,295.55557,301.74887,1.1792846,0.072728135,0.0003072686,0.18580389,0.057524763,0.15948965,0.0019941356,0.22060616,0.037601106,113.5319,0.0,3616.9297,620.15625,7.947285666887183e-06,7.947285666887183e-06,2.4458407463580443,2.5296793155148407,0.0,0.0,0.0,0.0,0.0,0.0,0.0,0.0,300.39606,295.75296,302.8621,1.4683899,0.07464769,0.0003198314,0.19174133,0.05764409,0.1619311,0.002016276,0.21984313,0.03817757,117.8238,0.0,3665.8672,643.6262,0.0,2.428703748504631,2.445850018191777,2.5411816873056523,3395.2188,0,0,0
2020-10-31,0.0,0.0,0.0,0.0,0.0,0.0,0.0,0.0,298.644,294.21182,300.95987,1.455195,0.07771719,0.00031618495,0.19332461,0.060823575,0.16053396,0.0019958655,0.2293811,0.038810335,106.62188,0.0,3395.2188,581.82806,1.4570024177373853e-05,2.2517309844261035e-05,2.010696361448936,2.45156014321401,0.0,0.0,0.0,0.0,0.0,0.0,0.0,0.0,298.9621,294.23654,301.19504,1.3657532,0.07559952,0.00038108477,0.19047315,0.05924645,0.15979944,0.0019957903,0.22517277,0.038189236,108.127266,0.0,3453.914,590.23285,1.4570024177373853e-05,2.2517309844261035e-05,2.4287262658144755,2.454307255167805,1.4570024e-05,0.0,0.0009536743,0.00010857252,0.0,0.0,0.0,0.0,298.87656,294.78882,300.683,0.9845462,0.07500038,0.00044117263,0.19571616,0.05830408,0.1597708,0.002002734,0.22234283,0.03791621,109.816795,0.0,3514.8203,599.6224,1.4570024177373853e-05,2.2517309844261035e-05,2.4458553163822216,2.516722590495192,0.0,0.0,0.0,0.0,0.0,0.0,0.0,0.0,299.32324,295.4956,300.85864,0.9466648,0.07393196,0.000394803,0.18866159,0.05795629,0.1595123,0.0020003198,0.21995051,0.03763286,111.6414,0.0,3573.0625,609.73236,0.0,7.947285666887183e-06,2.4458407463580443,2.5271825430691024,0.0,0.0,0.0,0.0,0.0,0.0,0.0,0.0,299.7584,295.00955,301.70828,1.3047434,0.07378508,0.000306436,0.19199371,0.057771143,0.16115011,0.0020038218,0.22022295,0.03795557,117.50754,0.0,3654.5938,641.88806,0.0,2.0106738441390917,2.4458473690965548,2.539372355251544,3339.3828,0,0,0
2020-11-01,0.0,0.0,0.0,0.0,0.0,0.0,0.0,0.0,298.20865,293.49582,300.94284,1.4531362,0.07720154,0.00030235574,0.19395609,0.060068604,0.16063315,0.00199255,0.23143071,0.03908867,105.343765,0.0,3339.3828,574.62115,0.0,1.4570024177373853e-05,0.25003618994014687,2.4511309897716274,0.0,0.0,0.0,0.0,0.0,0.0,0.0,0.0,298.644,294.21182,300.95987,1.455195,0.07771719,0.00031618495,0.19332461,0.060823575,0.16053396,0.0019958655,0.2293811,0.038810335,106.62188,0.0,3395.2188,581.82806,1.4570024177373853e-05,2.2517309844261035e-05,2.010696361448936,2.45156014321401,0.0,0.0,0.0,0.0,0.0,0.0,0.0,0.0,298.9621,294.23654,301.19504,1.3657532,0.07559952,0.00038108477,0.19047315,0.05924645,0.15979944,0.0019957903,0.22517277,0.038189236,108.127266,0.0,3453.914,590.23285,1.4570024177373853e-05,2.2517309844261035e-05,2.4287262658144755,2.454307255167805,1.4570024e-05,0.0,0.0009536743,0.00010857252,0.0,0.0,0.0,0.0,298.87656,294.78882,300.683,0.9845462,0.07500038,0.00044117263,0.19571616,0.05830408,0.1597708,0.002002734,0.22234283,0.03791621,109.816795,0.0,3514.8203,599.6224,1.4570024177373853e-05,2.2517309844261035e-05,2.4458553163822216,2.516722590495192,7.947286e-06,0.0,0.0014305115,9.369712e-05,0.0,0.0,0.0,0.0,299.4246,295.5497,301.49014,1.1342019,0.07268095,0.00031022276,0.19194724,0.05710621,0.16032332,0.0020006557,0.22105968,0.037700687,116.68532,0.0,3644.5625,637.4107,7.947285666887183e-06,0.2500216199159695,2.4458407463580443,2.5372544034626117,3290.1953,0,0,0
2020-11-02,0.0,0.0,0.0,0.0,0.0,0.0,0.0,0.0,298.12332,294.106,300.72336,1.3362578,0.07686885,0.00033405345,0.18765666,0.060105223,0.16075557,0.0019764097,0.23263781,0.039377157,104.29845,0.0,3290.1953,568.6364,0.0,1.4570024177373853e-05,0.0010291735197824892,2.4489984680622,0.0,0.0,0.0,0.0,0.0,0.0,0.0,0.0,298.20865,293.49582,300.94284,1.4531362,0.07720154,0.00030235574,0.19395609,0.060068604,0.16063315,0.00199255,0.23143071,0.03908867,105.343765,0.0,3339.3828,574.62115,0.0,1.4570024177373853e-05,0.25003618994014687,2.4511309897716274,0.0,0.0,0.0,0.0,0.0,0.0,0.0,0.0,298.644,294.21182,300.95987,1.455195,0.07771719,0.00031618495,0.19332461,0.060823575,0.16053396,0.0019958655,0.2293811,0.038810335,106.62188,0.0,3395.2188,581.82806,1.4570024177373853e-05,2.2517309844261035e-05,2.010696361448936,2.45156014321401,0.0,0.0,0.0,0.0,0.0,0.0,0.0,0.0,298.9621,294.23654,301.19504,1.3657532,0.07559952,0.00038108477,0.19047315,0.05924645,0.15979944,0.0019957903,0.22517277,0.038189236,108.127266,0.0,3453.914,590.23285,1.4570024177373853e-05,2.2517309844261035e-05,2.4287262658144755,2.454307255167805,0.0,0.0,0.0,0.0,0.0,0.0,0.0,0.0,299.34268,295.53668,301.62238,1.3631666,0.07284525,0.00033001447,0.18959303,0.05714681,0.16007014,0.0020002055,0.22193848,0.03772777,115.3137,0.0,3635.5078,629.9297,7.947285666887183e-06,0.0010146034956051153,2.4458407463580443,2.5335403719227543,3248.7578,0,0,0
2020-11-03,0.0,0.0,0.0,0.0,0.0,0.0,0.0,0.0,297.78238,294.40002,300.13962,1.1468207,0.07670392,0.0003054909,0.19475333,0.06020733,0.16029406,0.0019812917,0.23274632,0.039299536,103.42968,0.0,3248.7578,563.61786,0.0,1.4570024177373853e-05,2.2517309844261035e-05,2.446611633124121,0.0,0.0,0.0,0.0,0.0,0.0,0.0,0.0,298.12332,294.106,300.72336,1.3362578,0.07686885,0.00033405345,0.18765666,0.060105223,0.16075557,0.0019764097,0.23263781,0.039377157,104.29845,0.0,3290.1953,568.6364,0.0,1.4570024177373853e-05,0.0010291735197824892,2.4489984680622,0.0,0.0,0.0,0.0,0.0,0.0,0.0,0.0,298.20865,293.49582,300.94284,1.4531362,0.07720154,0.00030235574,0.19395609,0.060068604,0.16063315,0.00199255,0.23143071,0.03908867,105.343765,0.0,3339.3828,574.62115,0.0,1.4570024177373853e-05,0.25003618994014687,2.4511309897716274,0.0,0.0,0.0,0.0,0.0,0.0,0.0,0.0,298.644,294.21182,300.95987,1.455195,0.07771719,0.00031618495,0.19332461,0.060823575,0.16053396,0.0019958655,0.2293811,0.038810335,106.62188,0.0,3395.2188,581.82806,1.4570024177373853e-05,2.2517309844261035e-05,2.010696361448936,2.45156014321401,0.0,0.0,0.0,0.0,0.0,0.0,0.0,0.0,299.39117,295.55557,301.74887,1.1792846,0.072728135,0.0003072686,0.18580389,0.057524763,0.15948965,0.0019941356,0.22060616,0.037601106,113.5319,0.0,3616.9297,620.15625,7.947285666887183e-06,7.947285666887183e-06,2.4458407463580443,2.5296793155148407,3212.875,0,0,0
2020-11-04,0.0,0.0,0.0,0.0,0.0,0.0,0.0,0.0,297.48587,294.0121,300.26633,1.2609583,0.077501774,0.00034736082,0.19672926,0.060380857,0.16011816,0.001975064,0.23193328,0.03935312,102.61834,0.0,3212.875,558.9688,0.0,1.4570024177373853e-05,2.2517309844261035e-05,2.446342749935866,0.0,0.0,0.0,0.0,0.0,0.0,0.0,0.0,297.78238,294.40002,300.13962,1.1468207,0.07670392,0.0003054909,0.19475333,0.06020733,0.16029406,0.0019812917,0.23274632,0.039299536,103.42968,0.0,3248.7578,563.61786,0.0,1.4570024177373853e-05,2.2517309844261035e-05,2.446611633124121,0.0,0.0,0.0,0.0,0.0,0.0,0.0,0.0,298.12332,294.106,300.72336,1.3362578,0.07686885,0.00033405345,0.18765666,0.060105223,0.16075557,0.0019764097,0.23263781,0.039377157,104.29845,0.0,3290.1953,568.6364,0.0,1.4570024177373853e-05,0.0010291735197824892,2.4489984680622,0.0,0.0,0.0,0.0,0.0,0.0,0.0,0.0,298.20865,293.49582,300.94284,1.4531362,0.07720154,0.00030235574,0.19395609,0.060068604,0.16063315,0.00199255,0.23143071,0.03908867,105.343765,0.0,3339.3828,574.62115,0.0,1.4570024177373853e-05,0.25003618994014687,2.4511309897716274,0.0,0.0,0.0,0.0,0.0,0.0,0.0,0.0,299.32324,295.4956,300.85864,0.9466648,0.07393196,0.000394803,0.18866159,0.05795629,0.1595123,0.0020003198,0.21995051,0.03763286,111.6414,0.0,3573.0625,609.73236,0.0,7.947285666887183e-06,2.4458407463580443,2.5271825430691024,3181.6484,0,0,0
2020-11-05,0.00027153228,0.0,0.02527237,0.0018261931,0.0,0.0,0.0,0.0,297.51462,293.8226,300.19507,1.457273,0.074750684,0.00032189055,0.1912691,0.058649585,0.15916838,0.00196827,0.23085773,0.038891375,101.900055,0.0,3181.6484,554.89185,0.00027153227711096406,0.00027153227711096406,0.0002940495869552251,2.446369240882632,0.0,0.0,0.0,0.0,0.0,0.0,0.0,0.0,297.48587,294.0121,300.26633,1.2609583,0.077501774,0.00034736082,0.19672926,0.060380857,0.16011816,0.001975064,0.23193328,0.03935312,102.61834,0.0,3212.875,558.9688,0.0,1.4570024177373853e-05,2.2517309844261035e-05,2.446342749935866,0.0,0.0,0.0,0.0,0.0,0.0,0.0,0.0,297.78238,294.40002,300.13962,1.1468207,0.07670392,0.0003054909,0.19475333,0.06020733,0.16029406,0.0019812917,0.23274632,0.039299536,103.42968,0.0,3248.7578,563.61786,0.0,1.4570024177373853e-05,2.2517309844261035e-05,2.446611633124121,0.0,0.0,0.0,0.0,0.0,0.0,0.0,0.0,298.12332,294.106,300.72336,1.3362578,0.07686885,0.00033405345,0.18765666,0.060105223,0.16075557,0.0019764097,0.23263781,0.039377157,104.29845,0.0,3290.1953,568.6364,0.0,1.4570024177373853e-05,0.0010291735197824892,2.4489984680622,1.4570024e-05,0.0,0.0009536743,0.00010857252,0.0,0.0,0.0,0.0,298.87656,294.78882,300.683,0.9845462,0.07500038,0.00044117263,0.19571616,0.05830408,0.1597708,0.002002734,0.22234283,0.03791621,109.816795,0.0,3514.8203,599.6224,1.4570024177373853e-05,2.2517309844261035e-05,2.4458553163822216,2.516722590495192,3157.4062,0,0,0
2020-11-06,0.002875593,0.0,0.06389618,0.008988119,0.0,0.0,0.0,0.0,297.6405,293.51303,299.70566,1.2870966,0.073279284,0.00031205453,0.18717945,0.05735885,0.15828231,0.0019592787,0.23217182,0.03844174,101.27044,0.0,3157.4062,551.4075,0.003147125302348286,0.003147125302348286,0.003169642612192547,2.4492170184075803,0.00027153228,0.0,0.02527237,0.0018261931,0.0,0.0,0.0,0.0,297.51462,293.8226,300.19507,1.457273,0.074750684,0.00032189055,0.1912691,0.058649585,0.15916838,0.00196827,0.23085773,0.038891375,101.900055,0.0,3181.6484,554.89185,0.00027153227711096406,0.00027153227711096406,0.0002940495869552251,2.446369240882632,0.0,0.0,0.0,0.0,0.0,0.0,0.0,0.0,297.48587,294.0121,300.26633,1.2609583,0.077501774,0.00034736082,0.19672926,0.060380857,0.16011816,0.001975064,0.23193328,0.03935312,102.61834,0.0,3212.875,558.9688,0.0,1.4570024177373853e-05,2.2517309844261035e-05,2.446342749935866,0.0,0.0,0.0,0.0,0.0,0.0,0.0,0.0,297.78238,294.40002,300.13962,1.1468207,0.07670392,0.0003054909,0.19475333,0.06020733,0.16029406,0.0019812917,0.23274632,0.039299536,103.42968,0.0,3248.7578,563.61786,0.0,1.4570024177373853e-05,2.2517309844261035e-05,2.446611633124121,0.0,0.0,0.0,0.0,0.0,0.0,0.0,0.0,298.9621,294.23654,301.19504,1.3657532,0.07559952,0.00038108477,0.19047315,0.05924645,0.15979944,0.0019957903,0.22517277,0.038189236,108.127266,0.0,3453.914,590.23285,1.4570024177373853e-05,2.2517309844261035e-05,2.4287262658144755,2.454307255167805,3142.2266,0,0,0
2020-11-07,0.0,0.0,0.0,0.0,0.0,0.0,0.0,0.0,297.83047,293.2626,300.4432,1.487848,0.07373697,0.00029987097,0.18444103,0.057345968,0.15783301,0.0019549837,0.23355223,0.038336694,100.5589,0.0,3142.2266,547.5879,0.003147125302348286,0.003147125302348286,0.003169642612192547,2.4491613874070026,0.002875593,0.0,0.06389618,0.008988119,0.0,0.0,0.0,0.0,297.6405,293.51303,299.70566,1.2870966,0.073279284,0.00031205453,0.18717945,0.05735885,0.15828231,0.0019592787,0.23217182,0.03844174,101.27044,0.0,3157.4062,551.4075,0.003147125302348286,0.003147125302348286,0.003169642612192547,2.4492170184075803,0.00027153228,0.0,0.02527237,0.0018261931,0.0,0.0,0.0,0.0,297.51462,293.8226,300.19507,1.457273,0.074750684,0.00032189055,0.1912691,0.058649585,0.15916838,0.00196827,0.23085773,0.038891375,101.900055,0.0,3181.6484,554.89185,0.00027153227711096406,0.00027153227711096406,0.0002940495869552251,2.446369240882632,0.0,0.0,0.0,0.0,0.0,0.0,0.0,0.0,297.48587,294.0121,300.26633,1.2609583,0.077501774,0.00034736082,0.19672926,0.060380857,0.16011816,0.001975064,0.23193328,0.03935312,102.61834,0.0,3212.875,558.9688,0.0,1.4570024177373853e-05,2.2517309844261035e-05,2.446342749935866,0.0,0.0,0.0,0.0,0.0,0.0,0.0,0.0,298.644,294.21182,300.95987,1.455195,0.07771719,0.00031618495,0.19332461,0.060823575,0.16053396,0.0019958655,0.2293811,0.038810335,106.62188,0.0,3395.2188,581.82806,1.4570024177373853e-05,2.2517309844261035e-05,2.010696361448936,2.45156014321401,3130.6562,0,0,0
2020-11-08,0.0,0.0,0.0,0.0,0.0,0.0,0.0,0.0,297.83682,293.71402,300.35342,1.3199629,0.07400367,0.0002941309,0.18391652,0.05742951,0.1574654,0.0019495304,0.23176914,0.038268745,99.69271,0.0,3130.6562,542.97546,0.002875593025237322,0.003147125302348286,0.0031616953265256598,2.4490196608039696,0.0,0.0,0.0,0.0,0.0,0.0,0.0,0.0,297.83047,293.2626,300.4432,1.487848,0.07373697,0.00029987097,0.18444103,0.057345968,0.15783301,0.0019549837,0.23355223,0.038336694,100.5589,0.0,3142.2266,547.5879,0.003147125302348286,0.003147125302348286,0.003169642612192547,2.4491613874070026,0.002875593,0.0,0.06389618,0.008988119,0.0,0.0,0.0,0.0,297.6405,293.51303,299.70566,1.2870966,0.073279284,0.00031205453,0.18717945,0.05735885,0.15828231,0.0019592787,0.23217182,0.03844174,101.27044,0.0,3157.4062,551.4075,0.003147125302348286,0.003147125302348286,0.003169642612192547,2.4492170184075803,0.00027153228,0.0,0.02527237,0.0018261931,0.0,0.0,0.0,0.0,297.51462,293.8226,300.19507,1.457273,0.074750684,0.00032189055,0.1912691,0.058649585,0.15916838,0.00196827,0.23085773,0.038891375,101.900055,0.0,3181.6484,554.89185,0.00027153227711096406,0.00027153227711096406,0.0002940495869552251,2.446369240882632,0.0,0.0,0.0,0.0,0.0,0.0,0.0,0.0,298.20865,293.49582,300.94284,1.4531362,0.07720154,0.00030235574,0.19395609,0.060068604,0.16063315,0.00199255,0.23143071,0.03908867,105.343765,0.0,3339.3828,574.62115,0.0,1.4570024177373853e-05,0.25003618994014687,2.4511309897716274,3114.7812,0,0,0
2020-11-09,0.0,0.0,0.0,0.0,0.0,0.0,0.0,0.0,298.10886,293.8794,300.8147,1.2681816,0.07392946,0.000322664,0.19038868,0.057813715,0.15713266,0.0019436427,0.23113763,0.038169216,98.64244,0.0,3114.7812,537.376,0.0,0.003147125302348286,0.0031616953265256598,2.4490170117087473,0.0,0.0,0.0,0.0,0.0,0.0,0.0,0.0,297.83682,293.71402,300.35342,1.3199629,0.07400367,0.0002941309,0.18391652,0.05742951,0.1574654,0.0019495304,0.23176914,0.038268745,99.69271,0.0,3130.6562,542.97546,0.002875593025237322,0.003147125302348286,0.0031616953265256598,2.4490196608039696,0.0,0.0,0.0,0.0,0.0,0.0,0.0,0.0,297.83047,293.2626,300.4432,1.487848,0.07373697,0.00029987097,0.18444103,0.057345968,0.15783301,0.0019549837,0.23355223,0.038336694,100.5589,0.0,3142.2266,547.5879,0.003147125302348286,0.003147125302348286,0.003169642612192547,2.4491613874070026,0.002875593,0.0,0.06389618,0.008988119,0.0,0.0,0.0,0.0,297.6405,293.51303,299.70566,1.2870966,0.073279284,0.00031205453,0.18717945,0.05735885,0.15828231,0.0019592787,0.23217182,0.03844174,101.27044,0.0,3157.4062,551.4075,0.003147125302348286,0.003147125302348286,0.003169642612192547,2.4492170184075803,0.0,0.0,0.0,0.0,0.0,0.0,0.0,0.0,298.12332,294.106,300.72336,1.3362578,0.07686885,0.00033405345,0.18765666,0.060105223,0.16075557,0.0019764097,0.23263781,0.039377157,104.29845,0.0,3290.1953,568.6364,0.0,1.4570024177373853e-05,0.0010291735197824892,2.4489984680622,3093.3594,0,0,0
2020-11-10,0.0,0.0,0.0,0.0,0.0,0.0,0.0,0.0,297.71597,293.94266,299.87488,1.117474,0.074166805,0.0003445906,0.18902586,0.05775327,0.15691999,0.0019462808,0.23115934,0.03813811,97.41441,0.0,3093.3594,530.8185,0.0,0.003147125302348286,0.0031616953265256598,2.44900244168457,0.0,0.0,0.0,0.0,0.0,0.0,0.0,0.0,298.10886,293.8794,300.8147,1.2681816,0.07392946,0.000322664,0.19038868,0.057813715,0.15713266,0.0019436427,0.23113763,0.038169216,98.64244,0.0,3114.7812,537.376,0.0,0.003147125302348286,0.0031616953265256598,2.4490170117087473,0.0,0.0,0.0,0.0,0.0,0.0,0.0,0.0,297.83682,293.71402,300.35342,1.3199629,0.07400367,0.0002941309,0.18391652,0.05742951,0.1574654,0.0019495304,0.23176914,0.038268745,99.69271,0.0,3130.6562,542.97546,0.002875593025237322,0.003147125302348286,0.0031616953265256598,2.4490196608039696,0.0,0.0,0.0,0.0,0.0,0.0,0.0,0.0,297.83047,293.2626,300.4432,1.487848,0.07373697,0.00029987097,0.18444103,0.057345968,0.15783301,0.0019549837,0.23355223,0.038336694,100.5589,0.0,3142.2266,547.5879,0.003147125302348286,0.003147125302348286,0.003169642612192547,2.4491613874070026,0.0,0.0,0.0,0.0,0.0,0.0,0.0,0.0,297.78238,294.40002,300.13962,1.1468207,0.07670392,0.0003054909,0.19475333,0.06020733,0.16029406,0.0019812917,0.23274632,0.039299536,103.42968,0.0,3248.7578,563.61786,0.0,1.4570024177373853e-05,2.2517309844261035e-05,2.446611633124121,3065.1484,0,0,0
2020-11-11,0.0,0.0,0.0,0.0,0.0,0.0,0.0,0.0,297.1968,292.90958,299.88858,1.3848679,0.07573881,0.0003059185,0.18788856,0.058336176,0.15698366,0.001945517,0.23110013,0.038272407,96.01608,0.0,3065.1484,523.338,0.0,0.003147125302348286,0.0031616953265256598,2.44900244168457,0.0,0.0,0.0,0.0,0.0,0.0,0.0,0.0,297.71597,293.94266,299.87488,1.117474,0.074166805,0.0003445906,0.18902586,0.05775327,0.15691999,0.0019462808,0.23115934,0.03813811,97.41441,0.0,3093.3594,530.8185,0.0,0.003147125302348286,0.0031616953265256598,2.44900244168457,0.0,0.0,0.0,0.0,0.0,0.0,0.0,0.0,298.10886,293.8794,300.8147,1.2681816,0.07392946,0.000322664,0.19038868,0.057813715,0.15713266,0.0019436427,0.23113763,0.038169216,98.64244,0.0,3114.7812,537.376,0.0,0.003147125302348286,0.0031616953265256598,2.4490170117087473,0.0,0.0,0.0,0.0,0.0,0.0,0.0,0.0,297.83682,293.71402,300.35342,1.3199629,0.07400367,0.0002941309,0.18391652,0.05742951,0.1574654,0.0019495304,0.23176914,0.038268745,99.69271,0.0,3130.6562,542.97546,0.002875593025237322,0.003147125302348286,0.0031616953265256598,2.4490196608039696,0.0,0.0,0.0,0.0,0.0,0.0,0.0,0.0,297.48587,294.0121,300.26633,1.2609583,0.077501774,0.00034736082,0.19672926,0.060380857,0.16011816,0.001975064,0.23193328,0.03935312,102.61834,0.0,3212.875,558.9688,0.0,1.4570024177373853e-05,2.2517309844261035e-05,2.446342749935866,3028.1172,0,0,0
2020-11-12,0.0,0.0,0.0,0.0,0.0,0.0,0.0,0.0,296.24524,292.11978,299.94913,1.4016104,0.07951655,0.00029665497,0.20109533,0.060180016,0.15810554,0.0019398583,0.23386134,0.03896503,94.45834,0.0,3028.1172,514.9898,0.0,0.002875593025237322,0.003147125302348286,2.44900244168457,0.0,0.0,0.0,0.0,0.0,0.0,0.0,0.0,297.1968,292.90958,299.88858,1.3848679,0.07573881,0.0003059185,0.18788856,0.058336176,0.15698366,0.001945517,0.23110013,0.038272407,96.01608,0.0,3065.1484,523.338,0.0,0.003147125302348286,0.0031616953265256598,2.44900244168457,0.0,0.0,0.0,0.0,0.0,0.0,0.0,0.0,297.71597,293.94266,299.87488,1.117474,0.074166805,0.0003445906,0.18902586,0.05775327,0.15691999,0.0019462808,0.23115934,0.03813811,97.41441,0.0,3093.3594,530.8185,0.0,0.003147125302348286,0.0031616953265256598,2.44900244168457,0.0,0.0,0.0,0.0,0.0,0.0,0.0,0.0,298.10886,293.8794,300.8147,1.2681816,0.07392946,0.000322664,0.19038868,0.057813715,0.15713266,0.0019436427,0.23113763,0.038169216,98.64244,0.0,3114.7812,537.376,0.0,0.003147125302348286,0.0031616953265256598,2.4490170117087473,0.00027153228,0.0,0.02527237,0.0018261931,0.0,0.0,0.0,0.0,297.51462,293.8226,300.19507,1.457273,0.074750684,0.00032189055,0.1912691,0.058649585,0.15916838,0.00196827,0.23085773,0.038891375,101.900055,0.0,3181.6484,554.89185,0.00027153227711096406,0.00027153227711096406,0.0002940495869552251,2.446369240882632,2985.4922,0,0,0
2020-11-13,0.0,0.0,0.0,0.0,0.0,0.0,0.0,0.0,296.2634,292.99356,299.38657,1.2496142,0.07891691,0.00029181084,0.20015652,0.060167667,0.15833431,0.0019356101,0.23506765,0.03913876,92.817085,0.0,2985.4922,506.16562,0.0,0.0,0.003147125302348286,2.44900244168457,0.0,0.0,0.0,0.0,0.0,0.0,0.0,0.0,296.24524,292.11978,299.94913,1.4016104,0.07951655,0.00029665497,0.20109533,0.060180016,0.15810554,0.0019398583,0.23386134,0.03896503,94.45834,0.0,3028.1172,514.9898,0.0,0.002875593025237322,0.003147125302348286,2.44900244168457,0.0,0.0,0.0,0.0,0.0,0.0,0.0,0.0,297.1968,292.90958,299.88858,1.3848679,0.07573881,0.0003059185,0.18788856,0.058336176,0.15698366,0.001945517,0.23110013,0.038272407,96.01608,0.0,3065.1484,523.338,0.0,0.003147125302348286,0.0031616953265256598,2.44900244168457,0.0,0.0,0.0,0.0,0.0,0.0,0.0,0.0,297.71597,293.94266,299.87488,1.117474,0.074166805,0.0003445906,0.18902586,0.05775327,0.15691999,0.0019462808,0.23115934,0.03813811,97.41441,0.0,3093.3594,530.8185,0.0,0.003147125302348286,0.0031616953265256598,2.44900244168457,0.002875593,0.0,0.06389618,0.008988119,0.0,0.0,0.0,0.0,297.6405,293.51303,299.70566,1.2870966,0.073279284,0.00031205453,0.18717945,0.05735885,0.15828231,0.0019592787,0.23217182,0.03844174,101.27044,0.0,3157.4062,551.4075,0.003147125302348286,0.003147125302348286,0.003169642612192547,2.4492170184075803,2940.0,0,0,0
2020-11-14,0.0005536609,0.0,0.03194809,0.0031432149,3.973643e-09,0.0,4.7683716e-07,4.3347328e-08,296.87918,292.8387,299.39536,1.3024795,0.07740636,0.00029917186,0.19767225,0.060017038,0.15801659,0.0019268888,0.23395012,0.03899747,91.14515,0.0,2940.0,497.14847,0.0005536609096452594,0.0005536609096452594,0.0037007862119935453,2.449556102594215,0.0,0.0,0.0,0.0,0.0,0.0,0.0,0.0,296.2634,292.99356,299.38657,1.2496142,0.07891691,0.00029181084,0.20015652,0.060167667,0.15833431,0.0019356101,0.23506765,0.03913876,92.817085,0.0,2985.4922,506.16562,0.0,0.0,0.003147125302348286,2.44900244168457,0.0,0.0,0.0,0.0,0.0,0.0,0.0,0.0,296.24524,292.11978,299.94913,1.4016104,0.07951655,0.00029665497,0.20109533,0.060180016,0.15810554,0.0019398583,0.23386134,0.03896503,94.45834,0.0,3028.1172,514.9898,0.0,0.002875593025237322,0.003147125302348286,2.44900244168457,0.0,0.0,0.0,0.0,0.0,0.0,0.0,0.0,297.1968,292.90958,299.88858,1.3848679,0.07573881,0.0003059185,0.18788856,0.058336176,0.15698366,0.001945517,0.23110013,0.038272407,96.01608,0.0,3065.1484,523.338,0.0,0.003147125302348286,0.0031616953265256598,2.44900244168457,0.0,0.0,0.0,0.0,0.0,0.0,0.0,0.0,297.83047,293.2626,300.4432,1.487848,0.07373697,0.00029987097,0.18444103,0.057345968,0.15783301,0.0019549837,0.23355223,0.038336694,100.5589,0.0,3142.2266,547.5879,0.003147125302348286,0.003147125302348286,0.003169642612192547,2.4491613874070026,2893.1875,0,0,0
2020-11-15,0.005684959,0.0,0.23269653,0.025463678,1.7881394e-08,0.0,7.1525574e-07,8.6123606e-08,296.18085,290.8189,299.40363,1.7146167,0.079459764,0.00036584897,0.20334907,0.06039483,0.15865074,0.0019247863,0.23199111,0.039409246,89.45342,0.0,2893.1875,488.00983,0.006238619680516422,0.006238619680516422,0.009385744982864708,2.43811201079734,0.0005536609,0.0,0.03194809,0.0031432149,3.973643e-09,0.0,4.7683716e-07,4.3347328e-08,296.87918,292.8387,299.39536,1.3024795,0.07740636,0.00029917186,0.19767225,0.060017038,0.15801659,0.0019268888,0.23395012,0.03899747,91.14515,0.0,2940.0,497.14847,0.0005536609096452594,0.0005536609096452594,0.0037007862119935453,2.449556102594215,0.0,0.0,0.0,0.0,0.0,0.0,0.0,0.0,296.2634,292.99356,299.38657,1.2496142,0.07891691,0.00029181084,0.20015652,0.060167667,0.15833431,0.0019356101,0.23506765,0.03913876,92.817085,0.0,2985.4922,506.16562,0.0,0.0,0.003147125302348286,2.44900244168457,0.0,0.0,0.0,0.0,0.0,0.0,0.0,0.0,296.24524,292.11978,299.94913,1.4016104,0.07951655,0.00029665497,0.20109533,0.060180016,0.15810554,0.0019398583,0.23386134,0.03896503,94.45834,0.0,3028.1172,514.9898,0.0,0.002875593025237322,0.003147125302348286,2.44900244168457,0.0,0.0,0.0,0.0,0.0,0.0,0.0,0.0,297.83682,293.71402,300.35342,1.3199629,0.07400367,0.0002941309,0.18391652,0.05742951,0.1574654,0.0019495304,0.23176914,0.038268745,99.69271,0.0,3130.6562,542.97546,0.002875593025237322,0.003147125302348286,0.0031616953265256598,2.4490196608039696,2844.086,0,0,0
2020-11-16,0.0,0.0,0.0,0.0,0.0,0.0,0.0,0.0,294.31653,288.50342,298.0735,2.0005457,0.08406232,0.00044697104,0.21417557,0.061976276,0.1600762,0.0019315783,0.23411755,0.040362928,87.720116,0.0,2844.086,478.64743,0.006238619680516422,0.006238619680516422,0.009385744982864708,2.0200821064318006,0.005684959,0.0,0.23269653,0.025463678,1.7881394e-08,0.0,7.1525574e-07,8.6123606e-08,296.18085,290.8189,299.40363,1.7146167,0.079459764,0.00036584897,0.20334907,0.06039483,0.15865074,0.0019247863,0.23199111,0.039409246,89.45342,0.0,2893.1875,488.00983,0.006238619680516422,0.006238619680516422,0.009385744982864708,2.43811201079734,0.0005536609,0.0,0.03194809,0.0031432149,3.973643e-09,0.0,4.7683716e-07,4.3347328e-08,296.87918,292.8387,299.39536,1.3024795,0.07740636,0.00029917186,0.19767225,0.060017038,0.15801659,0.0019268888,0.23395012,0.03899747,91.14515,0.0,2940.0,497.14847,0.0005536609096452594,0.0005536609096452594,0.0037007862119935453,2.449556102594215,0.0,0.0,0.0,0.0,0.0,0.0,0.0,0.0,296.2634,292.99356,299.38657,1.2496142,0.07891691,0.00029181084,0.20015652,0.060167667,0.15833431,0.0019356101,0.23506765,0.03913876,92.817085,0.0,2985.4922,506.16562,0.0,0.0,0.003147125302348286,2.44900244168457,0.0,0.0,0.0,0.0,0.0,0.0,0.0,0.0,298.10886,293.8794,300.8147,1.2681816,0.07392946,0.000322664,0.19038868,0.057813715,0.15713266,0.0019436427,0.23113763,0.038169216,98.64244,0.0,3114.7812,537.376,0.0,0.003147125302348286,0.0031616953265256598,2.4490170117087473,2790.4531,0,0,0
2020-11-17,0.0,0.0,0.0,0.0,0.0,0.0,0.0,0.0,293.00293,287.93027,296.62625,1.6368344,0.08722435,0.00053969165,0.2195192,0.062054966,0.16096126,0.0019405457,0.23491429,0.04082456,85.94994,0.0,2790.4531,469.07544,0.005684958770871162,0.006238619680516422,0.009385744982864708,0.2594219349230116,0.0,0.0,0.0,0.0,0.0,0.0,0.0,0.0,294.31653,288.50342,298.0735,2.0005457,0.08406232,0.00044697104,0.21417557,0.061976276,0.1600762,0.0019315783,0.23411755,0.040362928,87.720116,0.0,2844.086,478.64743,0.006238619680516422,0.006238619680516422,0.009385744982864708,2.0200821064318006,0.005684959,0.0,0.23269653,0.025463678,1.7881394e-08,0.0,7.1525574e-07,8.6123606e-08,296.18085,290.8189,299.40363,1.7146167,0.079459764,0.00036584897,0.20334907,0.06039483,0.15865074,0.0019247863,0.23199111,0.039409246,89.45342,0.0,2893.1875,488.00983,0.006238619680516422,0.006238619680516422,0.009385744982864708,2.43811201079734,0.0005536609,0.0,0.03194809,0.0031432149,3.973643e-09,0.0,4.7683716e-07,4.3347328e-08,296.87918,292.8387,299.39536,1.3024795,0.07740636,0.00029917186,0.19767225,0.060017038,0.15801659,0.0019268888,0.23395012,0.03899747,91.14515,0.0,2940.0,497.14847,0.0005536609096452594,0.0005536609096452594,0.0037007862119935453,2.449556102594215,0.0,0.0,0.0,0.0,0.0,0.0,0.0,0.0,297.71597,293.94266,299.87488,1.117474,0.074166805,0.0003445906,0.18902586,0.05775327,0.15691999,0.0019462808,0.23115934,0.03813811,97.41441,0.0,3093.3594,530.8185,0.0,0.003147125302348286,0.0031616953265256598,2.44900244168457,2735.6406,0,0,0
2020-11-18,0.0,0.0,0.0,0.0,0.0,0.0,0.0,0.0,292.79062,288.87457,296.2438,1.2324239,0.085286126,0.00049224,0.21320547,0.06100215,0.1608867,0.0019427547,0.23502773,0.04068431,84.22392,0.0,2735.6406,459.71317,0.0,0.006238619680516422,0.009385744982864708,0.010414918502647197,0.0,0.0,0.0,0.0,0.0,0.0,0.0,0.0,293.00293,287.93027,296.62625,1.6368344,0.08722435,0.00053969165,0.2195192,0.062054966,0.16096126,0.0019405457,0.23491429,0.04082456,85.94994,0.0,2790.4531,469.07544,0.005684958770871162,0.006238619680516422,0.009385744982864708,0.2594219349230116,0.0,0.0,0.0,0.0,0.0,0.0,0.0,0.0,294.31653,288.50342,298.0735,2.0005457,0.08406232,0.00044697104,0.21417557,0.061976276,0.1600762,0.0019315783,0.23411755,0.040362928,87.720116,0.0,2844.086,478.64743,0.006238619680516422,0.006238619680516422,0.009385744982864708,2.0200821064318006,0.005684959,0.0,0.23269653,0.025463678,1.7881394e-08,0.0,7.1525574e-07,8.6123606e-08,296.18085,290.8189,299.40363,1.7146167,0.079459764,0.00036584897,0.20334907,0.06039483,0.15865074,0.0019247863,0.23199111,0.039409246,89.45342,0.0,2893.1875,488.00983,0.006238619680516422,0.006238619680516422,0.009385744982864708,2.43811201079734,0.0,0.0,0.0,0.0,0.0,0.0,0.0,0.0,297.1968,292.90958,299.88858,1.3848679,0.07573881,0.0003059185,0.18788856,0.058336176,0.15698366,0.001945517,0.23110013,0.038272407,96.01608,0.0,3065.1484,523.338,0.0,0.003147125302348286,0.0031616953265256598,2.44900244168457,2682.6719,0,0,0
2020-11-19,0.0,0.0,0.0,0.0,0.0,0.0,0.0,0.0,293.44153,290.10123,297.33652,1.1985507,0.08244071,0.0004413786,0.20999669,0.06073861,0.16035493,0.0019374228,0.23299743,0.040319227,82.631134,0.0,2682.6719,451.04953,0.0,0.006238619680516422,0.009114212705753744,0.009408262292708969,0.0,0.0,0.0,0.0,0.0,0.0,0.0,0.0,292.79062,288.87457,296.2438,1.2324239,0.085286126,0.00049224,0.21320547,0.06100215,0.1608867,0.0019427547,0.23502773,0.04068431,84.22392,0.0,2735.6406,459.71317,0.0,0.006238619680516422,0.009385744982864708,0.010414918502647197,0.0,0.0,0.0,0.0,0.0,0.0,0.0,0.0,293.00293,287.93027,296.62625,1.6368344,0.08722435,0.00053969165,0.2195192,0.062054966,0.16096126,0.0019405457,0.23491429,0.04082456,85.94994,0.0,2790.4531,469.07544,0.005684958770871162,0.006238619680516422,0.009385744982864708,0.2594219349230116,0.0,0.0,0.0,0.0,0.0,0.0,0.0,0.0,294.31653,288.50342,298.0735,2.0005457,0.08406232,0.00044697104,0.21417557,0.061976276,0.1600762,0.0019315783,0.23411755,0.040362928,87.720116,0.0,2844.086,478.64743,0.006238619680516422,0.006238619680516422,0.009385744982864708,2.0200821064318006,0.0,0.0,0.0,0.0,0.0,0.0,0.0,0.0,296.24524,292.11978,299.94913,1.4016104,0.07951655,0.00029665497,0.20109533,0.060180016,0.15810554,0.0019398583,0.23386134,0.03896503,94.45834,0.0,3028.1172,514.9898,0.0,0.002875593025237322,0.003147125302348286,2.44900244168457,2631.9453,0,0,0
2020-11-20,3.973643e-06,0.0,0.0009536743,5.605513e-05,0.0,0.0,0.0,0.0,293.39813,288.46198,297.54904,1.5723351,0.08106993,0.00041284165,0.21186723,0.06112631,0.16017438,0.0019340193,0.23339649,0.040324584,81.26973,0.0,2631.9453,443.62518,3.973642833443591e-06,0.006242593323349865,0.006242593323349865,0.009412235935542412,0.0,0.0,0.0,0.0,0.0,0.0,0.0,0.0,293.44153,290.10123,297.33652,1.1985507,0.08244071,0.0004413786,0.20999669,0.06073861,0.16035493,0.0019374228,0.23299743,0.040319227,82.631134,0.0,2682.6719,451.04953,0.0,0.006238619680516422,0.009114212705753744,0.009408262292708969,0.0,0.0,0.0,0.0,0.0,0.0,0.0,0.0,292.79062,288.87457,296.2438,1.2324239,0.085286126,0.00049224,0.21320547,0.06100215,0.1608867,0.0019427547,0.23502773,0.04068431,84.22392,0.0,2735.6406,459.71317,0.0,0.006238619680516422,0.009385744982864708,0.010414918502647197,0.0,0.0,0.0,0.0,0.0,0.0,0.0,0.0,293.00293,287.93027,296.62625,1.6368344,0.08722435,0.00053969165,0.2195192,0.062054966,0.16096126,0.0019405457,0.23491429,0.04082456,85.94994,0.0,2790.4531,469.07544,0.005684958770871162,0.006238619680516422,0.009385744982864708,0.2594219349230116,0.0,0.0,0.0,0.0,0.0,0.0,0.0,0.0,296.2634,292.99356,299.38657,1.2496142,0.07891691,0.00029181084,0.20015652,0.060167667,0.15833431,0.0019356101,0.23506765,0.03913876,92.817085,0.0,2985.4922,506.16562,0.0,0.0,0.003147125302348286,2.44900244168457,2582.039,0,0,0
2020-11-21,0.0,0.0,0.0,0.0,0.0,0.0,0.0,0.0,292.68353,288.46603,296.99826,1.4508821,0.082504615,0.00039988788,0.20986176,0.061597373,0.1603075,0.0019202797,0.23578668,0.040608123,80.200645,0.0,2582.039,437.78427,3.973642833443591e-06,0.005688932413704606,0.006242593323349865,0.009412235935542412,3.973643e-06,0.0,0.0009536743,5.605513e-05,0.0,0.0,0.0,0.0,293.39813,288.46198,297.54904,1.5723351,0.08106993,0.00041284165,0.21186723,0.06112631,0.16017438,0.0019340193,0.23339649,0.040324584,81.26973,0.0,2631.9453,443.62518,3.973642833443591e-06,0.006242593323349865,0.006242593323349865,0.009412235935542412,0.0,0.0,0.0,0.0,0.0,0.0,0.0,0.0,293.44153,290.10123,297.33652,1.1985507,0.08244071,0.0004413786,0.20999669,0.06073861,0.16035493,0.0019374228,0.23299743,0.040319227,82.631134,0.0,2682.6719,451.04953,0.0,0.006238619680516422,0.009114212705753744,0.009408262292708969,0.0,0.0,0.0,0.0,0.0,0.0,0.0,0.0,292.79062,288.87457,296.2438,1.2324239,0.085286126,0.00049224,0.21320547,0.06100215,0.1608867,0.0019427547,0.23502773,0.04068431,84.22392,0.0,2735.6406,459.71317,0.0,0.006238619680516422,0.009385744982864708,0.010414918502647197,0.0005536609,0.0,0.03194809,0.0031432149,3.973643e-09,0.0,4.7683716e-07,4.3347328e-08,296.87918,292.8387,299.39536,1.3024795,0.07740636,0.00029917186,0.19767225,0.060017038,0.15801659,0.0019268888,0.23395012,0.03899747,91.14515,0.0,2940.0,497.14847,0.0005536609096452594,0.0005536609096452594,0.0037007862119935453,2.449556102594215,2533.0625,0,0,0
2020-11-22,0.0,0.0,0.0,0.0,0.0,0.0,0.0,0.0,293.3393,289.4615,296.86774,1.3553469,0.08123228,0.0003687581,0.21069968,0.061787337,0.15996602,0.0019262683,0.2359675,0.04053778,79.556076,0.0,2533.0625,434.25644,3.973642833443591e-06,3.973642833443591e-06,0.006242593323349865,0.009412235935542412,0.0,0.0,0.0,0.0,0.0,0.0,0.0,0.0,292.68353,288.46603,296.99826,1.4508821,0.082504615,0.00039988788,0.20986176,0.061597373,0.1603075,0.0019202797,0.23578668,0.040608123,80.200645,0.0,2582.039,437.78427,3.973642833443591e-06,0.005688932413704606,0.006242593323349865,0.009412235935542412,3.973643e-06,0.0,0.0009536743,5.605513e-05,0.0,0.0,0.0,0.0,293.39813,288.46198,297.54904,1.5723351,0.08106993,0.00041284165,0.21186723,0.06112631,0.16017438,0.0019340193,0.23339649,0.040324584,81.26973,0.0,2631.9453,443.62518,3.973642833443591e-06,0.006242593323349865,0.006242593323349865,0.009412235935542412,0.0,0.0,0.0,0.0,0.0,0.0,0.0,0.0,293.44153,290.10123,297.33652,1.1985507,0.08244071,0.0004413786,0.20999669,0.06073861,0.16035493,0.0019374228,0.23299743,0.040319227,82.631134,0.0,2682.6719,451.04953,0.0,0.006238619680516422,0.009114212705753744,0.009408262292708969,0.005684959,0.0,0.23269653,0.025463678,1.7881394e-08,0.0,7.1525574e-07,8.6123606e-08,296.18085,290.8189,299.40363,1.7146167,0.079459764,0.00036584897,0.20334907,0.06039483,0.15865074,0.0019247863,0.23199111,0.039409246,89.45342,0.0,2893.1875,488.00983,0.006238619680516422,0.006238619680516422,0.009385744982864708,2.43811201079734,2561.6094,0,0,0
2020-11-23,0.00033246147,0.0,0.05674362,0.004119884,2.3841858e-08,0.0,4.2915344e-06,3.1898236e-07,293.4474,288.9514,297.57632,1.4246703,0.07862315,0.0003306259,0.20921327,0.06123982,0.15915677,0.0019199331,0.23383826,0.0401399,79.5828,0.0,2561.6094,434.44882,0.0003324614663142711,0.0003364351091477147,0.0065750547896641365,0.009744697401856683,0.0,0.0,0.0,0.0,0.0,0.0,0.0,0.0,293.3393,289.4615,296.86774,1.3553469,0.08123228,0.0003687581,0.21069968,0.061787337,0.15996602,0.0019262683,0.2359675,0.04053778,79.556076,0.0,2533.0625,434.25644,3.973642833443591e-06,3.973642833443591e-06,0.006242593323349865,0.009412235935542412,0.0,0.0,0.0,0.0,0.0,0.0,0.0,0.0,292.68353,288.46603,296.99826,1.4508821,0.082504615,0.00039988788,0.20986176,0.061597373,0.1603075,0.0019202797,0.23578668,0.040608123,80.200645,0.0,2582.039,437.78427,3.973642833443591e-06,0.005688932413704606,0.006242593323349865,0.009412235935542412,3.973643e-06,0.0,0.0009536743,5.605513e-05,0.0,0.0,0.0,0.0,293.39813,288.46198,297.54904,1.5723351,0.08106993,0.00041284165,0.21186723,0.06112631,0.16017438,0.0019340193,0.23339649,0.040324584,81.26973,0.0,2631.9453,443.62518,3.973642833443591e-06,0.006242593323349865,0.006242593323349865,0.009412235935542412,0.0,0.0,0.0,0.0,0.0,0.0,0.0,0.0,294.31653,288.50342,298.0735,2.0005457,0.08406232,0.00044697104,0.21417557,0.061976276,0.1600762,0.0019315783,0.23411755,0.040362928,87.720116,0.0,2844.086,478.64743,0.006238619680516422,0.006238619680516422,0.009385744982864708,2.0200821064318006,2631.0078,0,0,0
2020-11-24,1.3136572,0.0,12.292862,2.3773634,1.8123123e-05,0.0,0.00089383125,8.692449e-05,291.73068,285.03018,296.0357,2.510081,0.08936784,0.00034051467,0.22870989,0.066209495,0.15912424,0.0019143261,0.23467441,0.04020512,80.31635,0.0,2631.0078,438.60858,1.3139896260399837,1.3139935996828171,1.3202322193633336,1.3233939146898592,0.00033246147,0.0,0.05674362,0.004119884,2.3841858e-08,0.0,4.2915344e-06,3.1898236e-07,293.4474,288.9514,297.57632,1.4246703,0.07862315,0.0003306259,0.20921327,0.06123982,0.15915677,0.0019199331,0.23383826,0.0401399,79.5828,0.0,2561.6094,434.44882,0.0003324614663142711,0.0003364351091477147,0.0065750547896641365,0.009744697401856683,0.0,0.0,0.0,0.0,0.0,0.0,0.0,0.0,293.3393,289.4615,296.86774,1.3553469,0.08123228,0.0003687581,0.21069968,0.061787337,0.15996602,0.0019262683,0.2359675,0.04053778,79.556076,0.0,2533.0625,434.25644,3.973642833443591e-06,3.973642833443591e-06,0.006242593323349865,0.009412235935542412,0.0,0.0,0.0,0.0,0.0,0.0,0.0,0.0,292.68353,288.46603,296.99826,1.4508821,0.082504615,0.00039988788,0.20986176,0.061597373,0.1603075,0.0019202797,0.23578668,0.040608123,80.200645,0.0,2582.039,437.78427,3.973642833443591e-06,0.005688932413704606,0.006242593323349865,0.009412235935542412,0.0,0.0,0.0,0.0,0.0,0.0,0.0,0.0,293.00293,287.93027,296.62625,1.6368344,0.08722435,0.00053969165,0.2195192,0.062054966,0.16096126,0.0019405457,0.23491429,0.04082456,85.94994,0.0,2790.4531,469.07544,0.005684958770871162,0.006238619680516422,0.009385744982864708,0.2594219349230116,2648.4844,0,0,0
2020-11-25,0.28922555,0.0,9.470463,1.0042719,1.6927719e-06,0.0,5.376339e-05,5.9626354e-06,291.25662,286.70377,295.31033,1.6876333,0.10329552,0.0003224636,0.23934059,0.06663766,0.15923174,0.0019124689,0.2342873,0.040224165,81.50719,0.0,2648.4844,445.2512,1.6032151745457668,1.6032191481886002,1.6094577678691167,1.6126194631956423,1.3136572,0.0,12.292862,2.3773634,1.8123123e-05,0.0,0.00089383125,8.692449e-05,291.73068,285.03018,296.0357,2.510081,0.08936784,0.00034051467,0.22870989,0.066209495,0.15912424,0.0019143261,0.23467441,0.04020512,80.31635,0.0,2631.0078,438.60858,1.3139896260399837,1.3139935996828171,1.3202322193633336,1.3233939146898592,0.00033246147,0.0,0.05674362,0.004119884,2.3841858e-08,0.0,4.2915344e-06,3.1898236e-07,293.4474,288.9514,297.57632,1.4246703,0.07862315,0.0003306259,0.20921327,0.06123982,0.15915677,0.0019199331,0.23383826,0.0401399,79.5828,0.0,2561.6094,434.44882,0.0003324614663142711,0.0003364351091477147,0.0065750547896641365,0.009744697401856683,0.0,0.0,0.0,0.0,0.0,0.0,0.0,0.0,293.3393,289.4615,296.86774,1.3553469,0.08123228,0.0003687581,0.21069968,0.061787337,0.15996602,0.0019262683,0.2359675,0.04053778,79.556076,0.0,2533.0625,434.25644,3.973642833443591e-06,3.973642833443591e-06,0.006242593323349865,0.009412235935542412,0.0,0.0,0.0,0.0,0.0,0.0,0.0,0.0,292.79062,288.87457,296.2438,1.2324239,0.085286126,0.00049224,0.21320547,0.06100215,0.1608867,0.0019427547,0.23502773,0.04068431,84.22392,0.0,2735.6406,459.71317,0.0,0.006238619680516422,0.009385744982864708,0.010414918502647197,2640.7188,0,0,0
2020-11-26,0.0,0.0,0.0,0.0,0.0,0.0,0.0,0.0,291.4794,286.6807,295.08084,1.773749,0.09767955,0.00032745488,0.22747551,0.064327054,0.15909378,0.0019093212,0.23317279,0.040092044,82.74725,0.0,2640.7188,452.01358,1.6028827130794525,1.6032191481886002,1.6094577678691167,1.6126194631956423,0.28922555,0.0,9.470463,1.0042719,1.6927719e-06,0.0,5.376339e-05,5.9626354e-06,291.25662,286.70377,295.31033,1.6876333,0.10329552,0.0003224636,0.23934059,0.06663766,0.15923174,0.0019124689,0.2342873,0.040224165,81.50719,0.0,2648.4844,445.2512,1.6032151745457668,1.6032191481886002,1.6094577678691167,1.6126194631956423,1.3136572,0.0,12.292862,2.3773634,1.8123123e-05,0.0,0.00089383125,8.692449e-05,291.73068,285.03018,296.0357,2.510081,0.08936784,0.00034051467,0.22870989,0.066209495,0.15912424,0.0019143261,0.23467441,0.04020512,80.31635,0.0,2631.0078,438.60858,1.3139896260399837,1.3139935996828171,1.3202322193633336,1.3233939146898592,0.00033246147,0.0,0.05674362,0.004119884,2.3841858e-08,0.0,4.2915344e-06,3.1898236e-07,293.4474,288.9514,297.57632,1.4246703,0.07862315,0.0003306259,0.20921327,0.06123982,0.15915677,0.0019199331,0.23383826,0.0401399,79.5828,0.0,2561.6094,434.44882,0.0003324614663142711,0.0003364351091477147,0.0065750547896641365,0.009744697401856683,0.0,0.0,0.0,0.0,0.0,0.0,0.0,0.0,293.44153,290.10123,297.33652,1.1985507,0.08244071,0.0004413786,0.20999669,0.06073861,0.16035493,0.0019374228,0.23299743,0.040319227,82.631134,0.0,2682.6719,451.04953,0.0,0.006238619680516422,0.009114212705753744,0.009408262292708969,2633.6953,0,0,0
2020-11-27,0.0,0.0,0.0,0.0,0.0,0.0,0.0,0.0,291.73648,286.9185,295.1781,1.7684058,0.09064872,0.00031804727,0.21705008,0.06283617,0.15844889,0.0019063196,0.23097827,0.039766323,83.58049,0.0,2633.6953,456.49036,0.2892255485057831,1.6032151745457668,1.6094577678691167,1.6126194631956423,0.0,0.0,0.0,0.0,0.0,0.0,0.0,0.0,291.4794,286.6807,295.08084,1.773749,0.09767955,0.00032745488,0.22747551,0.064327054,0.15909378,0.0019093212,0.23317279,0.040092044,82.74725,0.0,2640.7188,452.01358,1.6028827130794525,1.6032191481886002,1.6094577678691167,1.6126194631956423,0.28922555,0.0,9.470463,1.0042719,1.6927719e-06,0.0,5.376339e-05,5.9626354e-06,291.25662,286.70377,295.31033,1.6876333,0.10329552,0.0003224636,0.23934059,0.06663766,0.15923174,0.0019124689,0.2342873,0.040224165,81.50719,0.0,2648.4844,445.2512,1.6032151745457668,1.6032191481886002,1.6094577678691167,1.6126194631956423,1.3136572,0.0,12.292862,2.3773634,1.8123123e-05,0.0,0.00089383125,8.692449e-05,291.73068,285.03018,296.0357,2.510081,0.08936784,0.00034051467,0.22870989,0.066209495,0.15912424,0.0019143261,0.23467441,0.04020512,80.31635,0.0,2631.0078,438.60858,1.3139896260399837,1.3139935996828171,1.3202322193633336,1.3233939146898592,3.973643e-06,0.0,0.0009536743,5.605513e-05,0.0,0.0,0.0,0.0,293.39813,288.46198,297.54904,1.5723351,0.08106993,0.00041284165,0.21186723,0.06112631,0.16017438,0.0019340193,0.23339649,0.040324584,81.26973,0.0,2631.9453,443.62518,3.973642833443591e-06,0.006242593323349865,0.006242593323349865,0.009412235935542412,2629.9062,0,0,0
2020-11-28,0.0,0.0,0.0,0.0,0.0,0.0,0.0,0.0,291.62857,288.5831,295.2159,1.4180832,0.08783049,0.0003411871,0.21105297,0.062377304,0.15812877,0.0019047703,0.23050177,0.039731834,83.73939,0.0,2629.9062,457.3386,0.0,1.6032151745457668,1.6089041069594714,1.612604893171465,0.0,0.0,0.0,0.0,0.0,0.0,0.0,0.0,291.73648,286.9185,295.1781,1.7684058,0.09064872,0.00031804727,0.21705008,0.06283617,0.15844889,0.0019063196,0.23097827,0.039766323,83.58049,0.0,2633.6953,456.49036,0.2892255485057831,1.6032151745457668,1.6094577678691167,1.6126194631956423,0.0,0.0,0.0,0.0,0.0,0.0,0.0,0.0,291.4794,286.6807,295.08084,1.773749,0.09767955,0.00032745488,0.22747551,0.064327054,0.15909378,0.0019093212,0.23317279,0.040092044,82.74725,0.0,2640.7188,452.01358,1.6028827130794525,1.6032191481886002,1.6094577678691167,1.6126194631956423,0.28922555,0.0,9.470463,1.0042719,1.6927719e-06,0.0,5.376339e-05,5.9626354e-06,291.25662,286.70377,295.31033,1.6876333,0.10329552,0.0003224636,0.23934059,0.06663766,0.15923174,0.0019124689,0.2342873,0.040224165,81.50719,0.0,2648.4844,445.2512,1.6032151745457668,1.6032191481886002,1.6094577678691167,1.6126194631956423,0.0,0.0,0.0,0.0,0.0,0.0,0.0,0.0,292.68353,288.46603,296.99826,1.4508821,0.082504615,0.00039988788,0.20986176,0.061597373,0.1603075,0.0019202797,0.23578668,0.040608123,80.200645,0.0,2582.039,437.78427,3.973642833443591e-06,0.005688932413704606,0.006242593323349865,0.009412235935542412,2621.2969,0,0,0
2020-11-29,0.0,0.0,0.0,0.0,0.0,0.0,0.0,0.0,292.0377,289.37216,296.04004,1.6429507,0.08529615,0.0003611343,0.20643617,0.06235397,0.15770015,0.0019023871,0.22997738,0.03965033,83.1274,0.0,2621.2969,454.0801,0.0,1.6032151745457668,1.6032191481886002,1.612604893171465,0.0,0.0,0.0,0.0,0.0,0.0,0.0,0.0,291.62857,288.5831,295.2159,1.4180832,0.08783049,0.0003411871,0.21105297,0.062377304,0.15812877,0.0019047703,0.23050177,0.039731834,83.73939,0.0,2629.9062,457.3386,0.0,1.6032151745457668,1.6089041069594714,1.612604893171465,0.0,0.0,0.0,0.0,0.0,0.0,0.0,0.0,291.73648,286.9185,295.1781,1.7684058,0.09064872,0.00031804727,0.21705008,0.06283617,0.15844889,0.0019063196,0.23097827,0.039766323,83.58049,0.0,2633.6953,456.49036,0.2892255485057831,1.6032151745457668,1.6094577678691167,1.6126194631956423,0.0,0.0,0.0,0.0,0.0,0.0,0.0,0.0,291.4794,286.6807,295.08084,1.773749,0.09767955,0.00032745488,0.22747551,0.064327054,0.15909378,0.0019093212,0.23317279,0.040092044,82.74725,0.0,2640.7188,452.01358,1.6028827130794525,1.6032191481886002,1.6094577678691167,1.6126194631956423,0.0,0.0,0.0,0.0,0.0,0.0,0.0,0.0,293.3393,289.4615,296.86774,1.3553469,0.08123228,0.0003687581,0.21069968,0.061787337,0.15996602,0.0019262683,0.2359675,0.04053778,79.556076,0.0,2533.0625,434.25644,3.973642833443591e-06,3.973642833443591e-06,0.006242593323349865,0.009412235935542412,2613.8438,0,0,0
2020-11-30,0.0,0.0,0.0,0.0,0.0,0.0,0.0,0.0,293.02625,289.8696,296.84827,1.7737616,0.08321386,0.00032514273,0.2029358,0.06210248,0.1574507,0.0019006943,0.22965974,0.039699975,81.84764,0.0,2613.8438,447.20883,0.0,1.6028827130794525,1.6032191481886002,1.612604893171465,0.0,0.0,0.0,0.0,0.0,0.0,0.0,0.0,292.0377,289.37216,296.04004,1.6429507,0.08529615,0.0003611343,0.20643617,0.06235397,0.15770015,0.0019023871,0.22997738,0.03965033,83.1274,0.0,2621.2969,454.0801,0.0,1.6032151745457668,1.6032191481886002,1.612604893171465,0.0,0.0,0.0,0.0,0.0,0.0,0.0,0.0,291.62857,288.5831,295.2159,1.4180832,0.08783049,0.0003411871,0.21105297,0.062377304,0.15812877,0.0019047703,0.23050177,0.039731834,83.73939,0.0,2629.9062,457.3386,0.0,1.6032151745457668,1.6089041069594714,1.612604893171465,0.0,0.0,0.0,0.0,0.0,0.0,0.0,0.0,291.73648,286.9185,295.1781,1.7684058,0.09064872,0.00031804727,0.21705008,0.06283617,0.15844889,0.0019063196,0.23097827,0.039766323,83.58049,0.0,2633.6953,456.49036,0.2892255485057831,1.6032151745457668,1.6094577678691167,1.6126194631956423,0.00033246147,0.0,0.05674362,0.004119884,2.3841858e-08,0.0,4.2915344e-06,3.1898236e-07,293.4474,288.9514,297.57632,1.4246703,0.07862315,0.0003306259,0.20921327,0.06123982,0.15915677,0.0019199331,0.23383826,0.0401399,79.5828,0.0,2561.6094,434.44882,0.0003324614663142711,0.0003364351091477147,0.0065750547896641365,0.009744697401856683,2602.2422,0,0,0
2020-12-01,0.0,0.0,0.0,0.0,0.0,0.0,0.0,0.0,293.8887,290.2225,297.4633,1.7457662,0.08260002,0.00036831945,0.20256889,0.0618435,0.15731798,0.0018926313,0.22990024,0.03981465,80.17611,0.0,2602.2422,438.14804,0.0,0.2892255485057831,1.6032191481886002,1.612604893171465,0.0,0.0,0.0,0.0,0.0,0.0,0.0,0.0,293.02625,289.8696,296.84827,1.7737616,0.08321386,0.00032514273,0.2029358,0.06210248,0.1574507,0.0019006943,0.22965974,0.039699975,81.84764,0.0,2613.8438,447.20883,0.0,1.6028827130794525,1.6032191481886002,1.612604893171465,0.0,0.0,0.0,0.0,0.0,0.0,0.0,0.0,292.0377,289.37216,296.04004,1.6429507,0.08529615,0.0003611343,0.20643617,0.06235397,0.15770015,0.0019023871,0.22997738,0.03965033,83.1274,0.0,2621.2969,454.0801,0.0,1.6032151745457668,1.6032191481886002,1.612604893171465,0.0,0.0,0.0,0.0,0.0,0.0,0.0,0.0,291.62857,288.5831,295.2159,1.4180832,0.08783049,0.0003411871,0.21105297,0.062377304,0.15812877,0.0019047703,0.23050177,0.039731834,83.73939,0.0,2629.9062,457.3386,0.0,1.6032151745457668,1.6089041069594714,1.612604893171465,1.3136572,0.0,12.292862,2.3773634,1.8123123e-05,0.0,0.00089383125,8.692449e-05,291.73068,285.03018,296.0357,2.510081,0.08936784,0.00034051467,0.22870989,0.066209495,0.15912424,0.0019143261,0.23467441,0.04020512,80.31635,0.0,2631.0078,438.60858,1.3139896260399837,1.3139935996828171,1.3202322193633336,1.3233939146898592,2566.7578,0,0,0
2020-12-02,0.0,0.0,0.0,0.0,0.0,0.0,0.0,0.0,294.26767,290.6003,297.6051,1.7077706,0.08133157,0.0003687966,0.19998239,0.06147271,0.15705433,0.0018923763,0.2291314,0.039827447,78.414505,0.0,2566.7578,428.5274,0.0,0.0,1.6032191481886002,1.612604893171465,0.0,0.0,0.0,0.0,0.0,0.0,0.0,0.0,293.8887,290.2225,297.4633,1.7457662,0.08260002,0.00036831945,0.20256889,0.0618435,0.15731798,0.0018926313,0.22990024,0.03981465,80.17611,0.0,2602.2422,438.14804,0.0,0.2892255485057831,1.6032191481886002,1.612604893171465,0.0,0.0,0.0,0.0,0.0,0.0,0.0,0.0,293.02625,289.8696,296.84827,1.7737616,0.08321386,0.00032514273,0.2029358,0.06210248,0.1574507,0.0019006943,0.22965974,0.039699975,81.84764,0.0,2613.8438,447.20883,0.0,1.6028827130794525,1.6032191481886002,1.612604893171465,0.0,0.0,0.0,0.0,0.0,0.0,0.0,0.0,292.0377,289.37216,296.04004,1.6429507,0.08529615,0.0003611343,0.20643617,0.06235397,0.15770015,0.0019023871,0.22997738,0.03965033,83.1274,0.0,2621.2969,454.0801,0.0,1.6032151745457668,1.6032191481886002,1.612604893171465,0.28922555,0.0,9.470463,1.0042719,1.6927719e-06,0.0,5.376339e-05,5.9626354e-06,291.25662,286.70377,295.31033,1.6876333,0.10329552,0.0003224636,0.23934059,0.06663766,0.15923174,0.0019124689,0.2342873,0.040224165,81.50719,0.0,2648.4844,445.2512,1.6032151745457668,1.6032191481886002,1.6094577678691167,1.6126194631956423,2513.0,0,0,0
2020-12-03,0.0,0.0,0.0,0.0,0.0,0.0,0.0,0.0,295.30414,291.59323,298.1094,1.4309329,0.08064086,0.00034284653,0.19806242,0.061339665,0.15674533,0.0018869588,0.22822441,0.03973698,76.80929,0.0,2513.0,419.70203,0.0,0.0,1.6032191481886002,1.612604893171465,0.0,0.0,0.0,0.0,0.0,0.0,0.0,0.0,294.26767,290.6003,297.6051,1.7077706,0.08133157,0.0003687966,0.19998239,0.06147271,0.15705433,0.0018923763,0.2291314,0.039827447,78.414505,0.0,2566.7578,428.5274,0.0,0.0,1.6032191481886002,1.612604893171465,0.0,0.0,0.0,0.0,0.0,0.0,0.0,0.0,293.8887,290.2225,297.4633,1.7457662,0.08260002,0.00036831945,0.20256889,0.0618435,0.15731798,0.0018926313,0.22990024,0.03981465,80.17611,0.0,2602.2422,438.14804,0.0,0.2892255485057831,1.6032191481886002,1.612604893171465,0.0,0.0,0.0,0.0,0.0,0.0,0.0,0.0,293.02625,289.8696,296.84827,1.7737616,0.08321386,0.00032514273,0.2029358,0.06210248,0.1574507,0.0019006943,0.22965974,0.039699975,81.84764,0.0,2613.8438,447.20883,0.0,1.6028827130794525,1.6032191481886002,1.612604893171465,0.0,0.0,0.0,0.0,0.0,0.0,0.0,0.0,291.4794,286.6807,295.08084,1.773749,0.09767955,0.00032745488,0.22747551,0.064327054,0.15909378,0.0019093212,0.23317279,0.040092044,82.74725,0.0,2640.7188,452.01358,1.6028827130794525,1.6032191481886002,1.6094577678691167,1.6126194631956423,2453.5078,0,0,0
2020-12-04,0.00269413,0.0,0.06580353,0.0088859005,1.3245477e-09,0.0,4.7683716e-07,2.5096593e-08,295.8521,292.35245,298.11728,1.4263117,0.07857617,0.0002946329,0.19723158,0.061107017,0.15606932,0.001878757,0.22683781,0.03938141,75.487114,0.0,2453.5078,412.40625,0.0026941299438476562,0.0026941299438476562,1.6059093044896144,1.6152990231153126,0.0,0.0,0.0,0.0,0.0,0.0,0.0,0.0,295.30414,291.59323,298.1094,1.4309329,0.08064086,0.00034284653,0.19806242,0.061339665,0.15674533,0.0018869588,0.22822441,0.03973698,76.80929,0.0,2513.0,419.70203,0.0,0.0,1.6032191481886002,1.612604893171465,0.0,0.0,0.0,0.0,0.0,0.0,0.0,0.0,294.26767,290.6003,297.6051,1.7077706,0.08133157,0.0003687966,0.19998239,0.06147271,0.15705433,0.0018923763,0.2291314,0.039827447,78.414505,0.0,2566.7578,428.5274,0.0,0.0,1.6032191481886002,1.612604893171465,0.0,0.0,0.0,0.0,0.0,0.0,0.0,0.0,293.8887,290.2225,297.4633,1.7457662,0.08260002,0.00036831945,0.20256889,0.0618435,0.15731798,0.0018926313,0.22990024,0.03981465,80.17611,0.0,2602.2422,438.14804,0.0,0.2892255485057831,1.6032191481886002,1.612604893171465,0.0,0.0,0.0,0.0,0.0,0.0,0.0,0.0,291.73648,286.9185,295.1781,1.7684058,0.09064872,0.00031804727,0.21705008,0.06283617,0.15844889,0.0019063196,0.23097827,0.039766323,83.58049,0.0,2633.6953,456.49036,0.2892255485057831,1.6032151745457668,1.6094577678691167,1.6126194631956423,2395.7031,0,0,0
2020-12-05,0.012463993,0.0,0.2207756,0.03236395,1.721912e-08,0.0,9.536743e-07,1.0963381e-07,295.3981,291.85217,297.6947,1.4479265,0.07693348,0.00032701902,0.1955092,0.06060447,0.1557827,0.0018766063,0.22475094,0.039226443,74.478905,0.0,2395.7031,406.84085,0.015158123336732388,0.015158123336732388,1.6183732978824992,1.6274914842310864,0.00269413,0.0,0.06580353,0.0088859005,1.3245477e-09,0.0,4.7683716e-07,2.5096593e-08,295.8521,292.35245,298.11728,1.4263117,0.07857617,0.0002946329,0.19723158,0.061107017,0.15606932,0.001878757,0.22683781,0.03938141,75.487114,0.0,2453.5078,412.40625,0.0026941299438476562,0.0026941299438476562,1.6059093044896144,1.6152990231153126,0.0,0.0,0.0,0.0,0.0,0.0,0.0,0.0,295.30414,291.59323,298.1094,1.4309329,0.08064086,0.00034284653,0.19806242,0.061339665,0.15674533,0.0018869588,0.22822441,0.03973698,76.80929,0.0,2513.0,419.70203,0.0,0.0,1.6032191481886002,1.612604893171465,0.0,0.0,0.0,0.0,0.0,0.0,0.0,0.0,294.26767,290.6003,297.6051,1.7077706,0.08133157,0.0003687966,0.19998239,0.06147271,0.15705433,0.0018923763,0.2291314,0.039827447,78.414505,0.0,2566.7578,428.5274,0.0,0.0,1.6032191481886002,1.612604893171465,0.0,0.0,0.0,0.0,0.0,0.0,0.0,0.0,291.62857,288.5831,295.2159,1.4180832,0.08783049,0.0003411871,0.21105297,0.062377304,0.15812877,0.0019047703,0.23050177,0.039731834,83.73939,0.0,2629.9062,457.3386,0.0,1.6032151745457668,1.6089041069594714,1.612604893171465,2344.711,0,0,0
2020-12-06,0.0023762386,0.0,0.076293945,0.0092627965,3.973643e-09,0.0,4.7683716e-07,3.418257e-08,294.85022,290.31824,297.81873,1.6288774,0.07905551,0.00036921925,0.19616872,0.060908344,0.15679808,0.0018769997,0.22513664,0.03986622,73.71675,0.0,2344.711,402.64825,0.017534361919388175,0.017534361919388175,1.620749536465155,1.6269921297885048,0.012463993,0.0,0.2207756,0.03236395,1.721912e-08,0.0,9.536743e-07,1.0963381e-07,295.3981,291.85217,297.6947,1.4479265,0.07693348,0.00032701902,0.1955092,0.06060447,0.1557827,0.0018766063,0.22475094,0.039226443,74.478905,0.0,2395.7031,406.84085,0.015158123336732388,0.015158123336732388,1.6183732978824992,1.6274914842310864,0.00269413,0.0,0.06580353,0.0088859005,1.3245477e-09,0.0,4.7683716e-07,2.5096593e-08,295.8521,292.35245,298.11728,1.4263117,0.07857617,0.0002946329,0.19723158,0.061107017,0.15606932,0.001878757,0.22683781,0.03938141,75.487114,0.0,2453.5078,412.40625,0.0026941299438476562,0.0026941299438476562,1.6059093044896144,1.6152990231153126,0.0,0.0,0.0,0.0,0.0,0.0,0.0,0.0,295.30414,291.59323,298.1094,1.4309329,0.08064086,0.00034284653,0.19806242,0.061339665,0.15674533,0.0018869588,0.22822441,0.03973698,76.80929,0.0,2513.0,419.70203,0.0,0.0,1.6032191481886002,1.612604893171465,0.0,0.0,0.0,0.0,0.0,0.0,0.0,0.0,292.0377,289.37216,296.04004,1.6429507,0.08529615,0.0003611343,0.20643617,0.06235397,0.15770015,0.0019023871,0.22997738,0.03965033,83.1274,0.0,2621.2969,454.0801,0.0,1.6032151745457668,1.6032191481886002,1.612604893171465,2303.6094,0,0,0
2020-12-07,0.0,0.0,0.0,0.0,0.0,0.0,0.0,0.0,294.89572,290.5987,297.94717,1.7641546,0.08070566,0.00033325717,0.19753464,0.06126711,0.15739587,0.0018782398,0.22580034,0.040326785,73.039955,0.0,2303.6094,398.95306,0.014840231975540519,0.017534361919388175,1.6204170749988407,1.6269921297885048,0.0023762386,0.0,0.076293945,0.0092627965,3.973643e-09,0.0,4.7683716e-07,3.418257e-08,294.85022,290.31824,297.81873,1.6288774,0.07905551,0.00036921925,0.19616872,0.060908344,0.15679808,0.0018769997,0.22513664,0.03986622,73.71675,0.0,2344.711,402.64825,0.017534361919388175,0.017534361919388175,1.620749536465155,1.6269921297885048,0.012463993,0.0,0.2207756,0.03236395,1.721912e-08,0.0,9.536743e-07,1.0963381e-07,295.3981,291.85217,297.6947,1.4479265,0.07693348,0.00032701902,0.1955092,0.06060447,0.1557827,0.0018766063,0.22475094,0.039226443,74.478905,0.0,2395.7031,406.84085,0.015158123336732388,0.015158123336732388,1.6183732978824992,1.6274914842310864,0.00269413,0.0,0.06580353,0.0088859005,1.3245477e-09,0.0,4.7683716e-07,2.5096593e-08,295.8521,292.35245,298.11728,1.4263117,0.07857617,0.0002946329,0.19723158,0.061107017,0.15606932,0.001878757,0.22683781,0.03938141,75.487114,0.0,2453.5078,412.40625,0.0026941299438476562,0.0026941299438476562,1.6059093044896144,1.6152990231153126,0.0,0.0,0.0,0.0,0.0,0.0,0.0,0.0,293.02625,289.8696,296.84827,1.7737616,0.08321386,0.00032514273,0.2029358,0.06210248,0.1574507,0.0019006943,0.22965974,0.039699975,81.84764,0.0,2613.8438,447.20883,0.0,1.6028827130794525,1.6032191481886002,1.612604893171465,2274.3984,0,0,0
2020-12-08,0.07985168,0.0,4.1832924,0.40645373,1.9629797e-06,0.0,0.00024926662,1.597408e-05,294.56094,290.2572,297.50037,1.6123949,0.08165355,0.00036930168,0.19699024,0.06115774,0.15797824,0.0018787818,0.22749399,0.040718384,72.309105,0.0,2274.3984,394.98828,0.08222791808657348,0.09738604142330587,0.38661158992908895,1.7068438092924225,0.0,0.0,0.0,0.0,0.0,0.0,0.0,0.0,294.89572,290.5987,297.94717,1.7641546,0.08070566,0.00033325717,0.19753464,0.06126711,0.15739587,0.0018782398,0.22580034,0.040326785,73.039955,0.0,2303.6094,398.95306,0.014840231975540519,0.017534361919388175,1.6204170749988407,1.6269921297885048,0.0023762386,0.0,0.076293945,0.0092627965,3.973643e-09,0.0,4.7683716e-07,3.418257e-08,294.85022,290.31824,297.81873,1.6288774,0.07905551,0.00036921925,0.19616872,0.060908344,0.15679808,0.0018769997,0.22513664,0.03986622,73.71675,0.0,2344.711,402.64825,0.017534361919388175,0.017534361919388175,1.620749536465155,1.6269921297885048,0.012463993,0.0,0.2207756,0.03236395,1.721912e-08,0.0,9.536743e-07,1.0963381e-07,295.3981,291.85217,297.6947,1.4479265,0.07693348,0.00032701902,0.1955092,0.06060447,0.1557827,0.0018766063,0.22475094,0.039226443,74.478905,0.0,2395.7031,406.84085,0.015158123336732388,0.015158123336732388,1.6183732978824992,1.6274914842310864,0.0,0.0,0.0,0.0,0.0,0.0,0.0,0.0,293.8887,290.2225,297.4633,1.7457662,0.08260002,0.00036831945,0.20256889,0.0618435,0.15731798,0.0018926313,0.22990024,0.03981465,80.17611,0.0,2602.2422,438.14804,0.0,0.2892255485057831,1.6032191481886002,1.612604893171465,2257.1484,0,0,0
2020-12-09,0.19586085,0.0,10.351658,1.0233824,1.5053485e-06,0.0,9.012222e-05,7.658907e-06,293.35004,287.76233,296.72092,1.9358103,0.08577997,0.00040358523,0.25346807,0.0644682,0.15834245,0.0018824711,0.22828157,0.040980656,71.39841,0.0,2257.1484,390.06665,0.2757125273346901,0.29324688925407827,0.29324688925407827,1.902704657123195,0.07985168,0.0,4.1832924,0.40645373,1.9629797e-06,0.0,0.00024926662,1.597408e-05,294.56094,290.2572,297.50037,1.6123949,0.08165355,0.00036930168,0.19699024,0.06115774,0.15797824,0.0018787818,0.22749399,0.040718384,72.309105,0.0,2274.3984,394.98828,0.08222791808657348,0.09738604142330587,0.38661158992908895,1.7068438092924225,0.0,0.0,0.0,0.0,0.0,0.0,0.0,0.0,294.89572,290.5987,297.94717,1.7641546,0.08070566,0.00033325717,0.19753464,0.06126711,0.15739587,0.0018782398,0.22580034,0.040326785,73.039955,0.0,2303.6094,398.95306,0.014840231975540519,0.017534361919388175,1.6204170749988407,1.6269921297885048,0.0023762386,0.0,0.076293945,0.0092627965,3.973643e-09,0.0,4.7683716e-07,3.418257e-08,294.85022,290.31824,297.81873,1.6288774,0.07905551,0.00036921925,0.19616872,0.060908344,0.15679808,0.0018769997,0.22513664,0.03986622,73.71675,0.0,2344.711,402.64825,0.017534361919388175,0.017534361919388175,1.620749536465155,1.6269921297885048,0.0,0.0,0.0,0.0,0.0,0.0,0.0,0.0,294.26767,290.6003,297.6051,1.7077706,0.08133157,0.0003687966,0.19998239,0.06147271,0.15705433,0.0018923763,0.2291314,0.039827447,78.414505,0.0,2566.7578,428.5274,0.0,0.0,1.6032191481886002,1.612604893171465,2244.3828,0,0,0
2020-12-10,0.28434992,0.0,11.577129,1.0572867,6.643269e-06,0.0,0.0006620884,4.7408455e-05,293.1988,286.75293,296.55167,1.9522156,0.089811444,0.00045686928,0.25305784,0.06546903,0.15922658,0.0018885593,0.23050082,0.041534606,70.263336,0.0,2244.3828,383.93536,0.5600624457001686,0.5775968076195568,0.5775968076195568,2.1870545754886734,0.19586085,0.0,10.351658,1.0233824,1.5053485e-06,0.0,9.012222e-05,7.658907e-06,293.35004,287.76233,296.72092,1.9358103,0.08577997,0.00040358523,0.25346807,0.0644682,0.15834245,0.0018824711,0.22828157,0.040980656,71.39841,0.0,2257.1484,390.06665,0.2757125273346901,0.29324688925407827,0.29324688925407827,1.902704657123195,0.07985168,0.0,4.1832924,0.40645373,1.9629797e-06,0.0,0.00024926662,1.597408e-05,294.56094,290.2572,297.50037,1.6123949,0.08165355,0.00036930168,0.19699024,0.06115774,0.15797824,0.0018787818,0.22749399,0.040718384,72.309105,0.0,2274.3984,394.98828,0.08222791808657348,0.09738604142330587,0.38661158992908895,1.7068438092924225,0.0,0.0,0.0,0.0,0.0,0.0,0.0,0.0,294.89572,290.5987,297.94717,1.7641546,0.08070566,0.00033325717,0.19753464,0.06126711,0.15739587,0.0018782398,0.22580034,0.040326785,73.039955,0.0,2303.6094,398.95306,0.014840231975540519,0.017534361919388175,1.6204170749988407,1.6269921297885048,0.0,0.0,0.0,0.0,0.0,0.0,0.0,0.0,295.30414,291.59323,298.1094,1.4309329,0.08064086,0.00034284653,0.19806242,0.061339665,0.15674533,0.0018869588,0.22822441,0.03973698,76.80929,0.0,2513.0,419.70203,0.0,0.0,1.6032191481886002,1.612604893171465,2226.6094,0,0,0
2020-12-11,0.334892,0.0,5.15604,0.848169,3.6809179e-06,0.0,0.0002257824,1.8466188e-05,292.05667,285.94092,295.99197,2.2819035,0.097668014,0.00043855654,0.31044695,0.07166083,0.1597171,0.0018887728,0.23218393,0.04192592,68.9242,0.0,2226.6094,376.68097,0.8151027709245682,0.9097946824040264,0.912488812347874,2.5219465802169907,0.28434992,0.0,11.577129,1.0572867,6.643269e-06,0.0,0.0006620884,4.7408455e-05,293.1988,286.75293,296.55167,1.9522156,0.089811444,0.00045686928,0.25305784,0.06546903,0.15922658,0.0018885593,0.23050082,0.041534606,70.263336,0.0,2244.3828,383.93536,0.5600624457001686,0.5775968076195568,0.5775968076195568,2.1870545754886734,0.19586085,0.0,10.351658,1.0233824,1.5053485e-06,0.0,9.012222e-05,7.658907e-06,293.35004,287.76233,296.72092,1.9358103,0.08577997,0.00040358523,0.25346807,0.0644682,0.15834245,0.0018824711,0.22828157,0.040980656,71.39841,0.0,2257.1484,390.06665,0.2757125273346901,0.29324688925407827,0.29324688925407827,1.902704657123195,0.07985168,0.0,4.1832924,0.40645373,1.9629797e-06,0.0,0.00024926662,1.597408e-05,294.56094,290.2572,297.50037,1.6123949,0.08165355,0.00036930168,0.19699024,0.06115774,0.15797824,0.0018787818,0.22749399,0.040718384,72.309105,0.0,2274.3984,394.98828,0.08222791808657348,0.09738604142330587,0.38661158992908895,1.7068438092924225,0.00269413,0.0,0.06580353,0.0088859005,1.3245477e-09,0.0,4.7683716e-07,2.5096593e-08,295.8521,292.35245,298.11728,1.4263117,0.07857617,0.0002946329,0.19723158,0.061107017,0.15606932,0.001878757,0.22683781,0.03938141,75.487114,0.0,2453.5078,412.40625,0.0026941299438476562,0.0026941299438476562,1.6059093044896144,1.6152990231153126,2199.2031,0,0,0
2020-12-12,9.006924e-05,0.0,0.002861023,0.000349279,0.0,0.0,0.0,0.0,290.7169,285.2991,294.94763,2.01927,0.09589662,0.00045788722,0.2811274,0.067848794,0.16007179,0.0018850997,0.23176575,0.042280935,67.48423,0.0,2199.2031,368.84262,0.6193319923331728,0.8974207582505187,0.9125788815872511,2.5220366494563677,0.334892,0.0,5.15604,0.848169,3.6809179e-06,0.0,0.0002257824,1.8466188e-05,292.05667,285.94092,295.99197,2.2819035,0.097668014,0.00043855654,0.31044695,0.07166083,0.1597171,0.0018887728,0.23218393,0.04192592,68.9242,0.0,2226.6094,376.68097,0.8151027709245682,0.9097946824040264,0.912488812347874,2.5219465802169907,0.28434992,0.0,11.577129,1.0572867,6.643269e-06,0.0,0.0006620884,4.7408455e-05,293.1988,286.75293,296.55167,1.9522156,0.089811444,0.00045686928,0.25305784,0.06546903,0.15922658,0.0018885593,0.23050082,0.041534606,70.263336,0.0,2244.3828,383.93536,0.5600624457001686,0.5775968076195568,0.5775968076195568,2.1870545754886734,0.19586085,0.0,10.351658,1.0233824,1.5053485e-06,0.0,9.012222e-05,7.658907e-06,293.35004,287.76233,296.72092,1.9358103,0.08577997,0.00040358523,0.25346807,0.0644682,0.15834245,0.0018824711,0.22828157,0.040980656,71.39841,0.0,2257.1484,390.06665,0.2757125273346901,0.29324688925407827,0.29324688925407827,1.902704657123195,0.012463993,0.0,0.2207756,0.03236395,1.721912e-08,0.0,9.536743e-07,1.0963381e-07,295.3981,291.85217,297.6947,1.4479265,0.07693348,0.00032701902,0.1955092,0.06060447,0.1557827,0.0018766063,0.22475094,0.039226443,74.478905,0.0,2395.7031,406.84085,0.015158123336732388,0.015158123336732388,1.6183732978824992,1.6274914842310864,2163.1484,0,0,0
2020-12-13,0.0,0.0,0.0,0.0,0.0,0.0,0.0,0.0,289.7159,284.8179,294.1152,1.8408688,0.09330027,0.0004445794,0.2667537,0.06607291,0.16027576,0.0018898466,0.2331482,0.042291913,66.04839,0.0,2163.1484,360.99872,0.3349820739676943,0.8950445196678629,0.9125788815872511,2.5220366494563677,9.006924e-05,0.0,0.002861023,0.000349279,0.0,0.0,0.0,0.0,290.7169,285.2991,294.94763,2.01927,0.09589662,0.00045788722,0.2811274,0.067848794,0.16007179,0.0018850997,0.23176575,0.042280935,67.48423,0.0,2199.2031,368.84262,0.6193319923331728,0.8974207582505187,0.9125788815872511,2.5220366494563677,0.334892,0.0,5.15604,0.848169,3.6809179e-06,0.0,0.0002257824,1.8466188e-05,292.05667,285.94092,295.99197,2.2819035,0.097668014,0.00043855654,0.31044695,0.07166083,0.1597171,0.0018887728,0.23218393,0.04192592,68.9242,0.0,2226.6094,376.68097,0.8151027709245682,0.9097946824040264,0.912488812347874,2.5219465802169907,0.28434992,0.0,11.577129,1.0572867,6.643269e-06,0.0,0.0006620884,4.7408455e-05,293.1988,286.75293,296.55167,1.9522156,0.089811444,0.00045686928,0.25305784,0.06546903,0.15922658,0.0018885593,0.23050082,0.041534606,70.263336,0.0,2244.3828,383.93536,0.5600624457001686,0.5775968076195568,0.5775968076195568,2.1870545754886734,0.0023762386,0.0,0.076293945,0.0092627965,3.973643e-09,0.0,4.7683716e-07,3.418257e-08,294.85022,290.31824,297.81873,1.6288774,0.07905551,0.00036921925,0.19616872,0.060908344,0.15679808,0.0018769997,0.22513664,0.03986622,73.71675,0.0,2344.711,402.64825,0.017534361919388175,0.017534361919388175,1.620749536465155,1.6269921297885048,2120.0312,0,0,0
2020-12-14,0.0,0.0,0.0,0.0,0.0,0.0,0.0,0.0,289.31927,284.40323,293.7294,1.6452351,0.08943259,0.00043895267,0.2520494,0.06479608,0.1598761,0.0018862439,0.23379433,0.042100478,64.66653,0.0,2120.0312,353.4268,9.006923937704414e-05,0.8950445196678629,0.9125788815872511,2.5214829885467225,0.0,0.0,0.0,0.0,0.0,0.0,0.0,0.0,289.7159,284.8179,294.1152,1.8408688,0.09330027,0.0004445794,0.2667537,0.06607291,0.16027576,0.0018898466,0.2331482,0.042291913,66.04839,0.0,2163.1484,360.99872,0.3349820739676943,0.8950445196678629,0.9125788815872511,2.5220366494563677,9.006924e-05,0.0,0.002861023,0.000349279,0.0,0.0,0.0,0.0,290.7169,285.2991,294.94763,2.01927,0.09589662,0.00045788722,0.2811274,0.067848794,0.16007179,0.0018850997,0.23176575,0.042280935,67.48423,0.0,2199.2031,368.84262,0.6193319923331728,0.8974207582505187,0.9125788815872511,2.5220366494563677,0.334892,0.0,5.15604,0.848169,3.6809179e-06,0.0,0.0002257824,1.8466188e-05,292.05667,285.94092,295.99197,2.2819035,0.097668014,0.00043855654,0.31044695,0.07166083,0.1597171,0.0018887728,0.23218393,0.04192592,68.9242,0.0,2226.6094,376.68097,0.8151027709245682,0.9097946824040264,0.912488812347874,2.5219465802169907,0.0,0.0,0.0,0.0,0.0,0.0,0.0,0.0,294.89572,290.5987,297.94717,1.7641546,0.08070566,0.00033325717,0.19753464,0.06126711,0.15739587,0.0018782398,0.22580034,0.040326785,73.039955,0.0,2303.6094,398.95306,0.014840231975540519,0.017534361919388175,1.6204170749988407,1.6269921297885048,2073.5156,0,0,0
2020-12-15,0.0,0.0,0.0,0.0,0.0,0.0,0.0,0.0,288.29684,281.88364,293.12842,2.2373118,0.09244528,0.00046089245,0.24638872,0.06400625,0.16052431,0.0018904681,0.2369483,0.042794667,63.42719,0.0,2073.5156,346.6064,0.0,0.8151928401639452,0.9125788815872511,2.5157980297758513,0.0,0.0,0.0,0.0,0.0,0.0,0.0,0.0,289.31927,284.40323,293.7294,1.6452351,0.08943259,0.00043895267,0.2520494,0.06479608,0.1598761,0.0018862439,0.23379433,0.042100478,64.66653,0.0,2120.0312,353.4268,9.006923937704414e-05,0.8950445196678629,0.9125788815872511,2.5214829885467225,0.0,0.0,0.0,0.0,0.0,0.0,0.0,0.0,289.7159,284.8179,294.1152,1.8408688,0.09330027,0.0004445794,0.2667537,0.06607291,0.16027576,0.0018898466,0.2331482,0.042291913,66.04839,0.0,2163.1484,360.99872,0.3349820739676943,0.8950445196678629,0.9125788815872511,2.5220366494563677,9.006924e-05,0.0,0.002861023,0.000349279,0.0,0.0,0.0,0.0,290.7169,285.2991,294.94763,2.01927,0.09589662,0.00045788722,0.2811274,0.067848794,0.16007179,0.0018850997,0.23176575,0.042280935,67.48423,0.0,2199.2031,368.84262,0.6193319923331728,0.8974207582505187,0.9125788815872511,2.5220366494563677,0.07985168,0.0,4.1832924,0.40645373,1.9629797e-06,0.0,0.00024926662,1.597408e-05,294.56094,290.2572,297.50037,1.6123949,0.08165355,0.00036930168,0.19699024,0.06115774,0.15797824,0.0018787818,0.22749399,0.040718384,72.309105,0.0,2274.3984,394.98828,0.08222791808657348,0.09738604142330587,0.38661158992908895,1.7068438092924225,2026.8672,0,0,0
2020-12-16,0.0,0.0,0.0,0.0,0.0,0.0,0.0,0.0,287.12006,282.1598,291.9259,1.9594575,0.096089594,0.00048454417,0.23953827,0.062149704,0.16134629,0.0018897662,0.23946214,0.043683816,62.42964,0.0,2026.8672,341.09396,0.0,0.6193319923331728,0.9125788815872511,2.5157980297758513,0.0,0.0,0.0,0.0,0.0,0.0,0.0,0.0,288.29684,281.88364,293.12842,2.2373118,0.09244528,0.00046089245,0.24638872,0.06400625,0.16052431,0.0018904681,0.2369483,0.042794667,63.42719,0.0,2073.5156,346.6064,0.0,0.8151928401639452,0.9125788815872511,2.5157980297758513,0.0,0.0,0.0,0.0,0.0,0.0,0.0,0.0,289.31927,284.40323,293.7294,1.6452351,0.08943259,0.00043895267,0.2520494,0.06479608,0.1598761,0.0018862439,0.23379433,0.042100478,64.66653,0.0,2120.0312,353.4268,9.006923937704414e-05,0.8950445196678629,0.9125788815872511,2.5214829885467225,0.0,0.0,0.0,0.0,0.0,0.0,0.0,0.0,289.7159,284.8179,294.1152,1.8408688,0.09330027,0.0004445794,0.2667537,0.06607291,0.16027576,0.0018898466,0.2331482,0.042291913,66.04839,0.0,2163.1484,360.99872,0.3349820739676943,0.8950445196678629,0.9125788815872511,2.5220366494563677,0.19586085,0.0,10.351658,1.0233824,1.5053485e-06,0.0,9.012222e-05,7.658907e-06,293.35004,287.76233,296.72092,1.9358103,0.08577997,0.00040358523,0.25346807,0.0644682,0.15834245,0.0018824711,0.22828157,0.040980656,71.39841,0.0,2257.1484,390.06665,0.2757125273346901,0.29324688925407827,0.29324688925407827,1.902704657123195,1982.0156,0,0,0
2020-12-17,0.0,0.0,0.0,0.0,0.0,0.0,0.0,0.0,286.88693,282.8788,291.60425,1.6950635,0.0920404,0.0004522507,0.23047279,0.06283366,0.16122131,0.0018937247,0.2375441,0.043632492,61.80496,0.0,1982.0156,337.6207,0.0,0.3349820739676943,0.9125788815872511,2.5157980297758513,0.0,0.0,0.0,0.0,0.0,0.0,0.0,0.0,287.12006,282.1598,291.9259,1.9594575,0.096089594,0.00048454417,0.23953827,0.062149704,0.16134629,0.0018897662,0.23946214,0.043683816,62.42964,0.0,2026.8672,341.09396,0.0,0.6193319923331728,0.9125788815872511,2.5157980297758513,0.0,0.0,0.0,0.0,0.0,0.0,0.0,0.0,288.29684,281.88364,293.12842,2.2373118,0.09244528,0.00046089245,0.24638872,0.06400625,0.16052431,0.0018904681,0.2369483,0.042794667,63.42719,0.0,2073.5156,346.6064,0.0,0.8151928401639452,0.9125788815872511,2.5157980297758513,0.0,0.0,0.0,0.0,0.0,0.0,0.0,0.0,289.31927,284.40323,293.7294,1.6452351,0.08943259,0.00043895267,0.2520494,0.06479608,0.1598761,0.0018862439,0.23379433,0.042100478,64.66653,0.0,2120.0312,353.4268,9.006923937704414e-05,0.8950445196678629,0.9125788815872511,2.5214829885467225,0.28434992,0.0,11.577129,1.0572867,6.643269e-06,0.0,0.0006620884,4.7408455e-05,293.1988,286.75293,296.55167,1.9522156,0.089811444,0.00045686928,0.25305784,0.06546903,0.15922658,0.0018885593,0.23050082,0.041534606,70.263336,0.0,2244.3828,383.93536,0.5600624457001686,0.5775968076195568,0.5775968076195568,2.1870545754886734,1976.8906,0,0,0
2020-12-18,0.0,0.0,0.0,0.0,0.0,0.0,0.0,0.0,287.4777,284.3513,292.50638,1.5322766,0.0904938,0.0004725804,0.22686534,0.06401733,0.16083543,0.0019016941,0.23663719,0.04361674,61.679752,0.0,1976.8906,336.92178,0.0,9.006923937704414e-05,0.9098847516434034,2.5157980297758513,0.0,0.0,0.0,0.0,0.0,0.0,0.0,0.0,286.88693,282.8788,291.60425,1.6950635,0.0920404,0.0004522507,0.23047279,0.06283366,0.16122131,0.0018937247,0.2375441,0.043632492,61.80496,0.0,1982.0156,337.6207,0.0,0.3349820739676943,0.9125788815872511,2.5157980297758513,0.0,0.0,0.0,0.0,0.0,0.0,0.0,0.0,287.12006,282.1598,291.9259,1.9594575,0.096089594,0.00048454417,0.23953827,0.062149704,0.16134629,0.0018897662,0.23946214,0.043683816,62.42964,0.0,2026.8672,341.09396,0.0,0.6193319923331728,0.9125788815872511,2.5157980297758513,0.0,0.0,0.0,0.0,0.0,0.0,0.0,0.0,288.29684,281.88364,293.12842,2.2373118,0.09244528,0.00046089245,0.24638872,0.06400625,0.16052431,0.0018904681,0.2369483,0.042794667,63.42719,0.0,2073.5156,346.6064,0.0,0.8151928401639452,0.9125788815872511,2.5157980297758513,0.334892,0.0,5.15604,0.848169,3.6809179e-06,0.0,0.0002257824,1.8466188e-05,292.05667,285.94092,295.99197,2.2819035,0.097668014,0.00043855654,0.31044695,0.07166083,0.1597171,0.0018887728,0.23218393,0.04192592,68.9242,0.0,2226.6094,376.68097,0.8151027709245682,0.9097946824040264,0.912488812347874,2.5219465802169907,2031.2969,0,0,0
2020-12-19,0.0,0.0,0.0,0.0,0.0,0.0,0.0,0.0,288.89786,284.96762,293.80746,1.8271717,0.08846519,0.0004873999,0.21946566,0.06421699,0.16056181,0.0019014655,0.23675139,0.04373732,62.07292,0.0,2031.2969,339.1266,0.0,0.0,0.8974207582505187,2.5157980297758513,0.0,0.0,0.0,0.0,0.0,0.0,0.0,0.0,287.4777,284.3513,292.50638,1.5322766,0.0904938,0.0004725804,0.22686534,0.06401733,0.16083543,0.0019016941,0.23663719,0.04361674,61.679752,0.0,1976.8906,336.92178,0.0,9.006923937704414e-05,0.9098847516434034,2.5157980297758513,0.0,0.0,0.0,0.0,0.0,0.0,0.0,0.0,286.88693,282.8788,291.60425,1.6950635,0.0920404,0.0004522507,0.23047279,0.06283366,0.16122131,0.0018937247,0.2375441,0.043632492,61.80496,0.0,1982.0156,337.6207,0.0,0.3349820739676943,0.9125788815872511,2.5157980297758513,0.0,0.0,0.0,0.0,0.0,0.0,0.0,0.0,287.12006,282.1598,291.9259,1.9594575,0.096089594,0.00048454417,0.23953827,0.062149704,0.16134629,0.0018897662,0.23946214,0.043683816,62.42964,0.0,2026.8672,341.09396,0.0,0.6193319923331728,0.9125788815872511,2.5157980297758513,9.006924e-05,0.0,0.002861023,0.000349279,0.0,0.0,0.0,0.0,290.7169,285.2991,294.94763,2.01927,0.09589662,0.00045788722,0.2811274,0.067848794,0.16007179,0.0018850997,0.23176575,0.042280935,67.48423,0.0,2199.2031,368.84262,0.6193319923331728,0.8974207582505187,0.9125788815872511,2.5220366494563677,2074.5156,0,0,0
2020-12-20,0.0,0.0,0.0,0.0,0.0,0.0,0.0,0.0,289.69467,286.24576,294.35953,1.6299925,0.08768266,0.00046973056,0.21572165,0.06442447,0.16053818,0.0019119974,0.23643833,0.043920197,62.87827,0.0,2074.5156,343.6232,0.0,0.0,0.8950445196678629,2.515794056133018,0.0,0.0,0.0,0.0,0.0,0.0,0.0,0.0,288.89786,284.96762,293.80746,1.8271717,0.08846519,0.0004873999,0.21946566,0.06421699,0.16056181,0.0019014655,0.23675139,0.04373732,62.07292,0.0,2031.2969,339.1266,0.0,0.0,0.8974207582505187,2.5157980297758513,0.0,0.0,0.0,0.0,0.0,0.0,0.0,0.0,287.4777,284.3513,292.50638,1.5322766,0.0904938,0.0004725804,0.22686534,0.06401733,0.16083543,0.0019016941,0.23663719,0.04361674,61.679752,0.0,1976.8906,336.92178,0.0,9.006923937704414e-05,0.9098847516434034,2.5157980297758513,0.0,0.0,0.0,0.0,0.0,0.0,0.0,0.0,286.88693,282.8788,291.60425,1.6950635,0.0920404,0.0004522507,0.23047279,0.06283366,0.16122131,0.0018937247,0.2375441,0.043632492,61.80496,0.0,1982.0156,337.6207,0.0,0.3349820739676943,0.9125788815872511,2.5157980297758513,0.0,0.0,0.0,0.0,0.0,0.0,0.0,0.0,289.7159,284.8179,294.1152,1.8408688,0.09330027,0.0004445794,0.2667537,0.06607291,0.16027576,0.0018898466,0.2331482,0.042291913,66.04839,0.0,2163.1484,360.99872,0.3349820739676943,0.8950445196678629,0.9125788815872511,2.5220366494563677,2102.2812,0,0,0
2020-12-21,1.3245476e-06,0.0,0.00047683716,2.5096593e-05,0.0,0.0,0.0,0.0,290.22937,286.71,294.30447,1.3046393,0.08436395,0.0004243652,0.21187115,0.063748315,0.15974404,0.0019088184,0.23264651,0.0434351,63.971592,0.0,2102.2812,349.64975,1.3245476111478638e-06,1.3245476111478638e-06,0.8950458442154741,2.515795380680629,0.0,0.0,0.0,0.0,0.0,0.0,0.0,0.0,289.69467,286.24576,294.35953,1.6299925,0.08768266,0.00046973056,0.21572165,0.06442447,0.16053818,0.0019119974,0.23643833,0.043920197,62.87827,0.0,2074.5156,343.6232,0.0,0.0,0.8950445196678629,2.515794056133018,0.0,0.0,0.0,0.0,0.0,0.0,0.0,0.0,288.89786,284.96762,293.80746,1.8271717,0.08846519,0.0004873999,0.21946566,0.06421699,0.16056181,0.0019014655,0.23675139,0.04373732,62.07292,0.0,2031.2969,339.1266,0.0,0.0,0.8974207582505187,2.5157980297758513,0.0,0.0,0.0,0.0,0.0,0.0,0.0,0.0,287.4777,284.3513,292.50638,1.5322766,0.0904938,0.0004725804,0.22686534,0.06401733,0.16083543,0.0019016941,0.23663719,0.04361674,61.679752,0.0,1976.8906,336.92178,0.0,9.006923937704414e-05,0.9098847516434034,2.5157980297758513,0.0,0.0,0.0,0.0,0.0,0.0,0.0,0.0,289.31927,284.40323,293.7294,1.6452351,0.08943259,0.00043895267,0.2520494,0.06479608,0.1598761,0.0018862439,0.23379433,0.042100478,64.66653,0.0,2120.0312,353.4268,9.006923937704414e-05,0.8950445196678629,0.9125788815872511,2.5214829885467225,2110.7969,0,0,0
2020-12-22,0.0,0.0,0.0,0.0,0.0,0.0,0.0,0.0,290.73065,285.84012,294.5216,1.6052302,0.08120482,0.00036775754,0.2052195,0.062710434,0.15878478,0.0019024267,0.23046698,0.04277243,65.17962,0.0,2110.7969,356.20587,1.3245476111478638e-06,1.3245476111478638e-06,0.8151941647115564,2.515795380680629,1.3245476e-06,0.0,0.00047683716,2.5096593e-05,0.0,0.0,0.0,0.0,290.22937,286.71,294.30447,1.3046393,0.08436395,0.0004243652,0.21187115,0.063748315,0.15974404,0.0019088184,0.23264651,0.0434351,63.971592,0.0,2102.2812,349.64975,1.3245476111478638e-06,1.3245476111478638e-06,0.8950458442154741,2.515795380680629,0.0,0.0,0.0,0.0,0.0,0.0,0.0,0.0,289.69467,286.24576,294.35953,1.6299925,0.08768266,0.00046973056,0.21572165,0.06442447,0.16053818,0.0019119974,0.23643833,0.043920197,62.87827,0.0,2074.5156,343.6232,0.0,0.0,0.8950445196678629,2.515794056133018,0.0,0.0,0.0,0.0,0.0,0.0,0.0,0.0,288.89786,284.96762,293.80746,1.8271717,0.08846519,0.0004873999,0.21946566,0.06421699,0.16056181,0.0019014655,0.23675139,0.04373732,62.07292,0.0,2031.2969,339.1266,0.0,0.0,0.8974207582505187,2.5157980297758513,0.0,0.0,0.0,0.0,0.0,0.0,0.0,0.0,288.29684,281.88364,293.12842,2.2373118,0.09244528,0.00046089245,0.24638872,0.06400625,0.16052431,0.0018904681,0.2369483,0.042794667,63.42719,0.0,2073.5156,346.6064,0.0,0.8151928401639452,0.9125788815872511,2.5157980297758513,2106.8125,0,0,0
2020-12-23,0.0,0.0,0.0,0.0,0.0,0.0,0.0,0.0,290.56436,284.9503,294.56058,1.6890441,0.08129612,0.00040543746,0.20438176,0.061941464,0.15843229,0.0019056717,0.22998829,0.042603627,66.25084,0.0,2106.8125,361.95743,1.3245476111478638e-06,1.3245476111478638e-06,0.619333316880784,2.5154629192143148,0.0,0.0,0.0,0.0,0.0,0.0,0.0,0.0,290.73065,285.84012,294.5216,1.6052302,0.08120482,0.00036775754,0.2052195,0.062710434,0.15878478,0.0019024267,0.23046698,0.04277243,65.17962,0.0,2110.7969,356.20587,1.3245476111478638e-06,1.3245476111478638e-06,0.8151941647115564,2.515795380680629,1.3245476e-06,0.0,0.00047683716,2.5096593e-05,0.0,0.0,0.0,0.0,290.22937,286.71,294.30447,1.3046393,0.08436395,0.0004243652,0.21187115,0.063748315,0.15974404,0.0019088184,0.23264651,0.0434351,63.971592,0.0,2102.2812,349.64975,1.3245476111478638e-06,1.3245476111478638e-06,0.8950458442154741,2.515795380680629,0.0,0.0,0.0,0.0,0.0,0.0,0.0,0.0,289.69467,286.24576,294.35953,1.6299925,0.08768266,0.00046973056,0.21572165,0.06442447,0.16053818,0.0019119974,0.23643833,0.043920197,62.87827,0.0,2074.5156,343.6232,0.0,0.0,0.8950445196678629,2.515794056133018,0.0,0.0,0.0,0.0,0.0,0.0,0.0,0.0,287.12006,282.1598,291.9259,1.9594575,0.096089594,0.00048454417,0.23953827,0.062149704,0.16134629,0.0018897662,0.23946214,0.043683816,62.42964,0.0,2026.8672,341.09396,0.0,0.6193319923331728,0.9125788815872511,2.5157980297758513,2102.9688,0,0,0
2020-12-24,0.0,0.0,0.0,0.0,0.0,0.0,0.0,0.0,290.63605,285.644,294.4385,1.766394,0.08125604,0.0003741216,0.20113467,0.06141967,0.15825488,0.0018976857,0.22934014,0.042546093,66.973305,0.0,2102.9688,365.814,0.0,1.3245476111478638e-06,0.33498339851530545,1.2018057546406453,0.0,0.0,0.0,0.0,0.0,0.0,0.0,0.0,290.56436,284.9503,294.56058,1.6890441,0.08129612,0.00040543746,0.20438176,0.061941464,0.15843229,0.0019056717,0.22998829,0.042603627,66.25084,0.0,2106.8125,361.95743,1.3245476111478638e-06,1.3245476111478638e-06,0.619333316880784,2.5154629192143148,0.0,0.0,0.0,0.0,0.0,0.0,0.0,0.0,290.73065,285.84012,294.5216,1.6052302,0.08120482,0.00036775754,0.2052195,0.062710434,0.15878478,0.0019024267,0.23046698,0.04277243,65.17962,0.0,2110.7969,356.20587,1.3245476111478638e-06,1.3245476111478638e-06,0.8151941647115564,2.515795380680629,1.3245476e-06,0.0,0.00047683716,2.5096593e-05,0.0,0.0,0.0,0.0,290.22937,286.71,294.30447,1.3046393,0.08436395,0.0004243652,0.21187115,0.063748315,0.15974404,0.0019088184,0.23264651,0.0434351,63.971592,0.0,2102.2812,349.64975,1.3245476111478638e-06,1.3245476111478638e-06,0.8950458442154741,2.515795380680629,0.0,0.0,0.0,0.0,0.0,0.0,0.0,0.0,286.88693,282.8788,291.60425,1.6950635,0.0920404,0.0004522507,0.23047279,0.06283366,0.16122131,0.0018937247,0.2375441,0.043632492,61.80496,0.0,1982.0156,337.6207,0.0,0.3349820739676943,0.9125788815872511,2.5157980297758513,2099.4375,0,0,0
2020-12-25,0.0,0.0,0.0,0.0,0.0,0.0,0.0,0.0,290.6164,284.88242,294.6992,2.002272,0.08203211,0.0003936044,0.20537953,0.061845493,0.1581205,0.0018991446,0.22891305,0.04255381,67.245514,0.0,2099.4375,367.26163,0.0,1.3245476111478638e-06,9.1393786988192e-05,0.9125802061348622,0.0,0.0,0.0,0.0,0.0,0.0,0.0,0.0,290.63605,285.644,294.4385,1.766394,0.08125604,0.0003741216,0.20113467,0.06141967,0.15825488,0.0018976857,0.22934014,0.042546093,66.973305,0.0,2102.9688,365.814,0.0,1.3245476111478638e-06,0.33498339851530545,1.2018057546406453,0.0,0.0,0.0,0.0,0.0,0.0,0.0,0.0,290.56436,284.9503,294.56058,1.6890441,0.08129612,0.00040543746,0.20438176,0.061941464,0.15843229,0.0019056717,0.22998829,0.042603627,66.25084,0.0,2106.8125,361.95743,1.3245476111478638e-06,1.3245476111478638e-06,0.619333316880784,2.5154629192143148,0.0,0.0,0.0,0.0,0.0,0.0,0.0,0.0,290.73065,285.84012,294.5216,1.6052302,0.08120482,0.00036775754,0.2052195,0.062710434,0.15878478,0.0019024267,0.23046698,0.04277243,65.17962,0.0,2110.7969,356.20587,1.3245476111478638e-06,1.3245476111478638e-06,0.8151941647115564,2.515795380680629,0.0,0.0,0.0,0.0,0.0,0.0,0.0,0.0,287.4777,284.3513,292.50638,1.5322766,0.0904938,0.0004725804,0.22686534,0.06401733,0.16083543,0.0019016941,0.23663719,0.04361674,61.679752,0.0,1976.8906,336.92178,0.0,9.006923937704414e-05,0.9098847516434034,2.5157980297758513,2093.8125,0,0,0
2020-12-26,0.0,0.0,0.0,0.0,0.0,0.0,0.0,0.0,290.38437,285.6326,294.54202,1.740119,0.08291591,0.00045865882,0.20603842,0.061764114,0.1581144,0.00189836,0.2301584,0.04270419,67.06343,0.0,2093.8125,366.2773,0.0,1.3245476111478638e-06,1.3245476111478638e-06,0.9125802061348622,0.0,0.0,0.0,0.0,0.0,0.0,0.0,0.0,290.6164,284.88242,294.6992,2.002272,0.08203211,0.0003936044,0.20537953,0.061845493,0.1581205,0.0018991446,0.22891305,0.04255381,67.245514,0.0,2099.4375,367.26163,0.0,1.3245476111478638e-06,9.1393786988192e-05,0.9125802061348622,0.0,0.0,0.0,0.0,0.0,0.0,0.0,0.0,290.63605,285.644,294.4385,1.766394,0.08125604,0.0003741216,0.20113467,0.06141967,0.15825488,0.0018976857,0.22934014,0.042546093,66.973305,0.0,2102.9688,365.814,0.0,1.3245476111478638e-06,0.33498339851530545,1.2018057546406453,0.0,0.0,0.0,0.0,0.0,0.0,0.0,0.0,290.56436,284.9503,294.56058,1.6890441,0.08129612,0.00040543746,0.20438176,0.061941464,0.15843229,0.0019056717,0.22998829,0.042603627,66.25084,0.0,2106.8125,361.95743,1.3245476111478638e-06,1.3245476111478638e-06,0.619333316880784,2.5154629192143148,0.0,0.0,0.0,0.0,0.0,0.0,0.0,0.0,288.89786,284.96762,293.80746,1.8271717,0.08846519,0.0004873999,0.21946566,0.06421699,0.16056181,0.0019014655,0.23675139,0.04373732,62.07292,0.0,2031.2969,339.1266,0.0,0.0,0.8974207582505187,2.5157980297758513,2088.2031,0,0,0
2020-12-27,0.0,0.0,0.0,0.0,0.0,0.0,0.0,0.0,288.4054,282.79428,293.96332,1.5931199,0.08480635,0.00048844796,0.2031544,0.06253325,0.15840489,0.0018981394,0.23087598,0.04310354,66.52239,0.0,2088.2031,363.3604,0.0,1.3245476111478638e-06,1.3245476111478638e-06,0.9125802061348622,0.0,0.0,0.0,0.0,0.0,0.0,0.0,0.0,290.38437,285.6326,294.54202,1.740119,0.08291591,0.00045865882,0.20603842,0.061764114,0.1581144,0.00189836,0.2301584,0.04270419,67.06343,0.0,2093.8125,366.2773,0.0,1.3245476111478638e-06,1.3245476111478638e-06,0.9125802061348622,0.0,0.0,0.0,0.0,0.0,0.0,0.0,0.0,290.6164,284.88242,294.6992,2.002272,0.08203211,0.0003936044,0.20537953,0.061845493,0.1581205,0.0018991446,0.22891305,0.04255381,67.245514,0.0,2099.4375,367.26163,0.0,1.3245476111478638e-06,9.1393786988192e-05,0.9125802061348622,0.0,0.0,0.0,0.0,0.0,0.0,0.0,0.0,290.63605,285.644,294.4385,1.766394,0.08125604,0.0003741216,0.20113467,0.06141967,0.15825488,0.0018976857,0.22934014,0.042546093,66.973305,0.0,2102.9688,365.814,0.0,1.3245476111478638e-06,0.33498339851530545,1.2018057546406453,0.0,0.0,0.0,0.0,0.0,0.0,0.0,0.0,289.69467,286.24576,294.35953,1.6299925,0.08768266,0.00046973056,0.21572165,0.06442447,0.16053818,0.0019119974,0.23643833,0.043920197,62.87827,0.0,2074.5156,343.6232,0.0,0.0,0.8950445196678629,2.515794056133018,2082.2656,0,0,0
2020-12-28,0.0,0.0,0.0,0.0,0.0,0.0,0.0,0.0,287.29395,282.8319,292.12625,1.4507179,0.08700491,0.0005364648,0.20897658,0.062873505,0.15871122,0.0018915372,0.23166789,0.043439012,65.647316,0.0,2082.2656,358.6371,0.0,0.0,1.3245476111478638e-06,0.9125802061348622,0.0,0.0,0.0,0.0,0.0,0.0,0.0,0.0,288.4054,282.79428,293.96332,1.5931199,0.08480635,0.00048844796,0.2031544,0.06253325,0.15840489,0.0018981394,0.23087598,0.04310354,66.52239,0.0,2088.2031,363.3604,0.0,1.3245476111478638e-06,1.3245476111478638e-06,0.9125802061348622,0.0,0.0,0.0,0.0,0.0,0.0,0.0,0.0,290.38437,285.6326,294.54202,1.740119,0.08291591,0.00045865882,0.20603842,0.061764114,0.1581144,0.00189836,0.2301584,0.04270419,67.06343,0.0,2093.8125,366.2773,0.0,1.3245476111478638e-06,1.3245476111478638e-06,0.9125802061348622,0.0,0.0,0.0,0.0,0.0,0.0,0.0,0.0,290.6164,284.88242,294.6992,2.002272,0.08203211,0.0003936044,0.20537953,0.061845493,0.1581205,0.0018991446,0.22891305,0.04255381,67.245514,0.0,2099.4375,367.26163,0.0,1.3245476111478638e-06,9.1393786988192e-05,0.9125802061348622,1.3245476e-06,0.0,0.00047683716,2.5096593e-05,0.0,0.0,0.0,0.0,290.22937,286.71,294.30447,1.3046393,0.08436395,0.0004243652,0.21187115,0.063748315,0.15974404,0.0019088184,0.23264651,0.0434351,63.971592,0.0,2102.2812,349.64975,1.3245476111478638e-06,1.3245476111478638e-06,0.8950458442154741,2.515795380680629,2073.5,0,0,0
2020-12-29,0.0,0.0,0.0,0.0,0.0,0.0,0.0,0.0,286.7334,281.68887,291.8027,1.7580079,0.08757146,0.00055956264,0.21513313,0.062175035,0.15853682,0.001890899,0.2319534,0.043592937,64.59173,0.0,2073.5,352.9108,0.0,0.0,1.3245476111478638e-06,0.9125802061348622,0.0,0.0,0.0,0.0,0.0,0.0,0.0,0.0,287.29395,282.8319,292.12625,1.4507179,0.08700491,0.0005364648,0.20897658,0.062873505,0.15871122,0.0018915372,0.23166789,0.043439012,65.647316,0.0,2082.2656,358.6371,0.0,0.0,1.3245476111478638e-06,0.9125802061348622,0.0,0.0,0.0,0.0,0.0,0.0,0.0,0.0,288.4054,282.79428,293.96332,1.5931199,0.08480635,0.00048844796,0.2031544,0.06253325,0.15840489,0.0018981394,0.23087598,0.04310354,66.52239,0.0,2088.2031,363.3604,0.0,1.3245476111478638e-06,1.3245476111478638e-06,0.9125802061348622,0.0,0.0,0.0,0.0,0.0,0.0,0.0,0.0,290.38437,285.6326,294.54202,1.740119,0.08291591,0.00045865882,0.20603842,0.061764114,0.1581144,0.00189836,0.2301584,0.04270419,67.06343,0.0,2093.8125,366.2773,0.0,1.3245476111478638e-06,1.3245476111478638e-06,0.9125802061348622,0.0,0.0,0.0,0.0,0.0,0.0,0.0,0.0,290.73065,285.84012,294.5216,1.6052302,0.08120482,0.00036775754,0.2052195,0.062710434,0.15878478,0.0019024267,0.23046698,0.04277243,65.17962,0.0,2110.7969,356.20587,1.3245476111478638e-06,1.3245476111478638e-06,0.8151941647115564,2.515795380680629,2051.1562,0,0,0
2020-12-30,0.0,0.0,0.0,0.0,0.0,0.0,0.0,0.0,286.6161,282.82312,291.08963,1.6921823,0.09119181,0.0005328126,0.21999426,0.062173557,0.15904307,0.0018945802,0.23394005,0.04439763,63.478645,0.0,2051.1562,346.84415,0.0,0.0,1.3245476111478638e-06,0.9125802061348622,0.0,0.0,0.0,0.0,0.0,0.0,0.0,0.0,286.7334,281.68887,291.8027,1.7580079,0.08757146,0.00055956264,0.21513313,0.062175035,0.15853682,0.001890899,0.2319534,0.043592937,64.59173,0.0,2073.5,352.9108,0.0,0.0,1.3245476111478638e-06,0.9125802061348622,0.0,0.0,0.0,0.0,0.0,0.0,0.0,0.0,287.29395,282.8319,292.12625,1.4507179,0.08700491,0.0005364648,0.20897658,0.062873505,0.15871122,0.0018915372,0.23166789,0.043439012,65.647316,0.0,2082.2656,358.6371,0.0,0.0,1.3245476111478638e-06,0.9125802061348622,0.0,0.0,0.0,0.0,0.0,0.0,0.0,0.0,288.4054,282.79428,293.96332,1.5931199,0.08480635,0.00048844796,0.2031544,0.06253325,0.15840489,0.0018981394,0.23087598,0.04310354,66.52239,0.0,2088.2031,363.3604,0.0,1.3245476111478638e-06,1.3245476111478638e-06,0.9125802061348622,0.0,0.0,0.0,0.0,0.0,0.0,0.0,0.0,290.56436,284.9503,294.56058,1.6890441,0.08129612,0.00040543746,0.20438176,0.061941464,0.15843229,0.0019056717,0.22998829,0.042603627,66.25084,0.0,2106.8125,361.95743,1.3245476111478638e-06,1.3245476111478638e-06,0.619333316880784,2.5154629192143148,2018.9062,0,0,0
