date,era5_tp_daily_total_mean,era5_tp_daily_total_min,era5_tp_daily_total_max,era5_tp_daily_total_std,era5_e_daily_total_mean,era5_e_daily_total_min,era5_e_daily_total_max,era5_e_daily_total_std,era5_pev_daily_mean_mean,era5_pev_daily_mean_min,era5_pev_daily_mean_max,era5_pev_daily_mean_std,era5_t2m_daily_mean_mean,era5_t2m_daily_mean_min,era5_t2m_daily_mean_max,era5_t2m_daily_mean_std,era5_sp_daily_mean_mean,era5_sp_daily_mean_min,era5_sp_daily_mean_max,era5_sp_daily_mean_std,era5_u10_daily_mean_mean,era5_u10_daily_mean_min,era5_u10_daily_mean_max,era5_u10_daily_mean_std,era5_v10_daily_mean_mean,era5_v10_daily_mean_min,era5_v10_daily_mean_max,era5_v10_daily_mean_std,month,day_of_year,is_monsoon,rainfall_total_3d,rainfall_mean_3d,rainfall_total_7d,rainfall_mean_7d,rainfall_total_14d,rainfall_mean_14d,rainfall_total_30d,rainfall_mean_30d,rainfall_anomaly,rainfall_intensity,cumulative_monsoon_rainfall,era5_sp_daily_mean_mean_anomaly,era5_sp_daily_mean_min_anomaly,era5_sp_daily_mean_max_anomaly,era5_sp_daily_mean_std_anomaly,era5_u10_daily_mean_mean_mean_7d,era5_u10_daily_mean_mean_std_7d,era5_u10_daily_mean_mean_mean_14d,era5_u10_daily_mean_mean_std_14d,era5_u10_daily_mean_min_mean_7d,era5_u10_daily_mean_min_std_7d,era5_u10_daily_mean_min_mean_14d,era5_u10_daily_mean_min_std_14d,era5_u10_daily_mean_max_mean_7d,era5_u10_daily_mean_max_std_7d,era5_u10_daily_mean_max_mean_14d,era5_u10_daily_mean_max_std_14d,era5_u10_daily_mean_std_mean_7d,era5_u10_daily_mean_std_std_7d,era5_u10_daily_mean_std_mean_14d,era5_u10_daily_mean_std_std_14d,era5_v10_daily_mean_mean_mean_7d,era5_v10_daily_mean_mean_std_7d,era5_v10_daily_mean_mean_mean_14d,era5_v10_daily_mean_mean_std_14d,era5_v10_daily_mean_min_mean_7d,era5_v10_daily_mean_min_std_7d,era5_v10_daily_mean_min_mean_14d,era5_v10_daily_mean_min_std_14d,era5_v10_daily_mean_max_mean_7d,era5_v10_daily_mean_max_std_7d,era5_v10_daily_mean_max_mean_14d,era5_v10_daily_mean_max_std_14d,era5_v10_daily_mean_std_mean_7d,era5_v10_daily_mean_std_std_7d,era5_v10_daily_mean_std_mean_14d,era5_v10_daily_mean_std_std_14d,era5_e_daily_total_mean_trend_7d,era5_e_daily_total_min_trend_7d,era5_e_daily_total_max_trend_7d,era5_e_daily_total_std_trend_7d,terrain_elevation_mean,terrain_elevation_min,terrain_elevation_max,terrain_elevation_std,terrain_slope_mean,terrain_slope_max,terrain_slope_std,terrain_local_relief_p95_p05,target_discharge_max_next_1d,label_discharge_next_1d_ge_q95,target_discharge_max_next_7d,label_discharge_next_7d_ge_q95,target_discharge_max_next_14d,label_discharge_next_14d_ge_q95
2010-01-31,0.012733231,0.0,0.9098053,0.06647897,-1.2626668,-5.0346375,-0.02117129,1.1735518,-0.003039465,-0.005927209,1.1038734e-05,0.0015054254,291.22943,272.9908,297.40356,4.642254,97516.11,76052.055,101723.47,5905.8833,0.90664923,-1.6353849,3.4800937,1.2019917,-0.6236595,-4.087334,1.9320749,1.1679181,1,31,0,0.020619594423351373,0.0068731981411171246,1.530609702964739,0.21865852899496271,2.2611363392215935,0.16150973851582812,4.518685351061322,0.1506228450353774,-0.008175691,0.012733231,0.0,-107.5,-95.22656,-106.25,-15.007324,0.3473895534573655,0.7917183260160283,0.09197538248762223,0.708884528858658,-2.729967304638454,0.9953783143030919,-2.6638955644198825,0.7940818133864753,3.249024987220764,1.284767531927264,3.1171539085251943,1.2732300073116922,1.177442525114332,0.15250888832553336,1.1108088408197676,0.22106109302792384,-0.646844808777262,0.7227968297988606,-0.8956403052268017,0.6510080596926544,-4.263818638665335,0.644552273854047,-4.409438082150051,0.6173574091660259,3.249487042427063,1.8020081290291536,2.5479913694517955,1.5181086779733295,1.3573963727269853,0.2856753764946242,1.2729181051254272,0.2660319491030299,-0.2705363,-1.1222177,-0.010530697,0.31522185,62.573526870571975,-8.0,998.0,86.1496837391128,14.45807132835369,556.4395744373328,37.602601419573794,211.39999999999964,1164.375,0,1287.203125,0,1592.6875,0
2010-02-01,0.022997532,0.0,1.9607544,0.14551665,-1.1271827,-4.266013,-0.020434149,0.9730682,-0.002943254,-0.0055244872,9.773998e-06,0.0014412699,291.29565,273.21768,297.3702,4.7914796,97444.27,76038.38,101572.586,5886.46,0.31898034,-2.4813404,4.159325,1.4086238,-0.88633907,-3.3871505,0.9205888,0.77849084,2,32,0,0.0357366212888337,0.011912207096277902,1.553556856630621,0.22193669380437445,2.284128013311147,0.1631520009507962,3.4681681831652895,0.11560560610550966,0.01249683,0.022997532,0.0,-86.53906,-106.74219,-117.265625,-16.875,0.5181229882707287,0.5860328600480661,0.12048121338011697,0.7094564165292848,-2.471296157155718,0.7185682167998058,-2.6782441394669667,0.7884150862683077,3.699462788445609,0.844803727982532,3.18384256533214,1.3034442323026019,1.231202815260206,0.15900814354178516,1.1336608018193925,0.23471388739569732,-0.5476313278278602,0.6124719157866878,-0.8590163504538525,0.6347265681479565,-3.9812824385506764,0.4983400846113777,-4.293041501726423,0.6469644808342049,3.0488747443471635,1.9904162936671865,2.5413352634225572,1.5255389530351584,1.2449394805090768,0.3398240759548829,1.2540101281234197,0.2917761101301232,0.13644516,1.5339322,-0.0049103983,-0.35129672,62.573526870571975,-8.0,998.0,86.1496837391128,14.45807132835369,556.4395744373328,37.602601419573794,211.39999999999964,1166.65625,0,1306.28125,0,2081.5,0
2010-02-02,0.038035672,0.0,4.4374466,0.25389546,-1.0605744,-4.1788673,-0.02218876,0.9029017,-0.0030807017,-0.005712664,8.859672e-06,0.0015547317,291.59567,275.28885,297.686,4.4747896,97473.61,76078.99,101608.31,5896.4272,-0.52388394,-2.9333286,2.2181199,1.1642238,-1.3691179,-4.0518074,3.0249748,1.3656527,2,33,0,0.07376643549650908,0.024588811832169693,1.4412728333159066,0.20589611904512953,2.3217301971567395,0.16583787122548138,3.1614869189734236,0.10538289729911413,-0.0017988682,0.038035672,0.0,-29.375,-70.796875,-43.171875,-3.0629883,0.47978744780578253,0.6503270068796435,0.11854083951662428,0.7113090473070359,-2.4120769671031406,0.6478937609097741,-2.703165744032179,0.7907323578248481,3.702326161520822,0.8388800043088943,3.1694887621062144,1.3135809201910118,1.26486074924469,0.09721138023365362,1.1585057633263725,0.2162285450678198,-0.6931206501155559,0.675600515462984,-0.8710817695828155,0.6432590982879824,-3.9933207035064697,0.4989701902409193,-4.244704348700387,0.6371302597970369,2.6055039252553667,1.4668869111149756,2.6567035615444183,1.4941356601092226,1.2003303595951624,0.29041784665310333,1.26615133030074,0.29269705106847044,0.17797661,1.2778559,-0.004390022,-0.42384356,62.573526870571975,-8.0,998.0,86.1496837391128,14.45807132835369,556.4395744373328,37.602601419573794,211.39999999999964,1172.734375,0,1306.28125,0,2391.375,0
2010-02-03,0.12276662,0.0,7.297039,0.5775265,-1.1111493,-4.595036,-0.020826468,1.1828306,-0.0032715441,-0.00581294,2.8330833e-06,0.001664848,292.3364,276.0627,297.85904,4.294733,97450.16,76086.62,101601.086,5894.3076,-0.9325694,-3.432314,1.7090435,1.172208,-0.91894764,-3.9916534,4.158493,1.7143991,2,34,0,0.18379982560873032,0.06126660853624344,1.217560456065712,0.17393720800938745,2.4435989900198365,0.1745427850014169,3.2828714546567426,0.10942904848855808,-0.12273263,0.12276662,0.0,4.78125,3.84375,-9.0859375,-10.598145,0.29854281052082243,0.8447605264207346,0.11775901816352936,0.7125452093874616,-2.544256772313799,0.7558835893570978,-2.7031534825052534,0.7907201798902765,3.339259079524449,1.0779812066260077,3.166173151561192,1.3174774191274243,1.2545488902500697,0.1033775462922198,1.1768750292914254,0.20456322669375762,-0.8240426991667066,0.6045196358973998,-0.8554259326940935,0.638912220639642,-3.9794721943991527,0.49722748049804194,-4.2026187011173795,0.6326620762183613,2.4393684778894698,1.1367201657922301,2.78336358496121,1.543692507247561,1.2065338918140955,0.3023647489136402,1.2937201985291071,0.31624437326973304,0.016253948,0.36749268,-0.015243888,0.033521175,62.573526870571975,-8.0,998.0,86.1496837391128,14.45807132835369,556.4395744373328,37.602601419573794,211.39999999999964,1184.625,0,1306.28125,0,2391.375,0
2010-02-04,0.15159205,0.0,8.912563,0.6968297,-0.9856014,-3.7708135,-0.0149158295,0.98815733,-0.003219897,-0.005828351,-2.9802322e-08,0.0016389083,292.68433,276.3165,299.04868,4.384233,97464.23,76104.23,101604.29,5901.0337,-0.8626784,-3.3142567,1.8340181,1.0691221,-0.17337841,-2.6664684,4.4411163,1.5656587,2,35,0,0.3123943395912647,0.10413144653042157,0.35601146605449685,0.05085878086492812,2.5943920116228583,0.18531371511591846,3.434410779126665,0.11448035930422217,0.007384926,0.15159205,0.0,55.945312,77.59375,7.5078125,0.31982422,-0.028798882267437875,0.774898171929507,0.10547403681058702,0.7288518776182125,-2.730865938322885,0.7626401089075061,-2.6935559255736217,0.7817403047785927,2.949989914894104,1.0559173254711987,3.174547093255179,1.3078941105739452,1.2345375163214547,0.12493001510113158,1.1817373718534196,0.2008375711723515,-0.9091002089636666,0.4108328699307845,-0.7971874434068533,0.6625506006568235,-3.893054689679827,0.6650482465773216,-4.0468407188143045,0.7236514410622785,2.5827288883072987,1.3303804168596358,2.8727411244596754,1.604079343164549,1.2487327030726842,0.33191117785722657,1.2891182516302382,0.31140484201247637,0.01272738,-0.11808467,8.1723556e-05,0.07094246,62.573526870571975,-8.0,998.0,86.1496837391128,14.45807132835369,556.4395744373328,37.602601419573794,211.39999999999964,1212.765625,0,1306.28125,0,2391.375,0
2010-02-05,0.088405065,0.0,4.7183037,0.4009894,-0.8744413,-2.6711662,-0.0183417,0.7514137,-0.0031985245,-0.00573631,1.0244548e-08,0.0015896125,293.54514,277.7205,299.3394,4.217485,97453.195,76080.66,101578.41,5910.001,-0.26722455,-3.0596,3.2179878,0.96980655,0.4198446,-4.62022,8.396951,1.8848245,2,36,0,0.36276373267173767,0.12092124422391255,0.4365360261185742,0.0623622894455106,2.6821948795518438,0.19158534853941742,3.5227334425298977,0.11742444808432992,0.017653003,0.088405065,0.0,145.52344,177.15625,91.90625,-12.988281,-0.19446875775299435,0.6606559799803141,0.0654500542857152,0.7331279369402471,-2.9050950493131364,0.6572222666008837,-2.769948865686144,0.759654124326465,2.8064818552562167,0.9126915241159484,3.066846013069153,1.2300947512166525,1.1974225214549474,0.16023972154147537,1.1682393976620264,0.2086958228276631,-0.689735893692289,0.6323587417715205,-0.7381149105827457,0.7331099737367417,-3.9072320801871165,0.6815190679282103,-4.140814968517849,0.7050317030678904,3.5533682022775923,2.4788695826473734,3.373188235930034,2.1170384653827163,1.3851115277835302,0.3728109968791206,1.3586535453796387,0.3287621043321214,0.278441,1.0410783,-0.006949529,-0.16988766,62.573526870571975,-8.0,998.0,86.1496837391128,14.45807132835369,556.4395744373328,37.602601419573794,211.39999999999964,1255.9375,0,1318.78125,0,2391.375,0
2010-02-06,0.36509287,0.0,8.377552,1.0866734,-0.87097716,-2.8255181,-0.01784158,0.73342806,-0.0031654825,-0.005752189,1.6298145e-09,0.0016529919,293.53848,277.75635,300.1708,4.574063,97482.02,76131.59,101569.43,5892.8022,-0.030565878,-3.5575416,4.2620792,1.062929,0.18545683,-4.1531873,8.342906,2.058943,2,37,0,0.6050899848341942,0.20169666161139807,0.80162304174155,0.11451757739165,2.473892441292719,0.17670660294947993,3.88610720289671,0.12953690676322366,-0.07775995,0.36509287,0.0,279.3047,389.5,140.78906,-31.004395,-0.19875608464436872,0.6592837937950833,0.020658418228517154,0.7171682720774006,-2.9162523235593523,0.6691523060296114,-2.8577136056763783,0.7755817203300934,2.9829524755477905,1.0685092468392865,3.020747951098851,1.1662474831434677,1.1498435565403529,0.13956899152010935,1.132447396005903,0.1760062667987311,-0.48087729087897707,0.6474976936936516,-0.6643232566005152,0.7721902977033039,-3.85111733845302,0.6347242276540872,-4.12560760974884,0.7020887812410294,4.459586373397282,2.9338523045266434,3.811328491994313,2.46388005696661,1.5051267061914717,0.4396029159827008,1.4235765593392509,0.37137650063387223,0.333223,2.2925801,-0.00026240014,-0.36766618,62.573526870571975,-8.0,998.0,86.1496837391128,14.45807132835369,556.4395744373328,37.602601419573794,211.39999999999964,1287.203125,0,1403.0,0,2391.375,0
2010-02-07,1.6769956,0.0,31.002045,3.5332909,-1.027326,-4.0375214,-0.02356572,0.8814873,-0.0027920718,-0.006483473,-3.678724e-08,0.0017479621,292.70776,275.75314,301.2869,5.36527,97370.45,75860.74,101538.875,5955.412,0.60657126,-2.0802696,3.7067177,1.3386158,0.61097956,-3.1879146,9.0540695,2.2135046,2,38,0,2.130493573844433,0.7101645246148109,2.4658854454755783,0.35226934935365406,3.9964951484403173,0.2854639391743084,5.562290925984598,0.18540969753281994,1.0662217,1.6769956,0.0,188.97656,205.85156,140.375,32.34668,-0.24162436675812518,0.5804736730753274,0.052882593349620165,0.7336361732454922,-2.979807274682181,0.5348769441766835,-2.8548872896603177,0.7785439092004246,3.0153273344039917,1.089313382479062,3.132176160812378,1.1507368413097134,1.1693612848009383,0.15659180074023873,1.173401904957635,0.1485593098399725,-0.3045002839394978,0.7604299506977996,-0.4756725463583799,0.7345502554109431,-3.7226288318634033,0.6690445265433891,-3.9932237352643694,0.6907917251420032,5.477014175483158,3.1389961742404653,4.363250608955111,2.7170367289447808,1.654496201447078,0.4815625850257747,1.5059462870870317,0.4104422326993155,0.23534083,0.9971161,-0.0023944303,-0.2920645,62.573526870571975,-8.0,998.0,86.1496837391128,14.45807132835369,556.4395744373328,37.602601419573794,211.39999999999964,1306.28125,0,1592.6875,0,2391.375,0
2010-02-08,2.5598764,0.0,22.91441,3.355491,-2.2675436,-13.273138,-0.040491812,2.5967503,-0.0026994746,-0.0058285333,1.0011718e-08,0.0014925299,291.194,271.15598,300.63156,6.562451,96935.05,75164.54,101364.31,5950.527,4.224162,-0.32880402,8.664767,1.6871847,0.291061,-7.1169934,4.669872,2.2601645,2,39,0,4.601964950561523,1.533988316853841,5.002764355391264,0.714680622198752,6.556321212021885,0.46830865800156324,8.122043569922425,0.2707347856640808,1.7065089,2.5598764,0.0,-74.15625,-251.28906,90.9375,25.63086,0.3162587426070656,1.801482459628775,0.41719086543889716,1.2912505417470987,-2.672302075794765,1.1426572102748314,-2.5717991164752414,0.9229320552529753,3.658961926187788,2.4092600541244416,3.679212357316698,1.7346049251526552,1.209155695778983,0.24046320183942335,1.2201792555195945,0.1961824329702806,-0.13630027217524393,0.7402297436402282,-0.3419658000015521,0.6867172666830123,-4.255463532039097,1.4205338820274465,-4.118372985294887,1.0325722009251173,6.012626034872873,2.4833474708478986,4.530750389610018,2.653241936990983,1.866163866860526,0.3359666233078928,1.5555516736848014,0.45748837153318,-1.1403608,-9.007125,-0.020057663,1.623682,62.573526870571975,-8.0,998.0,86.1496837391128,14.45807132835369,556.4395744373328,37.602601419573794,211.39999999999964,1306.25,0,2081.5,0,2391.375,0
2010-02-09,0.0022830386,0.0,0.2708435,0.017429398,-2.994668,-16.305056,-0.045028523,3.741396,-0.0033351092,-0.006451899,-8.8475645e-09,0.0017576235,287.625,268.3403,297.67166,6.3615294,97151.88,75421.35,101494.65,5934.8276,2.5734494,-1.6795508,6.0760236,1.6213254,-1.8443785,-7.627912,1.7481054,2.0596783,2,40,0,4.239155115559697,1.4130517051865656,4.967011721804738,0.7095731031149626,6.408284555120645,0.45773461108004604,8.12199944013355,0.27073331467111833,-0.04732,0.0022830386,0.0,31.507812,-132.15625,124.27344,19.957031,0.7587349300405809,1.936087459152165,0.6192611889231817,1.395059969337902,-2.493190952709743,1.1921163072629828,-2.452633959906442,0.9227248055507348,4.210091028894697,2.46533169528443,3.9562085952077592,1.7886795352633091,1.274455921990531,0.2842978013294185,1.2696583356176103,0.20418204347631322,-0.20419464579650334,0.8806309156849853,-0.44865764795602964,0.7955816173801629,-4.766335623604911,1.8979155299541162,-4.379828163555691,1.3922245588921636,5.830216118267605,2.769754825065492,4.217860021761486,2.708043354854206,1.9653103862489973,0.2566994351406561,1.58282037292208,0.476332406402899,-1.9340936,-12.126188,-0.022839762,2.8384943,62.573526870571975,-8.0,998.0,86.1496837391128,14.45807132835369,556.4395744373328,37.602601419573794,211.39999999999964,1287.21875,0,2391.375,0,2391.375,0
2010-02-10,0.0,0.0,0.0,0.0,-2.2378998,-11.504797,-0.046593368,2.4850101,-0.003333116,-0.0061255153,7.0314854e-08,0.001762503,287.9597,273.05994,296.57825,5.2098107,97537.375,75916.22,101686.34,5939.6924,-1.4740837,-5.797045,1.0658289,1.3283745,-2.2096167,-5.2228665,1.5705496,1.264687,2,41,0,2.5621594805270433,0.8540531601756811,4.844245100393891,0.6920350143419844,6.061805556459603,0.432986111175686,7.799415019690969,0.25998050065636563,-0.22734173,0.0,0.0,162.79688,56.625,182.78125,18.05371,0.6813757475465536,2.02376239446802,0.489959279033688,1.5030320934037236,-2.831009711538042,1.72053762377188,-2.6876332419259206,1.2853450198706562,4.118203231266567,2.5832538951408996,3.728731155395508,1.9441253517270816,1.2967654296330042,0.2810456683720067,1.275657159941537,0.20461583806274544,-0.38857593493802206,1.1493429470979666,-0.6063093170523643,0.9107185988164896,-4.94222320829119,1.8710172387966482,-4.4608477013451715,1.406899410133599,5.46050991330828,3.173393891431467,3.949939195598875,2.7751771067222006,1.9010657923562186,0.3638664502477063,1.553799842085157,0.48288001161748517,-1.1267505,-6.909761,-0.0257669,1.3021796,62.573526870571975,-8.0,998.0,86.1496837391128,14.45807132835369,556.4395744373328,37.602601419573794,211.39999999999964,1279.21875,0,2391.375,0,2391.375,0
2010-02-11,0.00012653173,0.0,0.022888184,0.001387628,-2.500253,-13.235251,-0.033330172,3.3473277,-0.0032662984,-0.0068643456,4.716683e-06,0.0017875594,288.52805,273.50284,297.12457,4.9681597,97655.086,76029.13,101946.15,5949.981,-0.9597958,-5.560835,1.375892,1.6094456,-2.319447,-7.2156653,2.3728359,2.0383139,2,42,0,0.0024095702974591404,0.0008031900991530468,4.692779586097458,0.6703970837282084,5.048791052151955,0.36062793229656825,7.2900880759416395,0.24300293586472133,-0.1833865,0.00012653173,0.0,217.125,80.921875,317.40625,21.382324,0.6675018383456128,2.0364052764961293,0.3193514780390875,1.5236949823309758,-3.1519494567598616,2.010758559314918,-2.941407697541373,1.4772429926330124,4.052756650107248,2.655559900966672,3.501373282500676,2.0240494325093508,1.3739545004708427,0.28230016902714744,1.3042460083961487,0.22185150937891493,-0.695157168166978,1.3509221630170363,-0.8021286885653224,0.9656742049647468,-5.592108488082886,1.7338423615025549,-4.7425815888813565,1.5390989962521147,5.165041276386806,3.3740684746863945,3.8738850823470523,2.8047306355830903,1.9685879605157035,0.3338705257240854,1.6086603317941939,0.4917377285976064,-1.5146515,-9.4644375,-0.018414343,2.3591704,62.573526870571975,-8.0,998.0,86.1496837391128,14.45807132835369,556.4395744373328,37.602601419573794,211.39999999999964,1318.78125,0,2391.375,0,2391.375,0
2010-02-12,5.0768904e-06,0.0,0.002861023,0.000101075624,-1.9798253,-11.587578,-0.027941773,2.4176435,-0.003267132,-0.0068447134,4.3353066e-07,0.0017344244,289.51562,272.74527,297.04092,4.8055954,97655.41,76096.086,101887.09,5915.4995,0.31008828,-1.8812441,4.3771787,1.0392984,-2.0978162,-7.2601027,1.2569872,1.8088052,2,43,0,0.00013160861635697074,4.3869538785656914e-05,4.604379597749357,0.6577685139641939,5.040915623867932,0.36006540170485224,7.289312873840572,0.24297709579468574,-1.5377464,5.0768904e-06,0.0,325.58594,283.35156,372.96875,-17.873535,0.7499750993613686,2.003667340227644,0.2777531708041871,1.5147684388257985,-2.9836128779820035,2.068280415896332,-2.9443539636475697,1.4749166232482935,4.2183553491319925,2.630856653725831,3.512418602194105,2.0287041899346807,1.3838819095066615,0.26649877096582514,1.2906522154808044,0.23235831772205048,-1.0548230005162103,1.339692195332922,-0.8722794471042497,1.024110369039939,-5.9692345687321255,1.7738529355307342,-4.938233324459621,1.6767097996861127,4.145046489579337,3.3128776707044643,3.849207345928465,2.8276792386606853,1.9577280623572213,0.33825675970110325,1.6714197950703757,0.45302810102177116,-1.1053839,-8.916411,-0.009600073,1.6662298,62.573526870571975,-8.0,998.0,86.1496837391128,14.45807132835369,556.4395744373328,37.602601419573794,211.39999999999964,1403.0,0,2391.375,0,2391.375,0
2010-02-13,0.0,0.0,0.0,0.0,-1.5200323,-10.006175,-0.01649675,1.6691189,-0.0034273458,-0.0071366783,9.313226e-09,0.0017920384,290.30084,272.89005,297.0541,4.8573465,97558.53,76066.586,101759.086,5879.6113,0.116944075,-1.8684069,3.7755547,0.9695847,-2.1924906,-7.1981606,0.5467529,1.5133663,2,44,0,0.00013160861635697074,4.3869538785656914e-05,4.239286724176054,0.6056123891680077,5.040909765917604,0.3600649832798289,7.289312873840572,0.24297709579468574,-1.1024121,0.0,0.0,338.28125,376.5703,363.0703,-30.086426,0.7710479497909546,1.994846379504642,0.28614593257329296,1.5134327440451976,-2.7423079184123447,2.088595895635246,-2.8292801209858487,1.4926971984107187,4.148851837430682,2.6359307623109016,3.565902156489236,2.0247826586651447,1.3705470051084245,0.2867973322267745,1.2601952808243888,0.24508684830114488,-1.3945297726563044,1.272585275274673,-0.9377035317676408,1.0796731085846036,-6.4042307649339945,1.6210595877498724,-5.127674051693508,1.7758770917040954,3.031310336930411,2.9578648079057306,3.745448355163847,2.9257296910599964,1.879788534981864,0.37219992207693914,1.6924576205866677,0.4369475620044651,-0.6490551,-7.180657,0.0013448298,0.9356908,62.573526870571975,-8.0,998.0,86.1496837391128,14.45807132835369,556.4395744373328,37.602601419573794,211.39999999999964,1592.6875,0,2391.375,0,2391.375,0
2010-02-14,0.018857133,0.0,2.7737617,0.14453375,-1.4013826,-8.181863,-0.013700919,1.596421,-0.0036095697,-0.007244668,-1.1129305e-07,0.0018181679,291.15402,273.29126,297.20212,4.764204,97333.83,75763.37,101576.35,5884.7607,1.3275119,-0.86318463,6.543757,1.2472384,-1.4318671,-5.984223,2.6930637,1.9099487,2,45,0,0.018862209533835994,0.006287403177945332,2.5811482217868615,0.36873546025526593,5.04703366726244,0.36050240480446,7.308170006484033,0.2436056668828011,-0.49913305,0.018857133,0.0,233.21875,196.00781,295.85156,-12.228516,0.8740394711494446,2.003531101391358,0.3162075521956597,1.5307863653768443,-2.568438640662602,2.200552687135672,-2.774122957672392,1.5532456683524611,4.554143156324114,2.771252620371399,3.784735245364053,2.1747945589137463,1.3574930940355574,0.2905479982467202,1.2634271894182478,0.2445580487683696,-1.6863650126116616,0.9219536731250967,-0.9954326482755798,1.0831911245894406,-6.803703376225063,0.8642601420511731,-5.263166104044233,1.7627113784323376,2.1225952250616893,1.326287163893925,3.799804700272424,2.8963697499608787,1.8364234140941076,0.3434084573252341,1.7454598077705927,0.41276111908897006,-0.37405658,-4.1443415,0.009864802,0.7149337,62.573526870571975,-8.0,998.0,86.1496837391128,14.45807132835369,556.4395744373328,37.602601419573794,211.39999999999964,2081.5,0,2391.375,0,2391.375,0
2010-02-15,0.0,0.0,0.0,0.0,-1.7448598,-16.34356,-0.00944268,2.5325005,-0.0037883467,-0.007114723,9.313226e-10,0.0018705789,290.68146,269.77298,297.5225,6.28762,97264.76,75634.65,101545.65,5872.6333,2.0025997,-1.5460949,5.376106,1.2267743,-1.6238971,-7.6822433,2.4411697,1.9107193,2,46,0,0.018857132643461227,0.006285710881153743,0.021271779831295134,0.003038825690185019,5.024036135222559,0.3588597239444685,7.308170006484033,0.2436056668828011,-0.25355542,0.0,0.0,122.96094,84.78125,191.90625,-30.879395,0.5566734160695758,1.4961115901831272,0.43646607933832066,1.595774008220049,-2.742337337562016,2.036014528423126,-2.7073197066783905,1.5865611395399144,4.084334373474121,2.172264427829562,3.8716481498309543,2.214860588303588,1.291720185961042,0.2531854235703698,1.2504379408700126,0.2410572216652863,-1.959930453981672,0.33411915290437305,-1.0481153630784579,1.095345001155309,-6.884453364780971,0.922831824578013,-5.569958448410034,1.7847164590782438,1.8042092153004237,0.7591124228958075,3.9084176250866483,2.807233793595771,1.7865026678357805,0.293284563966865,1.8263332673481532,0.3057836235784598,0.52268374,-3.0704212,0.031049132,-0.064249754,62.573526870571975,-8.0,998.0,86.1496837391128,14.45807132835369,556.4395744373328,37.602601419573794,211.39999999999964,2391.375,0,2391.375,0,2391.375,0
2010-02-16,0.0,0.0,0.0,0.0,-1.8237231,-9.633847,-0.01386716,2.519935,-0.0037040105,-0.006647071,2.4214387e-08,0.0018705144,289.3141,271.0751,297.4208,5.9434023,97598.95,76046.1,101801.65,5882.6333,0.11034479,-2.8408134,3.0623848,1.0993514,-2.9557033,-6.299929,0.956337,1.5796852,2,47,0,0.018857132643461227,0.006285710881153743,0.018988741259818198,0.0027126773228311712,4.986000463064556,0.3561428902188969,7.308170006484033,0.2436056668828011,-0.024673427,0.0,0.0,197.28125,206.64844,196.5,-34.33496,0.2048013327377183,1.2038290009770463,0.4817681313891496,1.575284638119805,-2.908231999192919,1.9815678106095371,-2.700711475951331,1.5857398276865486,3.6538145542144775,2.003851300796073,3.931952791554587,2.177555699682311,1.21715247631073,0.21372135937110825,1.2458041991506303,0.24345355786091266,-2.1186911378587996,0.4952423959321706,-1.1614428918276514,1.207451031201642,-6.6947415215628485,0.8800298416394876,-5.73053857258388,1.7381430821332238,1.6910994393484933,0.8249942395789841,3.760657778808049,2.909876389178027,1.7179322242736816,0.274265746499835,1.8416213052613395,0.28566839851153025,1.1709449,6.6712084,0.031161362,-1.221461,62.573526870571975,-8.0,998.0,86.1496837391128,14.45807132835369,556.4395744373328,37.602601419573794,211.39999999999964,2363.59375,0,2363.59375,0,2363.59375,0
2010-02-17,0.0,0.0,0.0,0.0,-1.8161439,-10.576028,-0.019180588,2.4120975,-0.003719518,-0.007336733,-4.1676685e-08,0.0019271683,289.5305,275.3724,296.37753,4.537031,97766.29,76259.98,101993.4,5913.3604,-0.71033466,-3.6266568,2.8736687,1.3551754,-2.1179328,-6.537972,1.0276203,1.7098243,2,48,0,0.0,0.0,0.018988741259818198,0.0027126773228311712,4.8632338416537095,0.3473738458324078,7.308164148533706,0.2436054716177902,-0.26146814,0.0,0.0,210.52344,233.92969,234.78906,-23.905762,0.31390833322490963,1.051246424939614,0.4976420403857316,1.5609911226112905,-2.598176504884447,1.5841726192897754,-2.7145931082112447,1.5934687651727264,3.912077375820705,1.7096091352864753,4.015140303543636,2.107212742213042,1.220981172152928,0.21627077375054157,1.2588733008929662,0.24410900459587836,-2.10559344291687,0.4936467126384303,-1.247084688927446,1.2312151487024152,-6.882613727024624,0.6134335184932717,-5.912418467657907,1.6742378499134996,1.613538111959185,0.8628687560677941,3.5370240126337325,2.9959844898379977,1.781523278781346,0.19046342385749768,1.8412945355687822,0.2858276915840691,0.4217559,0.9287691,0.02741278,-0.07291269,62.573526870571975,-8.0,998.0,86.1496837391128,14.45807132835369,556.4395744373328,37.602601419573794,211.39999999999964,2292.28125,0,2292.28125,0,2292.28125,0
2010-02-18,0.0,0.0,0.0,0.0,-1.5537788,-8.675346,-0.024150359,1.8081613,-0.0036398035,-0.007101883,5.317852e-07,0.0017721691,291.16016,277.24048,296.60904,3.5525868,97530.45,76207.12,101741.57,5887.6733,0.4405825,-1.931954,4.4560666,1.2007343,-0.85861826,-5.5412426,2.1917083,1.5689253,2,49,0,0.0,0.0,0.018862209533835994,0.0026946013619765707,4.711641795631294,0.33654584254509246,7.307730660221296,0.24359102200737653,-0.91390735,0.0,0.0,141.59375,304.4375,163.66406,-39.68799,0.5139623742018428,0.8892213015001116,0.5907321062737277,1.5117100893148083,-2.079764953681401,0.8984126081796795,-2.6158572052206313,1.5962769140098896,4.352102313722883,1.2938904509433764,4.202429481915066,2.012853556370745,1.1625938415527344,0.1330914914161045,1.2682741710117884,0.23871402775396214,-1.8969036170414515,0.6666428459619231,-1.2960303926042147,1.198431702538956,-6.64341047831944,0.7687251193731413,-6.117759483201163,1.3992088815178532,1.5876627479280745,0.838681097959939,3.37635201215744,3.004075108034451,1.7144677639007568,0.16605185529251884,1.84152786220823,0.2855866081360968,0.9464742,4.559905,0.009179814,-1.5391665,62.573526870571975,-8.0,998.0,86.1496837391128,14.45807132835369,556.4395744373328,37.602601419573794,211.39999999999964,2230.6875,0,2230.6875,0,2230.6875,0
2010-02-19,0.0,0.0,0.0,0.0,-1.1731756,-4.8217707,-0.025891,1.0878686,-0.0035646355,-0.007057463,5.4191332e-06,0.0017039683,292.97232,279.99164,297.6552,3.2692595,97490.13,76319.85,101590.48,5855.813,0.11416701,-3.0320294,5.033563,1.4848812,-0.741139,-4.993036,2.5132306,1.1234772,2,50,0,0.0,0.0,0.018857132643461227,0.0026938760919230326,4.623236730392819,0.3302311950280585,7.306832831673546,0.2435610943891182,-0.30582356,0.0,0.0,19.882812,236.91406,-13.2734375,-50.14746,0.4859736221177237,0.8997291472437547,0.6179743607395461,1.498437925670064,-2.244162857532501,0.9592602709997509,-2.6138878677572523,1.5957042583712215,4.445871523448399,1.319540726386132,4.332113436290196,2.0030119512640336,1.2262485197612218,0.16662532785252662,1.3050652146339417,0.22865536181349339,-1.7030925835881914,0.7851712204243358,-1.378957792052201,1.1072662533287392,-6.319543770381382,0.9268971165253053,-6.144389169556754,1.3717945262079738,1.7671260833740234,0.889025285844061,2.95608628647668,2.6367800238373618,1.6165637629372733,0.2704050120943822,1.7871459126472473,0.34335391177336966,0.8066497,6.765807,0.0020507723,-1.329775,62.573526870571975,-8.0,998.0,86.1496837391128,14.45807132835369,556.4395744373328,37.602601419573794,211.39999999999964,2173.78125,0,2173.78125,0,2173.78125,0
2010-02-20,0.00070842146,0.0,0.24271011,0.009490128,-1.0138782,-3.123964,-0.026519643,0.9027401,-0.0037677947,-0.0066989004,5.6540594e-06,0.0017639843,294.26193,280.84256,299.86935,3.2394402,97436.055,76283.055,101590.43,5869.2446,-0.1202045,-2.435971,3.102359,1.1741338,-0.28468683,-4.176083,6.006127,1.6157372,2,51,0,0.0007084214594215155,0.00023614048647383848,0.019565554102882743,0.0027950791575546774,4.258852278278937,0.3042037341627812,7.306742228713574,0.24355807429045248,-0.076905906,0.00070842146,0.0,-105.75781,84.203125,-113.39844,-21.103027,0.4520952541913305,0.9201730030776317,0.6115716019911426,1.5016104298027204,-2.325243447508131,0.9461026192290207,-2.5337756829602376,1.5726718468746022,4.349700723375593,1.3986949667156103,4.249276280403137,2.0299310811363416,1.2554698160716466,0.12744047102351244,1.3130084105900355,0.22141370233997892,-1.430549191577094,0.9084206297651621,-1.4125394821166992,1.0623902236669682,-5.887818404606411,1.1308240451525853,-6.146024584770203,1.369249353293569,2.547036647796631,1.681477002457776,2.789173492363521,2.3250938494012354,1.6311881712504797,0.2666355457670954,1.7554883531161718,0.3367344617544067,0.50615406,6.8822107,-0.010022894,-0.76637876,62.573526870571975,-8.0,998.0,86.1496837391128,14.45807132835369,556.4395744373328,37.602601419573794,211.39999999999964,2121.34375,0,2121.34375,0,2121.34375,0
2010-02-21,0.010723174,0.0,1.680851,0.071227916,-1.1165984,-4.3296666,-0.023066765,1.1541246,-0.003900088,-0.0065528043,7.298542e-06,0.0018072501,294.7364,280.23242,300.81876,3.5446258,97266.875,76085.336,101459.98,5879.226,0.4683697,-2.5459964,4.3929687,1.5322757,0.5794784,-2.238437,4.5887113,1.2693957,2,52,0,0.011431595077738166,0.0038105316925793886,0.011431595077738166,0.0016330850111054523,2.5925798168645997,0.18518427263318568,7.3168632050224005,0.24389544016741335,-0.0055049714,0.010723174,0.0,-222.11719,-38.515625,-218.47656,-41.340332,0.3293606521827834,0.8375335016020029,0.601700061666114,1.502100017122113,-2.5656451327460155,0.692486594298628,-2.5670418867043088,1.5672574327286786,4.042445250919887,1.0218637807476316,4.298294203622,2.0240990711215745,1.2961894273757935,0.16451624183145425,1.3268412607056754,0.229054223859076,-1.1432141193321772,1.1841767359069895,-1.4147895659719194,1.0577982877569219,-5.352706125804356,1.77842876997189,-6.0782047510147095,1.5399151442796062,2.817843437194824,1.852833260948299,2.4702193311282565,1.5894838947468921,1.5396806001663208,0.26493332062666486,1.688052007130214,0.3324629810863666,0.2847842,3.8521962,-0.0093658455,-0.4422964,62.573526870571975,-8.0,998.0,86.1496837391128,14.45807132835369,556.4395744373328,37.602601419573794,211.39999999999964,2081.6875,0,2081.6875,0,2081.6875,0
2010-02-22,0.57537407,0.0,7.6007843,1.1400472,-1.2214249,-4.483538,-0.020997599,1.213841,-0.003635723,-0.0069022714,2.4965033e-05,0.0019345274,293.45975,276.62494,301.25833,4.6612234,97087.61,75845.56,101331.15,5867.4077,1.9161432,-3.7990124,6.3342476,2.2930882,0.42582783,-4.527988,4.241299,1.4918957,2,53,0,0.5868056619074196,0.1956018873024732,0.5868056619074196,0.08382938027248851,0.6080774417387147,0.043434102981336764,7.318841960019654,0.2439613986673218,0.11515555,0.57537407,0.0,-172.78906,-20.953125,-167.35156,-41.024414,0.3170097182903971,0.8088939156621534,0.4368415671799864,1.1621263982151053,-2.8874904939106534,0.6625515360171318,-2.8149139157363345,1.4565428305188222,4.17932265145438,1.2654243751388856,4.131828512464251,1.7086154823984911,1.4485199792044503,0.405986470842494,1.3701200825827462,0.33507965211022445,-0.8503962755203247,1.2938500532065942,-1.4051633647509985,1.0749895433205237,-4.902098212923322,1.461103309908969,-5.893275788852146,1.5608851179926864,3.0750047819955006,1.9156968251105406,2.4396069986479625,1.5474321354862415,1.4798486573355538,0.20844370024260217,1.6331756625856673,0.2916684178121984,0.5234349,11.860022,-0.011554919,-1.3186595,62.573526870571975,-8.0,998.0,86.1496837391128,14.45807132835369,556.4395744373328,37.602601419573794,211.39999999999964,2053.125,0,2053.125,0,2097.71875,0
2010-02-23,0.0029879452,0.0,0.53834915,0.022125548,-1.3080189,-4.956738,-0.0032647513,1.312165,-0.0035411941,-0.006456863,9.063631e-06,0.0016922884,293.6447,278.75616,298.9356,3.9355202,97091.38,75893.52,101298.65,5864.9336,1.5988983,-3.7975826,6.086166,2.2431877,-0.110615276,-2.853892,2.328603,0.90589106,2,54,0,0.5890851856674999,0.1963617285558333,0.5897936071269214,0.08425622958956021,0.6087823483867396,0.043484453456195685,7.1674369773541,0.23891456591180335,-0.11722775,0.0029879452,0.0,-176.77344,-37.070312,-161.92969,-14.955078,0.5296602185283389,0.931829962649167,0.3672307756330286,1.0478709033880511,-3.0241718121937344,0.7448896658974259,-2.966201905693327,1.4394410441680607,4.611291374479022,1.3347980733024638,4.13255296434675,1.7095051489982103,1.6119251591818673,0.46755023919604216,1.4145388177462987,0.4048873939121579,-0.4439551351325853,0.9131342902152698,-1.2813231364956923,1.1194458777610021,-4.409807205200195,1.4918501524126375,-5.552274363381522,1.670413428832207,3.2710427897317067,1.7233065093788915,2.4810711145401,1.535206786124304,1.3835923501423426,0.29305736224818413,1.5507622872080122,0.32318926743954285,0.51570415,4.6771092,0.010602409,-1.2077699,62.573526870571975,-8.0,998.0,86.1496837391128,14.45807132835369,556.4395744373328,37.602601419573794,211.39999999999964,2025.03125,0,2025.03125,0,2201.40625,0
2010-02-24,0.015734063,0.0,1.1520386,0.092393905,-1.1385288,-3.6059375,-0.025754794,1.0270324,-0.0036390205,-0.005912183,6.7523215e-06,0.0016639108,294.59348,280.15652,298.9067,3.288907,97035.75,75865.945,101208.78,5883.09,0.9192042,-2.8149407,4.72522,1.719319,0.5974411,-1.5338033,3.967865,1.0661668,2,55,0,0.5940960755106062,0.19803202517020205,0.6055276705883443,0.08650395294119205,0.6245164118481625,0.04460831513201161,7.1831206624415245,0.23943735541471747,-0.098375276,0.015734063,0.0,-151.20312,-11.5546875,-144.79688,1.3798828,0.7624514805419105,0.757700168611788,0.53817990688341,0.9106016561885608,-2.9082123722348894,0.697116331874905,-2.7531944385596683,1.1867820823845798,4.875798736299787,1.0949896106784325,4.393938056060246,1.4671073021935375,1.6639456748962402,0.4542923804257415,1.4424634235245841,0.411908234213405,-0.05604458174535206,0.609900001399276,-1.080819012331111,1.1895787037624361,-3.694925972393581,1.5010345296186065,-5.2887698497091025,1.9872897724887055,3.6910777432577953,1.4163523100896669,2.65230792760849,1.559343460405525,1.2916412694113595,0.2739958644269415,1.5365822740963526,0.34059288105944363,0.67761505,6.9700904,-0.006574206,-1.3850651,62.573526870571975,-8.0,998.0,86.1496837391128,14.45807132835369,556.4395744373328,37.602601419573794,211.39999999999964,1985.28125,0,1985.28125,0,2220.375,0
2010-02-25,0.10770388,0.0,5.37014,0.44827047,-1.0125042,-3.5628796,-0.013363544,0.90950304,-0.0037895222,-0.0061637354,5.03147e-06,0.0017919199,295.26324,279.87744,299.90103,3.3260782,97141.79,75953.01,101315.414,5883.8525,1.1015294,-2.3459454,4.4478374,1.4719101,0.9168762,-2.8837578,5.045441,1.3897407,2,56,0,0.12642588815651834,0.042141962718839444,0.7132315500639379,0.10189022143770542,0.7320937595977739,0.05229241139984099,7.140504846444401,0.23801682821481335,-0.18795867,0.10770388,0.0,-0.8671875,137.4375,13.5,7.2685547,0.8568724585430962,0.7520665087995368,0.6854174163724694,0.8109570310630184,-2.9673539910997664,0.6129718319048989,-2.5235594723905836,0.8706597028062566,4.874623128346035,1.0955196405682235,4.613362721034458,1.1832644771491478,1.7026850836617606,0.41834934496993825,1.4326394626072474,0.4092509143314706,0.1975974834391049,0.5893468592371451,-0.8496530668011734,1.2435905347973828,-3.315285290990557,1.2753331129620078,-4.979347884654999,2.0013829366388878,4.098753861018589,1.320297698107363,2.843208304473332,1.6813217556449431,1.2660434756960188,0.25119473194067765,1.4902556197983878,0.30981722526065647,0.54127455,5.112467,0.010786815,-0.8986582,62.573526870571975,-8.0,998.0,86.1496837391128,14.45807132835369,556.4395744373328,37.602601419573794,211.39999999999964,1903.5,0,1903.5,0,2220.375,0
2010-02-26,0.0065874606,0.0,2.257347,0.07463068,-1.0485384,-3.4873743,-0.018681863,0.91087884,-0.003947122,-0.0066610584,1.4319317e-05,0.0018412839,295.93463,281.1948,300.9454,3.3726978,97269.31,76132.914,101479.59,5859.203,1.3976921,-2.740544,6.022436,1.5542097,0.24523294,-3.5803268,4.6193805,1.5776536,2,57,0,0.13002540357410908,0.04334180119136969,0.7198190107010305,0.10283128724300436,0.7386761433444917,0.05276258166746369,6.800613308420452,0.22668711028068173,-0.007092599,0.0065874606,0.0,-53.125,135.11719,-19.5625,-8.265625,1.0402331831199783,0.6951199659562296,0.763103402618851,0.8242217142993942,-2.925713232585362,0.6177282249014346,-2.5849380450589314,0.8519840537611124,5.01589070047651,1.1799362127212707,4.7308811119624545,1.2384186469267109,1.7125891617366247,0.4131216124628288,1.4694188407489233,0.3940369047070785,0.33850775978394915,0.4215114356726432,-0.6822924119021211,1.22013417553194,-3.11346971988678,1.059020055842827,-4.716506745134081,1.9187367302511553,4.39963241985866,1.1241729299617018,3.083379251616342,1.677454528850276,1.3309258222579956,0.2664271286485468,1.4737447925976344,0.29744751685973364,0.12463713,1.3343964,0.007209137,-0.17698973,62.573526870571975,-8.0,998.0,86.1496837391128,14.45807132835369,556.4395744373328,37.602601419573794,211.39999999999964,1822.25,0,1822.25,0,2220.375,0
2010-02-27,0.0054912427,0.0,1.0309219,0.046563685,-1.0676628,-3.3562822,-0.03520097,0.9320504,-0.0041230014,-0.0072217546,1.1104858e-05,0.0019574233,296.3355,281.61313,302.2136,3.5237534,97259.3,76168.76,101488.664,5845.5107,1.2951547,-2.950859,5.241483,1.579625,-0.18370919,-4.385039,5.0786653,1.89928,2,58,0,0.11978258285671473,0.03992752761890491,0.7246018319856375,0.10351454742651965,0.7441673860885203,0.05315481329203716,5.79296351513085,0.19309878383769502,-0.10748082,0.0054912427,0.0,-194.14062,27.429688,-138.57031,-39.09961,1.2424273533480508,0.4710524708508273,0.8472613037696907,0.8132479804262842,-2.9992686680385043,0.5791431924845414,-2.6622560577733174,0.8308099390987183,5.321479865482876,0.8255394459175532,4.835590294429234,1.213146556360147,1.7705164807183402,0.3483946624503091,1.5129931483949934,0.36733711414241876,0.35293313754456385,0.39768365619133506,-0.5388080270162651,1.1446569607031458,-3.143320543425424,1.0962545522504736,-4.515569474015917,1.7812303909127483,4.267137902123587,0.943395129204533,3.407087274960109,1.585020621452542,1.371431929724557,0.33073760298452903,1.5013100504875183,0.3185360534246622,-0.05378461,-0.23231816,-0.008681325,0.029310286,62.573526870571975,-8.0,998.0,86.1496837391128,14.45807132835369,556.4395744373328,37.602601419573794,211.39999999999964,1763.9375,0,1763.9375,0,2220.375,0
2010-02-28,0.21502583,0.0,11.841297,0.8161129,-1.0841362,-3.8877237,-0.028859125,0.9678666,-0.0040918426,-0.0075495606,1.8619932e-05,0.002251663,296.4006,281.34473,302.41202,3.9264672,97140.45,75976.16,101414.28,5858.067,2.2235355,-0.9591878,7.0928955,1.7213973,0.45134917,-4.3394027,6.6437516,1.7491633,2,59,0,0.22710453066974878,0.0757015102232496,0.9289044856559485,0.13270064080799265,0.9403360807336867,0.06716686290954905,6.0001088372450795,0.2000036279081693,-0.52131426,0.21502583,0.0,-164.21875,11.71875,-108.59375,-32.882324,1.4931653312274389,0.45728617118337994,0.911262991705111,0.8859580954819223,-2.7725817220551625,0.9668855865712448,-2.669113427400589,0.8150654601742309,5.707183701651437,0.9419395261165947,4.874814476285662,1.2796776434919916,1.7975338527134486,0.3338706065083096,1.5468616400446211,0.3627801696259076,0.33462896410908016,0.38835795559361946,-0.4042925776115486,1.1422868186459674,-3.4434585060392107,1.0948259230097657,-4.3980823159217834,1.7304292221401096,4.5607150963374545,1.3090414164828874,3.6892792667661394,1.7869417107387269,1.4399701527186803,0.3548970111598276,1.4898253764425005,0.30529266212381945,0.03246212,0.44194293,-0.0057923608,-0.18625802,62.573526870571975,-8.0,998.0,86.1496837391128,14.45807132835369,556.4395744373328,37.602601419573794,211.39999999999964,1736.46875,0,1930.28125,0,2220.375,0
2010-03-01,0.01766172,0.0,1.364708,0.09937532,-1.0763246,-3.4487,-0.0007201545,0.95531154,-0.004242671,-0.008269119,1.2572622e-05,0.002089479,296.9926,280.77017,302.86246,4.0381446,97186.13,76155.69,101429.04,5806.3022,2.294286,-1.2945963,7.228475,2.0746224,-0.24523096,-3.7008293,3.1807625,1.3588129,3,60,0,0.23817879054695368,0.0793929301823179,0.3711921393405646,0.053027448477223516,0.9579978012479842,0.06842841437485601,6.0177646998090495,0.20059215666030164,-1.0706015,0.01766172,0.0,-69.05469,178.04688,-8.40625,-66.026855,1.5471857360431127,0.5318396549908936,0.9320977271667549,0.9165001294131112,-2.414807992322104,0.9869205486018598,-2.651149243116379,0.843979623266855,5.834930488041469,1.0901363917823232,5.007126569747925,1.4232089362610465,1.76632445199149,0.2867063697149935,1.60742221559797,0.3757712307207287,0.23876342283827917,0.44130871503595326,-0.30581642634102274,1.0871539775857417,-3.3252929789679393,0.9986788561646366,-4.1136955959456305,1.454309131519296,4.409209864480155,1.4096750379229033,3.742107323237828,1.7579014901326313,1.42095833165305,0.35521623014684556,1.4504034944943018,0.28146626038955624,0.14510036,1.0348382,0.020277444,-0.25852942,62.573526870571975,-8.0,998.0,86.1496837391128,14.45807132835369,556.4395744373328,37.602601419573794,211.39999999999964,1722.5,0,2097.71875,0,2220.375,0
2010-03-02,0.4495852,0.0,20.20359,1.6347883,-1.0430857,-4.2328243,-0.038505062,0.88379544,-0.004089889,-0.007360262,6.193295e-08,0.0019118735,297.13303,282.02347,302.8608,3.8838778,97115.4,76073.27,101316.85,5821.275,1.362191,-3.9946392,6.9345603,2.478267,-0.08655128,-3.8342335,3.3404083,1.5359597,3,61,0,0.6822727471590042,0.2274242490530014,0.8177893934771419,0.11682705621102027,1.4075830006040633,0.10054164290029023,6.454616667866503,0.21515388892888343,-0.5987556,0.4495852,0.0,-54.414062,194.05469,-24.304688,-50.523926,1.5133704032216753,0.5355161143965923,1.021515310875007,0.8908685293041029,-2.4429589254515514,1.0345954535151887,-2.7335653688226427,0.9170948977728802,5.956129687173026,1.1671636475716471,5.283710530826023,1.3921153402077349,1.7999072074890137,0.3570182643072122,1.7059161833354406,0.41138340529966977,0.2422011366912297,0.43821641280750573,-0.10087699922067779,0.7747418250516167,-3.4653417553220476,0.9902577782992403,-3.9375744802611217,1.3114705932203299,4.553753478186471,1.1965411407462796,3.912398133959089,1.5730345403455732,1.5109681401933943,0.273340473741863,1.4472802451678686,0.2801609241597644,0.26493323,0.72391367,-0.03524031,-0.42836958,62.573526870571975,-8.0,998.0,86.1496837391128,14.45807132835369,556.4395744373328,37.602601419573794,211.39999999999964,1698.3125,0,2201.40625,0,2220.375,0
2010-03-03,1.5939101,0.0,36.098957,4.486767,-1.3992099,-4.6006546,-0.026743863,1.2359262,-0.004254306,-0.007445752,1.0042917e-05,0.0022256547,296.65094,279.66092,302.22937,4.488706,96848.586,75648.586,101169.586,5872.0356,3.0130334,-3.13377,8.587299,2.709566,0.7661816,-4.3761525,4.232612,1.6917,3,62,0,2.0611570179462433,0.6870523393154144,2.3959654280915856,0.3422807754416551,3.00149309867993,0.21439236419142357,8.025529233902489,0.267517641130083,0.23471165,1.5939101,0.0,-153.17969,21.726562,-54.3125,-21.317383,1.8124888624463762,0.7059647833494971,1.2874701714941434,0.889857364843159,-2.4885059680257524,1.060397274188512,-2.698359170130321,0.8892096095240342,6.50785527910505,1.3814686388572888,5.691827007702419,1.4667435684335801,1.9413710832595825,0.49086198301967504,1.8026583790779114,0.47663397664010165,0.26630692396845135,0.46484660947470413,0.10513117111154965,0.5471639480509887,-3.871391636984689,0.5520058673465066,-3.7831588046891347,1.090373305089819,4.591574498585293,1.178990927669293,4.141326120921543,1.3363144282569677,1.6003300292151315,0.19459658546730424,1.4459856493132455,0.2788934198542207,-0.26068103,-0.9947171,-0.0009890683,0.20889378,62.573526870571975,-8.0,998.0,86.1496837391128,14.45807132835369,556.4395744373328,37.602601419573794,211.39999999999964,1656.65625,0,2220.375,0,2220.375,0
2010-03-04,0.6151465,0.0,14.4701,1.9183439,-1.2843847,-3.9789712,-0.029418385,1.0979791,-0.0038857972,-0.0071446057,3.9959094e-05,0.0019561786,295.48578,279.46463,301.9956,4.5630407,96946.4,75742.38,101171.695,5875.032,2.322322,-3.354894,7.9199677,2.8914526,0.078634225,-4.2623196,2.7389011,1.5274435,3,63,0,2.658641815185547,0.8862139383951823,2.903408066369593,0.4147725809099419,3.616639616433531,0.25833140117382364,8.602640079498087,0.28675466931660293,0.09320897,0.6151465,0.0,-106.89844,19.859375,-65.50781,-10.098633,1.9868877955845423,0.6495997537261013,1.4218801270638193,0.8942024619744305,-2.632641477244241,1.10540592244438,-2.7999977341720035,0.8760950929579061,7.003873893192837,1.1164586749501748,5.939248510769436,1.5329167874213296,2.144162859235491,0.5537843421466205,1.9234239714486259,0.5242077409988546,0.1465580708214215,0.36699145548623224,0.1720777771302632,0.47240727776397873,-4.06832902772086,0.34980390264226763,-3.6918071593557085,0.979708981865664,4.262068782533918,1.3420446570317495,4.180411321776254,1.281794727689801,1.6200018610273088,0.1758136790526349,1.4430226683616638,0.2777046499005182,-0.2718805,-0.41609168,-0.01605484,0.18847603,62.573526870571975,-8.0,998.0,86.1496837391128,14.45807132835369,556.4395744373328,37.602601419573794,211.39999999999964,1626.40625,0,2220.375,0,2220.375,0
2010-03-05,1.1897832,0.0,24.345875,3.1716735,-1.334109,-5.1359468,-0.027918024,1.2802653,-0.0038035794,-0.006521902,5.983049e-06,0.0019414416,295.69147,280.1758,302.23987,4.2784233,97077.46,75841.98,101266.31,5891.0522,1.2115812,-3.7866764,5.776678,2.319772,0.15071242,-4.138775,4.7369576,1.700548,3,64,0,3.398839831352234,1.1329466104507446,4.086603821255267,0.5838005458936095,4.806422831956297,0.34331591656830696,9.669656673610007,0.32232188912033355,0.48398334,1.1897832,0.0,-129.85938,-45.117188,-126.28125,0.100097656,1.9603005307061332,0.6807935989066344,1.5002668569130557,0.8153745662449672,-2.782088952405112,1.1899121348767097,-2.8539010924952373,0.9138705538658899,6.968765599387033,1.1556413214087902,5.9923281499317715,1.511864851428716,2.253528901508876,0.4897499225884348,1.9830590316227503,0.5179324300585514,0.1330551388008254,0.3644860754120124,0.23578144929238729,0.3932966844090878,-4.148107324327741,0.27581425631857026,-3.6307885221072604,0.917028826819239,4.278865507670811,1.3479846658107968,4.339248963764736,1.1940883512955416,1.637558204787118,0.17701197687326947,1.484242013522557,0.2693270662614732,-0.2855705,-1.6485724,-0.009236161,0.3693865,62.573526870571975,-8.0,998.0,86.1496837391128,14.45807132835369,556.4395744373328,37.602601419573794,211.39999999999964,1762.78125,0,2220.375,0,2220.375,0
2010-03-06,0.80414855,0.0,16.541958,2.2964368,-1.5335075,-5.982171,-0.026116846,1.6086061,-0.0038289079,-0.006716166,1.4390564e-05,0.0019243241,294.94205,278.19714,300.94885,4.501492,97202.86,75912.664,101447.305,5860.441,2.3512175,-2.9814205,8.30284,2.6196346,-0.6584671,-4.6923122,2.6946914,1.4021401,3,65,0,2.609078288078308,0.8696927626927694,4.885261133313179,0.6978944476161685,5.609862965298817,0.400704497521344,10.322213182389532,0.34407377274631773,-0.42127514,0.80414855,0.0,-173.01562,-128.6875,-139.64844,-13.188965,2.1111666475023543,0.623425021481602,1.6767970004252024,0.6964068765649878,-2.78645487342562,1.1906903896195358,-2.892861770732062,0.9062779602953569,7.406102316720145,0.9548514746975902,6.36379109110151,1.380337694682459,2.4021017040525163,0.40093634684302903,2.086309092385428,0.487451962164278,0.06523257813283376,0.4638730311098406,0.2090828578386988,0.4411247440836162,-4.192003522600446,0.3373858651787532,-3.667662033012935,0.9504126860698949,3.938297816685268,1.4118781459251653,4.102717859404428,1.1661521512668616,1.5665382317134313,0.15254287686788598,1.4689850807189941,0.2673477697151592,-0.46584463,-2.6258888,0.009084122,0.6765557,62.573526870571975,-8.0,998.0,86.1496837391128,14.45807132835369,556.4395744373328,37.602601419573794,211.39999999999964,1930.28125,0,2220.375,0,2220.375,0
2010-03-07,0.00610086,0.0,0.6942749,0.03685791,-1.3749516,-4.831865,-0.031917125,1.2086117,-0.0039170184,-0.006816974,7.266877e-06,0.0018838242,294.8228,278.72522,301.05533,4.4309664,97526.05,76279.83,101667.77,5842.5215,0.95790553,-2.3863208,6.054353,1.9322561,-1.1880566,-3.537213,1.3700136,1.0268526,3,66,0,2.0000326302833855,0.6666775434277952,4.67633616598323,0.66804802371189,5.605240651639178,0.4003743322599413,10.239908977109735,0.34133029923699115,-0.10209149,0.00610086,0.0,-23.648438,8.4765625,-56.820312,0.6855469,1.9303623608180456,0.7550392538782443,1.7117638460227422,0.6411626370481738,-2.9903310196740285,0.9162155458513015,-2.8814563708645955,0.9119659082705397,7.257739135197231,1.0836276779056166,6.482461418424334,1.2644175194332785,2.43222439289093,0.3453366637302176,2.1148791228021895,0.4636207207743275,-0.16896824432270868,0.6229990195148015,0.08283035989318575,0.5630503187738009,-4.07740500995091,0.40785405938832564,-3.7604317579950606,0.8591830201328043,3.1849066700254167,1.1002890083402237,3.872810883181436,1.3635452344289367,1.4633509942463465,0.2320170259541997,1.4516605734825134,0.28831287176150544,-0.29081535,-0.94414115,-0.0030579995,0.24074513,62.573526870571975,-8.0,998.0,86.1496837391128,14.45807132835369,556.4395744373328,37.602601419573794,211.39999999999964,2097.71875,0,2220.375,0,2220.375,0
2010-03-08,0.0,0.0,0.0,0.0,-1.3616074,-3.9690425,-0.034241706,1.1515518,-0.004298175,-0.007959349,4.656613e-08,0.0020769169,296.07468,280.67123,302.07806,4.0002575,97529.33,76410.92,101705.836,5806.9004,0.88999015,-2.3737004,4.798622,1.3937984,-1.3653543,-5.171352,1.993199,1.2622288,3,67,0,0.8102494147606194,0.2700831382535398,4.658674445468932,0.665524920781276,5.029866584809497,0.35927618462924976,9.874816103536432,0.3291605367845477,-0.013678123,0.0,0.0,96.49219,167.85938,72.67969,3.7817383,1.7297486662864685,0.8255017241143845,1.6384672011647905,0.6738232690611063,-3.144488743373326,0.6291622057863805,-2.7796483678477153,0.8806755491468723,6.910617283412388,1.4287779545552546,6.372773885726929,1.3424627215205676,2.3349638155528476,0.5163617242907743,2.050644133772169,0.49805061348886637,-0.32898586456264767,0.7719078949850768,-0.045111220862184255,0.6720667588489665,-4.2874796731131415,0.5391444740467465,-3.8063863260405406,0.918549385223912,3.0152547359466553,1.189011702974383,3.712232300213405,1.4466535230661153,1.449553268296378,0.24192997345902068,1.435255799974714,0.29235304522909694,-0.28528285,-0.5203426,-0.03352155,0.1962403,62.573526870571975,-8.0,998.0,86.1496837391128,14.45807132835369,556.4395744373328,37.602601419573794,211.39999999999964,2201.40625,0,2220.375,0,2220.375,0
2010-03-09,0.00039716903,0.0,0.13494492,0.0051430115,-1.3496218,-4.2248573,-0.030806754,1.1633058,-0.0045113317,-0.008924875,1.094304e-08,0.002206091,296.91074,281.51846,302.9066,4.1087837,97544.22,76513.48,101661.73,5776.535,0.48550677,-2.2975762,5.441071,1.7584801,-1.2699147,-5.600765,1.412459,1.3410327,3,68,0,0.006498028989881277,0.002166009663293759,4.209486415144056,0.6013552021634366,5.027275808621198,0.3590911291872284,8.198217637534981,0.273273921251166,0.00026477937,0.00039716903,0.0,141.04688,207.36719,128.57031,-16.074219,1.604508067880358,0.9479769116029002,1.5589392355510168,0.7411891516590392,-2.902051176343645,0.5712769055022501,-2.6725050508975983,0.8374939845051148,6.697261674063546,1.5323613184102256,6.326695680618286,1.3639558226324624,2.2321371180670604,0.5534077747331525,2.016022162778037,0.5004776696546442,-0.4980377884847777,0.8368167413147756,-0.12791832589677402,0.7479002982813565,-4.53984134537833,0.6852666833961426,-4.002591550350189,0.99003217355406,2.7398334060396468,1.3174928133805839,3.646793442113059,1.5322446879139655,1.4217065572738647,0.24154475998396477,1.4663373487336295,0.25210498722912655,-0.30653608,0.007966995,0.0076983087,0.27951032,62.573526870571975,-8.0,998.0,86.1496837391128,14.45807132835369,556.4395744373328,37.602601419573794,211.39999999999964,2220.375,0,2220.375,0,2220.375,0
2010-03-10,0.0014887004,0.0,0.49304962,0.022862764,-1.2373027,-3.9889886,-0.032581158,1.0529885,-0.004637053,-0.009768277,1.0454096e-07,0.0023027498,297.49564,282.58096,304.1312,4.0883765,97537.31,76550.97,101635.09,5774.824,0.19907261,-2.1446736,4.1791787,1.4382341,-0.9739903,-5.469322,1.5373917,1.2753557,3,69,0,0.0018858694238588214,0.0006286231412862738,2.6170650174608454,0.37386643106583506,5.013030445552431,0.3580736032537451,5.6398298959720705,0.1879943298657357,-0.008594954,0.0014887004,0.0,42.640625,116.5625,13.703125,-18.360352,1.2025136713470732,0.8418303586680292,1.5075012668967247,0.8107276805807172,-2.760751690183367,0.6242745402212607,-2.6246288291045596,0.8478197627020158,6.067530155181885,1.5319570351346674,6.287692717143467,1.4199319999298334,2.0505182572773526,0.5786488118826609,1.9959446702684676,0.5186057842382306,-0.7466337755322456,0.632093608425991,-0.24016342578189714,0.748584264481762,-4.6960084438323975,0.7620111613732196,-4.283700040408543,0.7692255845643609,2.3548019102641513,1.1968331079221495,3.473188204424722,1.6277782219000594,1.3622288022722517,0.21362823168746936,1.4812794157436915,0.23195685849671752,0.1619072,0.61166596,-0.005837295,-0.18293762,62.573526870571975,-8.0,998.0,86.1496837391128,14.45807132835369,556.4395744373328,37.602601419573794,211.39999999999964,2198.3125,0,2198.3125,0,2198.3125,0
2010-03-11,0.0010610701,0.0,0.24747849,0.01197254,-1.2000158,-4.011901,-0.031949952,1.0255357,-0.004753264,-0.009391343,-6.495975e-08,0.0023276645,298.1416,282.90463,304.95258,4.0666404,97543.84,76573.48,101680.53,5785.7812,0.6295221,-2.0681088,3.9637108,1.3059599,-0.6646537,-5.0551066,1.8798708,1.3558713,3,70,0,0.0029469395522028208,0.000982313184067607,2.0029795698355883,0.2861399385479412,4.9063876362051815,0.3504562597289415,5.638607927528938,0.18795359758429792,-0.28868073,0.0010610701,0.0,77.453125,113.38281,57.171875,-8.494629,0.9606851275478091,0.6972627089466522,1.4737864615661758,0.8382560861497276,-2.5769252436501637,0.6094418562758694,-2.6047833604472026,0.8580350908521372,5.502350602831159,1.4628676133809393,6.253112248011997,1.4730860446211056,1.8240193128585815,0.4995149120097147,1.9840910860470362,0.5331961022972521,-0.8528177674327578,0.5234472522385974,-0.3531298483056681,0.6763994471269933,-4.809263740267072,0.7455472481967843,-4.438796383993966,0.6788375633549054,2.2320832865578786,1.1949243542199781,3.2470760345458984,1.6123683569688796,1.3377184867858887,0.20098148804277227,1.4788601739065987,0.2331585316529682,0.084368944,-0.03292966,-0.0025315676,-0.072443366,62.573526870571975,-8.0,998.0,86.1496837391128,14.45807132835369,556.4395744373328,37.602601419573794,211.39999999999964,2166.0,0,2166.0,0,2166.0,0
2010-03-12,0.017210659,0.0,3.5004616,0.13372806,-1.2814007,-4.495284,-0.04093977,1.087392,-0.0049141166,-0.009372617,-5.401671e-08,0.0023628033,298.62067,284.33893,304.68707,3.6843314,97517.914,76637.836,101680.76,5766.4326,1.3908194,-1.8917961,5.5909104,1.6046981,-0.71882635,-4.171564,1.646958,1.0039984,3,71,0,0.019760429160669446,0.006586809720223148,0.8304070129524916,0.11862957327892738,4.917010834207758,0.3512150595862685,5.655818586168607,0.18852728620562023,-0.117559224,0.017210659,0.0,132.22656,141.26562,149.83594,2.4487305,0.9862905847174781,0.711164409004474,1.4732955577118056,0.8383060877461094,-2.306228058678763,0.3467663828117606,-2.5441585055419376,0.877469238710193,5.475812367030552,1.458740738681216,6.222288983208792,1.4827669347858972,1.7218658924102783,0.45210152141833204,1.9876973969595773,0.5302273878991115,-0.9770375915936061,0.3018965256065182,-0.42199122639639036,0.6596630966063854,-4.813947916030884,0.7407199325618986,-4.481027620179312,0.6385163128063116,1.7906547784805298,0.4602586070736976,3.0347601430756703,1.6134668379438908,1.2382113933563232,0.1595689625672381,1.4378847990717207,0.2629632217525144,0.05270827,0.64066267,-0.013021747,-0.19287336,62.573526870571975,-8.0,998.0,86.1496837391128,14.45807132835369,556.4395744373328,37.602601419573794,211.39999999999964,2132.4375,0,2132.4375,0,2132.4375,0
2010-03-13,0.0037729105,0.0,1.1281967,0.04209942,-1.3449403,-4.8987117,-0.038936965,1.1917462,-0.005002882,-0.008430017,6.239861e-08,0.002344962,299.39462,284.58496,304.39563,3.7280252,97287.88,76494.31,101487.98,5735.9683,1.9511219,-1.2491804,7.1151996,1.7971219,-0.32757628,-2.8409672,2.1323402,0.9656764,3,72,0,0.022044639219529927,0.007348213073176642,0.030031368602067232,0.004290195514581033,4.915292501915246,0.35109232156537473,5.659464964894141,0.18864883216313805,-0.00696388,0.0037729105,0.0,44.6875,38.898438,82.83594,5.8598633,0.9291340730019978,0.5887182182417203,1.520150360252176,0.8458810114778382,-2.0587651899882724,0.3988068175660334,-2.422610031706946,0.9329071952298397,5.306149414607456,1.1001176049114052,6.356125865663801,1.4719507770048967,1.60436407157353,0.23430846108440428,2.003232887813023,0.520447374927022,-0.9297674724033901,0.3767228579857969,-0.43226744713527815,0.6567798868081793,-4.549470049994333,1.05516302637298,-4.37073678629739,0.7751142605203769,1.710318888936724,0.2958934493295671,2.824308352810996,1.5155433743127824,1.1758594342640467,0.16978507446538005,1.371198832988739,0.2552197446069107,0.18856716,1.0834594,-0.012820119,-0.41685987,62.573526870571975,-8.0,998.0,86.1496837391128,14.45807132835369,556.4395744373328,37.602601419573794,211.39999999999964,2099.90625,0,2099.90625,0,2099.90625,0
2010-03-14,1.3278021e-05,0.0,0.0076293945,0.00027054403,-1.3524944,-5.103637,-0.04019262,1.2232612,-0.005203284,-0.008680504,1.9790605e-08,0.0024952907,299.61713,285.07156,304.91797,3.6373372,97062.72,76366.56,101299.695,5711.2583,2.3391745,-1.459137,7.7634377,2.3457887,-0.24536435,-3.6307945,2.4827716,1.1255774,3,73,0,0.02099684711174632,0.0069989490372487735,0.02394378666394914,0.0034205409519927343,4.700279952647179,0.33573428233194136,5.659473166024327,0.18864910553414424,-0.00048542643,1.3278021e-05,0.0,0.9296875,-27.109375,40.429688,7.85791,1.1264582127332687,0.7952319750224098,1.528410286775657,0.8538053097996962,-1.926310351916722,0.4249965865255825,-2.458320685795375,0.8806871480252699,5.5503043447222025,1.4331043257940552,6.404021739959717,1.5082309859473462,1.663440159388951,0.35288576097978613,2.0478322761399403,0.5211907093448379,-0.7950971531016486,0.43325557671137976,-0.48203269871217863,0.6093603187478326,-4.5628388268607,1.040693964379297,-4.320121918405805,0.8000526008971015,1.8692843232836043,0.37177571342786453,2.5270954966545105,1.0433354816746754,1.1899629831314087,0.1591093450219419,1.3266569886888777,0.23801739112453663,0.022457242,-0.27177238,-0.008275494,0.01464951,62.573526870571975,-8.0,998.0,86.1496837391128,14.45807132835369,556.4395744373328,37.602601419573794,211.39999999999964,2062.3125,0,2062.3125,0,2062.3125,0
2010-03-15,0.0,0.0,0.0,0.0,-1.2821624,-4.493239,-0.045868106,1.167783,-0.0051463414,-0.008657,-4.9592927e-08,0.0023824193,299.97742,286.01624,304.84216,3.5219424,96979.71,76372.305,101171.72,5687.385,2.0208087,-2.714595,7.884119,2.5400524,0.15183288,-4.1730304,3.5818527,1.2811108,3,74,0,0.0037861884720769012,0.0012620628240256337,0.02394378666394914,0.0034205409519927343,4.6826182321328815,0.33447273086663437,5.659473166024327,0.18864910553414424,0.0,0.0,0.0,-59.070312,-63.164062,11.703125,2.9521484,1.2880037192787444,0.8520201830350611,1.5088761927826064,0.8379156386127471,-1.975009594644819,0.4980572677502347,-2.5597491690090726,0.8157262887702053,5.991089616503034,1.6250308363248598,6.4508534499577115,1.545518308139318,1.827190739767892,0.45738618510444906,2.08107727766037,0.5376162882107851,-0.5783561276538032,0.477652058785573,-0.4536709961082254,0.6301165383063854,-4.4202214649745395,1.0113973862686843,-4.353850569043841,0.7816786651741934,2.096234849521092,0.751253708782357,2.5557447927338734,1.0678835005379563,1.1926603998456682,0.1606908691146466,1.321106834071023,0.23811581140941615,0.079445004,-0.5241964,-0.0116264,0.01623118,62.573526870571975,-8.0,998.0,86.1496837391128,14.45807132835369,556.4395744373328,37.602601419573794,211.39999999999964,2042.78125,0,2042.78125,0,2042.78125,0
2010-03-16,2.147915e-05,0.0,0.011920929,0.00038319457,-1.1862123,-4.284857,-0.046191964,1.0650619,-0.0051146536,-0.008476458,5.2619725e-08,0.0023663712,300.5146,287.35425,305.61508,3.596988,97084.75,76451.35,101167.52,5702.508,0.865073,-4.6638236,6.2534537,2.5884414,0.21650754,-3.3625507,3.1250389,1.2011178,3,75,0,3.475717130640987e-05,1.1585723768803291e-05,0.023568096783492365,0.003366870969070338,4.2330545119275484,0.30236103656625346,5.640637512531612,0.1880212504177204,-0.00035686843,2.147915e-05,0.0,53.625,43.164062,69.91406,25.245117,1.342227469597544,0.8031103983140422,1.473367768738951,0.8549695502314427,-2.313044939722334,1.1412100713953182,-2.6075480580329895,0.9193039002256774,6.107144287654331,1.6081244248270599,6.402202980858939,1.539830338042028,1.9457566397530692,0.5372133335646255,2.0889468789100647,0.5446380738707988,-0.3660100868770054,0.44848410862683585,-0.4320239376808916,0.6486323555335107,-4.100476537431989,0.926181596832401,-4.32015894140516,0.8152423748478644,2.340889113289969,0.7700856179822223,2.540361259664808,1.0572083323730381,1.1726725442068917,0.14730348851992647,1.2971895507403783,0.2316024315104123,0.16340947,-0.059999466,-0.0153852105,-0.09824383,62.573526870571975,-8.0,998.0,86.1496837391128,14.45807132835369,556.4395744373328,37.602601419573794,211.39999999999964,2027.0,0,2027.0,0,2027.0,0
2010-03-17,2.421286e-05,0.0,0.005722046,0.0002745745,-1.0591443,-3.8549519,-0.044218495,1.0159546,-0.005223694,-0.008161076,-2.142042e-08,0.0024085767,300.8126,287.93637,306.20044,3.5827382,97393.15,76728.4,101432.43,5708.3174,0.15849125,-4.1173644,4.6129823,2.0027475,-0.69845176,-4.2159348,2.601041,1.4015943,3,76,0,4.569201155391056e-05,1.5230670517970188e-05,0.02210360925164423,0.003157658464520604,2.6391686267124896,0.18851204476517783,5.64066172539242,0.18802205751308065,-0.0007960279,2.421286e-05,0.0,283.66406,289.29688,229.82031,27.958496,1.3364301323890686,0.8128254233180433,1.269471901868071,0.798023943842,-2.5948579141071866,1.3219589328161514,-2.677804802145277,0.9969216980677686,6.169116224561419,1.5277963554872023,6.118323189871652,1.4708041605047035,2.0264014175959995,0.4884896378524207,2.038459837436676,0.5146152498219624,-0.3266474349158151,0.3951496646001446,-0.5366406052240303,0.5513252122452796,-3.9214211872645786,0.7143809105375689,-4.3087148155484885,0.8155203876863623,2.4928390298570906,0.6854002001135059,2.423820470060621,0.9397130248340031,1.190706627709525,0.16821347601154787,1.2764677149908883,0.20504526078186983,0.1781584,0.13403678,-0.0116373375,-0.037033916,62.573526870571975,-8.0,998.0,86.1496837391128,14.45807132835369,556.4395744373328,37.602601419573794,211.39999999999964,2005.53125,0,2005.53125,0,2005.53125,0
2010-03-18,6.560904e-05,0.0,0.04005432,0.0016197597,-1.0612634,-3.6092808,-0.040393323,1.0443362,-0.005447904,-0.009135957,-9.546056e-09,0.0025508087,301.74194,289.22464,307.58963,3.7324543,97517.484,76877.93,101554.13,5688.6587,-0.107739896,-3.1500576,3.493253,1.6092528,-0.98326606,-4.5371537,4.0010133,1.5911648,3,77,0,0.00011130105303891469,3.7100351012971565e-05,0.021108148164785234,0.003015449737826462,2.0240877180003736,0.14457769414288382,5.640727334433905,0.18802424448113014,-0.0004962812,6.560904e-05,0.0,450.45312,515.66406,337.72656,-9.294434,1.2311069922787803,0.955019052894546,1.0958960599132948,0.8154926782348914,-2.7494220222745622,1.3133293623264448,-2.663173632962363,0.9876803954411378,6.101907968521118,1.646702890528408,5.802129285676139,1.528393173473281,2.069728970527649,0.4229989869079643,1.9468741416931152,0.4625985189891893,-0.3721634830747332,0.4544698991511229,-0.6124906252537455,0.5329049117384447,-3.8474279131208147,0.594081830391055,-4.328345826693943,0.8176228243325954,2.795859387942723,0.8240904809705079,2.5139713372503008,1.0286012990961564,1.2243199859346663,0.2217179252511897,1.2810192363602775,0.21164586740500987,0.13875234,0.40262008,-0.00844337,0.018800497,62.573526870571975,-8.0,998.0,86.1496837391128,14.45807132835369,556.4395744373328,37.602601419573794,211.39999999999964,1962.9375,0,1962.9375,0,1969.09375,0
2010-03-19,0.0,0.0,0.0,0.0,-1.1513286,-5.15914,-0.043363318,1.1011782,-0.0054959957,-0.009448977,-1.1641532e-09,0.0025468725,302.34256,289.65683,308.41855,3.6365325,97290.12,76701.79,101395.03,5681.234,0.8032491,-1.4283504,4.0204206,1.2820407,-0.49626482,-4.380243,3.602708,1.4656874,3,78,0,8.9821902292897e-05,2.994063409763233e-05,0.003897489525115816,0.000556784217873688,0.8343045024776075,0.05959317874840053,5.640727334433905,0.18802424448113014,-1.2175966e-05,0.0,0.0,405.22656,562.1797,294.32812,-18.714355,1.1471683766160692,0.9644171646941595,1.0667294806667738,0.8183340266330024,-2.6832154989242554,1.3740468731956315,-2.4947217788015092,0.982419648672927,5.877552270889282,1.8252353954641205,5.676682318959918,1.6009933232814482,2.023635063852583,0.4937771699760576,1.8727504781314306,0.48102425098512536,-0.3403689776148115,0.43347570025435866,-0.6587032846042088,0.48777125813356853,-3.877239159175328,0.6178195280255535,-4.345593537603106,0.8158611995129819,3.075252260480608,0.6903330737705549,2.432953519480569,0.8729284862075961,1.2902755567005701,0.21378287000270846,1.2642434750284468,0.18323578458764783,0.13007212,-0.663856,-0.0024235472,0.013786197,62.573526870571975,-8.0,998.0,86.1496837391128,14.45807132835369,556.4395744373328,37.602601419573794,211.39999999999964,1905.46875,0,1905.46875,0,2020.90625,0
2010-03-20,0.0,0.0,0.0,0.0,-1.360988,-7.8555555,-0.042965867,1.3936483,-0.0057853973,-0.0098481355,7.21775e-08,0.0026874226,302.59045,289.4708,308.29868,3.498451,97085.36,76535.3,101272.836,5685.5654,1.7925416,-1.6417242,7.432861,1.8068542,0.14099343,-4.09395,2.4901161,1.1955326,3,79,0,6.560904148500413e-05,2.1869680495001376e-05,0.00012457907359930687,1.7797010514186695e-05,0.03015594767566654,0.00215399626254761,5.640727334433905,0.18802424448113014,-0.00010108179,0.0,0.0,198.17188,343.20312,204.32031,-16.961426,1.1245140475886208,0.9440317431289117,1.0268240602953094,0.7626026844246275,-2.7392931835991994,1.3123937046299532,-2.399029186793736,0.9965115656994243,5.92293245451791,1.8646583207615772,5.614540934562683,1.5052403590598051,2.0250254017966136,0.4930462336345562,1.8146947366850716,0.4303233222937821,-0.27343044749328066,0.47038775566385577,-0.6015989599483353,0.5325434276536518,-4.0562366758074075,0.416138782911843,-4.30285336290087,0.8119643824202831,3.1263631071363176,0.6183814117189296,2.4183409980365207,0.8699171189492132,1.3231121471949987,0.1684649526335028,1.2494857907295227,0.17955848324999069,-0.016047716,-2.9568439,-0.0040289015,0.20190203,62.573526870571975,-8.0,998.0,86.1496837391128,14.45807132835369,556.4395744373328,37.602601419573794,211.39999999999964,1844.1875,0,1844.1875,0,2044.6875,0
2010-03-21,0.0,0.0,0.0,0.0,-1.5062135,-6.550623,-0.032676615,1.6426703,-0.0059749475,-0.010905175,-4.5634806e-08,0.0028541037,301.94543,288.30142,308.08096,3.7956803,96880.23,76324.33,101130.71,5676.7095,2.5488465,-1.8385652,9.405901,2.3600008,0.59559304,-3.2742004,4.163218,1.4233197,3,80,0,0.0,0.0,0.00011130105303891469,1.590015043413067e-05,0.024055087716988055,0.0017182205512134324,5.640727334433905,0.18802424448113014,-0.019448148,0.0,0.0,25.367188,201.71875,77.609375,-42.22705,1.1544671867574965,0.991145642592074,1.1404626997453826,0.8634157227036553,-2.793497221810477,1.2573919945476768,-2.3599037868635997,1.0077387518091565,6.157570055552891,2.206805010792376,5.853937200137547,1.8151787141943476,2.027055706296648,0.49461401138909816,1.8452479328427995,0.4538540272127167,-0.15329367773873465,0.574597257185966,-0.4741954154201916,0.5915381104674751,-4.0052946635655,0.4918405824034005,-4.2840667452131,0.8337911906583171,3.366426876613072,0.6521524947602401,2.617855599948338,0.929273733479971,1.3656467539923531,0.14642397834462934,1.277804868561881,0.1728853213391884,-0.15371919,-1.4469857,0.007516004,0.41940904,62.573526870571975,-8.0,998.0,86.1496837391128,14.45807132835369,556.4395744373328,37.602601419573794,211.39999999999964,1784.125,0,1784.125,0,2058.65625,0
2010-03-22,0.0,0.0,0.0,0.0,-1.5457196,-5.9337397,-0.03624777,1.7096205,-0.0059621376,-0.01071604,1.3271347e-08,0.002781773,301.40634,287.7224,307.10596,3.5072203,96481.586,75941.49,100753.31,5677.0327,3.0560367,-1.1175836,8.81601,2.4420192,1.2404817,-3.5650628,4.9301357,1.7320834,3,81,0,0.0,0.0,0.00011130105303891469,1.590015043413067e-05,0.024055087716988055,0.0017182205512134324,5.640018912974483,0.18800063043248277,-0.011941054,0.0,0.0,-182.13281,-13.5234375,-127.625,-42.309082,1.302356903042112,1.1976739660902078,1.295180311160428,0.9985716328332557,-2.565352729388646,1.409746975679439,-2.2701811620167325,1.060930398027493,6.290697404316494,2.351673304524867,6.1408935104097635,1.9481891432843677,2.0130509649004256,0.47880307211722134,1.9201208523341589,0.46006948527551766,0.0022275873592921664,0.7811499732519895,-0.2880642701472555,0.6911446300453351,-3.9184421471187045,0.5106055705558916,-4.169331806046622,0.8125503545674772,3.5590387412479947,0.8842038829659202,2.827636795384543,1.0942674099930403,1.4300714220319475,0.19438605689318314,1.3113659109388078,0.21102660136400872,-0.2635572,-1.4405007,0.009620335,0.54183745,62.573526870571975,-8.0,998.0,86.1496837391128,14.45807132835369,556.4395744373328,37.602601419573794,211.39999999999964,1729.21875,0,1729.21875,0,2076.5625,0
2010-03-23,1.7183322e-05,0.0,0.0038146973,0.0001651217,-1.2614161,-4.9741335,-0.031985108,1.2702403,-0.0058292,-0.010152523,-1.0919757e-07,0.002708839,300.41757,283.72305,306.90192,4.4597473,96386.68,75828.04,100545.914,5637.539,2.6271935,-2.0142949,6.726835,1.9167988,0.9419978,-6.4954677,4.7385006,2.4798334,3,82,0,1.7183321688207798e-05,5.727773896069266e-06,0.00010700522398110479,1.5286460568729255e-05,0.02367510200747347,0.0016910787148195336,5.629312922677855,0.1876437640892618,-0.26958996,1.7183322e-05,0.0,-287.0703,-148.53125,-263.14844,-61.52539,1.5540883924279894,1.273245921773597,1.4481579310127668,1.0285892733529736,-2.186848623411996,1.0662665757430632,-2.2499467815671648,1.0630669821678786,6.358323267527989,2.357223645865025,6.23273377759116,1.9429601320954253,1.9171020303453719,0.40605033717030575,1.9314293350492204,0.45773052667863307,0.10586905692304883,0.8586067210561764,-0.1300705149769783,0.7021618115636808,-4.36600170816694,1.0403674522563526,-4.233239122799465,0.956267719722428,3.7895332745143344,0.95932087962773,3.065211193902152,1.12403685694943,1.6127450806753976,0.4168749471693479,1.3927088124411446,0.37731048901645836,-0.07520378,-0.6892767,0.0142068565,0.20517838,62.573526870571975,-8.0,998.0,86.1496837391128,14.45807132835369,556.4395744373328,37.602601419573794,211.39999999999964,1699.625,0,1727.28125,0,2107.40625,0
2010-03-24,0.00026829413,0.0,0.049591064,0.002263317,-1.1235428,-5.1285114,-0.03398303,1.1156968,-0.005391102,-0.008916382,-1.7695129e-08,0.0024819952,299.96674,284.93555,305.91064,4.413655,96609.445,76009.82,100682.77,5654.5845,1.5003381,-1.4851996,5.097401,1.581606,0.4848503,-6.2987404,4.2971663,2.135201,3,83,0,0.00028547744841489475,9.515914947163158e-05,0.0003510864898998989,5.01552128428427e-05,0.02245469574154413,0.0016039068386817235,5.0542071499749,0.16847357166583,-0.1824898,0.00026829413,0.0,-204.64844,-83.859375,-251.75781,-59.45508,1.7457807958126068,1.119888904045237,1.5411054641008377,0.9637868355500002,-1.8108250754220145,0.6579273904886319,-2.2028414947646007,1.0825233857741898,6.4275259631020685,2.303953349778958,6.298321093831744,1.8828760943381289,1.8569389581680298,0.422126857802226,1.9416701878820146,0.4473331747699422,0.27491220618997303,0.7873900669445297,-0.025867614362921034,0.675010954672634,-4.663545370101929,1.2640819928963434,-4.292483278683254,1.058921050309943,4.031836884362357,0.8119913445851017,3.262337957109724,1.076476469233765,1.7175460372652327,0.4461317349867132,1.4541263324873788,0.423850024542279,-0.06439853,-1.2735596,0.010235466,0.099742174,62.573526870571975,-8.0,998.0,86.1496837391128,14.45807132835369,556.4395744373328,37.602601419573794,211.39999999999964,1669.9375,0,1864.65625,0,2139.84375,0
2010-03-25,0.0008572134,0.0,0.11730194,0.006794597,-1.1680328,-5.6630454,-0.036307372,1.1545614,-0.005340811,-0.008399883,6.2864274e-09,0.0024621482,300.21268,285.87497,305.66843,4.239158,96669.76,75994.73,100789.6,5703.4224,1.6440252,-1.5884787,4.782005,1.518251,1.1187572,-2.2414348,3.7487996,1.2521569,3,84,0,0.0011426908440625994,0.00038089694802086643,0.0011426908440625994,0.0001632415491517999,0.022250839008847834,0.001589345643489131,5.052076418151046,0.16840254727170154,-0.13585433,0.0008572134,0.0,-186.08594,-121.05469,-223.66406,-31.279297,1.996032953262329,0.7811678431231922,1.6135699727705546,0.9274281470563599,-1.5877423797334944,0.2900413098095903,-2.1685822010040283,1.094637151813659,6.611633368900844,2.0700128579832984,6.356770668710981,1.8163545865830693,1.8439386912754603,0.43230479222330354,1.9568338309015547,0.42727471198669836,0.575201249548367,0.6079673859495216,0.10151888323681695,0.7124310043700072,-4.335585526057652,1.5644573498754408,-4.091506719589233,1.1647648365300414,3.9958063534327914,0.8191512171058796,3.3958328706877574,1.0053838740208172,1.6691163267408098,0.4793047001864135,1.446718156337738,0.4265969319709856,-0.10676932,-2.0537646,0.0040859506,0.1102252,62.573526870571975,-8.0,998.0,86.1496837391128,14.45807132835369,556.4395744373328,37.602601419573794,211.39999999999964,1631.375,0,1969.09375,0,2165.1875,0
2010-03-26,0.0009290709,0.0,0.042438507,0.00387576,-1.3416669,-6.4416475,-0.04079426,1.3686424,-0.005655123,-0.008757233,-1.3038516e-08,0.002597707,300.4704,285.6375,306.197,3.7844872,96707.77,76042.38,100868.5,5709.4946,2.2594008,-1.7776489,6.2064004,1.8041515,0.94593436,-2.8401775,3.9093342,1.3669055,3,85,0,0.0020545784500427544,0.0006848594833475848,0.002071761771730962,0.0002959659673901375,0.005969251296846778,0.0004263750926319127,5.037271425617291,0.16790904752057637,-0.10078569,0.0009290709,0.0,-166.125,-113.75,-193.10938,-19.660645,2.204054628099714,0.5780797882277361,1.6756115023578917,0.9403432341723327,-1.637642162186759,0.2880892682480544,-2.160428830555507,1.0972792935973588,6.92391620363508,1.754845924324105,6.4007342372621805,1.80379689247562,1.918525951249259,0.3578257180822451,1.9710805075509208,0.4178515165146516,0.7812297024897167,0.38944736439445327,0.2204303624374526,0.7038556009750635,-4.115576199122837,1.6623569037310986,-3.996407679149083,1.2111534417714014,4.039610079356602,0.802659343945243,3.557431169918605,0.876175327593219,1.655004620552063,0.48767340076289095,1.4726400886263167,0.4082576753221104,-0.19033837,-1.2825074,0.002569057,0.26746428,62.573526870571975,-8.0,998.0,86.1496837391128,14.45807132835369,556.4395744373328,37.602601419573794,211.39999999999964,1604.09375,0,2020.90625,0,2176.9375,0
2010-03-27,1.5621201e-06,0.0,0.0009536743,3.8565704e-05,-1.1591036,-4.7426324,-0.042716965,1.1377012,-0.005485364,-0.008513606,-3.7252903e-08,0.002491487,300.621,286.48306,305.67276,3.5417657,96939.63,76285.6,101065.77,5699.04,1.6731573,-2.104107,5.807026,1.8483942,-0.020176742,-3.519788,2.96772,1.2065035,3,86,0,0.0017878464434488706,0.0005959488144829569,0.0020733238918637653,0.00029618912740910934,0.002197902965463072,0.00015699306896164802,4.9295691082618305,0.16431897027539435,-1.8075455,1.5621201e-06,0.0,14.53125,92.66406,-72.71875,-30.21582,2.186999729701451,0.5937915382932892,1.6557568886450358,0.9370071555565374,-1.7036968299320765,0.3378862521091722,-2.2214950067656383,1.0660089283415464,6.691654069083078,1.7836154616211362,6.307293261800494,1.7978122138431072,1.9244602237428938,0.3560048823342208,1.9747428127697535,0.41643183310592996,0.7582053919988019,0.4356325807102915,0.2423874722527606,0.6901056822614844,-4.033553089414324,1.6776960473376308,-4.044894882610866,1.1743677182996006,4.107839209692819,0.6558712242943981,3.617101158414568,0.7964782815579146,1.656571899141584,0.48596528544865186,1.4898420231682914,0.3899151895112733,0.20188439,3.1129231,0.00024890155,-0.2559471,62.573526870571975,-8.0,998.0,86.1496837391128,14.45807132835369,556.4395744373328,37.602601419573794,211.39999999999964,1602.1875,0,2044.6875,0,2180.8125,0
2010-03-28,7.1466995e-05,0.0,0.02861023,0.0010673377,-1.2824125,-6.3651423,-0.038765833,1.286028,-0.0057102665,-0.009166488,-2.561137e-08,0.002632581,301.30923,287.08493,306.68365,3.706399,96941.586,76276.74,101152.875,5714.188,2.3200307,-0.92283696,6.4228253,1.805166,0.2695402,-2.8462822,2.4542954,1.0363954,3,87,0,0.001002100042796883,0.00033403334759896097,0.0021447908868594823,0.0003063986981227832,0.002256091939898397,0.00016114942427845693,4.923053114619734,0.16410177048732447,-0.3754018,7.1466995e-05,0.0,95.82031,225.54688,40.15625,-15.490723,2.1543117591312955,0.5766013910418436,1.654389472944396,0.935946463995447,-1.5728785055024284,0.4390826289303517,-2.183187863656453,1.104454417173795,6.265500409262521,1.324234925396795,6.211535232407706,1.7493359250820648,1.8451981033597673,0.30027624661804225,1.936126904828208,0.4042662607341289,0.7116264142096043,0.47184357655926884,0.2791663682354348,0.6756816439334007,-3.9724219185965404,1.7173050902119429,-3.9888582910810197,1.2137052534401505,3.8637074061802457,0.9032294229684382,3.6150671413966586,0.7996280548542823,1.6012970038822718,0.5363143692828113,1.4834718789373125,0.3969883882972532,0.22380102,0.1854806,-0.006089218,-0.35664225,62.573526870571975,-8.0,998.0,86.1496837391128,14.45807132835369,556.4395744373328,37.602601419573794,211.39999999999964,1633.5,0,2058.65625,0,2195.1875,0
2010-03-29,0.017763259,0.0,1.6260147,0.108682446,-1.2459848,-4.68615,-0.0403556,1.2946485,-0.006228076,-0.010001231,4.02797e-08,0.0028861645,301.33484,285.8209,307.14102,3.7929606,96824.91,76122.54,101159.375,5725.6055,3.4544427,-1.3828653,8.428251,2.1254692,0.9934745,-2.674237,4.4442525,1.5321357,3,88,0,0.017836288004446033,0.005945429334815344,0.019908049776176995,0.0028440071108824278,0.02001935082921591,0.0014299536306582792,4.9353251307650225,0.16451083769216743,-0.010566317,0.017763259,0.0,-48.015625,74.90625,3.28125,-19.32129,2.211226906095232,0.6891265395361696,1.7567919045686722,1.0505334281590277,-1.610775887966156,0.4032202545652529,-2.0880643086774007,1.112485020345287,6.210106236594064,1.202254749726504,6.250401820455279,1.7948095070086223,1.7999766724450248,0.20373043575707908,1.906513818672725,0.3703899320886998,0.6763396640973431,0.4333690624825073,0.33928362572831766,0.7004679190032507,-3.845161097390311,1.7842270029041831,-3.8818016222545078,1.2613759176246153,3.794295515332903,0.822696531856191,3.676667128290449,0.8295312237465684,1.5727330446243286,0.5335049997395296,1.501402233328138,0.39279220657823116,0.29973483,1.2475896,-0.004107829,-0.41497195,62.573526870571975,-8.0,998.0,86.1496837391128,14.45807132835369,556.4395744373328,37.602601419573794,211.39999999999964,1727.28125,0,2076.5625,0,2224.59375,0
2010-03-30,3.5538233e-05,0.0,0.020980835,0.0007161622,-1.3152095,-4.8024187,-0.036282472,1.3656335,-0.006226814,-0.009860913,6.61239e-08,0.002875723,301.49094,285.06613,307.16898,4.039442,96668.805,75959.875,101013.72,5707.055,3.5889783,-2.1466293,8.6169615,2.6498344,0.41468716,-4.1130395,4.257525,1.8255775,3,89,0,0.017870264116936596,0.005956754705645532,0.019926404687112154,0.002846629241016022,0.02003340991109326,0.0014309578507923756,4.720334841709018,0.15734449472363393,-0.0026862302,3.5538233e-05,0.0,-189.91406,-74.15625,-118.703125,-45.745605,2.3486247403281078,0.8604645917530234,1.9513565663780486,1.1224572965772408,-1.6296808123588562,0.4276542647715784,-1.9082647178854262,0.8322999356834664,6.480124337332589,1.5104124300867912,6.419223802430289,1.9030141760584918,1.9046960387911116,0.3831632058848393,1.9108990345682417,0.3793399320026365,0.6010095684656075,0.42524853092976,0.35343931269432816,0.6997980658514066,-3.5048142160688127,1.3746258845227162,-3.935407962117876,1.2535340253918827,3.7255847113473073,0.7473271897798645,3.757558992930821,0.8268140818645107,1.479267920766558,0.3846458825735811,1.5460065007209778,0.3915236108520525,-0.05379343,0.17171478,-0.0042973645,0.09539318,62.573526870571975,-8.0,998.0,86.1496837391128,14.45807132835369,556.4395744373328,37.602601419573794,211.39999999999964,1864.65625,0,2107.40625,0,2234.71875,0
2010-03-31,0.0001573836,0.0,0.18072128,0.0051747058,-1.363202,-5.3750343,-0.0387351,1.4925741,-0.005961048,-0.0094055,9.313226e-09,0.002737904,300.8192,284.5546,305.69928,3.8967276,96659.76,75929.62,100929.25,5713.4805,3.0168564,-1.4145209,8.993194,2.744688,0.5657716,-3.4727657,4.7323937,1.7748239,3,90,0,0.017956180727196625,0.005985393575732208,0.019815494165641212,0.0028307848808058872,0.02016658065554111,0.001440470046824365,4.7028305047999766,0.15676101682666588,-0.119213544,0.0001573836,0.0,-180.6875,-72.89844,-155.70312,-24.106445,2.5652702195303783,0.8000825340550736,2.1555255076714923,1.0271757214948576,-1.619583853653499,0.432441587010018,-1.7152044645377569,0.5440058880583444,7.036666120801653,1.6290844449992277,6.732096041951861,1.942864341881386,2.0708506107330322,0.46347100956700804,1.963894784450531,0.4401164572791246,0.6125697530806065,0.42265650958145234,0.44374097963528975,0.6318942232617061,-3.1011035442352295,0.6313616829949945,-3.882324457168579,1.2564728031087717,3.7877600533621654,0.8176068753834365,3.909798468862261,0.7930162926903814,1.4277854817254203,0.29616065565220007,1.5726657594953264,0.39363513776916664,-0.23965919,-0.2465229,-0.0047520697,0.3768773,62.573526870571975,-8.0,998.0,86.1496837391128,14.45807132835369,556.4395744373328,37.602601419573794,211.39999999999964,1969.09375,0,2139.84375,0,2234.71875,0
2010-04-01,0.004053311,0.0,0.28705597,0.022759203,-1.4146608,-5.4943137,-0.038998432,1.5091606,-0.0059010205,-0.009495443,5.5646524e-08,0.002701562,301.47205,285.60583,306.06064,3.7272356,96610.375,75916.47,100911.23,5737.728,2.6380475,-1.5463072,9.233397,2.8433318,1.1442754,-1.7097473,4.9270935,1.3879409,4,91,0,0.004246232794685056,0.0014154109315616854,0.023011591726799452,0.003287370246685636,0.02415428257086205,0.001725305897918718,4.257298616400703,0.14190995388002345,-0.0045181545,0.004053311,0.0,-176.70312,-28.09375,-132.97656,1.1137695,2.707273398126875,0.6899567862100042,2.3516531756946017,0.798464959601126,-1.6135593567575728,0.4332401625408607,-1.6006508682455336,0.3544506915980499,7.672579220363072,1.4625847811279669,7.142106294631958,1.8077667096403758,2.2601478781018938,0.4707014070693603,2.052043284688677,0.48492575111068187,0.6162152072148663,0.42782848370112325,0.5957082283816167,0.5054972289049816,-3.025148187364851,0.7689996494118627,-3.6803668567112515,1.365612982326704,3.956087759562901,0.9227774465754115,3.9759470564978465,0.8385281554748258,1.4471832002912248,0.28704676748613384,1.5581497635160173,0.39663615842628147,-0.24662805,0.16873169,-0.0026910603,0.35459924,62.573526870571975,-8.0,998.0,86.1496837391128,14.45807132835369,556.4395744373328,37.602601419573794,211.39999999999964,2020.90625,0,2165.1875,0,2234.71875,0
2010-04-02,0.060510285,0.0,2.0079613,0.19859102,-1.570854,-7.614163,-0.04111021,1.8003857,-0.0062502525,-0.00998618,-6.053597e-08,0.002953805,301.17572,286.15662,306.1182,3.664102,96636.28,75903.49,100930.27,5753.232,2.618774,-4.9996285,10.166713,3.7085948,0.9539666,-4.918068,5.1043525,1.9716623,4,92,0,0.0647209797607502,0.021573659920250066,0.0825928059978196,0.0117989722854028,0.08466456776955056,0.006047469126396469,2.723898803523525,0.09079662678411751,0.030412937,0.060510285,0.0,-203.03125,-80.828125,-134.64844,8.36377,2.758612411362784,0.6639571611955389,2.481333519731249,0.6636995551268975,-2.07384215933936,1.3590253600345752,-1.8557421607630593,0.970551733075521,8.238338129861015,1.5634025507825422,7.581127166748047,1.7362479002360587,2.5322112015315463,0.670981313935338,2.2253685763904025,0.6068623314594954,0.6173626732613359,0.4288697064508251,0.6992961878755263,0.4026426417011045,-3.3219896725245883,1.0392537155611379,-3.718782935823713,1.3940836824384346,4.126804658344814,1.018284950026701,4.083207368850708,0.882025976521282,1.5335770334516252,0.3441805753206674,1.594290827001844,0.41037693663826313,-0.22918701,-1.1725154,-0.00031594932,0.43174326,62.573526870571975,-8.0,998.0,86.1496837391128,14.45807132835369,556.4395744373328,37.602601419573794,211.39999999999964,2044.6875,0,2176.9375,0,2234.71875,0
2010-04-03,0.077802956,0.0,3.5538673,0.33134523,-1.3334881,-6.65825,-0.038601458,1.4567353,-0.005849098,-0.009995475,4.5169145e-08,0.0026969458,300.85242,285.6278,306.07425,3.8330593,96917.86,76168.13,101065.91,5731.2627,1.773648,-4.011558,7.0603414,2.6042554,-0.12245642,-4.836436,3.6780903,1.788238,4,93,0,0.14236655225977302,0.04745551741992434,0.16039419998196536,0.022913457140280764,0.16246752387382912,0.011604823133844937,2.1865552418742027,0.07288517472914009,0.048218876,0.077802956,0.0,-132.58594,-11.609375,-127.734375,-10.142578,2.772968224116734,0.6371203662819381,2.4799839769090926,0.6652253105900539,-2.3463351811681474,1.5446552683187291,-2.025016005550112,1.1247634377104558,8.417383193969727,1.2856491583839826,7.554518631526402,1.7415413328872555,2.6401913847242082,0.599619618551742,2.282325804233551,0.6019613973686628,0.6027512912239347,0.4551477200736219,0.6804783416113683,0.43555376563407167,-3.5100822108132497,1.1893318123730692,-3.771817650113787,1.4232714559625632,4.228286130087716,0.9135282686966391,4.168062669890268,0.7665598413895882,1.6166819674628121,0.32153064741167636,1.636626933302198,0.39641028848225873,-0.17438447,-1.9156175,0.004115507,0.3190341,62.573526870571975,-8.0,998.0,86.1496837391128,14.45807132835369,556.4395744373328,37.602601419573794,211.39999999999964,2058.65625,0,2180.8125,0,2234.71875,0
2010-04-04,0.03530782,0.0,2.7947426,0.19298877,-1.3385752,-6.495352,-0.03604032,1.3402911,-0.005851766,-0.009356288,7.622875e-07,0.0026897655,300.78052,284.55334,306.55017,4.1640663,97090.65,76361.39,101227.6,5703.902,1.927693,-2.1703484,5.673727,1.665843,-0.56405115,-3.9811523,2.1038494,1.2327986,4,94,0,0.1736210621893406,0.05787368739644686,0.19563055387334316,0.027947221981906165,0.19777534476020264,0.014126810340014475,1.03207984723781,0.03440266157459367,0.010725303,0.03530782,0.0,-17.65625,112.21875,-41.03125,-29.403809,2.7169199841363088,0.6979591808153378,2.4356158716338023,0.6808108935089744,-2.524551102093288,1.4199798791987854,-2.048714803797858,1.124027820385371,8.310369150979179,1.4936859655316568,7.28793478012085,1.7218814398025737,2.6202880995614186,0.6333214703519349,2.232743101460593,0.6232820828418696,0.48366681379931314,0.6316759711926719,0.5976466140044587,0.548549478022373,-3.6722065040043423,1.160771839722421,-3.822314211300441,1.416784570606658,4.178222417831421,1.029226814235004,4.020964912005833,0.9444984944352611,1.6447395597185408,0.26627527643116594,1.6230182818004064,0.40741390294126306,-0.056162715,-0.13020945,0.0027255118,0.054263115,62.573526870571975,-8.0,998.0,86.1496837391128,14.45807132835369,556.4395744373328,37.602601419573794,211.39999999999964,2076.5625,0,2195.1875,0,2234.71875,0
2010-04-05,6.0532155e-05,0.0,0.041007996,0.0015033971,-1.3426789,-4.5417514,-0.03984291,1.322698,-0.0059656915,-0.009845087,6.519258e-09,0.002761271,301.11182,285.83957,307.24463,4.2567387,97106.74,76423.49,101199.57,5681.27,1.2661973,-2.3831418,5.243689,1.5636865,-1.2303386,-3.8876743,1.9140021,1.0781733,4,95,0,0.1131713091454003,0.037723769715133436,0.17792782713877386,0.025418261019824837,0.19783587691495086,0.014131134065353632,0.2279918245906174,0.0075997274863539134,-0.031124907,6.0532155e-05,0.0,-6.484375,138.51562,-36.367188,-48.16211,2.404313496180943,0.7957678489861365,2.3077702011380876,0.7221410288050464,-2.667447737285069,1.3336460774983765,-2.1391118126256123,1.0938687339442932,7.855431692940848,1.8854018374796904,7.032768964767456,1.7425837344990778,2.540033425603594,0.7340585859374859,2.1700050490243092,0.6444426680287672,0.1659792342356273,0.8529869103620671,0.42115944916648523,0.7018661756448494,-3.845554692404611,1.0742814421674363,-3.845357894897461,1.414900926987642,3.8167580706732616,1.3226975917882782,3.8055267930030823,1.0582975079553214,1.5798877818243844,0.3426107099303115,1.5763104132243566,0.4307629426388598,-0.09669411,0.14439869,0.00051268935,0.028049469,62.573526870571975,-8.0,998.0,86.1496837391128,14.45807132835369,556.4395744373328,37.602601419573794,211.39999999999964,2107.40625,0,2224.59375,0,2234.71875,0
2010-04-06,2.73371e-06,0.0,0.0009536743,4.0847277e-05,-1.2086257,-5.006165,-0.04483783,1.1728765,-0.0059249895,-0.009442406,7.334165e-08,0.0027164612,301.63052,287.1423,307.43417,3.9997723,97052.945,76387.32,101147.69,5699.6895,0.7946868,-2.1173077,4.4117856,1.5704428,-0.31387353,-2.4288025,2.5826313,0.93100303,4,96,0,0.03537108675118361,0.011790362250394537,0.17789502261621237,0.02541357465945891,0.19782142730332453,0.014130101950237466,0.2218936983420008,0.007396456611400026,-0.007026211,2.73371e-06,0.0,-11.4296875,122.02344,-0.40625,-40.49756,2.0051289967128207,0.8032754206999397,2.176876868520464,0.8193274414258472,-2.6632589272090366,1.3355991557412665,-2.1464698697839464,1.0933108738071735,7.254692281995501,2.239084501679916,6.867408309664045,1.8783977407291061,2.3858346257890974,0.8159514786650485,2.1452653322901045,0.6613375337975315,0.06189913621970585,0.8619836030912916,0.3314543523426567,0.7103819381087202,-3.604949406215123,1.187075261530095,-3.5548818111419678,1.2349885919961838,3.5774875538689748,1.3799283895152694,3.651536132608141,1.0688946994562236,1.452091429914747,0.3980488282137096,1.4656796753406525,0.37631379229525375,0.10658383,-0.20374632,-0.008555356,-0.19275701,62.573526870571975,-8.0,998.0,86.1496837391128,14.45807132835369,556.4395744373328,37.602601419573794,211.39999999999964,2139.84375,0,2234.71875,0,2234.71875,0
2010-04-07,3.788141e-05,0.0,0.015735626,0.000615336,-1.2245966,-5.5739756,-0.04531722,1.2126546,-0.0059217038,-0.009930627,-1.5157275e-07,0.002703994,302.3769,288.9109,308.32104,3.748407,97091.836,76450.305,101222.48,5716.737,1.2614832,-0.88003606,5.020151,1.5134188,0.45674443,-3.0706623,4.136898,1.226083,4,97,0,0.00010114727592736017,3.371575864245339e-05,0.1777755204220739,0.02539650291743913,0.1975910145877151,0.014113643899122508,0.22193157975311806,0.007397719325103936,-0.05578898,3.788141e-05,0.0,-21.273438,102.953125,-0.3125,-17.654785,1.7543613910675049,0.7024640374768029,2.1598158052989413,0.8367994272945251,-2.5869039552552358,1.4307735147907477,-2.1032439044543674,1.1327193313568737,6.687114783695766,2.228481325786654,6.861890452248709,1.8841019564597978,2.209939020020621,0.8573622007651464,2.1403948153768266,0.6660423565679138,0.04632382946355002,0.8522921671722223,0.32944679127207827,0.7099546757436502,-3.5475060599190846,1.2041441020597126,-3.3243048020771573,0.9522825526357429,3.492416739463806,1.3136264466021597,3.6400883964129855,1.0622859791342205,1.3736998779433114,0.37739548492740993,1.4007426798343658,0.3271166928785362,0.13860536,-0.19894123,-0.0065821223,-0.2799195,62.573526870571975,-8.0,998.0,86.1496837391128,14.45807132835369,556.4395744373328,37.602601419573794,211.39999999999964,2165.1875,0,2234.71875,0,2234.71875,0
2010-04-08,0.0036561422,0.0,0.7634163,0.038167648,-1.2793417,-5.089514,-0.050447177,1.353641,-0.00588959,-0.00948514,4.307367e-08,0.0026534435,302.98865,290.01352,308.23557,3.5885828,97119.09,76502.19,101301.85,5718.441,1.6741953,-2.5443,6.566255,1.9426318,0.42549536,-3.44804,3.668822,1.2743905,4,98,0,0.003696757279612939,0.0012322524265376462,0.17737835162370175,0.025339764517671677,0.2003899433505012,0.014313567382178658,0.22519055288034906,0.007506351762678302,-0.081794925,0.0036561422,0.0,-5.703125,130.07812,1.5,-22.617676,1.6166682243347168,0.5850276386193871,2.1619708112307956,0.8354066253845237,-2.729474365711212,1.357655230302052,-2.1715168612343922,1.1281018997910317,6.306094578334263,1.928366997860138,6.989336899348667,1.7906166125687084,2.0812675952911377,0.81289523801223,2.170707736696516,0.6448699594685617,-0.05635903775691986,0.7329027410848953,0.27992808472897324,0.6739292498036812,-3.7958335876464844,0.903755910335683,-3.4104908875056674,0.8998998743150375,3.3126636743545532,1.161918665107129,3.634375716958727,1.0618713574986065,1.3574783887181963,0.37911777187492834,1.4023307945047105,0.3263930059490134,0.13531911,0.40479994,-0.011448745,-0.1555196,62.573526870571975,-8.0,998.0,86.1496837391128,14.45807132835369,556.4395744373328,37.602601419573794,211.39999999999964,2176.9375,0,2234.71875,0,2234.71875,0
2010-04-09,0.0032702985,0.0,0.6351471,0.032565977,-1.3015316,-5.485673,-0.049341694,1.3389717,-0.0063861376,-0.0105352085,1.6298145e-08,0.0029413353,303.0512,290.19308,308.03552,3.434894,96843.875,76270.484,101090.6,5699.4443,2.5056458,-1.2594471,7.0389743,2.1744094,0.28090146,-2.5247276,2.833915,0.9871062,4,99,0,0.006964322044950677,0.0023214406816502255,0.12013836490041285,0.017162623557201835,0.20273117089823245,0.014480797921302318,0.22697215096309264,0.007565738365436421,-0.098336525,0.0032702985,0.0,-102.0625,59.859375,-87.27344,-48.802734,1.6005070550101144,0.553440892468262,2.179559733186449,0.840194284198511,-2.195162730557578,1.0056775541812115,-2.134502444948469,1.1503022685266628,5.859274796077183,1.044573290772932,7.0488064629690985,1.776382746029312,1.862098251070295,0.406002291359563,2.1971547263009206,0.6362149181957806,-0.1525112028632845,0.6125287217896604,0.2324257351990257,0.646243238843253,-3.453927823475429,0.8601019477434911,-3.387958748000009,0.9190240952640081,2.988315463066101,0.8546899158023519,3.5575600607054576,1.079207198931519,1.2168275203023637,0.2839767424362105,1.3752022768769945,0.34482707386540573,0.2693224,2.12849,-0.008231483,-0.46141398,62.573526870571975,-8.0,998.0,86.1496837391128,14.45807132835369,556.4395744373328,37.602601419573794,211.39999999999964,2180.8125,0,2234.71875,0,2234.71875,0
2010-04-10,0.0011809628,0.0,0.36859512,0.015263296,-1.2489276,-4.812144,-0.039182365,1.3374193,-0.0063748313,-0.010513942,6.426126e-08,0.0029482797,303.06897,290.0607,308.608,3.2450619,96518.63,76006.54,100791.164,5701.68,2.9713109,-0.8887577,7.1544147,2.22187,1.620247,-1.5975571,4.201678,1.2120252,4,100,0,0.008107403409667313,0.002702467803222438,0.04351637157196819,0.00621662451028117,0.20391057155393355,0.014565040825280968,0.22709204361058255,0.007569734787019418,-0.2722577,0.0011809628,0.0,-289.0547,-64.52344,-233.50781,-56.348145,1.771601745060512,0.7617952960164258,2.272284984588623,0.8515641036354128,-1.7490483948162623,0.7167752047869806,-2.0476917879922047,1.1976576440600264,5.872713838304792,1.063042980330337,7.145048516137259,1.7400579626223047,1.807471752166748,0.3018766760062561,2.2238315684454784,0.6282464141362376,0.09644642898014613,0.9091257404154991,0.34959886010204044,0.7389816538373547,-2.9912308624812534,0.8635987600812627,-3.2506565366472517,1.0341886971047451,3.063113672392709,0.9434214765537879,3.6456999012402127,1.0777170271309433,1.1345113941601344,0.13536259941451984,1.3755966808114732,0.34462237520866223,0.08456051,1.846106,-0.00058090687,-0.11931598,62.573526870571975,-8.0,998.0,86.1496837391128,14.45807132835369,556.4395744373328,37.602601419573794,211.39999999999964,2195.1875,0,2234.71875,0,2234.71875,0
2010-04-11,0.18049009,0.0,3.303051,0.42953938,-1.28056,-5.379434,-0.04845438,1.3165795,-0.0062837787,-0.010178639,3.0035153e-08,0.0029856698,303.41315,287.4045,309.12662,3.819055,96442.695,75988.195,100723.75,5675.6978,3.0385935,-1.3457788,9.430955,2.6390448,1.5017521,-3.4481423,5.2376485,1.8662503,4,101,0,0.18494135269429535,0.06164711756476512,0.1886986421286565,0.026956948875522357,0.38432919600199966,0.027452085428714263,0.39037147641397496,0.013012382547132498,-0.6346676,0.18049009,0.0,-358.35156,-70.17969,-265.98438,-75.723145,1.9303018195288522,0.9024592460521997,2.3236109018325806,0.8759683315461868,-1.6312527401106698,0.7036336759587556,-2.077901921101979,1.172164208631549,6.40946068082537,1.7022125797016914,7.359914915902274,1.827542236118982,1.94650057383946,0.4248389973078435,2.2833943367004395,0.6250211845651823,0.3915611846106393,0.9906257047145891,0.43761399920497623,0.7996063926318232,-2.915086575916835,0.7813508443586797,-3.2936465399605885,1.0285804065092237,3.5107992546898976,1.136201388217974,3.8445108362606595,1.0975727224483598,1.225004494190216,0.31048258504310144,1.4348720269543784,0.3530562266225589,0.058015227,1.1159177,-0.0124140605,-0.023711681,62.573526870571975,-8.0,998.0,86.1496837391128,14.45807132835369,556.4395744373328,37.602601419573794,211.39999999999964,2224.59375,0,2234.71875,0,2282.6875,0
2010-04-12,0.021178834,0.0,1.9412041,0.13143408,-1.3155923,-6.9055185,-0.046007797,1.2886729,-0.006637043,-0.01133875,-9.9185854e-08,0.003062842,303.64957,289.15402,308.42175,3.7887022,96653.3,76223.8,100843.0,5626.562,2.675946,-1.085425,8.655623,2.6454313,-0.35214922,-3.724022,3.0679295,1.346733,4,102,0,0.20284988835919648,0.0676166294530655,0.20981694411420904,0.02997384915917272,0.3877447712529829,0.027696055089498777,0.4077774001027592,0.013592580003425307,-0.21634516,0.021178834,0.0,-223.86719,38.8125,-197.85938,-83.89209,2.131694487162999,0.8867199442492547,2.268003991671971,0.8216885198891587,-1.445864634854453,0.6406522277086751,-2.056656186069761,1.1883152679277775,6.896879877362933,1.798534001999169,7.37615578515189,1.838742534612892,2.10103554385049,0.4578426135275846,2.320534484727042,0.6303410669412872,0.5170168067727771,0.785324589722358,0.34149802050420214,0.8084754933488881,-2.8917076587677,0.749186032774938,-3.3686311755861555,1.0181637523074079,3.675646032605852,0.9311169531013528,3.746202051639557,1.10135372378227,1.2633701648030962,0.30587349187706875,1.4216289733137404,0.3526041642222207,0.027086616,-2.3637671,-0.006164886,-0.034025073,62.573526870571975,-8.0,998.0,86.1496837391128,14.45807132835369,556.4395744373328,37.602601419573794,211.39999999999964,2234.71875,0,2234.71875,0,2427.03125,0
2010-04-13,0.0009997569,0.0,0.17642975,0.010569174,-1.1584854,-7.2574544,-0.056156192,1.1152626,-0.0062207617,-0.00979482,1.071021e-08,0.0028140803,304.15115,289.97302,309.60764,4.167951,96742.04,76305.48,100888.56,5637.3467,1.7790259,-1.7182941,7.148812,2.301313,0.02075109,-2.1774075,2.7249362,0.78159535,4,103,0,0.20266868243925273,0.06755622747975092,0.21081396726003732,0.03011628103714819,0.3887089898762497,0.02776492784830355,0.40876387893808896,0.013625462631269632,-0.030690294,0.0009997569,0.0,-145.86719,33.804688,-132.375,-58.253906,2.272314361163548,0.6971371777144306,2.1387216789381847,0.7357553911421799,-1.388862703527723,0.5864084494139032,-2.0260608153683797,1.1913308627307093,7.287883622305734,1.4274648849067868,7.271287952150617,1.8040720659232834,2.2054455620901927,0.3958095825114997,2.295640093939645,0.6231769101158018,0.5648203239377055,0.7348824105130819,0.3133597300787057,0.8125771612768437,-2.8557940891810825,0.7804478731428398,-3.230371747698103,1.0404805571325355,3.6959753036499023,0.9044471356057294,3.6367314287594388,1.122582859773431,1.2420262098312378,0.33660106718518723,1.3470588198729925,0.37054064210240895,0.05014026,-2.2512894,-0.011318363,-0.05761385,62.573526870571975,-8.0,998.0,86.1496837391128,14.45807132835369,556.4395744373328,37.602601419573794,211.39999999999964,2213.6875,0,2213.6875,0,2583.125,0
2010-04-14,4.2958304e-06,0.0,0.0014305115,6.809571e-05,-1.1017491,-6.5694666,-0.051548943,1.0785903,-0.006668054,-0.010508253,-2.910383e-08,0.0030292915,304.80283,291.8392,310.52695,3.8130617,96725.55,76288.09,100889.35,5673.588,2.0161803,-1.3507067,6.2584243,1.9398056,0.9582803,-1.931624,3.7531497,1.0761725,4,104,0,0.022182886826612958,0.007394295608870986,0.2107803816793421,0.03011148309704887,0.388555902101416,0.027753993007243998,0.408768174768511,0.013625605825617034,-0.2386908,4.2958304e-06,0.0,-73.0,67.828125,-67.36719,-27.94873,2.380128230367388,0.5595324941476019,2.0672448107174466,0.6911383305720662,-1.4561013664518083,0.5437758846560846,-2.021502660853522,1.1939698202640248,7.464779785701206,1.1492074175770524,7.075947284698486,1.7505495893414982,2.266357966831752,0.29031093482487347,2.238148493426187,0.6156449485349578,0.6364683085786444,0.7469392302179892,0.34139606902109726,0.8285700231759697,-2.693074345588684,0.8443114761811988,-3.1202902027538846,1.0930598113202963,3.6411541189466203,0.8846813218654106,3.5667854292052135,1.0787130053560219,1.2206104142325265,0.3425017018170755,1.297155146087919,0.3552286317283262,0.12284756,-0.995491,-0.0062317215,-0.13406432,62.573526870571975,-8.0,998.0,86.1496837391128,14.45807132835369,556.4395744373328,37.602601419573794,211.39999999999964,2183.5,0,2183.5,0,2709.3125,0
2010-04-15,0.0012930449,0.0,0.30708313,0.013912346,-1.0776223,-5.894537,-0.05755807,1.0805125,-0.006703673,-0.010071942,6.752089e-08,0.0031028579,305.14316,292.19818,311.08002,3.6737847,96831.05,76423.25,100973.0,5658.939,2.1054604,-1.0847601,5.744423,1.6907512,1.012785,-1.7570705,4.2657566,1.1227769,4,105,0,0.002297097572864004,0.0007656991909546681,0.2084172844074601,0.0297738977724943,0.38579563603116185,0.027556831145082988,0.4100397405043168,0.013667991350143894,-0.15052135,0.0012930449,0.0,49.21875,183.71875,43.953125,-25.627441,2.4417375326156616,0.4880216570388557,2.029202878475189,0.6716868905547458,-1.2475956508091517,0.26569053490592487,-1.988535008260182,1.2142991314432556,7.347375188555036,1.2896937881028705,6.82673488344465,1.6660959584360318,2.230375017438616,0.34716561269786395,2.155821306364877,0.6054719307109621,0.7203668230878455,0.7522567370514155,0.3320038926654628,0.8194642000976419,-2.4515072788511003,0.8341481331263447,-3.1236704332487926,1.0884255886585412,3.7264304842267717,0.9160080596402548,3.5195470792906627,1.0278418354543766,1.1989513295037406,0.34332681048154273,1.2782148591109685,0.3570799740461276,0.2017194,-0.8050232,-0.0071108937,-0.2731285,62.573526870571975,-8.0,998.0,86.1496837391128,14.45807132835369,556.4395744373328,37.602601419573794,211.39999999999964,2144.78125,0,2186.46875,0,2796.59375,0
2010-04-16,0.0019042244,0.0,0.31280518,0.018538967,-1.1257972,-5.513535,-0.060127117,1.1282419,-0.0067555034,-0.010390746,-4.726462e-08,0.0030940187,305.48672,292.58322,311.24246,3.6195848,96756.24,76405.15,100917.31,5644.202,2.3161845,-1.1189455,7.108675,1.8865438,1.2295994,-2.4522152,4.1833644,1.2165998,4,106,0,0.00320156511179448,0.00106718837059816,0.20705121032688112,0.02957874433241159,0.32718957522729397,0.023370683944806712,0.41191975203832953,0.013730658401277651,-1.1311666,0.0019042244,0.0,-78.33594,184.78906,-26.9375,-38.069336,2.414671642439706,0.4891390715419306,2.00758934872491,0.6559401374290182,-1.227523991039821,0.2699194543934817,-1.7113433607986994,0.867471998431616,7.35733243397304,1.2871825198598086,6.608303615025112,1.3683918579001428,2.189251354762486,0.3711229524135209,2.0256748029163907,0.41044278855308974,0.8558950937752213,0.7453135553856239,0.3516919454559684,0.8386433087939723,-2.4411483662469045,0.8335373203714227,-2.9475380948611667,0.9686384874272284,3.919208969388689,0.8353127636659646,3.4537622162273953,0.9447190511267006,1.2317361320768083,0.330441371985382,1.224281826189586,0.29610077245804073,0.1757344,-0.027862072,-0.010785423,-0.21072984,62.573526870571975,-8.0,998.0,86.1496837391128,14.45807132835369,556.4395744373328,37.602601419573794,211.39999999999964,2101.15625,0,2187.71875,0,2827.78125,0
2010-04-17,0.011162129,0.0,1.5568733,0.07295082,-1.1952417,-5.179935,-0.046783138,1.238064,-0.006864806,-0.010816308,-6.030314e-08,0.0032115332,305.73026,292.3089,312.48404,3.8501868,96602.3,76219.945,100876.16,5660.844,2.9970644,-1.3376942,8.81644,2.1476564,2.1161187,-1.2749678,5.800268,1.4411539,4,107,0,0.014359398512169719,0.00478646617072324,0.2170323767818445,0.031004625254549216,0.2605487483538127,0.018610624882415192,0.4230162722276418,0.014100542407588061,-0.034302577,0.011162129,0.0,-198.15625,78.02344,-119.671875,-43.879395,2.418350713593619,0.4940953847338971,2.0949762293270657,0.7022364675440544,-1.291657771383013,0.22572917050948033,-1.5203530830996377,0.562996362477269,7.594764573233468,1.3924937505075472,6.7337392057691305,1.4882540340234582,2.178649425506592,0.37109586203807726,1.99306058883667,0.3777723191167623,0.926733902788588,0.8467345541836682,0.511590165884367,0.9476137891843084,-2.395064183643886,0.8946294747030844,-2.69314752306257,0.8996127275271248,4.14757902281625,1.1015148204649203,3.605346347604479,1.134646733559467,1.2644688061305456,0.33939069886448725,1.19949010014534,0.25722868155922385,0.053685904,-0.36779118,-0.007600773,-0.09935522,62.573526870571975,-8.0,998.0,86.1496837391128,14.45807132835369,556.4395744373328,37.602601419573794,211.39999999999964,2081.75,0,2205.1875,0,2827.78125,0
2010-04-18,0.0528969,0.0,3.329277,0.29853135,-1.4144241,-6.673341,-0.047152393,1.5373715,-0.0075260885,-0.011928893,-1.1129305e-07,0.0035344185,305.7807,290.99268,312.577,4.1923366,96410.33,76005.76,100816.85,5658.779,4.3235116,-1.7575531,10.202489,2.3302038,1.8922986,-3.20508,6.2904034,2.2430654,4,108,0,0.06596325186546892,0.021987750621822972,0.08943918357863367,0.012777026225519097,0.2781378257072902,0.019866987550520725,0.4759131704674928,0.01586377234891643,-0.012601595,0.0528969,0.0,-215.03125,12.2421875,-59.695312,-38.04492,2.6019104378564015,0.8635063348110051,2.266106128692627,0.9173187837389705,-1.350482668195452,0.28741049060949697,-1.490867704153061,0.5365231557713684,7.704983711242676,1.5799697457556505,7.057222196034023,1.7150313321242547,2.1345292840685164,0.3224002633979784,2.0405149289539883,0.3752253073290272,0.9825262515140432,0.9020011180367988,0.6870437180623412,0.9604490459690059,-2.3603410039629256,0.8505766342525465,-2.6377137899398804,0.8357878728806656,4.297972576958792,1.3244575354654424,3.9043859158243452,1.2539045045395465,1.3182995319366455,0.45940946173519576,1.2716520130634308,0.3797978013789396,-0.13386405,-1.2939067,0.001301989,0.22079206,62.573526870571975,-8.0,998.0,86.1496837391128,14.45807132835369,556.4395744373328,37.602601419573794,211.39999999999964,2104.375,0,2282.6875,0,2827.78125,0
2010-04-19,0.016236287,0.0,0.86021423,0.07256359,-1.4086161,-7.231867,-0.05563163,1.5327573,-0.0074545355,-0.011657132,9.1735274e-08,0.0035329163,304.91235,290.23746,310.92407,3.85277,96314.44,75781.1,100711.78,5709.5137,4.1526284,-0.81151706,9.431687,2.6460447,2.0094945,-1.7230816,5.729067,1.6420478,4,109,0,0.0802953140810132,0.026765104693671066,0.08449663604869784,0.012070948006956834,0.2943135801629069,0.021022398583064778,0.49214945707785773,0.016404981902595258,0.00046907924,0.016236287,0.0,-253.3125,-133.13281,-75.75,-1.2998047,2.8128650699343,1.045752611408673,2.4722797785486494,0.9962700233563587,-1.3113529597009932,0.34281656218236334,-1.378608797277723,0.49854231366453844,7.815849985395159,1.6817439686764923,7.356364931379046,1.7394449867096151,2.1346169199262346,0.3225623268665143,2.1178262318883623,0.38088407904594773,1.31990393171353,0.7481282722071685,0.9184603692431536,0.8464759895397292,-2.0744923864092146,0.6212073705949719,-2.483100022588457,0.785469612531508,4.678135054452079,1.2941204782622864,4.176890543528965,1.201531215122892,1.360487358910697,0.475725426476909,1.3119287618568964,0.38752178791827724,-0.09302378,-0.3263483,-0.009623833,0.24408436,62.573526870571975,-8.0,998.0,86.1496837391128,14.45807132835369,556.4395744373328,37.602601419573794,211.39999999999964,2144.65625,0,2427.03125,0,2827.78125,0
2010-04-20,0.10239502,0.0,2.594471,0.32094076,-1.3245364,-7.2314425,-0.04166271,1.4020072,-0.0075161844,-0.013105359,3.958121e-09,0.0036095148,303.93683,286.68344,309.91797,4.562256,96268.11,75670.86,100643.22,5704.991,4.748111,-1.4907036,8.441466,2.48715,1.540225,-4.896854,5.6070933,2.446745,4,110,0,0.17152820527553558,0.05717606842517853,0.18589189961812735,0.026555985659732478,0.39670586687816467,0.028336133348440335,0.5945444775031774,0.019818149250105912,-0.015656084,0.10239502,0.0,-287.57812,-231.69531,-129.14062,5.904297,3.23702004977635,1.153154480648063,2.754667205469949,1.0433633755419103,-1.2788400224276952,0.30667709755420186,-1.3338513629777091,0.4531871524162844,8.000514916011266,1.6671994779421324,7.6441992691584995,1.5362469839500683,2.1611650671277727,0.34540726730913235,2.1833053146089827,0.35763013804840105,1.5369716371808733,0.4811600617953035,1.0508959805592895,0.7813782984883837,-2.462984732219151,1.239222914497823,-2.659389410700117,1.0155968709341792,5.089871781212943,0.9924527572279934,4.392923542431423,1.164151670140383,1.5983658688408988,0.5487294897705778,1.4201960393360682,0.47481565834181566,-0.16605103,0.026011944,0.01449348,0.2867446,62.573526870571975,-8.0,998.0,86.1496837391128,14.45807132835369,556.4395744373328,37.602601419573794,211.39999999999964,2175.8125,0,2583.125,0,2827.78125,0
2010-04-21,0.028060364,0.0,2.8734207,0.1713313,-1.2519479,-6.9687877,-0.042280417,1.3025584,-0.006621204,-0.009904922,-1.5133992e-08,0.0030935286,302.40366,284.7936,307.9346,4.574484,96553.26,75829.99,100773.53,5699.937,3.3857498,-1.4028403,7.4904704,2.261444,0.70421916,-4.0603905,3.714756,1.8263115,4,111,0,0.14669167064130306,0.04889722354710102,0.21394796739332378,0.030563995341903398,0.4247283490726659,0.030337739219476134,0.6226048411087959,0.02075349470362653,-0.019049702,0.028060364,0.0,-150.02344,-196.41406,-91.515625,11.275391,3.432672841208322,1.019992011928291,2.906400535787855,0.9606983618006297,-1.2862876738820757,0.3093347754062921,-1.371194520166942,0.4340515488439383,8.176521505628314,1.5102837470853985,7.82065064566476,1.3411483333765457,2.2071134192602977,0.33219326839730695,2.236735693046025,0.30128973356140915,1.5006771853991918,0.5382784392656027,1.0685727469889181,0.7696138287686506,-2.767094220433916,1.3438764485964216,-2.7300842830113004,1.078901541240075,5.084386961800711,1.0011395052328294,4.362770540373666,1.176692618401143,1.7055285828454154,0.5009175978010993,1.463069498538971,0.4829687710149963,-0.15019882,-0.39932108,0.009268526,0.22396815,62.573526870571975,-8.0,998.0,86.1496837391128,14.45807132835369,556.4395744373328,37.602601419573794,211.39999999999964,2186.46875,0,2709.3125,0,2827.78125,0
2010-04-22,0.003134394,0.0,0.166893,0.009992466,-1.2173065,-7.8315473,-0.043454576,1.2498375,-0.006474091,-0.010669655,-6.9849193e-09,0.0029925012,302.42786,286.10437,307.98123,4.0172687,96835.46,76142.17,100990.19,5704.421,2.3265164,-1.7488371,6.429426,1.8174611,-0.24482009,-3.719485,2.7886531,1.2040986,4,112,0,0.13358977809548378,0.04452992603182793,0.2157893165713176,0.030827045224473944,0.4242066009787777,0.03030047149848412,0.6257220518516533,0.020857401728388444,-0.0031697634,0.003134394,0.0,9.4296875,-68.875,27.734375,19.489258,3.4642522675650462,0.9744580245956397,2.9529949000903537,0.910865134735056,-1.381155822958265,0.3377540694258033,-1.3143757368837083,0.3000576545957537,8.274379117148262,1.3389017675998545,7.81087715285165,1.3514517850420624,2.2252148389816284,0.3013910895426244,2.2277949282101224,0.3123430689062919,1.321019321680069,0.8486504324896775,1.0206930723839573,0.831094205261623,-3.04743914944785,1.3020990073381558,-2.749473214149475,1.0951136708765856,4.873372180121286,1.3103580510333512,4.299901332174029,1.2385108089847807,1.7171459708895003,0.4858666440378492,1.4580486501966203,0.4854401705801405,-0.1396842,-1.9370103,0.014103495,0.169325,62.573526870571975,-8.0,998.0,86.1496837391128,14.45807132835369,556.4395744373328,37.602601419573794,211.39999999999964,2187.71875,0,2796.59375,0,2827.78125,0
2010-04-23,0.0058739623,0.0,0.96940994,0.04042198,-1.419709,-8.00348,-0.048524696,1.5778549,-0.006816343,-0.0113723045,3.137393e-06,0.0031733322,303.5397,288.9269,309.0485,3.6747105,96855.99,76212.38,101094.26,5721.8813,2.582945,-1.3253542,7.42489,2.1540709,0.42161566,-3.4913075,4.9209647,1.6436574,4,113,0,0.03706871997565031,0.012356239991883436,0.21975905448198318,0.031394150640283315,0.4268102648088643,0.030486447486347452,0.6313277200304128,0.021044257334347095,-0.022936966,0.0058739623,0.0,85.55469,-1.1640625,121.21094,28.92334,3.502360922949655,0.9260928247495241,2.9585162826946805,0.9081751612837352,-1.410642785685403,0.3195674306713808,-1.319083388362612,0.2996463111184405,8.3195526940482,1.2977177854230206,7.83844256401062,1.3383686723700867,2.2634329966136386,0.2661949475797361,2.2263421756880626,0.3126576133614846,1.205593079328537,0.9154736618931729,1.030744086551879,0.822263120559546,-3.1958809069224765,1.2820071382801992,-2.8185146365846907,1.1102194803856504,4.978743655341012,1.2747981276768,4.4489763123648505,1.172318354123917,1.7781542028699602,0.43688260443095944,1.5049451674733842,0.4678388891452281,-0.2939118,-2.489945,0.01160242,0.44961298,62.573526870571975,-8.0,998.0,86.1496837391128,14.45807132835369,556.4395744373328,37.602601419573794,211.39999999999964,2205.1875,0,2827.78125,0,2827.78125,0
2010-04-24,0.032237474,0.0,1.8663406,0.15817189,-1.336123,-5.7007546,-0.048088603,1.497662,-0.0068689575,-0.010991773,2.0652078e-06,0.003182253,303.8957,290.08817,310.4456,3.4926682,96664.7,76104.72,100943.38,5706.93,2.7744515,-4.3300114,9.175075,3.142575,0.8285697,-3.6035194,4.2268434,1.3861501,4,114,0,0.04124583024531603,0.013748610081772009,0.2408343991264701,0.034404914160924296,0.4578667759083146,0.03270476970773676,0.6627079805100493,0.022090266017001644,-0.019885149,0.032237474,0.0,15.0,-43.625,39.789062,15.524902,3.4705590861184255,0.9498539830236078,2.9444548998560225,0.9094848768957265,-1.838116671357836,1.1438964123678714,-1.5648872213704246,0.8413302935346322,8.370786258152553,1.3273454476278872,7.982775415693011,1.367565003078102,2.4055642230170116,0.41698041485491644,2.2921068242618015,0.3970782687638392,1.0216575137206487,0.8271251293994993,0.9741957082546183,0.8056583085273974,-3.5285311426435197,0.9628882359533935,-2.961797663143703,1.0692092558620216,4.753968681607928,1.2441494150151828,4.450773852212088,1.1719292267792414,1.7702965225492204,0.44438426371888173,1.517382664339883,0.4617272252799045,-0.1408813,-0.52081966,-0.0013054647,0.2595979,62.573526870571975,-8.0,998.0,86.1496837391128,14.45807132835369,556.4395744373328,37.602601419573794,211.39999999999964,2282.6875,0,2827.78125,0,2827.78125,0
2010-04-25,0.108082704,0.0,4.9386024,0.3112934,-1.1476911,-4.8584204,-0.040487386,1.1510879,-0.006709793,-0.01027807,8.422416e-06,0.0031040735,304.4603,291.505,310.01712,3.5195286,96603.086,76087.74,100844.02,5707.04,2.7551095,-2.6923618,7.401795,2.697038,1.4223983,-1.5579319,5.4137073,1.3255109,4,115,0,0.14619414042681456,0.04873138014227152,0.29602020513266325,0.042288600733237605,0.3854593887112969,0.027532813479378353,0.7698616138284251,0.025662053794280836,0.0507757,0.108082704,0.0,-25.757812,-63.179688,-26.78125,8.95459,3.2465016501290456,0.8987271963764216,2.9242060439927235,0.9103830550876354,-1.9716607757977076,1.1866900833499558,-1.6610717219965798,0.8899242279316341,7.970687116895403,1.0827688296533793,7.83783541406904,1.3085297229229451,2.457969103540693,0.42881422259613994,2.296249193804605,0.4012564893229932,0.9545289065156665,0.7611230151007475,0.9685275790148548,0.801931756447113,-3.293224266597203,1.2216094576747167,-2.8267826352800642,1.121153623003531,4.628726380211966,1.099414284226403,4.463349478585379,1.1819244562594962,1.6392173085893904,0.41611613678519593,1.478758420263018,0.4528301536533432,0.26673293,1.8149204,0.0066650063,-0.38628364,62.573526870571975,-8.0,998.0,86.1496837391128,14.45807132835369,556.4395744373328,37.602601419573794,211.39999999999964,2427.03125,0,2827.78125,0,2827.78125,0
2010-04-26,0.27598056,0.0,5.739689,0.6415194,-1.1637826,-5.6968613,-0.04943972,1.0530226,-0.00641864,-0.009939806,4.377216e-08,0.0030348392,304.28815,288.49203,309.75443,3.8558867,96878.46,76387.67,101075.04,5688.0273,2.3203356,-2.1692028,7.5892606,2.5557628,1.1295651,-4.136978,4.5702972,1.6813009,4,116,0,0.4163007400929928,0.13876691336433092,0.5557644804939628,0.07939492578485183,0.6402611165426606,0.04573293689590433,1.0458406136799567,0.03486135378933189,0.1761961,0.27598056,0.0,81.57031,57.109375,67.10156,-2.5957031,2.984745536531721,0.8566764633188992,2.8988053032330106,0.9227200031273728,-2.165615882192339,1.0707598121442055,-1.738484420946666,0.8831097421246011,7.707483291625977,0.8718142734121183,7.761666638510568,1.28814234498137,2.445071680205209,0.42353995863716953,2.2898443000657216,0.39593442165678855,0.8288247031824929,0.6168365287450941,1.0743643174480115,0.706298864594172,-3.6380666324070523,1.0302213991529974,-2.8562795094081332,1.1515943413353429,4.463187864848545,0.987683689856929,4.570661459650312,1.1115930817081254,1.6448248965399606,0.4164250104254305,1.5026561277253287,0.4541529941969309,0.24483347,1.5350056,0.0061919093,-0.47973466,62.573526870571975,-8.0,998.0,86.1496837391128,14.45807132835369,556.4395744373328,37.602601419573794,211.39999999999964,2583.125,0,2827.78125,0,2827.78125,0
2010-04-27,0.5504813,0.0,14.781475,1.3389491,-1.3481113,-8.302387,-0.06478839,1.1306084,-0.006474659,-0.010627727,-2.514571e-08,0.00312117,304.1769,288.66312,309.49045,4.26546,96970.35,76407.13,101174.75,5689.8013,2.415351,-2.267182,7.816843,2.6235232,-0.22983913,-4.112105,2.956702,1.3676131,4,117,0,0.9345445856451988,0.31151486188173294,1.0038507794961333,0.14340725421373332,1.1897426791142607,0.08498161993673291,1.5962504661124512,0.05320834887041504,0.36101204,0.5504813,0.0,179.67969,128.36719,165.0,-4.715332,2.651494128363473,0.37432720867080155,2.9442570890699113,0.8779021676965646,-2.276541386331831,1.0285780854009758,-1.777690704379763,0.8942581953760985,7.618251391819546,0.8142330635379808,7.809383153915405,1.2760098984665347,2.464553577559335,0.4289005606419023,2.3128593223435536,0.4058919225502483,0.575958394578525,0.6390113352830277,1.056465015879699,0.7375382928114635,-3.5259596279689243,0.9055686750887753,-2.994472180094038,1.1796046614207036,4.084560530526297,0.9840887303843795,4.58721615586962,1.083357889414768,1.4906632048743111,0.22652027733718616,1.544514536857605,0.4071564108188933,-0.02357483,-1.0709448,-0.023125682,-0.27139878,62.573526870571975,-8.0,998.0,86.1496837391128,14.45807132835369,556.4395744373328,37.602601419573794,211.39999999999964,2709.3125,0,2827.78125,0,2827.78125,0
2010-04-28,0.13171406,0.0,5.186558,0.5177971,-1.3671281,-7.436993,-0.061485447,1.1275003,-0.0066298577,-0.010934412,4.377216e-08,0.0031131732,304.98022,290.4343,310.4965,4.03438,96801.21,76292.305,101003.69,5690.793,2.2158184,-1.1798636,7.4987254,2.5967474,0.19174904,-3.109558,2.9394329,1.1818699,4,118,0,0.9581759423017502,0.31939198076725006,1.1075044767931104,0.15821492525615863,1.3214524441864341,0.09438946029903102,1.7102012681257293,0.05700670893752431,0.060142078,0.13171406,0.0,165.38281,188.98438,132.20312,-22.742676,2.484361069543021,0.22206337650509173,2.9585169553756714,0.8631653884872559,-2.2446875742503574,1.0630211015027915,-1.7654876240662165,0.9016680049384562,7.619430678231375,0.8140230991167144,7.897976091929844,1.2008897112150834,2.5124540499278476,0.42108880729945847,2.3597837345940724,0.3973299403795079,0.5027483765568052,0.6511094351119598,1.0017127809779984,0.7729881939755122,-3.3901264326913014,0.8830767287996691,-3.078610326562609,1.1392832594872981,3.973800080163138,1.072323849966847,4.529093520981925,1.151248946034844,1.3986001185008459,0.19631305907492172,1.5520643506731306,0.39869607949764096,-0.115180254,-0.46820545,-0.01920503,-0.17505813,62.573526870571975,-8.0,998.0,86.1496837391128,14.45807132835369,556.4395744373328,37.602601419573794,211.39999999999964,2796.59375,0,2827.78125,0,2875.46875,0
2010-04-29,0.5500573,0.0,8.419037,1.0416774,-1.2652051,-6.6063557,-0.051126353,1.0316867,-0.0065644146,-0.01065729,-4.004687e-08,0.0031382404,303.9261,288.52484,309.289,4.123819,96701.945,76231.086,100810.82,5666.949,1.6417038,-3.0112457,6.6678314,2.5588622,0.41250363,-2.994662,3.2849197,1.409005,4,119,0,1.2322526723146439,0.41075089077154797,1.6544273747131228,0.2363467678161604,1.8702166912844405,0.13358690652031718,2.260223021877664,0.07534076739592213,0.2562249,0.5500573,0.0,92.984375,132.00781,32.851562,-28.53125,2.386530705860683,0.39030621641523966,2.9253914867128645,0.9062448931037439,-2.4250316619873047,1.0719265340496382,-1.903093742472785,0.9361333945240373,7.653488567897251,0.7590687857153908,7.963933842522757,1.094121633932145,2.618368489401681,0.28997361519532566,2.421791664191655,0.34978256906980587,0.59665176485266,0.5673361084181854,0.9588355432663646,0.7888134297169936,-3.2865802901131764,0.8805121060899327,-3.167009719780513,1.0750577823950844,4.044695309230259,0.9944907025335767,4.459033744675772,1.19742572029866,1.4278724704469954,0.17678245754687139,1.5725092206682478,0.3819774109021247,-0.04789865,1.2251916,-0.007671777,-0.21815085,62.573526870571975,-8.0,998.0,86.1496837391128,14.45807132835369,556.4395744373328,37.602601419573794,211.39999999999964,2827.78125,0,2827.78125,0,3044.65625,0
2010-04-30,0.46287608,0.0,9.771824,0.91191,-1.3538047,-7.429194,-0.062507816,1.000318,-0.006230452,-0.010196758,6.030314e-08,0.0029780935,303.29614,288.65585,309.08316,3.7509074,96850.69,76255.586,100932.445,5698.6143,1.2880557,-2.2311993,5.732139,1.7819141,-0.026884887,-3.939134,3.372308,1.5073416,4,120,0,1.1446474343538284,0.3815491447846095,2.1114294938743114,0.3016327848391874,2.3311885483562946,0.16651346773973533,2.722941719739083,0.09076472399130277,0.1940768,0.46287608,0.0,91.40625,63.023438,36.1875,-6.0410156,2.2015464987073625,0.5541612836313383,2.8519537108285085,0.9965660066170199,-2.5544380971363614,0.966541713770056,-1.982540441410882,0.9113343709579432,7.411667006356375,1.055706343809158,7.865609850202288,1.2302726866736344,2.565203240939549,0.40183039664729314,2.414318118776594,0.3629677870833087,0.5325802580586502,0.6138194322351915,0.8690866686935935,0.8262291462577552,-3.350555488041469,0.9135163375561963,-3.273218197481973,1.0724544530639106,3.823458637510027,0.9377017548225217,4.401101146425519,1.2309396422570724,1.4083987815039498,0.15524703028407952,1.593276492186955,0.36881567769758306,0.06590426,0.574286,-0.013983119,-0.5775368,62.573526870571975,-8.0,998.0,86.1496837391128,14.45807132835369,556.4395744373328,37.602601419573794,211.39999999999964,2819.65625,0,2819.65625,0,3161.96875,0
2010-05-01,0.17081589,0.0,4.942417,0.49046415,-1.4152203,-6.440786,-0.057828844,1.1185257,-0.0062925476,-0.010016169,-3.9115548e-08,0.002929659,304.29718,291.1216,309.59134,3.7669828,96957.14,76454.695,101068.73,5673.815,1.5208972,-1.7202314,6.8312416,2.0539224,-0.11662021,-3.5841312,4.5276446,1.3392248,5,121,0,1.183749258518219,0.3945830861727397,2.2500079050660133,0.3214297007237162,2.4908423041924834,0.17791730744232023,2.889704293849263,0.0963234764616421,0.060300134,0.17081589,0.0,125.4375,124.58594,54.929688,-12.503906,2.0224673066820418,0.540546987242622,2.7465131964002336,1.056331682785967,-2.181612389428275,0.6021440303083339,-2.0098645303930556,0.8961207504464368,7.076833724975586,0.7222175807866735,7.723809991564069,1.2266515109597333,2.4096814393997192,0.34822088207143786,2.407622831208365,0.3690780639383987,0.3975531261946474,0.6412060229890268,0.709605319957648,0.7812691284777787,-3.3477857453482494,0.9126505140734051,-3.4381584439958846,0.9061690044402598,3.8664302485329762,0.9657415334445283,4.310199465070452,1.1648843621533496,1.4016951663153512,0.1573665085097507,1.585995844432286,0.37303164543117695,-0.07909727,-0.74003124,-0.009740241,-0.3791362,62.573526870571975,-8.0,998.0,86.1496837391128,14.45807132835369,556.4395744373328,37.602601419573794,211.39999999999964,2794.625,0,2794.625,0,3224.1875,0
2010-05-02,0.017754275,0.0,1.4414787,0.09508272,-1.4733375,-6.56004,-0.06718747,1.31705,-0.0067094252,-0.010355491,1.9937288e-06,0.003095677,305.52524,293.12192,311.3041,3.90421,96719.37,76334.25,100931.34,5654.0913,2.5470443,-1.1568127,6.965298,1.9667667,0.44506347,-1.7945448,3.2344265,0.8854114,5,122,0,0.6514462418854237,0.21714874729514122,2.159679476171732,0.30852563945310457,2.455699681304395,0.17540712009317108,2.8469482840023375,0.09489827613341124,-0.025126603,0.017754275,0.0,113.36719,156.625,43.671875,-25.560547,1.992743696485247,0.497557059520533,2.619622673307146,0.9540731760376682,-1.9622482231685094,0.661811858203477,-1.9669544994831085,0.9231084536663542,7.014477048601423,0.7081915142388924,7.492582082748413,1.0093304439969057,2.305356979370117,0.35706237617421227,2.381663041455405,0.3872752628133482,0.2579338609107903,0.46230685201318705,0.6062313837132284,0.7047406243364055,-3.3815875904900685,0.8365174244862424,-3.3374059285436357,1.0068944899590753,3.5551044259752547,0.6979537333434213,4.09191540309361,1.045482275377147,1.3388238123485021,0.2522104133403731,1.4890205604689462,0.3654715894867391,-0.3256464,-1.7016196,-0.026700087,0.1659621,62.573526870571975,-8.0,998.0,86.1496837391128,14.45807132835369,556.4395744373328,37.602601419573794,211.39999999999964,2763.09375,0,2763.09375,0,3255.6875,0
2010-05-03,0.025523871,0.0,1.4104843,0.11963497,-1.3583792,-6.4480686,-0.055276558,1.3496166,-0.0073726224,-0.012161185,1.5171245e-06,0.0034949717,306.34076,294.40674,312.4795,3.9978316,96428.47,76106.43,100690.77,5656.9316,3.1992242,-2.339503,7.201879,2.2751806,1.570905,-1.106114,5.4967914,1.1471176,5,123,0,0.21409403160214424,0.07136467720071475,1.909222785383463,0.27274611219763756,2.4649872658774257,0.17607051899124468,2.7946691990814543,0.09315563996938181,-0.011688318,0.025523871,0.0,20.25,87.22656,-25.210938,-32.77539,2.1182992117745534,0.6737095896057218,2.551522374153137,0.8662131271533371,-1.9865768296378,0.6737107999476889,-2.0760963559150696,0.8644548901254855,6.959136826651437,0.6698901574894783,7.333310059138706,0.8418366465558654,2.2652738094329834,0.33958851953508506,2.355172744819096,0.38042326782598535,0.32098241097160746,0.608097031351294,0.5749035570770502,0.6447586963381924,-2.9486070019858226,1.1175440414265871,-3.2933368171964372,1.0928194281038857,3.687460729054042,0.9608798793258215,4.075324296951294,1.019011185280326,1.2625119175229753,0.20830936284100668,1.453668407031468,0.373382329159064,-0.19459665,-0.75120735,-0.005836837,0.29659402,62.573526870571975,-8.0,998.0,86.1496837391128,14.45807132835369,556.4395744373328,37.602601419573794,211.39999999999964,2730.15625,0,2730.15625,0,3255.6875,0
2010-05-04,0.13213779,0.0,3.4823418,0.36597306,-1.2875408,-5.005361,-0.045598257,1.3615509,-0.007224076,-0.01185471,-1.5599653e-08,0.0035911943,305.36984,290.05542,312.335,4.1264153,96322.164,75970.26,100582.26,5663.0347,3.3987398,-1.4818312,6.932964,2.3569448,1.9231597,-3.935788,6.983402,1.9159489,5,124,0,0.17541593685746193,0.05847197895248731,1.4908792562782764,0.21298275089689664,2.4947300357744098,0.17819500255531498,2.8914991685173845,0.09638330561724615,0.004955724,0.13213779,0.0,-70.078125,12.8515625,-111.53906,-37.697754,2.2587833404541016,0.8303057225963794,2.4551387344087874,0.6514449550544605,-1.874383841242109,0.6844992596382684,-2.07546261378697,0.8649201876931489,6.832868371691022,0.5546674631791367,7.2255598817552835,0.7836149745241114,2.2271911757332936,0.3060041083412432,2.3458723766463145,0.37853547905519824,0.6285536752215454,0.7979201268010793,0.6022560349000352,0.6950237414128377,-2.923418862479074,1.088560657179473,-3.224689245223999,1.0115033513475813,4.262703554970877,1.5029210306023348,4.173632042748587,1.2239370836341044,1.3408456018992834,0.32489413028305486,1.4157544033867973,0.28007751553233223,0.06057048,3.2970262,0.019190136,0.23094249,62.573526870571975,-8.0,998.0,86.1496837391128,14.45807132835369,556.4395744373328,37.602601419573794,211.39999999999964,2697.4375,0,2734.84375,0,3255.6875,0
2010-05-05,0.517942,0.0,7.9693794,1.0374485,-1.4209238,-5.1138587,-0.05974318,1.3187695,-0.0065720226,-0.010489313,-5.750917e-08,0.0030800924,304.35126,289.9507,309.6426,3.6491215,96299.516,75828.49,100525.445,5686.327,3.0610116,-3.2656205,8.349248,2.8731263,1.6548022,-3.1324475,5.4311104,1.8792906,5,125,0,0.6756036728620529,0.22520122428735098,1.8771072067320347,0.26815817239029066,2.984611683525145,0.21318654882322466,3.40938064771899,0.113646021590633,0.055626065,0.517942,0.0,-105.4375,-77.953125,-129.91406,-8.879883,2.379525218691145,0.8828098576676968,2.4319431441170827,0.6208219906248382,-2.172349112374442,0.7792018621826166,-2.2085183433123996,0.8962027333892815,6.954371588570731,0.7744499249307847,7.286901133401053,0.8376937354480493,2.2666738714490617,0.37228556363148746,2.389563960688455,0.40257838067153334,0.83756127048816,0.8540743231644017,0.6701548235224826,0.7500085914729847,-2.9266887732914517,1.0892471502205818,-3.158407602991377,0.9825169328661066,4.618657486779349,1.430608059200999,4.296228783471244,1.259870289770054,1.4404771327972412,0.371596060229086,1.4195386256490434,0.28633930786731415,-0.053795695,2.3231344,0.0017422661,0.19126916,62.573526870571975,-8.0,998.0,86.1496837391128,14.45807132835369,556.4395744373328,37.602601419573794,211.39999999999964,2683.40625,0,2875.46875,0,3255.6875,0
2010-05-06,0.7999731,0.0,17.404556,1.8651268,-1.5426193,-6.485624,-0.060644932,1.2816404,-0.006181667,-0.009928245,-7.869676e-08,0.0031055033,303.14252,285.9394,309.24872,4.4160767,96407.51,75859.0,100594.07,5710.5767,2.5951962,-4.17209,8.597279,3.2044337,0.4845359,-4.2829146,3.697595,1.9433514,5,126,0,1.450052872300148,0.4833509574333827,2.127022985368967,0.30386042648128103,3.78145036008209,0.27010359714872073,4.209350984630419,0.14031169948768063,0.4657593,0.7999731,0.0,-99.14844,-110.265625,-66.671875,19.663574,2.5157384191240584,0.8214189784162536,2.4511345624923706,0.6214647523968805,-2.338184016091483,1.060317644706034,-2.3816078390393938,1.0253029124657422,7.2300068991524835,0.9732977028521594,7.441747733524868,0.8668529097176748,2.3588983672005788,0.5108915695418124,2.48863342830113,0.4211893384884815,0.8478515951761177,0.848515308635118,0.7222516800143889,0.7055791769919563,-3.110724857875279,1.2052938365277581,-3.1986525739942278,1.018159983413626,4.677611078534808,1.3738636380436617,4.361153193882534,1.1981112256960635,1.5168123245239258,0.4162540061196566,1.4723423974854606,0.31068196095204836,-0.2774142,0.12073183,-0.009518579,0.24995375,62.573526870571975,-8.0,998.0,86.1496837391128,14.45807132835369,556.4395744373328,37.602601419573794,211.39999999999964,2682.6875,0,3044.65625,0,3255.6875,0
2010-05-07,0.39189765,0.0,10.168552,1.1087859,-1.5586741,-8.042413,-0.059712455,1.2443863,-0.006460658,-0.01079333,4.400499e-08,0.0031254443,303.60733,287.6019,309.5136,4.1627464,96477.445,75909.18,100666.96,5712.6294,2.6400428,-1.5132605,7.1355023,2.5270865,0.30168068,-2.8921833,3.9968956,1.269589,5,127,0,1.709812730550766,0.5699375768502554,2.056044552475214,0.293720650353602,4.1674740463495255,0.2976767175963947,4.601210751792223,0.15337369172640744,0.26097918,0.39189765,0.0,-32.53125,-81.21094,-22.117188,24.681152,2.708879436765398,0.6185328438070362,2.4552129677363803,0.6225826561125963,-2.2356213331222534,1.1061238941789533,-2.3950297151293074,1.0115499217288197,7.430487360273089,0.726616221850717,7.421077183314732,0.8707274513663465,2.465351564543588,0.4438677753277851,2.5152774027415683,0.41004820245183277,0.8947895339557103,0.7997484952028161,0.7136848960071802,0.7102229424745039,-2.961160489491054,1.1490076726553893,-3.1558579887662614,1.0175038843983484,4.766837869371686,1.2928544244671258,4.295148253440857,1.1903269808058352,1.4828476565224784,0.4267237394816455,1.4456232190132141,0.3109004248167029,-0.20486939,-0.6132188,0.002795361,0.24406826,62.573526870571975,-8.0,998.0,86.1496837391128,14.45807132835369,556.4395744373328,37.602601419573794,211.39999999999964,2682.5,0,3161.96875,0,3255.6875,0
2010-05-08,0.53602666,0.0,18.765926,1.4718499,-1.6068794,-7.9600167,-0.058349222,1.4288354,-0.006688917,-0.011495781,-5.5646524e-08,0.0032307224,303.76172,287.93146,310.0125,4.340579,96559.03,76007.15,100745.27,5701.7207,2.5134015,-2.1830502,7.2690983,2.573744,0.09826357,-3.2410145,3.2039318,1.2442114,5,128,0,1.7278973758220673,0.5759657919406891,2.421255324035883,0.34589361771941185,4.671263229101896,0.33366165922156404,5.133581266261444,0.17111937554204815,0.35477448,0.53602666,0.0,91.515625,18.367188,43.328125,15.220215,2.850665773664202,0.36094399907756936,2.436566540173122,0.6161620758193226,-2.301738296236311,1.0837894326364879,-2.2416753428322926,0.8446012997670075,7.493038313729422,0.6840308732439008,7.284936019352505,0.709456494369393,2.5396117993763516,0.4053772979170061,2.4746466193880354,0.3692630772451667,0.925487217094217,0.7574621482262818,0.6615201716444322,0.7277396425099592,-2.912143809454782,1.1250717788779512,-3.1299647774015154,1.009819041210155,4.577736037118094,1.4238434375498212,4.222083142825535,1.2257106824363724,1.4692743165152413,0.4335106641672131,1.4354847414152963,0.31527260232273846,-0.1916591,-1.5192308,-0.00052037835,0.31030965,62.573526870571975,-8.0,998.0,86.1496837391128,14.45807132835369,556.4395744373328,37.602601419573794,211.39999999999964,2674.21875,0,3224.1875,0,3255.6875,0
2010-05-09,0.075414866,0.0,4.099369,0.30532894,-1.7476822,-8.086567,-0.060056336,1.6985679,-0.006702006,-0.010818351,7.0082024e-08,0.0031733443,303.87152,289.06152,309.84155,3.9557195,96436.625,75904.33,100647.65,5694.9844,3.040251,-0.7075901,7.816254,2.1392941,0.55086184,-2.3956654,3.4960582,1.0663517,5,129,0,1.003339171409607,0.33444639046986896,2.4789159148931503,0.35413084498473574,4.638595391064882,0.33132824221892015,5.205725833995075,0.1735241944665025,0.024717916,0.075414866,0.0,37.328125,-31.390625,-12.7109375,11.295898,2.921123879296439,0.3392859073359174,2.456933787890843,0.6320103394846022,-2.2375636441367015,1.1725486678557102,-2.099905933652605,0.9258047193356383,7.614603451320103,0.6493460365455159,7.314540249960763,0.7232216344749464,2.564258575439453,0.3682922319708234,2.434807777404785,0.3734868321456714,0.9406012690493039,0.7472651911592437,0.5992675649800471,0.6941469093837221,-2.9980181796210155,1.0456912086819374,-3.189802885055542,0.9312658158757392,4.6151119981493265,1.3856255170961114,4.08510821206229,1.1888986859477455,1.495122926575797,0.396728846951897,1.4169733694621496,0.3295131804864037,-0.27434468,-1.5265269,0.007131137,0.3815179,62.573526870571975,-8.0,998.0,86.1496837391128,14.45807132835369,556.4395744373328,37.602601419573794,211.39999999999964,2676.96875,0,3255.6875,0,3255.6875,0
2010-05-10,0.059517168,0.0,1.9435883,0.22271244,-1.6810892,-6.891819,-0.05167862,1.7266947,-0.0070010037,-0.011216117,-7.287599e-08,0.0032448997,304.52274,289.52536,309.6284,3.802205,96428.516,75971.07,100646.336,5654.2285,3.2717478,-1.0083491,7.8458176,2.0925925,0.20646508,-3.8168266,2.8306751,1.259715,5,130,0,0.6709586903452873,0.22365289678176245,2.512909211218357,0.35898703017405104,4.42213199660182,0.31586657118584427,5.264062038727843,0.17546873462426144,-0.026774526,0.059517168,0.0,27.46875,-13.8984375,-20.039062,-8.269531,2.9314843927110945,0.35012748293274026,2.524891802242824,0.666407629776766,-2.0473987885883878,1.2580845502767108,-2.0169878091130937,0.970048589309746,7.706594671521868,0.6263363677243351,7.332865749086652,0.73388988465134,2.538174561091832,0.3974869384317754,2.4017241852624074,0.38235698621930697,0.7456812847937856,0.7332744122021374,0.5333318478826966,0.6836627680686277,-3.385262829916818,0.6585663187499183,-3.16693491595132,0.9099038316281491,4.234238249914987,1.466921448075489,3.9608494894845143,1.224659194806661,1.5112082617623466,0.3822871336087219,1.386860089642661,0.32269204297037074,-0.32270992,-0.44375038,0.0035979375,0.37707806,62.573526870571975,-8.0,998.0,86.1496837391128,14.45807132835369,556.4395744373328,37.602601419573794,211.39999999999964,2734.84375,0,3255.6875,0,3477.4375,0
2010-05-11,0.0036221659,0.0,1.6150475,0.06395132,-1.4724749,-7.0927534,-0.05323673,1.4929132,-0.0069701867,-0.010628105,2.9569492e-08,0.0031625095,305.27658,290.40613,310.4844,3.9282422,96460.93,76074.42,100658.586,5625.95,2.7727509,-1.8624007,7.977199,2.5539987,0.004534622,-3.0419662,2.8000748,1.1332546,5,131,0,0.1385541995987296,0.046184733199576535,2.3843935867771506,0.34062765525387867,3.875272843055427,0.27680520307538764,5.087194113165879,0.1695731371055293,-0.023166716,0.0036221659,0.0,21.054688,21.984375,-26.101562,-10.046875,2.842057398387364,0.28472908801041164,2.5504203694207326,0.6687301210570089,-2.1017658540180753,1.2376272712298926,-1.988074847630092,0.9680480766308506,7.855771132877895,0.5280041430568633,7.344319752284458,0.7432165759889429,2.5663251195635115,0.38940856797652706,2.3967581476484026,0.3796969129667172,0.47159198531880975,0.5572426889831867,0.5500728302701775,0.6661834502145435,-3.2575740133013045,0.6195295588212439,-3.090496437890189,0.8683979900477679,3.636620112827846,0.9046218188440674,3.949661833899362,1.2352080243353907,1.3993948016847884,0.35785913026875243,1.3701202017920358,0.329768467592605,-0.18493414,-2.0873923,-0.007638473,0.13136232,62.573526870571975,-8.0,998.0,86.1496837391128,14.45807132835369,556.4395744373328,37.602601419573794,211.39999999999964,2875.46875,0,3255.6875,0,3670.9375,0
2010-05-12,0.0032167959,0.0,0.3581047,0.021472992,-1.4053959,-6.9427047,-0.054971084,1.4515953,-0.007444927,-0.011260974,5.8673322e-08,0.003410796,306.25293,291.7641,311.76654,3.988962,96396.82,76042.945,100614.0,5612.544,3.384664,-1.3659369,7.481638,2.206389,0.26361665,-3.4625912,3.1003158,1.2081248,5,132,0,0.06635612924583256,0.022118709748610854,1.86966837127693,0.26709548161099,3.7467755780089647,0.26762682700064033,5.069232074881711,0.16897440249605702,-0.04634824,0.0032167959,0.0,-4.0703125,1.3203125,-35.390625,-13.927246,2.8882934706551686,0.3459143841002245,2.6339093446731567,0.6961442161185495,-1.8303824833461217,1.1446740261180983,-2.0013657978602817,0.9573159241570706,7.731826850346157,0.4935671581472789,7.343099219458444,0.7429574865763998,2.471076931272234,0.38335270449506337,2.368875401360648,0.3782110887627454,0.2728511921928397,0.1957457902907024,0.5552062313404998,0.6634813392124403,-3.304737397602626,0.620981204466058,-3.1157130854470387,0.8741010649006162,3.303649459566389,0.4474715258788816,3.961153473172869,1.225799033091356,1.3035139696938651,0.29163655360695206,1.371995551245553,0.32868844804659186,0.015527964,-1.828846,0.004772097,0.13282585,62.573526870571975,-8.0,998.0,86.1496837391128,14.45807132835369,556.4395744373328,37.602601419573794,211.39999999999964,3044.65625,0,3255.6875,0,3670.9375,0
2010-05-13,0.018474804,0.0,1.3818741,0.09362512,-1.2618326,-6.1193333,-0.050894927,1.2871429,-0.007677106,-0.011523605,-7.357448e-08,0.0035470277,306.01074,291.82852,312.79614,3.9712393,96336.14,75952.42,100529.46,5614.332,3.2427886,-2.544119,6.9043674,2.2794437,0.175564,-4.5258536,3.663803,2.015101,5,133,0,0.025313765974715352,0.008437921991571784,1.0881701048929244,0.15545287212756062,3.2151930902618915,0.2296566493044208,5.086707122263306,0.16955690407544352,-0.043376707,0.018474804,0.0,-79.515625,-101.67969,-81.83594,-13.983398,2.980806657246181,0.34102554157329273,2.7482725381851196,0.6506313490065814,-1.5978151730128698,0.6466431500237323,-1.9679995945521764,0.927072991491581,7.489982400621686,0.4057734208994259,7.359994649887085,0.7289781224789691,2.338935511452811,0.20754013741230068,2.348916939326695,0.3747710512822556,0.22871234979746596,0.17364485046943098,0.5382819724867919,0.6703874595270347,-3.3394429683685303,0.687940010606518,-3.2250839131219045,0.9502655520605054,3.2988220623561313,0.4426697645184855,3.9882165704454695,1.213844937730986,1.313763907977513,0.3179465271987572,1.4152881162507194,0.37111522767168614,0.28078675,0.36629057,0.009750005,0.0055024624,62.573526870571975,-8.0,998.0,86.1496837391128,14.45807132835369,556.4395744373328,37.602601419573794,211.39999999999964,3161.96875,0,3255.6875,0,3670.9375,0
2010-05-14,0.003290606,0.0,0.872612,0.03683427,-1.1791004,-5.3920383,-0.05322066,1.2060732,-0.007349758,-0.011176602,1.3038516e-08,0.0033576621,306.0142,291.8613,311.8734,3.8814218,96226.4,75900.36,100410.625,5611.8066,2.7429867,-1.8890953,7.3513017,2.4613113,1.0720812,-3.86328,5.984295,1.9772128,5,134,0,0.02498220605775714,0.00832740201925238,0.6995630622841418,0.09993758032630597,2.755607614759356,0.19682911533995398,5.089993432397023,0.16966644774656742,-0.16723602,0.003290606,0.0,-147.32031,-133.48438,-163.73438,-26.33545,2.9955129282815114,0.32575934941951257,2.8521961825234547,0.49766901653292067,-1.6515058619635445,0.6540132479420107,-1.943563597542899,0.9241057415064763,7.520810876573835,0.3818454924579906,7.475649118423462,0.559616411577642,2.3295390605926514,0.19891139115036327,2.3974453125681197,0.33787385992019525,0.3387695675316666,0.3656213250305097,0.6167795507436884,0.6634242965388668,-3.478171076093401,0.6805897470705249,-3.2196657827922275,0.9460881414108452,3.5827362537384033,1.1057385137575586,4.174787061555045,1.3089079290807126,1.4148530278887068,0.4027447250406995,1.4488503422055925,0.40018843865613907,0.3795737,2.6503744,0.006491795,-0.03831315,62.573526870571975,-8.0,998.0,86.1496837391128,14.45807132835369,556.4395744373328,37.602601419573794,211.39999999999964,3224.1875,0,3255.6875,0,3670.9375,0
2010-05-15,0.0046844077,0.0,0.43916702,0.026941124,-1.2386091,-5.979218,-0.061087314,1.3007938,-0.007158256,-0.010378944,-7.660128e-08,0.003240632,306.34158,293.73483,311.93008,3.5943613,96255.13,75968.875,100437.46,5628.1763,2.3785236,-1.9714864,8.780548,2.769397,1.8876741,-2.0065155,5.6057076,1.5667311,5,135,0,0.02644981793127954,0.00881660597709318,0.16822081338614225,0.024031544769448892,2.589476137422025,0.18496258124443038,5.0933847952401266,0.1697794931746709,-0.26758853,0.0046844077,0.0,-184.04688,-162.48438,-210.8125,-19.206543,2.9762446539742604,0.3611002820532703,2.913455213819231,0.3529261306610681,-1.6212824753352575,0.6297954746452973,-1.961510385785784,0.9218719116668082,7.736732278551374,0.5876592193839172,7.6148852961403986,0.6255645562076917,2.3574894836970737,0.2469024131821871,2.4485506415367126,0.3360218873765647,0.594399642398847,0.6690675935211376,0.7599434297465321,0.7077629188879537,-3.301814079284668,0.8823291870455536,-3.106978944369725,0.9921692639713504,3.9258470875876292,1.3204034167948382,4.251791562352862,1.3619027728553104,1.4609272650309972,0.39839436664372424,1.4651007907731193,0.4000135824963747,0.36827028,1.9807987,-0.002738092,-0.12804163,62.573526870571975,-8.0,998.0,86.1496837391128,14.45807132835369,556.4395744373328,37.602601419573794,211.39999999999964,3255.6875,0,3255.6875,0,3670.9375,0
2010-05-16,0.07711016,0.0,2.5219917,0.22404698,-1.2618701,-6.84623,-0.04882691,1.3772743,-0.0073391525,-0.01181568,3.259629e-08,0.0034365568,306.51218,293.75452,313.69763,4.2131786,96248.79,75920.22,100529.23,5648.065,3.4034226,-1.0628166,8.897429,2.4490914,2.359382,-1.8699785,6.346167,1.5779971,5,136,0,0.08508517011068761,0.028361723370229203,0.1699161035940051,0.02427372908485787,2.6488320184871554,0.18920228703479683,5.168590727262199,0.17228635757540664,-0.13206287,0.07711016,0.0,-271.17188,-282.60938,-222.11719,-5.800293,3.0281263078962053,0.39621179482360425,2.9746250935963223,0.35870124688150135,-1.6720291205814906,0.5536060341076628,-1.954796382359096,0.9285017980848596,7.891185896737235,0.7355228234405428,7.752894674028669,0.6818305150205094,2.4017462389809743,0.2283403525947028,2.483002407210214,0.3062310360562271,0.8527596536358553,0.9426846661955475,0.8966804613425795,0.8185054108032932,-3.226715956415449,0.9883149164737505,-3.1123670680182323,0.9846701214160191,4.333005496433803,1.5797455357125423,4.474058747291565,1.4350520886143954,1.5340194702148438,0.3589165558309764,1.5145711983953203,0.3640144255589149,0.48581207,1.2403369,0.011229426,-0.3212936,62.573526870571975,-8.0,998.0,86.1496837391128,14.45807132835369,556.4395744373328,37.602601419573794,211.39999999999964,3251.6875,0,3251.6875,0,3670.9375,0
2010-05-17,0.052824266,0.0,2.1710396,0.17582032,-1.4241742,-7.521577,-0.054038376,1.7134284,-0.007186004,-0.011334854,-3.7252903e-09,0.0034939598,305.47397,290.37073,311.56088,4.3141875,96407.87,75995.39,100667.56,5657.2524,3.5738142,-2.5084953,8.06377,2.4039698,0.9835408,-5.5298514,4.7387443,2.0259595,5,137,0,0.1346188304014504,0.04487294346715013,0.16322320234030485,0.023317600334329263,2.676132413558662,0.19115231525419013,5.2102528642863035,0.17367509547621013,-0.013901249,0.052824266,0.0,-162.09375,-222.84375,-118.765625,5.7719727,3.0712786402021135,0.44107664335085883,3.001381516456604,0.38940049271011107,-1.8863357305526733,0.5441493489607211,-1.9668672595705305,0.9349638445514434,7.922322000776019,0.7378915720699653,7.8144583361489435,0.6670008238981492,2.44622870853969,0.1841258469387702,2.492201634815761,0.3014041883372525,0.9637704669231815,0.8986164829409956,0.8547258758584836,0.7960328463356678,-3.471433792795454,1.316408814314463,-3.4283483113561357,1.000993337314787,4.605586801256452,1.4353338270379676,4.41991252558572,1.407531923185512,1.643482974597386,0.37767110333738096,1.5773456181798662,0.37147435854232813,0.25691497,-0.6297579,-0.0023597553,-0.013266325,62.573526870571975,-8.0,998.0,86.1496837391128,14.45807132835369,556.4395744373328,37.602601419573794,211.39999999999964,3222.84375,0,3477.4375,0,3670.9375,0
2010-05-18,0.03488292,0.0,2.9964447,0.16804582,-1.3246937,-7.279226,-0.055009037,1.4636788,-0.0070805126,-0.010898858,-2.3283064e-10,0.0032397057,305.48343,290.31668,311.0854,3.9118586,96494.93,76105.68,100661.65,5628.397,2.703061,-1.7624925,7.7148433,2.5724335,-0.0149448905,-2.864535,3.2757645,1.2959079,5,138,0,0.16481734439730644,0.05493911479910215,0.19448395818471909,0.027783422597817013,2.5788775449618697,0.18420553892584784,5.192238887771964,0.1730746295923988,-0.07760844,0.03488292,0.0,5.546875,-52.929688,-42.070312,-10.030762,3.061322961534773,0.4496411788585288,2.9516901799610684,0.37904311859910966,-1.8720631429127284,0.5461882131299152,-1.9869144984654017,0.9267365667568715,7.884842600141253,0.7412946808723996,7.870306866509574,0.6184841954065593,2.448862246104649,0.18604600046048683,2.5075936828340804,0.29946159710765446,0.9609876793942281,0.9021054666902233,0.7162898323565189,0.7638042758543551,-3.446086491857256,1.3277160349541417,-3.3518302525792802,1.0001638251716212,4.67354246548244,1.3439572959144734,4.1550812891551425,1.22507767318097,1.6667191471372331,0.34460335979530166,1.5330569744110107,0.36490313425346405,0.14778125,-0.18647242,-0.0017723069,-0.02923441,62.573526870571975,-8.0,998.0,86.1496837391128,14.45807132835369,556.4395744373328,37.602601419573794,211.39999999999964,3190.75,0,3670.9375,0,3670.9375,0
2010-05-19,0.00024212862,0.0,0.11062622,0.00405867,-1.3099416,-8.067944,-0.057823725,1.4236916,-0.007301611,-0.011456497,3.8882717e-08,0.0033228013,306.64496,292.28757,312.53546,4.084489,96435.62,76180.94,100598.02,5580.4824,2.3218992,-2.4177964,7.861419,2.7755287,-0.77564305,-3.4244182,2.7454631,1.1857562,5,139,0,0.0879493165994063,0.02931643886646877,0.19150929094757885,0.027358470135368407,2.061177662224509,0.1472269758731792,5.176244729780592,0.1725414909926864,-0.0022999928,0.00024212862,0.0,143.24219,115.28125,59.320312,-17.68457,2.909499406814575,0.49898371149287735,2.898896438734872,0.41262974219075005,-2.0223287854875838,0.5281306659186273,-1.9263556344168526,0.8622044911062269,7.93909706388201,0.7204716817270986,7.8354619571140836,0.6029728401588701,2.530167920248849,0.18678064233805686,2.500622425760542,0.2913231002749075,0.8125220076846225,1.099850837631834,0.5426865999387311,0.8089540130774499,-3.4406332118170604,1.3277153409119367,-3.3726853047098433,0.9982797106823916,4.622849225997925,1.4178496893039692,3.9632493427821567,1.2201569612373,1.6635236399514335,0.3496316895552773,1.4835188048226493,0.3613425346827572,0.095454216,-1.1252389,-0.002852641,-0.027903676,62.573526870571975,-8.0,998.0,86.1496837391128,14.45807132835369,556.4395744373328,37.602601419573794,211.39999999999964,3159.34375,0,3670.9375,0,3670.9375,0
2010-05-20,2.9289751e-05,0.0,0.0076293945,0.00034908534,-1.2142365,-7.8415165,-0.06544963,1.3184389,-0.007334377,-0.011276086,9.755604e-08,0.0033433328,307.2784,294.07343,312.41962,3.813716,96271.836,76131.305,100424.34,5563.85,2.226063,-1.6179186,8.4019785,2.976845,-0.26437464,-3.7155697,3.0837467,1.2634687,5,140,0,0.035154340095687076,0.011718113365229025,0.17306377646127657,0.024723396637325225,1.261233881354201,0.09008813438244292,5.073878999106455,0.16912929997021517,-0.011378846,2.9289751e-05,0.0,213.52344,190.09375,114.65625,-0.063964844,2.7642529010772705,0.5326406360719343,2.872529779161726,0.4441206658443923,-1.8900144611086165,0.4902831026075984,-1.743914817060743,0.5717705826185735,8.15304149900164,0.5682817600321103,7.821511949811663,0.5860128086790491,2.6297966752733504,0.21466976615181035,2.484366093363081,0.2528357419030055,0.7496736291795969,1.1535721810240582,0.48919298948853146,0.8373580319036932,-3.3248783690588817,1.2504039747674305,-3.3321606687137058,0.9695903891803023,4.539984021868024,1.4979311931470856,3.919403042112078,1.2412839758467,1.556147609438215,0.3389159036522804,1.4349557587078638,0.3398357532018411,0.047596097,-1.7221832,-0.0145547055,0.031296015,62.573526870571975,-8.0,998.0,86.1496837391128,14.45807132835369,556.4395744373328,37.602601419573794,211.39999999999964,3133.6875,0,3670.9375,0,3670.9375,0
2010-05-21,0.020397384,0.0,2.3303032,0.15888874,-1.1301488,-6.0159874,-0.06908318,1.2344213,-0.007429529,-0.011502812,7.986091e-08,0.0034059132,307.99994,296.24927,313.58432,3.8407829,96217.4,76084.04,100404.125,5589.66,2.4402573,-1.9095701,8.206559,2.8012397,0.9930748,-1.8598093,3.708957,1.1726358,5,141,0,0.020668802089858218,0.006889600696619406,0.19017055421682016,0.027167222030974308,0.8897336165009619,0.06355240117864014,5.066216019220519,0.16887386730735063,-0.029482104,0.020397384,0.0,204.67188,205.76562,126.78125,8.161133,2.721005848475865,0.5467578715386838,2.858259388378688,0.45523615359033515,-1.8929394313267298,0.4903377771403439,-1.7722226466451372,0.5692777052817891,8.275221143450056,0.44595352581285586,7.898016010011945,0.5588487576782543,2.678357873644148,0.2085652310603697,2.5039484671183994,0.26663893160329555,0.73838699582432,1.1502737656010962,0.5385782816779933,0.8457941851104547,-3.038668257849557,1.3331790368121772,-3.2584196669714793,1.042167933958701,4.214935745511736,1.374030844979345,3.89883599962507,1.2422862680577516,1.441208039011274,0.3072706824830904,1.4280305334499903,0.34442176384260226,0.048951626,-0.62394905,-0.015862517,0.028348088,62.573526870571975,-8.0,998.0,86.1496837391128,14.45807132835369,556.4395744373328,37.602601419573794,211.39999999999964,3139.5,0,3670.9375,0,3670.9375,0
2010-05-22,0.07627871,0.0,2.7060509,0.25946182,-1.1245478,-6.0885897,-0.054453958,1.2382091,-0.0077246246,-0.011817381,4.4703484e-08,0.0036065513,308.22534,296.75284,315.33365,3.9939346,96192.14,76064.85,100425.31,5606.202,3.2875957,-1.3858026,7.8928432,2.3823676,1.6417165,-2.4240787,5.759678,1.5408846,5,142,0,0.09670538234604464,0.032235127448681546,0.26176485536234395,0.03739497933747771,0.4299856687484862,0.0307132620534633,5.139360334031153,0.17131201113437175,0.02396778,0.07627871,0.0,20.421875,103.875,16.078125,-15.131836,2.8508733000074113,0.5596630165276788,2.913558976990836,0.4571407418350134,-1.8092703138078963,0.5235458066931851,-1.7152763945715768,0.5648787007631346,8.148406164986747,0.4023950254836969,7.942569221769061,0.5289143124341541,2.623067958014352,0.2305500739683259,2.490278720855713,0.2676890518901969,0.7032501939684153,1.112450716227401,0.6488249181836311,0.8837271504359656,-3.0983201435634067,1.287871023849038,-3.2000671114240373,1.0658197872947812,4.236931494304112,1.4009734528167914,4.081389290945871,1.3178028938012634,1.4375156845365251,0.30566200871955407,1.449221474783761,0.3413550336573715,0.11406124,-0.10937166,0.006633356,-0.06258464,62.573526870571975,-8.0,998.0,86.1496837391128,14.45807132835369,556.4395744373328,37.602601419573794,211.39999999999964,3248.5,0,3670.9375,0,3670.9375,0
2010-05-23,0.015869968,0.0,0.9908676,0.082077906,-1.1299049,-6.815572,-0.057983913,1.253648,-0.007727105,-0.011861149,-4.703179e-08,0.0035651347,307.98483,296.00357,314.71304,3.845811,96220.695,76105.0,100493.54,5594.6553,3.618109,-1.7142454,8.735624,2.7822633,1.1881359,-4.179773,5.4540977,1.9590274,5,143,0,0.11254606023430824,0.03751535341143608,0.2005246665848972,0.0286463809406996,0.3704407701789023,0.026460055012778736,5.149356339365113,0.17164521131217042,-0.05872023,0.015869968,0.0,-112.36719,20.34375,-67.046875,-44.896484,2.8815427848270962,0.5994569361215027,2.9548345463616505,0.49405683105464604,-1.9023315736225672,0.4154947038194263,-1.7871803471020289,0.4851907007307778,8.12529114314488,0.353925523592582,8.008238519941058,0.5676782019566454,2.6706639357975552,0.22291167884862043,2.536205087389265,0.2578136097671313,0.5359293294272253,0.88709709268314,0.6943444915315402,0.8946382543776324,-3.4282907588141307,1.2145111007379892,-3.32750335761479,1.0688971646230339,4.109493017196655,1.2038337811392315,4.221249256815229,1.3543014884378775,1.4919485875538416,0.3633351183641781,1.5129840288843428,0.34765100435806706,0.13196528,0.030658245,-0.009157002,-0.12362623,62.573526870571975,-8.0,998.0,86.1496837391128,14.45807132835369,556.4395744373328,37.602601419573794,211.39999999999964,3477.4375,0,3670.9375,0,3670.9375,0
2010-05-24,0.008874014,0.0,1.6469955,0.07621225,-1.183286,-7.60192,-0.05489844,1.3962469,-0.007971824,-0.011511024,3.4924597e-08,0.003645273,308.1628,295.8806,315.13193,4.051001,96120.375,76010.805,100472.34,5590.7783,4.2997284,-1.5636858,10.158238,3.075568,1.2126513,-3.5656605,5.5959606,1.9688699,5,144,0,0.10102269053459167,0.03367423017819723,0.15657441434996144,0.02236777347856592,0.3197976166902663,0.02284268690644759,5.125992879509795,0.17086642931699317,-0.103164844,0.008874014,0.0,-129.05469,-12.1484375,-82.796875,-54.132812,2.9852448190961565,0.7759750531734203,3.028261729649135,0.6080246512621679,-1.7673587799072266,0.3305394541852438,-1.82684725522995,0.4369187013121565,8.424500874110631,0.8420198131663769,8.173411437443324,0.8040058696811162,2.766606535230364,0.2332824865632242,2.606417621885027,0.2615317465228606,0.5686593979064908,0.9102879824663311,0.7662149324148361,0.89284374615493,-3.1476920502526418,0.8063691248511428,-3.309562921524048,1.062139006440606,4.231952496937343,1.3168111207713242,4.418769649096897,1.3374389249530092,1.4837929350989205,0.34973684455851034,1.5636379548481532,0.35937564629287405,0.24088824,-0.08034325,-0.0008600652,-0.31718147,62.573526870571975,-8.0,998.0,86.1496837391128,14.45807132835369,556.4395744373328,37.602601419573794,211.39999999999964,3670.9375,0,3670.9375,0,3670.9375,0
2010-05-25,0.0022514055,0.0,0.0910759,0.006453107,-1.3247229,-7.1580744,-0.04999736,1.7200984,-0.007915981,-0.011561639,-5.820766e-09,0.0036418804,307.87582,296.8977,315.81998,3.920989,95996.99,75940.82,100423.57,5592.2964,4.6794786,-0.8084437,10.844714,3.5100505,1.6502188,-4.8636646,6.596459,2.2741494,5,145,0,0.026995387161150575,0.008998462387050191,0.12394289812618808,0.017706128303741155,0.31842685631090717,0.022744775450779083,5.020161580765489,0.16733871935884964,-0.13219936,0.0022514055,0.0,-173.55469,-23.328125,-91.32031,-51.799805,3.267590182168143,0.9870487981281725,3.1644565718514577,0.7445993605106197,-1.6310660924230302,0.49074815503306285,-1.7515646176678794,0.5142739781021453,8.871625287192208,1.1696410397140447,8.37823394366673,1.0710727205132722,2.90055183001927,0.34543227019087464,2.6747070380619595,0.35493245145203367,0.8065399314676013,0.9491059037563379,0.8837638054309147,0.893182172451349,-3.4332819836480275,1.016106928823792,-3.4396842377526418,1.1358626950362454,4.706337417875018,1.5002920176210761,4.689939941678729,1.3685013810575666,1.623541729790824,0.44470020798364557,1.6451304384640284,0.38286204747602065,-2.9206276e-05,0.12115145,0.0050116777,0.25641954,62.573526870571975,-8.0,998.0,86.1496837391128,14.45807132835369,556.4395744373328,37.602601419573794,211.39999999999964,3557.0625,0,3557.0625,0,3557.0625,0
2010-05-26,0.034819268,0.0,1.3976097,0.13758738,-1.4561143,-7.207113,-0.04562991,2.0085766,-0.0079514,-0.012922202,4.0745363e-08,0.0036250078,308.1472,298.09647,317.509,3.9018097,95956.7,75856.13,100427.63,5617.9043,5.179653,-0.7204056,11.554294,3.4100711,2.6494598,-3.1068993,7.449823,2.214587,5,146,0,0.04594468721188605,0.01531489573729535,0.15852003719737695,0.022645719599625278,0.3500293281449558,0.025002094867496844,4.779000286484006,0.15930000954946688,-0.1621435,0.034819268,0.0,-266.64062,-112.58594,-147.88281,-33.75,3.675840752465384,1.1135952034735483,3.2926700796399797,0.9194459381938688,-1.3885816931724548,0.4552965625663328,-1.7054552393300193,0.5766631852952273,9.399178777422224,1.4396970334930026,8.669137920652117,1.3304792973923583,2.9912007536206926,0.3878142294298935,2.7606843369347707,0.3778126078511933,1.2958403442587172,0.8776824252626729,1.0541811759716697,0.988299938066422,-3.387922133718218,1.0236278822396194,-3.414277672767639,1.139283749652445,5.378388813563755,1.5289086479897749,5.0006190197808404,1.4698272167286224,1.7705175536019462,0.44591006487529117,1.7170205967766898,0.38893697010065864,-0.14617264,0.8608308,0.012193814,0.584885,62.573526870571975,-8.0,998.0,86.1496837391128,14.45807132835369,556.4395744373328,37.602601419573794,211.39999999999964,3227.09375,0,3227.09375,0,3227.09375,0
2010-05-27,0.016337434,0.0,1.3542175,0.07050979,-1.4711763,-7.6261706,-0.045294404,2.0655072,-0.008602198,-0.015302169,-6.239861e-08,0.0040678577,307.9209,296.11203,316.6755,4.3426843,95946.29,75744.38,100411.836,5603.0615,6.2884912,-0.85339355,11.120442,2.6721148,1.7285832,-4.6366363,6.6470146,2.7132025,5,147,0,0.053408107021823525,0.01780270234060784,0.1748281812760979,0.024975454468013986,0.34789195773737447,0.024849425552669606,4.24485640088642,0.14149521336288065,-0.12048865,0.016337434,0.0,-298.78906,-184.16406,-173.67188,-40.53125,4.256187643323626,1.2784779486399185,3.5102202722004483,1.218442067593123,-1.2793638280459814,0.48202712350397686,-1.5846891445772988,0.5644258959185997,9.787530762808663,1.4915866527149906,8.970286130905151,1.3766484508876315,2.9476678712027415,0.4063543617507702,2.788732273238046,0.3531059107936991,1.58054861000606,0.5488689350213414,1.1651111195928283,0.9690658319368237,-3.5195030655179704,1.126767017345279,-3.422190717288426,1.1479500046939668,5.887427091598511,1.1941216448370076,5.2137055567332675,1.4773405436277995,1.9776223727634974,0.504037736648409,1.7668849911008562,0.46700779063711634,-0.25693977,0.21534586,0.020155229,0.7470683,62.573526870571975,-8.0,998.0,86.1496837391128,14.45807132835369,556.4395744373328,37.602601419573794,211.39999999999964,2910.84375,0,2910.84375,0,2910.84375,0
2010-05-28,0.0036690296,0.0,0.14066696,0.010094797,-1.3144888,-7.8221908,-0.050520062,1.7937742,-0.008467536,-0.016391866,-7.683411e-09,0.0040427106,306.57996,292.52145,314.12344,4.272966,96164.8,75776.6,100580.56,5631.62,5.7025886,-1.725612,11.144383,2.830785,1.1858199,-6.0625834,6.8606343,2.7699695,5,148,0,0.054825731087476015,0.01827524369582534,0.15809982712380588,0.022585689589115127,0.34827038134062605,0.024876455810044718,4.116811369551215,0.13722704565170715,-0.03929604,0.0036690296,0.0,-167.04688,-157.08594,-82.671875,-24.094727,4.7222349643707275,1.086362975481079,3.721620406423296,1.3269973339948404,-1.2530841061047144,0.4455790330592103,-1.5730117687157221,0.559311581844487,10.20721994127546,1.3818821361732003,9.241220542362758,1.4064413481317997,2.9518886293683733,0.40473013572448197,2.8151232515062605,0.3403281663301855,1.608083622796195,0.51847865338114,1.1732353093102574,0.9687026168832638,-4.119899375098092,1.2115394978408436,-3.5792838164738248,1.3463020105035326,6.337666715894427,0.7458718808643461,5.276301230703082,1.530124868154659,2.205812897000994,0.43582074904612145,1.823510468006134,0.5372509832250463,-0.18434,-1.8062034,0.018563114,0.559353,62.573526870571975,-8.0,998.0,86.1496837391128,14.45807132835369,556.4395744373328,37.602601419573794,211.39999999999964,2661.46875,0,2661.46875,0,2661.46875,0
2010-05-29,0.0068881684,0.0,0.13923645,0.01793069,-1.2849283,-7.654031,-0.057716623,1.7453619,-0.007412688,-0.011176013,6.542541e-08,0.0033841,305.73322,292.6925,311.36057,3.6645045,96367.82,76016.91,100635.195,5626.8022,3.5887396,-2.5442536,10.535132,3.5560708,0.3980277,-4.250523,4.95073,2.193736,5,149,0,0.026894631795585155,0.008964877265195051,0.08870928664691746,0.012672755235273923,0.3504741420092614,0.025033867286375817,3.5736422459649475,0.11912140819883159,-0.05802064,0.0068881684,0.0,-49.367188,-56.21875,-68.69531,-21.32959,4.765255519321987,1.024269959234803,3.808064409664699,1.271011630233531,-1.4185771005494254,0.6644587966052709,-1.6139237071786607,0.6094056611950027,10.584689821515765,0.9319685220586121,9.366547993251256,1.4400078976439026,3.119560514177595,0.3711971130262735,2.8713142360959734,0.3930561521926436,1.430413795369012,0.6898138525016694,1.0668319946687137,0.9659997867508533,-4.3808200018746515,0.954957723100329,-3.739570072719029,1.2764179676212544,6.222102710178921,0.8975881286463622,5.229517102241516,1.5292912645125776,2.2990773916244507,0.32577259915037965,1.868296538080488,0.5403241414979086,-0.16038048,-1.5654411,-0.0032626651,0.5071528,62.573526870571975,-8.0,998.0,86.1496837391128,14.45807132835369,556.4395744373328,37.602601419573794,211.39999999999964,2449.65625,0,2449.65625,0,2449.65625,0
2010-05-30,0.0036010772,0.0,0.09584427,0.009712866,-1.239548,-7.777143,-0.063229114,1.6510676,-0.006981616,-0.009793894,8.8242814e-08,0.003143224,306.0127,294.0738,311.81418,3.5007412,96418.91,76072.51,100636.47,5647.4136,2.7646995,-1.8847517,8.185032,2.9346619,1.6362609,-3.0270996,5.315389,1.8011823,5,150,0,0.01415827521122992,0.004719425070409973,0.07644039625301957,0.010920056607574224,0.2769650628379168,0.019783218774136913,3.114367241743821,0.1038122413914607,-0.036900654,0.0036010772,0.0,69.41406,25.492188,14.640625,0.43847656,4.6433398723602295,1.2163476138937181,3.762441328593663,1.2978340606942478,-1.4429351346833366,0.6800464111152884,-1.672633354152952,0.5915593233416696,10.506033761160714,1.1185853757073543,9.315662452152797,1.4701322039009939,3.141331740788051,0.3520946751594343,2.905997838292803,0.37388915473268924,1.494431653193065,0.6843543580018494,1.0151804913101452,0.9092362095273628,-4.216152395520892,1.085817397073049,-3.822221577167511,1.179855292844575,6.202287197113037,0.9186526326358585,5.155890107154846,1.4958426174564425,2.2765280859810963,0.35718178882966,1.884238336767469,0.5343597818369507,-0.1096431,-0.9615712,-0.0052452013,0.39741957,62.573526870571975,-8.0,998.0,86.1496837391128,14.45807132835369,556.4395744373328,37.602601419573794,211.39999999999964,2264.90625,0,2264.90625,0,2264.90625,0
2010-05-31,0.03433501,0.0,3.3955574,0.20978124,-1.2093629,-8.486321,-0.058880076,1.5788101,-0.0073403157,-0.011417588,-5.355105e-09,0.0033690843,306.2496,295.6082,312.24548,3.244659,96375.125,76035.93,100615.4,5676.217,2.9487457,-1.154405,7.864882,2.0890417,2.7592862,-2.9206474,6.6273265,1.99356,5,151,0,0.04482425539754331,0.01494141846584777,0.10190139198675752,0.014557341712393932,0.25847580633671896,0.018462557595479927,2.977886366430539,0.09926287888101797,-0.22786126,0.03433501,0.0,220.76562,182.53125,158.20312,16.032227,4.450342348643711,1.3765811070135525,3.717793583869934,1.3154544304830453,-1.3844664522579737,0.6855068128324936,-1.5759126160826002,0.5538799091084261,10.178411415645055,1.5061410794823658,9.301456144877843,1.4840551917837284,3.000399419239589,0.5335072572444148,2.8835029772349765,0.4137642553030369,1.7153794978346144,0.8153502740231462,1.1420194478705525,1.021420810543998,-4.1240076678139825,1.174007060206523,-3.635849859033312,1.0921860614029437,6.349625178745815,0.8873746924136734,5.290788837841579,1.5398409955529717,2.2800552334104265,0.3537426828976468,1.8819240842546736,0.5337686220037597,-0.026076913,-0.8844013,-0.003981635,0.18256319,62.573526870571975,-8.0,998.0,86.1496837391128,14.45807132835369,556.4395744373328,37.602601419573794,211.39999999999964,2132.46875,0,2132.5,0,2173.0,0
2010-06-01,0.11683135,0.0,3.2901764,0.36253157,-0.9786029,-7.670116,-0.05101762,1.1401386,-0.007274623,-0.011401321,-7.0780516e-08,0.003377294,306.3931,296.7941,311.979,2.99915,96411.43,76056.75,100630.54,5691.567,2.4546764,-3.6956997,7.3588657,2.0944462,3.354012,-1.4538256,8.030021,1.9608612,6,152,1,0.15476743434555829,0.05158914478185276,0.21648133383132517,0.030925904833046452,0.34042423195751326,0.024316016568393804,3.076963438425082,0.10256544794750273,-0.09944537,0.11683135,0.11683135,238.875,226.46094,235.83594,26.572754,4.132513454982212,1.5595365766176843,3.700051818575178,1.33176692693065,-1.7969315903527396,1.051873092541622,-1.713998841387885,0.7932365201066018,9.680433068956647,1.7972556462003808,9.276029178074428,1.516035396759075,2.7981702259608676,0.5748203259141064,2.8493610279900685,0.45868861041458525,1.958778521844319,1.0210244389157999,1.38265922665596,1.1199775313847735,-3.6368878058024814,1.4827640315768709,-3.5350848947252547,1.225732699016703,6.554419721875872,1.0949748624646307,5.630378569875445,1.5848563447072725,2.2352997745786394,0.37386091553711687,1.9294207521847315,0.5064999979991489,0.34612,-0.51204157,-0.0010202602,-0.57995975,62.573526870571975,-8.0,998.0,86.1496837391128,14.45807132835369,556.4395744373328,37.602601419573794,211.39999999999964,2132.5,0,2132.5,0,2173.0,0
2010-06-02,0.87137127,0.0,12.94136,1.6258253,-1.0962526,-6.663312,-0.052277934,1.2547865,-0.006729368,-0.0110902,-6.938353e-08,0.0032355115,305.33432,295.38254,310.46658,2.9599419,96593.6,76132.22,100845.59,5707.429,2.4010987,-2.189769,6.2707615,1.9441783,3.7107208,-1.2413527,8.613383,2.3084383,6,153,1,1.0225376263260841,0.34084587544202805,1.0530333353672177,0.15043333362388825,1.2115533725645946,0.08653952661175676,3.922810836467761,0.13076036121559204,0.4060038,0.87137127,0.98820263,133.42969,100.34375,243.5,33.308105,3.73557710647583,1.6016300096920515,3.705708929470607,1.3256164691551386,-2.0068406547818864,0.9421254613291602,-1.6977111739771706,0.7799026848195076,8.925642762865339,1.97936501472999,9.162410770143781,1.6808538971995388,2.588756969996861,0.5817233699116742,2.789978861808777,0.5188504475739024,2.110387227364949,1.2032116755833502,1.703113785811833,1.0965144722456404,-3.3703811509268626,1.7393511795557242,-3.3791516423225403,1.3711313774227587,6.720642634800503,1.3189638250508735,6.049515724182129,1.5384588186366364,2.248707107135228,0.3746762675857441,2.009612330368587,0.4670395239882837,0.35986173,0.54380083,-0.0066480227,-0.75379014,62.573526870571975,-8.0,998.0,86.1496837391128,14.45807132835369,556.4395744373328,37.602601419573794,211.39999999999964,2111.21875,0,2173.0,0,2173.0,0
2010-06-03,0.6109576,0.0,6.2789917,0.8400241,-1.4286691,-6.831307,-0.05238131,1.4627367,-0.006707255,-0.0103745125,3.259629e-09,0.0030765028,305.26672,293.75424,311.05933,3.0258129,96652.57,76090.49,100926.5,5725.2754,3.4405305,-1.5555401,7.4652524,1.9322774,3.0938766,-2.1655152,8.3647175,1.8702729,6,154,1,1.5991602391004562,0.5330534130334854,1.6476535240653902,0.23537907486648432,1.8224817053414881,0.13017726466724916,4.401630668673533,0.1467210222891178,0.31870708,0.6109576,1.5991602,105.94531,-3.28125,222.4375,43.460938,3.328725576400757,1.1403432825772448,3.7924566098621915,1.259425467401046,-2.1071473019463673,0.8294982757431532,-1.6932555649961745,0.7805715067202335,8.403472764151436,1.7754942609822868,9.09550176348005,1.7313383347704718,2.4830659117017473,0.6293164429145828,2.7153668914522444,0.5631279912255094,2.305429139307567,1.2410679292236153,1.9429888746568136,0.9956876832248913,-3.0173638548169817,1.689576213071394,-3.268433460167476,1.4040637011944732,6.966028758457729,1.4556816276402558,6.4267279250281195,1.396188450676617,2.12828859261104,0.33372793871819206,2.052955482687269,0.41805606420039615,0.04250717,0.7948637,-0.0070869066,-0.60277045,62.573526870571975,-8.0,998.0,86.1496837391128,14.45807132835369,556.4395744373328,37.602601419573794,211.39999999999964,2066.15625,0,2173.0,0,2173.0,0
2010-06-04,0.2770389,0.0,3.8180351,0.55459934,-1.3958725,-6.7775373,-0.04522223,1.5017502,-0.007159285,-0.011256734,-2.3283064e-08,0.003325401,305.11163,292.35556,312.66992,3.396507,96601.72,76000.52,100950.35,5735.533,4.490617,-2.1868432,8.925136,2.586175,2.6498823,-5.283888,8.510871,2.356543,6,155,1,1.7593677937984467,0.5864559312661489,1.9210233965422958,0.2744319137917565,2.0791232236661017,0.14850880169043584,4.160727559361476,0.13869091864538252,0.059324637,0.2770389,1.8761991,191.73438,12.8125,285.32812,61.436523,3.1555867535727367,0.7424310522803507,3.938910858971732,1.2082626894940853,-2.1730374608721053,0.8122803315301648,-1.71306078348841,0.7899435073507913,8.086437361580986,1.3521735555418808,9.146828651428223,1.7135174125770565,2.4481216158185686,0.6133800171483874,2.700005122593471,0.5635385034279922,2.5145809182098935,1.140205348899527,2.061332270503044,0.9722856031457895,-2.906121628625052,1.4665805789459272,-3.5130105018615723,1.437640073674026,7.201776845114572,1.56527118222659,6.769721780504499,1.2603965958078422,2.0692276784351895,0.217629059524063,2.137520287718092,0.338447487558204,-0.081383705,1.0446534,0.005297832,-0.29202402,62.573526870571975,-8.0,998.0,86.1496837391128,14.45807132835369,556.4395744373328,37.602601419573794,211.39999999999964,2031.0,0,2173.0,0,2173.0,0
2010-06-05,1.4341571,0.0,21.760464,3.3261032,-1.4163628,-7.426835,-0.039106935,1.9246366,-0.0064458377,-0.010509,-1.3969839e-09,0.0031375794,304.1102,292.54935,311.31247,3.4203637,96391.52,75808.24,100662.23,5719.8296,3.3632405,-4.392776,8.671392,3.021837,2.922205,-2.8017433,11.064957,2.7708397,6,156,1,2.3221536576747894,0.7740512192249298,3.348292361246422,0.47832748017806026,3.4370016478933394,0.2455001177066671,4.794911621842402,0.15983038739474675,0.8520716,1.4341571,3.3103561,153.49219,-81.50781,199.32031,71.24072,3.12337258883885,0.7251962481870585,3.9443140540804182,1.2052915299306826,-2.4371120929718018,1.1733204994879016,-1.9278445967606135,1.0575758303122733,7.820188794817243,0.896296720247713,9.202439308166504,1.6820342437785754,2.371802500316075,0.46872805788973393,2.745681507246835,0.5617251517466368,2.8751776729311262,0.6553064274093384,2.152795734150069,0.9898452600949748,-2.699153082711356,1.3421859822635036,-3.5399865422930037,1.419058666264101,8.075237819126674,1.7896391845259698,7.1486702646527975,1.665722786496967,2.151671051979065,0.3448074708338631,2.225374221801758,0.33121804010546296,-0.13143444,0.22719574,0.018609688,0.17927468,62.573526870571975,-8.0,998.0,86.1496837391128,14.45807132835369,556.4395744373328,37.602601419573794,211.39999999999964,2022.375,0,2173.0,0,2173.0,0
2010-06-06,14.963996,0.0,126.78577,18.235277,-2.3823698,-10.245149,-0.031148314,2.6023219,-0.004652882,-0.009222842,-1.2526289e-07,0.0026882838,301.37076,290.48718,306.22058,2.7499692,96083.62,75592.79,100364.125,5698.2783,1.8925232,-2.5802479,12.2190275,3.3630662,3.0945807,-2.105067,9.360794,2.9404826,6,157,1,16.675191968679428,5.558397322893143,18.30868721753359,2.615526745361941,18.385127613786608,1.3132234009847576,19.367009906802195,0.6455669968934065,9.893959,14.963996,18.274353,-24.507812,-245.67188,43.65625,71.490234,2.998775976044791,0.8595668732855111,3.8210579242025102,1.3236373776184798,-2.5364686931882585,1.147923462442042,-1.9897019139357977,1.0693816737468094,8.39647388458252,1.9022805160378078,9.451253822871617,1.8562840565474628,2.4330031190599715,0.5712282663927423,2.7871674299240112,0.585575810165799,3.0835090705326627,0.36193187641803065,2.2889703618628636,0.9779923728248731,-2.567434140614101,1.3498592173395132,-3.391793268067496,1.454982620904871,8.653152806418282,1.348755016236854,7.4277200017656595,1.6870997950898878,2.314428244318281,0.4137843891035781,2.2954781651496887,0.3718773146152805,-1.1428218,-2.4680057,0.0320808,0.95125425,62.573526870571975,-8.0,998.0,86.1496837391128,14.45807132835369,556.4395744373328,37.602601419573794,211.39999999999964,2048.09375,0,2173.0,0,2173.0,0
2010-06-07,6.281952,0.0,101.7065,14.740811,-3.017036,-6.069122,-0.053075366,1.5913155,-0.0045116656,-0.010002582,1.9832514e-06,0.0023654455,300.81097,289.59436,306.79056,2.592111,96261.92,75664.57,100416.32,5734.4277,2.1374629,-3.2752476,8.413066,3.1783566,1.172843,-3.27874,5.4442825,1.5063217,6,158,1,22.680104970932007,7.560034990310669,24.55630411207676,3.5080434445823943,24.658205504063517,1.761300393147394,25.112935154471415,0.8370978384823805,4.12809,6.281952,24.556305,132.16406,-143.99219,114.35156,85.25244,2.8828784227371216,0.9200056907104064,3.6666103856904164,1.388070524347818,-2.8394462040492465,0.9915893156622406,-2.1119563281536102,1.1138427952080954,8.474785872868129,1.887978767228705,9.326598644256592,1.863737737943886,2.5886195387159074,0.6090344181358587,2.7945094789777483,0.5900969177929486,2.856874329703195,0.8136286395028979,2.2861269137689044,0.9814143002419928,-2.6185902186802457,1.372078542456734,-3.371298943247114,1.4543658031293456,8.484146526881627,1.6786787897340814,7.416885852813721,1.7002038971117666,2.2448227746146068,0.5071933315955885,2.2624390040125166,0.4204958985848349,-1.8076731,2.4171996,0.00580471,0.012505412,62.573526870571975,-8.0,998.0,86.1496837391128,14.45807132835369,556.4395744373328,37.602601419573794,211.39999999999964,2117.03125,0,2173.0,0,2173.0,0
2010-06-08,0.15852942,0.0,3.5963058,0.2749709,-3.0055687,-6.712084,-0.052755464,1.5792042,-0.005340749,-0.009172932,-4.5401976e-08,0.0025454124,302.66687,291.63632,308.0856,2.5142496,96434.086,75820.68,100553.59,5731.716,2.3647466,-2.153738,5.840118,1.7812004,1.7019097,-0.7539584,4.112822,1.0189637,6,159,1,21.40447725355625,7.134825751185417,24.598002180457115,3.5140003114938736,24.81448351428844,1.77246310816346,25.196049703989047,0.8398683234663016,0.0012328923,0.15852942,24.714834,305.53906,25.726562,256.29688,72.09326,2.870031305721828,0.9275784892070889,3.5012723803520203,1.3959791502986942,-2.6191659654889787,0.9395795351297571,-2.208048777920859,1.0488720322577043,8.257821900503975,2.1116133962089987,8.969127484730311,2.023280140214285,2.543870142527989,0.6607115256203824,2.6710201842444286,0.6094189304669066,2.6208597081048146,0.8821211723733372,2.289819114974567,0.9789320022695186,-2.5186091916901723,1.4914086680353154,-3.077748498746327,1.5420827234197831,7.924546718597412,2.3670642377505784,7.239483220236642,1.9091308188526983,2.110265987260001,0.6878502819449692,2.1727828809193204,0.5358083063593261,-2.0269659,0.95803213,-0.0017378442,0.43906558,62.573526870571975,-8.0,998.0,86.1496837391128,14.45807132835369,556.4395744373328,37.602601419573794,211.39999999999964,2173.0,0,2173.0,0,2173.0,0
2010-06-09,0.18051898,0.0,11.644363,0.6341805,-2.6601353,-7.0360594,-0.06118371,1.5901856,-0.0056114243,-0.0086299125,7.4093696e-06,0.002609121,303.95932,292.99194,310.13232,2.6522272,96379.69,75892.57,100478.28,5695.6313,1.8700184,-3.2427235,6.074985,2.0463693,1.3612963,-1.9190248,4.603314,1.0944226,6,160,1,6.621000304818153,2.207000101606051,23.907149896025658,3.4153071280036653,24.960183231392875,1.7828702308137767,25.31705152127506,0.8439017173758354,0.03201236,0.18051898,24.895353,313.67188,150.3125,265.60938,31.078613,2.7941626821245467,0.991820456605392,3.264869894300188,1.369881324192857,-2.7695880276816234,0.9436553807813638,-2.388214341231755,0.9885793076392674,8.2298538344247,2.1433758054643333,8.57774829864502,2.0146788643738844,2.558468852724348,0.6462227794016069,2.5736129113606045,0.5909084631364265,2.2852276393345425,0.8444906961782636,2.1978074333497455,1.002776504241043,-2.615419498511723,1.414703175653499,-2.992900324719293,1.572730365768074,7.35167966570173,2.6418684508211165,7.036161150251116,2.0325908811115387,1.9368351697921753,0.7768468196946748,2.0927711384637013,0.60787549896388,-1.5638827,-0.37274742,-0.008905776,0.33539915,62.573526870571975,-8.0,998.0,86.1496837391128,14.45807132835369,556.4395744373328,37.602601419573794,211.39999999999964,2158.875,0,2158.875,0,2158.875,0
2010-06-10,0.124438874,0.0,4.4579506,0.38291824,-2.053353,-7.037637,-0.0593348,1.5154878,-0.0059550847,-0.009137838,4.656613e-08,0.0027402516,305.11337,293.79083,311.4216,3.0198107,96383.5,75972.484,100466.445,5675.789,1.5028461,-2.895518,5.666616,1.8191913,0.8388868,-1.9522432,4.524889,1.3982352,6,161,1,0.46348727494478226,0.15449575831492743,23.420631147921085,3.3458044497030124,25.068284671986476,1.7905917622847483,25.437868229817468,0.8479289409939156,0.01559075,0.124438874,25.01979,305.09375,206.90625,238.74219,5.25,2.5173506225858415,1.0500459948553744,2.9230380994932994,1.1341560388323566,-2.9610134533473422,0.7776409815995518,-2.534080377646855,0.8904866098471965,7.972905772072928,2.348324791019423,8.188189268112183,2.0124786275161464,2.5423136949539185,0.6656089845097773,2.512689803327833,0.6230651949384434,1.9630862389292036,0.9120078884486987,2.1342576891183853,1.0612852613070538,-2.584952073437827,1.4282390966127265,-2.8011579641274045,1.51965679327687,6.803132738385882,2.790907476050159,6.884580748421805,2.140127856393988,1.869401216506958,0.8036141183844724,1.998844904558999,0.6062240819112523,-0.624684,-0.2063303,-0.006953489,0.052751064,62.573526870571975,-8.0,998.0,86.1496837391128,14.45807132835369,556.4395744373328,37.602601419573794,211.39999999999964,2113.875,0,2113.875,0,2189.9375,0
2010-06-11,0.12310444,0.0,5.3343773,0.42704618,-1.8234208,-7.6126776,-0.062661245,1.5605208,-0.0065604015,-0.010525307,9.872019e-08,0.0030387207,306.05563,294.3805,312.2296,3.594813,96253.72,75946.62,100372.914,5643.6987,1.7103858,-2.6073456,6.5288444,1.9859031,0.4762087,-2.2884629,4.6380916,1.5177791,6,162,1,0.4280622974038124,0.14268743246793747,23.26669668406248,3.323813812008926,25.187720080604777,1.7991228629003413,25.557755872147027,0.8519251957382342,-0.05410643,0.12310444,25.142895,219.48438,155.47656,171.04688,-5.4257812,2.120174765586853,0.6149189300796112,2.6378807595797946,0.8470876757269024,-3.021085228238787,0.7221304090982932,-2.597061344555446,0.8595516516222954,7.630578449794224,2.361003730002434,7.858507905687604,1.8634871641102277,2.4565605776650563,0.6969463910551917,2.4523410967418124,0.6307544420966509,1.652561434677669,1.0045468925357195,2.083571176443781,1.1250937652116542,-2.15703421831131,0.7917340792852091,-2.531577923468181,1.197117387087532,6.249878542763846,2.7797898405956385,6.725827693939209,2.222874419681908,1.7495777947562081,0.78108911843039,1.9094027365956987,0.5752853391915826,-0.4275483,-0.8351402,-0.017439015,0.058770537,62.573526870571975,-8.0,998.0,86.1496837391128,14.45807132835369,556.4395744373328,37.602601419573794,211.39999999999964,2071.96875,0,2071.96875,0,2253.375,0
2010-06-12,0.03642278,0.0,2.6464462,0.16044839,-1.6266148,-6.729207,-0.061026774,1.5126742,-0.006852724,-0.010734638,1.2898818e-07,0.003172539,306.57028,295.8873,313.14194,3.6564584,96125.33,75896.1,100263.625,5615.2393,1.9699333,-2.8876686,7.0743675,2.650395,0.35665467,-3.7407024,4.0173135,1.3303908,6,163,1,0.2839660942554474,0.0946553647518158,21.868962332606316,3.1241374760866165,25.217254693852738,1.8012324781323383,25.575703849555794,0.8525234616518598,-0.11641582,0.03642278,25.17932,55.578125,58.664062,59.109375,-18.896484,1.9211308785847254,0.2795182152451925,2.5222517337117876,0.8172697577813746,-2.806069884981428,0.3961222808529125,-2.6215909889766147,0.8628226316722656,7.402432032993862,2.320479583944731,7.611310413905552,1.703811617285431,2.4034974234444753,0.6598901506297445,2.387649961880275,0.5501385844591822,1.2860542493207114,0.9293163939262155,2.0806159611259187,1.1299056882725869,-2.29117123569761,0.9770246549195477,-2.495162159204483,1.1475329551177424,5.243072373526437,1.8738173223194594,6.659155096326556,2.2931010662197093,1.5437993832996912,0.6451007478886985,1.8477352176393782,0.5885811414395083,-0.21025205,0.697628,-0.02191984,-0.4119624,62.573526870571975,-8.0,998.0,86.1496837391128,14.45807132835369,556.4395744373328,37.602601419573794,211.39999999999964,2021.375,0,2021.375,0,2341.25,0
2010-06-13,0.05888138,0.0,3.045559,0.21698134,-1.6023246,-6.1342626,-0.05663047,1.6299396,-0.006990439,-0.01095167,2.863817e-08,0.0032167314,306.76752,295.8517,312.8087,3.6205823,96007.99,75803.24,100162.62,5608.701,2.2421396,-2.9437523,7.8636613,3.021015,0.8453247,-4.54256,4.440269,1.5080233,6,164,1,0.21840859949588776,0.07280286649862926,6.963847778737545,0.9948353969625064,25.272534996271133,1.8051810711622238,25.6312946232556,0.8543764874418532,-0.26288575,0.05888138,25.2382,-59.976562,-45.640625,-50.390625,-17.277344,1.9710760797773088,0.303740327161184,2.48492602791105,0.8172780877222209,-2.857999086380005,0.3852621489706836,-2.697233889784132,0.8393572390841132,6.780236857278006,1.049682927446754,7.588355370930263,1.6976411215549516,2.354632956641061,0.5854587306702519,2.393818037850516,0.5571823713399392,0.9647319700036731,0.4800195320036528,2.0241205202681676,1.1727921322696315,-2.639384533677782,1.2853542048415307,-2.6034093371459415,1.2668449919738058,4.5401402200971335,0.46497565839448435,6.596646513257708,2.3439136997382355,1.3391623326710291,0.2058929613863969,1.826795288494655,0.5955384885682269,0.78004515,4.110886,-0.025482155,-0.9723823,62.573526870571975,-8.0,998.0,86.1496837391128,14.45807132835369,556.4395744373328,37.602601419573794,211.39999999999964,1967.5,0,1986.546875,0,2442.671875,0
2010-06-14,0.2734339,0.0,9.541512,0.64981645,-1.5541552,-5.6081715,-0.055313572,1.6087013,-0.006941637,-0.011045124,3.0267984e-09,0.0031901833,305.5997,293.60587,311.96198,3.2234335,96029.45,75728.24,100151.52,5643.3765,2.022618,-5.8055787,7.3317504,3.1886597,1.539232,-4.0938067,5.6857753,1.9692955,6,165,1,0.368738055229187,0.12291268507639568,0.9553297683596611,0.1364756811942373,25.51163388043642,1.8222595628883158,25.900044109444934,0.8633348036481645,0.023043156,0.2734339,25.511633,-13.28125,-56.132812,-81.578125,-3.4536133,1.954669679914202,0.296264787211661,2.418774051325662,0.8143236890144718,-3.219474962779454,1.1895403317641404,-3.0294605834143504,1.070406462413349,6.625763211931501,0.8248239410889402,7.550274542399815,1.6969403905513452,2.3561048167092458,0.5878826730512925,2.4723621777125766,0.587589246531474,1.0170732608863287,0.5244163965253257,1.9369737952947617,1.1592126845623312,-2.755822650023869,1.3859098329167132,-2.687206434352057,1.3268235098162997,4.574639184134347,0.5452658829315702,6.529392855507987,2.3564401279119123,1.4053014516830444,0.3143396133086658,1.8250621131488256,0.5950509344365194,1.4628807,0.46095037,-0.0022382066,0.01738584,62.573526870571975,-8.0,998.0,86.1496837391128,14.45807132835369,556.4395744373328,37.602601419573794,211.39999999999964,1932.84375,0,2065.859375,0,2548.734375,0
2010-06-15,1.0039356,0.0,78.13215,4.8764157,-1.3647332,-6.586881,-0.059159704,1.1585474,-0.0058556,-0.010053819,2.4214387e-08,0.0028318437,303.81796,291.09824,309.0826,3.1759608,96133.28,75718.836,100155.21,5666.501,1.1042439,-3.521323,5.4393706,2.0151656,1.1138206,-2.7334812,3.8641346,1.4151274,6,166,1,1.3362508490681648,0.4454169496893883,1.800735928118229,0.2572479897311756,26.398738108575344,1.8856241506125246,26.82686952851327,0.8942289842837757,0.6208153,1.0039356,26.51557,117.296875,-1.1953125,-32.664062,4.6640625,1.7745978661945887,0.37742922787835503,2.322314585958208,0.8865246981548023,-3.414844240461077,1.0937831985276267,-3.0170051029750278,1.0630468561825508,6.568513597760882,0.899013665166492,7.413167749132429,1.7886606318532274,2.3895284107753207,0.555508889938583,2.466699276651655,0.5918779679897583,0.933060531105314,0.4360862899103189,1.7769601196050644,1.10175333364468,-3.0386116164071217,1.0768571458824454,-2.778610404048647,1.278518842325698,4.539112397602627,0.5868838621042382,6.231829558100019,2.414676822389566,1.46189626625606,0.2649764864845918,1.7860811267580305,0.6032887320901656,1.6408355,0.12520266,-0.0064042397,-0.4206568,62.573526870571975,-8.0,998.0,86.1496837391128,14.45807132835369,556.4395744373328,37.602601419573794,211.39999999999964,1912.5625,0,2111.734375,0,2688.359375,0
2010-06-16,0.33536416,0.0,10.82468,0.9027512,-1.5199647,-7.541781,-0.059908256,1.2762703,-0.006119517,-0.0091971615,-1.4901161e-08,0.0028185712,304.4727,292.50925,310.42487,3.3176649,96109.52,75726.3,100192.375,5658.9985,1.6491554,-2.576133,6.349567,2.1247575,1.0357716,-2.078762,3.6320126,1.152835,6,167,1,1.612733632326126,0.537577877442042,1.9555811062455177,0.2793687294636454,25.862731002271175,1.8473379287336553,27.109409425180274,0.9036469808393425,0.19658867,0.33536416,26.850933,184.47656,66.015625,85.046875,9.188965,1.7430460112435477,0.37735461704553225,2.268604346684047,0.9039906332986872,-3.3196170330047607,1.139334859110331,-3.044602530343192,1.044777417097799,6.607739584786551,0.8796732220131386,7.418796709605625,1.784908964753315,2.4007267270769392,0.5481800798135333,2.4795977899006436,0.5814914978440973,0.8865570042814527,0.39855011445424277,1.5858923218079977,0.9639270155398502,-3.0614312205995833,1.0505490099470212,-2.8384253595556532,1.2192832819661443,4.400355066571917,0.6770683155915893,5.876017366136823,2.4037383001920607,1.470240899494716,0.25208125285625477,1.7035380346434457,0.6053734627120875,1.1401706,-0.50572157,0.0012754537,-0.31391537,62.573526870571975,-8.0,998.0,86.1496837391128,14.45807132835369,556.4395744373328,37.602601419573794,211.39999999999964,1894.9375,0,2151.140625,0,2897.46875,0
2010-06-17,0.08748927,0.0,3.4251213,0.30117503,-1.6923875,-6.335778,-0.056309395,1.6510766,-0.006528147,-0.010086555,7.520197e-06,0.0029713789,305.59186,294.30396,311.69742,3.2943397,96180.65,75863.68,100320.13,5656.4355,2.4019928,-2.0448291,7.087129,2.416,1.4797009,-0.8632539,4.463976,0.9868887,6,168,1,1.4267890080809593,0.4755963360269864,1.9186315014958382,0.27409021449940546,25.339262649416924,1.8099473321012087,27.162015773128587,0.9054005257709529,0.023140848,0.08748927,26.938423,292.1797,203.07812,208.10938,15.705566,1.8714955363954817,0.431161021571942,2.1944230794906616,0.8408296855012407,-3.198090042386736,1.2335819202010994,-3.0795517478670393,0.9982838228452099,6.810670035226004,0.7851523357845666,7.391787903649466,1.787011531215008,2.4859850917543684,0.4854852104407644,2.5141493933541432,0.560459457758718,0.9781018793582916,0.45532720340617466,1.4705940591437476,0.8606869869972746,-2.9058613181114197,1.294487729880028,-2.7454066957746233,1.3200766877789816,4.391653197152274,0.6755908375569813,5.5973929677690775,2.3176055720745126,1.4114771144730704,0.3123945136731302,1.6404391654900141,0.6321055530113943,0.3609656,0.701859,0.003025405,0.13558877,62.573526870571975,-8.0,998.0,86.1496837391128,14.45807132835369,556.4395744373328,37.602601419573794,211.39999999999964,1890.03125,0,2189.9375,0,3124.8125,0
2010-06-18,0.038231328,0.0,2.0785332,0.1925694,-1.6132559,-7.0065403,-0.05966331,1.693726,-0.0066464157,-0.009714531,-2.9336661e-08,0.0030218177,306.6197,295.63892,312.82114,3.5746038,96293.68,76050.27,100434.66,5629.2197,2.467161,-1.5856832,7.005503,2.338245,0.8293597,-2.3963661,4.453813,1.2135664,6,169,1,0.4610847607254982,0.15369492024183273,1.8337583914399147,0.2619654844914164,25.100455075502396,1.792889648250171,27.200004972639363,0.9066668324213121,-0.0434988,0.038231328,26.976654,287.22656,256.4922,232.6875,2.508789,1.9796062707901,0.4765228866137792,2.0498905181884766,0.5335191127911468,-3.0521382774625505,1.3682171745461893,-3.0366117528506686,1.0511648633169217,6.8787641525268555,0.7772667625367659,7.25467130116054,1.7331425433164225,2.5363196304866245,0.4412455065025919,2.4964401040758406,0.5619236525513185,1.0285520255565643,0.407502169397805,1.3405567301171166,0.8045013727364828,-2.9212760669844493,1.2865284112847029,-2.5391551426478793,1.1002174205928439,4.36532769884382,0.6679344575524815,5.307603120803833,2.174512670009377,1.368018158844539,0.3162777667998422,1.5587979768003737,0.6057638639553309,0.2101649,0.6061373,0.0029979348,0.13320518,62.573526870571975,-8.0,998.0,86.1496837391128,14.45807132835369,556.4395744373328,37.602601419573794,211.39999999999964,1888.21875,0,2253.375,0,3298.078125,0
2010-06-19,0.003944744,0.0,0.7305145,0.02926484,-1.5562427,-7.114436,-0.05863235,1.6514602,-0.0069745984,-0.011116691,9.0152025e-07,0.0031945084,307.45328,296.9848,313.44534,3.8999217,96196.58,76075.35,100396.94,5591.9004,2.94486,-0.83848125,7.829691,2.447978,0.57032293,-3.1061566,3.5847614,1.2026563,6,170,1,0.12966534169390798,0.04322178056463599,1.8012803536839783,0.2573257648119969,23.670242686290294,1.6907316204493068,27.203920426778495,0.9067973475592832,-0.09406564,0.003944744,26.980598,240.71875,271.5,234.60938,-16.362305,2.118881515094212,0.5997613931475773,2.0200061968394687,0.4610968168003797,-2.7593972257205417,1.6075579477221351,-2.7827335553509847,1.1250489452588612,6.986667496817453,0.857259282300316,7.194549764905657,1.6943826736730092,2.5074029309409007,0.43915134497706704,2.455450177192688,0.5411981528813354,1.0590760622705733,0.3531651980434233,1.1725651557956422,0.6855903993393956,-2.830626666545868,1.240707609163052,-2.560898951121739,1.108780960996401,4.303534541811262,0.723217320702829,4.77330345766885,1.4490041031586731,1.3497703671455383,0.3224354246973232,1.446784875222615,0.5001909539244392,0.070372105,-0.3852291,0.002394423,0.13878596,62.573526870571975,-8.0,998.0,86.1496837391128,14.45807132835369,556.4395744373328,37.602601419573794,211.39999999999964,1986.546875,0,2341.25,0,3454.5625,0
2010-06-20,0.010202597,0.0,0.67329407,0.0406176,-1.4144843,-5.6302996,-0.05690753,1.5326303,-0.0074670217,-0.012066753,-4.5401976e-08,0.003441353,308.0883,298.84033,314.79745,4.080813,96125.31,76007.82,100379.375,5612.4995,3.28789,-1.0541903,7.7279143,2.455057,1.8594918,-2.6537158,5.875174,1.3129727,6,171,1,0.052378668915480375,0.017459556305160124,1.7526015709154308,0.2503716529879187,8.716449349652976,0.6226035249752125,27.19372563995421,0.906457521331807,-0.13662946,0.010202597,26.9908,136.79688,185.49219,132.8125,-19.406738,2.268274426460266,0.7476009259297837,2.1196752531187877,0.5694893789256852,-2.4894597956112454,1.7257431135394217,-2.673729440995625,1.2163966817262646,6.967275074550083,0.8353698942191657,6.873755965914045,0.9165362967157493,2.426551784787859,0.3764544881571096,2.3905923707144603,0.4743402344533978,1.2039570808410645,0.44654154757967285,1.0843445254223687,0.4623692261446085,-2.5607917734554837,0.9854810582332566,-2.600088153566633,1.101099763701299,4.508520977837699,0.9394571220134503,4.524330598967416,0.712319693768241,1.321905996118273,0.31481813494654604,1.330534164394651,0.2557126470004017,0.18784034,0.503963,-0.00027706102,-0.09730923,62.573526870571975,-8.0,998.0,86.1496837391128,14.45807132835369,556.4395744373328,37.602601419573794,211.39999999999964,2065.859375,0,2442.671875,0,3606.6875,0
2010-06-21,0.038707774,0.0,1.7342567,0.13607316,-1.3960744,-6.291429,-0.04806578,1.7085848,-0.0076103117,-0.012325383,-2.0256266e-08,0.0035918048,307.39328,298.70975,314.64236,3.5522864,96088.375,75871.31,100441.77,5672.9375,4.1962333,-2.9140365,9.120306,2.593528,3.2155976,-1.7064291,8.323194,1.91306,6,172,1,0.05285511491820216,0.01761837163940072,1.5178754511289299,0.2168393501612757,2.473205219488591,0.1766575156777565,27.15615470521152,0.905205156840384,-0.11652838,0.038707774,27.029509,67.08594,67.109375,104.296875,9.514648,2.5787908860615323,1.0275519309243655,2.2667302829878673,0.7954273282668002,-2.076382339000702,0.9881232725447072,-2.6479286508900777,1.206446639730108,7.222783020564488,1.1713786009493494,6.924273116247995,1.021397551057586,2.3415329796927318,0.202806620129824,2.3488188982009888,0.4225529151364105,1.4434378828321184,0.8878088341480015,1.2302555718592234,0.734614303070226,-2.2197378277778625,0.7519545174655896,-2.4877802389008656,1.106725740681167,4.885295016424997,1.7062418016030565,4.729967100279672,1.2275438413990536,1.3138723458562578,0.2956802318058828,1.359586898769651,0.29699451390011317,0.15808082,-0.6832576,0.0072477907,0.09988344,62.573526870571975,-8.0,998.0,86.1496837391128,14.45807132835369,556.4395744373328,37.602601419573794,211.39999999999964,2111.734375,0,2548.734375,0,3737.421875,0
2010-06-22,0.10850798,0.0,3.560543,0.34802446,-1.3650308,-6.609218,-0.051082116,1.6931083,-0.0072559463,-0.010889597,5.075708e-08,0.003359741,306.57846,298.8015,313.36597,2.9147482,95967.9,75718.9,100342.06,5695.1406,4.3152866,-3.2428157,10.268292,2.939268,3.7888489,-0.8528741,9.129344,2.152322,6,173,1,0.15741835441440344,0.052472784804801144,0.6224478590302169,0.08892112271860242,2.423183787148446,0.173084556224889,27.24879272095859,0.9082930906986196,-0.13039225,0.10850798,27.138018,95.65625,53.929688,128.53125,22.68164,3.0375112806047713,0.9749645825626827,2.40605457339968,0.9663722239899644,-2.0365955914769853,0.9237566564117844,-2.725719915969031,1.2072416416828742,7.9126289912632535,1.353767737067234,7.240571294512067,1.3058665736165147,2.4735476289476668,0.2501864899397913,2.431538019861494,0.41619223931636057,1.825584786278861,1.2314813919526042,1.3793226586920875,1.0010918822464103,-1.9510796751294817,0.8652318943964953,-2.4948456457683017,1.0950597206707324,5.637467793055943,2.253752510606361,5.088290095329285,1.6816965859032493,1.4191858683313643,0.4358267160252893,1.440541067293712,0.3472229844466768,-0.0002975464,-0.02233696,0.008077588,0.5345609,62.573526870571975,-8.0,998.0,86.1496837391128,14.45807132835369,556.4395744373328,37.602601419573794,211.39999999999964,2151.140625,0,2688.359375,0,3915.34375,0
2010-06-23,0.24398129,0.0,12.849331,0.67202115,-1.4252833,-7.3512454,-0.043670878,1.7698412,-0.0069143325,-0.010222188,8.4983185e-08,0.0031920841,306.1661,298.42502,312.7276,2.7627647,95890.82,75643.516,100228.73,5683.4014,4.0372643,-3.0401363,9.17784,3.0215542,3.7235484,-1.9268659,8.7416315,2.222695,6,174,1,0.3911970444023609,0.13039901480078697,0.5310649829916656,0.07586642614166651,2.4866460892371833,0.17761757780265594,27.48389999382198,0.916129999794066,-0.05093561,0.24398129,27.381998,62.679688,25.585938,83.19531,14.208496,3.378669704709734,0.8124639698386593,2.560857857976641,1.0443397726258723,-2.1028817806925093,0.9836322609708396,-2.711249406848635,1.2017696706174332,8.316668033599854,1.225492158290654,7.462203809193203,1.3552026131918091,2.601661443710327,0.27059327844916653,2.501194085393633,0.42820236002451495,2.209552901131766,1.3568172923885764,1.5480549527066094,1.1807717701938314,-1.9293802295412337,0.8633987916100206,-2.4954057250704085,1.094744516601316,6.367413350514004,2.3223781100480805,5.38388420854296,1.9345797310157289,1.572023025580815,0.5084026468655513,1.5211319625377655,0.3891181213240625,0.09468138,0.19053555,0.016237378,0.49357092,62.573526870571975,-8.0,998.0,86.1496837391128,14.45807132835369,556.4395744373328,37.602601419573794,211.39999999999964,2189.9375,0,2897.46875,0,4455.671875,0
2010-06-24,0.8097323,0.0,22.987843,2.1184742,-1.3549228,-6.569943,-0.05533477,1.4963111,-0.006277244,-0.0100856265,4.6100467e-08,0.0029350612,305.6184,296.44238,311.99716,2.7928917,95752.73,75531.74,99968.625,5660.85,3.2013767,-3.6528842,9.957223,3.0738015,3.0678608,-2.6235142,7.633159,2.0779498,6,175,1,1.1622215881943703,0.38740719606479007,1.2533080312423408,0.17904400446319155,3.171939532738179,0.2265671094812985,28.29138090624474,0.943046030208158,0.43190324,0.8097323,28.19173,-6.2109375,-20.804688,-70.0,-2.7700195,3.4928674016680037,0.700813034175617,2.6821814690317427,1.010072196642815,-2.332603939941951,1.1427252647843902,-2.7653469911643436,1.227474078845197,8.726681436811175,1.2256878130847582,7.768675736018589,1.4022371617610947,2.6956331048692976,0.30712528899759817,2.590809098311833,0.4051556214878873,2.436432889529637,1.3471826092811745,1.7072673844439643,1.2271573074124131,-2.1808459843908037,0.7500329131854163,-2.543353651251112,1.0837702155503641,6.8201538154057095,2.1948751433112936,5.605903506278992,2.0054742894253828,1.727888890675136,0.46446385301579857,1.5696830025741033,0.414200755859153,0.3374647,-0.23416471,0.00097462535,-0.15476549,62.573526870571975,-8.0,998.0,86.1496837391128,14.45807132835369,556.4395744373328,37.602601419573794,211.39999999999964,2253.375,0,3124.8125,0,4799.78125,0
2010-06-25,0.56190866,0.0,31.451225,1.9939785,-1.3939639,-6.5664425,-0.055991575,1.3566194,-0.006180391,-0.010352437,-1.0966323e-07,0.0028551635,305.73,296.61276,312.5408,2.99977,95838.39,75622.31,99949.48,5642.0034,2.1257732,-3.4530067,8.2244425,2.7427464,2.4773364,-1.9306036,5.861755,1.5209634,6,176,1,1.615622267127037,0.5385407557090124,1.7769853654317558,0.2538550522045365,3.6107437568716705,0.2579102683479765,28.81847030087374,0.9606156766957914,0.27134663,0.56190866,28.75364,115.15625,87.046875,1.6015625,-5.5913086,3.4440977232796803,0.7902591259580393,2.7118519970348904,0.9851229730426408,-2.5993644424847195,1.157166792702726,-2.825751359973635,1.2398459534240003,8.900815623147148,1.007587387013501,7.889789887837002,1.3594874118892648,2.7534190246037076,0.26365207854476375,2.644869327545166,0.36692302770883567,2.6718581318855286,1.1489429545876408,1.8502050787210464,1.1886760554566038,-2.1143084849630083,0.7483846898497488,-2.517792275973729,1.0944123240977939,7.021288360868182,1.997524953030866,5.693308029856,1.9866264195126742,1.7718027489525932,0.4201490966922282,1.5699104538985662,0.4141709344786268,0.21929193,0.4400978,0.0036717355,-0.3371066,62.573526870571975,-8.0,998.0,86.1496837391128,14.45807132835369,556.4395744373328,37.602601419573794,211.39999999999964,2341.25,0,3298.078125,0,5312.421875,0
2010-06-26,0.15538721,0.0,15.005589,0.7545184,-1.406346,-6.806321,-0.066317864,1.3110636,-0.0064570117,-0.010975708,-8.079223e-08,0.00299922,306.3642,296.93503,313.27957,3.3638089,95927.586,75770.27,100041.31,5612.0117,2.288805,-2.0485752,6.538339,2.1701972,1.9124775,-0.79282504,5.090679,1.2129565,6,177,1,1.5270281881093979,0.509009396036466,1.9284278294071555,0.2754896899153079,3.729708183091134,0.2664077273636524,28.957520074909553,0.9652506691636518,-0.041234612,0.15538721,28.909027,154.17969,153.96875,78.71875,-11.544922,3.3503755841936385,0.891724263886615,2.7346285496439253,0.9702234911797558,-2.772235001836504,0.9153942236949962,-2.765816113778523,1.2567880817044699,8.716336795261928,1.3093989734873386,7.8515021460396905,1.391392785335639,2.713736057281494,0.3298749203761696,2.610569494111197,0.38819453468979165,2.8635944979531422,0.7982573093727099,1.9613352801118578,1.1083128578356636,-1.7838325500488281,0.7481681280803127,-2.307229608297348,1.1242053003045354,7.236419473375593,1.6090473387198696,5.769977007593427,1.9370637744857868,1.7732742173331124,0.41783525166976054,1.5615222922393255,0.42053534496647976,0.14989674,0.308115,-0.0076855123,-0.34039652,62.573526870571975,-8.0,998.0,86.1496837391128,14.45807132835369,556.4395744373328,37.602601419573794,211.39999999999964,2442.671875,0,3454.5625,0,5483.796875,0
2010-06-27,0.1778052,0.0,8.634567,0.6858416,-1.4906198,-7.072523,-0.056489833,1.49289,-0.0071277753,-0.011028498,1.4202669e-08,0.0033833215,307.03824,298.59702,314.40103,3.687345,95928.44,75799.63,100129.01,5617.2056,2.947556,-1.4890181,7.552933,2.2958736,2.4902604,-2.853815,6.7448177,1.6492596,6,178,1,0.8951010704040527,0.2983670234680176,2.096030432730913,0.29943291896155905,3.848632003646344,0.27490228597473887,29.131656245561317,0.9710552081853773,-0.01777342,0.1778052,29.086832,126.125,161.29688,95.88281,-16.458984,3.3017564501081194,0.9048798616499829,2.785015438284193,0.96095249530533,-2.8343532596315657,0.7848181054477918,-2.6619065276214053,1.3003284428510944,8.691339492797852,1.3328733935560935,7.829307283673968,1.3936603568810164,2.690995591027396,0.35519454097106196,2.5587736879076277,0.3774452283077991,2.953704289027623,0.6949347894643532,2.0788306849343434,1.0673351364635166,-1.8124181543077742,0.7896179443133579,-2.1866049638816287,0.9416939419159613,7.360654285975865,1.517390477347175,5.934587631906782,1.9131457521166029,1.8213152033942086,0.3730201837778931,1.5716105997562408,0.42084718043794644,-0.076135516,-1.4422235,0.00041769817,-0.039740324,62.573526870571975,-8.0,998.0,86.1496837391128,14.45807132835369,556.4395744373328,37.602601419573794,211.39999999999964,2548.734375,0,3606.6875,0,5711.515625,0
2010-06-28,0.049576614,0.0,5.364895,0.28483033,-1.5642818,-6.650173,-0.05490472,1.7808323,-0.0073078056,-0.012193313,3.4386758e-06,0.0034608992,306.63828,298.7598,313.40067,3.2404628,95863.18,75675.78,100135.125,5642.634,3.2348828,-3.2067368,7.9455256,2.7353346,3.4418614,-4.646127,8.822338,2.7127936,6,179,1,0.38276902213692665,0.12758967404564223,2.1068992726504803,0.30098561037864,3.62477472377941,0.2589124802699579,29.174344691215083,0.9724781563738361,-0.2856038,0.049576614,29.136408,124.13281,145.34375,104.171875,-17.095703,3.1644206728254045,0.8149847512920061,2.871605779443468,0.9413879507047515,-2.876167586871556,0.7974665895550039,-2.4762749629361287,0.9572734087660387,8.523513725825719,1.3437743175883208,7.873148373195103,1.386439677926172,2.711253677095686,0.3527445409577732,2.526393328394209,0.3364729155144596,2.986027683530535,0.7141430518793564,2.2147327831813266,1.1134758632145711,-2.2323750257492065,1.32445623985216,-2.2260564267635345,1.0347158105350345,7.431960650852749,1.5805741957887098,6.158627833638873,2.0598006948227274,1.9355628660746984,0.5049444291023677,1.624717605965478,0.511943575318378,-0.1682074,-0.35874414,-0.00683894,0.072247505,62.573526870571975,-8.0,998.0,86.1496837391128,14.45807132835369,556.4395744373328,37.602601419573794,211.39999999999964,2688.359375,0,3737.421875,0,6432.375,0
2010-06-29,0.044693816,0.0,2.9263496,0.18138434,-1.3795978,-6.8079715,-0.05449681,1.6342227,-0.0069626565,-0.011292396,2.7939677e-09,0.00320396,305.86526,297.3831,312.57816,2.9054325,95834.5,75577.02,100081.6,5648.5977,3.1851737,-3.392992,7.6121755,2.7084913,3.6474593,-4.6469536,8.666442,2.827995,6,180,1,0.2720756307244301,0.09069187690814336,2.043085105717182,0.2918693008167403,2.665532964747399,0.19039521176767135,29.215437430422753,0.9738479143474251,-0.29609612,0.044693816,29.181103,47.46875,78.97656,18.71875,-24.8667,3.002975974764143,0.6427400147688179,3.020243627684457,0.7935411573225807,-2.8976213421140398,0.8108814704519588,-2.4671084667955125,0.9470565500837453,8.144068445478167,1.1264109791901962,8.02834871837071,1.202446463006888,2.6782855646950856,0.3383738169503388,2.575916596821376,0.30499084433231743,2.965829168047224,0.6892164396581741,2.395706977163042,1.1265995361148293,-2.7743863803999766,1.4373493330973968,-2.362733027764729,1.2171851125546418,7.365831783839634,1.5056289577407325,6.501649788447788,2.0481372572872134,2.032087581498282,0.6074598467752159,1.7256367249148232,0.599261348923927,-0.014567018,-0.19875336,-0.0034146942,-0.058885574,62.573526870571975,-8.0,998.0,86.1496837391128,14.45807132835369,556.4395744373328,37.602601419573794,211.39999999999964,2897.46875,0,3915.34375,0,7256.515625,0
2010-06-30,0.3010471,0.0,21.740437,1.2382635,-1.2903142,-6.4681096,-0.055990882,1.4506876,-0.0062818164,-0.010003936,-9.778887e-09,0.0028930365,305.3365,295.77515,311.83496,2.94935,95872.78,75617.32,100040.1,5637.6685,2.614604,-2.8468926,7.677155,2.780021,2.856674,-3.188779,6.5712714,2.4591196,6,181,1,0.39531751722097397,0.13177250574032465,2.100150905549526,0.3000215579356466,2.631215888541192,0.18794399203865655,29.482149507384747,0.9827383169128249,-0.095119625,0.3010471,29.48215,27.875,94.39844,-48.601562,-42.769043,2.799738781792777,0.46018677726833884,3.0892042432512556,0.7018810430021329,-2.870015093258449,0.8085069265637986,-2.486448436975479,0.9522048328490791,7.929684843335833,1.0360511492120281,8.123176438467842,1.1085522105710768,2.6437808104923795,0.3085351695010551,2.6227211271013533,0.2796559950902474,2.841989959989275,0.6028459124841197,2.525771430560521,1.0607028283787268,-2.9546596918787276,1.3917482889363668,-2.4420199607099806,1.233310665032703,7.055780342647007,1.3944586386188902,6.711596846580505,1.8746528251016379,2.0658625023705617,0.6261103010086697,1.8189427639756883,0.6048836609782757,0.13496912,0.8831358,-0.012320004,-0.31915355,62.573526870571975,-8.0,998.0,86.1496837391128,14.45807132835369,556.4395744373328,37.602601419573794,211.39999999999964,3124.8125,0,4455.671875,0,7864.25,0
2010-07-01,0.50716615,0.0,22.5358,1.7374156,-1.4371493,-5.927906,-0.06307708,1.6061435,-0.006166145,-0.009489126,-6.752089e-08,0.0028409346,305.7439,296.38403,313.75757,3.090918,95889.52,75651.06,100018.02,5643.5835,1.9918098,-2.8016293,6.5459046,2.3731763,2.811804,-1.2647362,6.1109147,1.6810994,7,182,1,0.8529070504009724,0.28430235013365746,1.7975847348570824,0.2567978192652975,3.050892766099423,0.2179209118642445,29.872484307270497,0.9957494769090166,-0.09324342,0.50716615,29.989315,14.9609375,101.484375,-77.40625,-41.39209,2.626943520137242,0.5087664773946436,3.059905460902623,0.7402846653335734,-2.748407244682312,0.731479542593016,-2.540505592312132,0.9466712316511748,7.442353657313755,0.6559861586793646,8.084517547062465,1.1558883760088368,2.543691498892648,0.25473763818685785,2.6196623018809726,0.2823125825418649,2.805410419191633,0.5945679466525489,2.620921654360635,1.0185577139534066,-2.760548549039023,1.5331998122734738,-2.4706972667149136,1.197937295566195,6.838316849299839,1.4080401001619265,6.829235332352774,1.7716024372918566,2.0091695955821445,0.642583663307451,1.8685292431286402,0.5580707518546397,-0.082226515,0.6420369,-0.007742308,0.109832406,62.573526870571975,-8.0,998.0,86.1496837391128,14.45807132835369,556.4395744373328,37.602601419573794,211.39999999999964,3298.078125,0,4799.78125,0,8234.59375,0
2010-07-02,1.4132239,0.0,21.652699,3.081643,-1.35393,-7.2965508,-0.054512642,1.2951736,-0.0058394237,-0.009263667,1.185108e-07,0.0027647773,305.378,295.6918,312.96103,3.0221083,96039.164,75796.59,100077.51,5639.013,1.1459035,-3.224271,5.022596,2.0765872,1.4537216,-3.1335533,4.699658,1.5951018,7,183,1,2.221437096595764,0.740479032198588,2.6488999351859093,0.37841427645512987,4.425885300617665,0.3161346643298332,30.414336900692433,1.013811230023081,0.61229336,1.4132239,31.40254,70.42969,155.39062,-37.320312,-37.132324,2.4869621310915266,0.7481314928382506,2.9655299271856035,0.8906195422217638,-2.7157307182039534,0.6991525292028231,-2.6575475803443362,0.9204718420790163,6.984947000231061,1.0296379502974997,7.942881311689105,1.3950256115081767,2.448525905609131,0.2899757879909811,2.600972465106419,0.30970825054056217,2.6591797385896956,0.784305676682372,2.665518935237612,0.9451005009657705,-2.932398498058319,1.4915208731886003,-2.523353491510664,1.210554049830542,6.672302995409284,1.59805747293236,6.846795678138733,1.74729746261568,2.019760796001979,0.6337460352829859,1.8957817724772863,0.5323494355551889,0.040033937,-0.73010826,0.0014789328,-0.061445713,62.573526870571975,-8.0,998.0,86.1496837391128,14.45807132835369,556.4395744373328,37.602601419573794,211.39999999999964,3454.5625,0,5312.421875,0,8564.3125,0
2010-07-03,1.4053568,0.0,28.197289,4.235186,-1.5005736,-6.955595,-0.063301526,1.2977488,-0.005870479,-0.009304926,1.44355e-08,0.0028761353,306.18228,297.72177,313.41968,3.3913958,96103.08,75912.88,100157.65,5605.559,1.0949425,-2.4472256,5.318318,1.7791091,0.38377288,-3.3098285,3.1872013,1.4060711,7,184,1,3.325746774673462,1.1085822582244873,3.8988694921135902,0.5569813560162272,5.827297321520746,0.41623552296576755,31.208736042957753,1.040291201431925,0.50196296,1.4053568,32.807896,66.4375,173.58594,-25.382812,-52.80127,2.316410337175642,0.917700162383668,2.83339296068464,1.0215323695764542,-2.77268077645983,0.6502795385902431,-2.7724578891481673,0.7628318230828305,6.810658250536237,1.2059908707641582,7.763497522899082,1.5621552030205423,2.3926561730248586,0.3771201726158593,2.5531961151531766,0.3789708278180117,2.440793365240097,1.1530305170948583,2.65219393159662,0.9776670592752987,-3.291970423289708,1.1552375049920247,-2.5379014866692677,1.2192890394170954,6.400377580097744,2.0186432021974507,6.818398526736668,1.8066139909898118,2.047348584447588,0.5958409476757417,1.9103114008903503,0.5144515414327194,-0.09422767,-0.14927387,0.0030163378,-0.013314843,62.573526870571975,-8.0,998.0,86.1496837391128,14.45807132835369,556.4395744373328,37.602601419573794,211.39999999999964,3606.6875,0,5483.796875,0,8715.421875,0
2010-07-04,4.721538,0.0,50.839424,9.094199,-1.7015878,-5.785914,-0.06647594,1.4997044,-0.0058801053,-0.010537853,-2.0256266e-08,0.003173222,305.88776,296.8142,313.1014,3.8369472,96027.63,75891.445,100089.1,5592.1885,0.35793164,-5.0745587,7.1045995,3.131774,0.9622074,-2.936573,4.047232,1.3236072,7,185,1,7.54011869430542,2.5133728981018066,8.44260235875845,1.206086051251207,10.538632791489363,0.752759485106383,35.65323520777747,1.1884411735925824,2.9158254,4.721538,37.529434,-124.61719,9.796875,-146.75,-50.460938,1.9464639978749412,1.1204398981153445,2.62411022399153,1.2049264415668797,-3.284900869641985,0.8516109368722703,-3.0596270646367754,0.8207669911892495,6.746610573359898,1.1714092984511668,7.718975033078875,1.57209816589729,2.512070502553667,0.4637577494125491,2.6015330467905318,0.40756841124232324,2.2225000815732137,1.2797839711692698,2.5881021853004182,1.0596079399154656,-3.303792987551008,1.15041955742801,-2.558105570929391,1.223691328062397,6.015008211135864,2.191978170656459,6.687831248555865,1.9410767179352422,2.000826818602426,0.6429535239106721,1.911071010998317,0.513508686052695,-0.21096802,1.2866092,-0.00998611,0.0068143606,62.573526870571975,-8.0,998.0,86.1496837391128,14.45807132835369,556.4395744373328,37.602601419573794,211.39999999999964,3737.421875,0,5711.515625,0,8715.421875,0
2010-07-05,9.421339,0.0,126.94406,15.314806,-1.8254675,-5.420287,-0.06743217,1.1439968,-0.004634226,-0.009536587,-3.4924597e-08,0.0030778598,303.84338,294.2993,311.69357,3.390308,96091.28,75844.2,100088.086,5630.3467,0.024680898,-4.7399006,5.894092,2.277093,1.0574884,-3.815839,5.2436905,1.6561594,7,186,1,15.54823386669159,5.18274462223053,17.814364779740572,2.5449092542486533,19.921264052391052,1.4229474323136466,43.64041710970923,1.4546805703236412,6.11874,9.421339,46.950775,-87.15625,-45.929688,-129.79688,-15.591797,1.4878637215920858,1.1614173159968237,2.3261421972087453,1.298415993490211,-3.5039242676326205,1.0104918725325838,-3.1900459272520885,0.9332142672301951,6.453548635755267,1.0740415724896937,7.488531180790493,1.5872669412368103,2.446607402392796,0.45931056370915085,2.578930539744241,0.41671805707137016,1.8818753744874681,1.2169165856185216,2.4339515290090015,1.1167380649733036,-3.1851803915841237,1.0249096125421195,-2.7087777086666653,1.240507882933457,5.503772837775094,1.8125906162194805,6.4678667443139215,1.915822298471231,1.8498790775026595,0.5675587791609268,1.8927209717886788,0.5180026029329549,-0.26118565,1.229886,-0.012527451,-0.63683546,62.573526870571975,-8.0,998.0,86.1496837391128,14.45807132835369,556.4395744373328,37.602601419573794,211.39999999999964,3915.34375,0,6432.375,0,8715.421875,0
2010-07-06,6.947561,0.0,73.20404,8.968861,-2.18162,-5.2859287,-0.056694265,1.0768386,-0.004161601,-0.009288926,-1.9557774e-08,0.0024173558,303.0153,292.9174,309.9891,2.9878383,96158.4,75865.555,100147.52,5647.9556,-0.029734919,-3.7110374,4.1633525,1.7081064,0.9534413,-3.7791302,5.464563,1.6674336,7,187,1,21.09043788909912,7.03014596303304,24.71723175048828,3.5310331072126115,26.760316856205463,1.911451204014676,35.623981963377446,1.1874660654459148,3.689407,6.947561,53.898335,-8.328125,-22.585938,-55.101562,3.7651367,1.0285910546247448,1.0032501943026706,2.015783514694444,1.3056516032758596,-3.5493593215942383,1.0118219888482458,-3.2234903318541392,0.943583323786924,5.960859639304025,1.2332056415370318,7.052464042391096,1.6033616010864518,2.3036952699933733,0.51633815857614,2.4909904173442294,0.46224570681473953,1.4970156678131648,0.965505066828095,2.2314224179301942,1.1092014401652082,-3.0612056255340576,0.857423040441736,-2.917796002967017,1.1467282131096923,5.046361548560006,1.1724187642056683,6.20609666619982,1.7689350013173433,1.6840845857347762,0.36898477352831754,1.8580860836165292,0.515514281601076,-0.8020221,1.5220428,-0.0021974556,-0.55738413,62.573526870571975,-8.0,998.0,86.1496837391128,14.45807132835369,556.4395744373328,37.602601419573794,211.39999999999964,4455.671875,0,7256.515625,0,8740.984375,0
2010-07-07,8.411734,0.0,144.30139,13.777171,-2.674661,-5.0851073,-0.05957182,1.257065,-0.0043911245,-0.00891136,4.1443855e-08,0.0023540563,303.6971,293.57993,310.51562,2.9685185,96296.4,76096.15,100268.99,5598.3496,-0.8749733,-4.7997575,4.1535707,1.6762884,0.42371336,-3.9342906,6.4978385,1.836749,7,188,1,24.780633449554443,8.26021114985148,32.82791829109192,4.689702613013131,34.928069196641445,2.494862085474389,37.75376368639991,1.2584587895466635,4.7410707,8.411734,62.310066,119.21094,144.60156,19.335938,-27.982422,0.5300800127110311,0.9493500488916035,1.664909397251904,1.378626757099042,-3.8283400194985524,1.0541921763933775,-3.3491775563785007,1.030473412313661,5.45749044418335,1.13076204075769,6.693587643759591,1.6525797240122966,2.1460191862923756,0.5151620456449396,2.3948999983923778,0.48283605478420893,1.1494498678616114,0.8216744589490305,1.9957199139254433,1.1183041603674335,-3.1677072729383196,0.9199320514390475,-3.0611834824085236,1.1387676242127376,5.035871131079538,1.156723780605704,6.045825736863272,1.6166267129436473,1.5951744999204363,0.17520975845769401,1.8305185011454992,0.5047231225521653,-1.3843467,1.3830023,-0.003580939,-0.19362259,62.573526870571975,-8.0,998.0,86.1496837391128,14.45807132835369,556.4395744373328,37.602601419573794,211.39999999999964,4799.78125,0,7864.25,0,9212.734375,0
2010-07-08,4.480201,0.0,110.81792,9.099179,-2.7897272,-5.3909874,-0.06426918,1.3765688,-0.004675107,-0.008606853,5.797483e-08,0.0023808163,304.20386,294.1526,311.46616,3.1249185,96421.7,76188.84,100474.76,5621.142,-0.23718704,-3.98559,5.078375,1.4947973,1.4817051,-1.6437454,5.884575,1.2918609,7,189,1,19.839495182037354,6.613165060679118,36.80095291137695,5.257278987339565,38.598537646234035,2.757038403302431,42.075435038190335,1.4025145012730111,-0.97111845,4.480201,66.79027,104.16406,172.28125,17.507812,-43.739258,0.21165188588202,0.724553013967516,1.419297703009631,1.3900924226656295,-3.997477258954729,0.952038837367348,-3.372942251818521,1.041790517347892,5.247843333653042,1.0265765558884543,6.345098495483398,1.407688450429917,2.0205364738191878,0.5559705826052118,2.2821139863559177,0.4962851575685577,0.959435726915087,0.4368691555227059,1.88242307305336,1.0810562210258101,-3.2218514510563443,0.7914427180666459,-2.9912000000476837,1.1963823908880264,5.003536871501377,1.1243754027184685,5.920926860400608,1.550762673497479,1.5395690032414027,0.20296263355849295,1.7743692994117737,0.5186136903001356,-1.3525779,0.53691864,-0.0011921003,-0.22957468,62.573526870571975,-8.0,998.0,86.1496837391128,14.45807132835369,556.4395744373328,37.602601419573794,211.39999999999964,5312.421875,0,8234.59375,0,11818.09375,0
2010-07-09,2.6331062,0.0,40.286064,5.3819304,-2.7755182,-6.111021,-0.07163966,1.6278735,-0.005131113,-0.010185229,-3.1199306e-08,0.0028284984,305.04977,295.1864,312.3822,3.5050442,96289.14,75980.6,100447.85,5672.4233,2.2698216,-1.3435847,8.420453,2.1203032,2.7155852,-0.39752325,5.610167,1.1963868,7,190,1,15.525040626525879,5.175013542175293,38.020835280418396,5.431547897202628,40.669735215604305,2.904981086828879,44.52802228508517,1.484267409502839,-2.9710908,2.6331062,69.42338,40.671875,114.66406,2.4140625,-26.318848,0.37221162526735235,1.0273463505968825,1.4295868781794394,1.396243352289369,-3.7288077729088918,1.3770913038380324,-3.2222692455564226,1.1735320199779515,5.733251503535679,1.5646365417069206,6.359099251883371,1.4286369662021485,2.026781610080174,0.5569497922905048,2.2376537578446523,0.47943982139093344,1.139701953956059,0.7913489625425003,1.8994408462728773,1.0929514041186077,-2.8309900207178935,1.3327861822897558,-2.881694259388106,1.359912723857573,5.133609601429531,1.1359684266398555,5.902956298419407,1.552957290043123,1.482609714780535,0.23774726764815715,1.7511852553912572,0.5377164177739306,-1.4215882,1.1855297,-0.017127015,0.3326999,62.573526870571975,-8.0,998.0,86.1496837391128,14.45807132835369,556.4395744373328,37.602601419573794,211.39999999999964,5483.796875,0,8564.3125,0,14476.828125,1
2010-07-10,0.9025078,0.0,14.425278,1.738294,-2.7367654,-7.4737144,-0.06661517,2.001234,-0.0056509306,-0.0110184,7.0780516e-08,0.0030907942,305.39935,296.87338,313.28607,3.369157,96185.445,75851.46,100509.836,5708.293,3.830886,-1.5699978,9.744089,2.846432,3.2272193,-0.90788335,7.5755153,1.8424726,7,191,1,8.015814781188965,2.6719382603963218,37.51798629760742,5.359712328229632,41.41685578972101,2.9583468421229293,45.30609119264409,1.510203039754803,-0.95497143,0.9025078,70.32588,20.867188,75.30469,53.03125,-7.734375,0.7630606876420123,1.6685018240725653,1.539735512408827,1.524203815308347,-3.6034895181655884,1.5430682482188978,-3.188085147312709,1.2165332099028308,6.365504537309919,2.152710163562462,6.588081393923078,1.6921769449991506,2.1792563029697964,0.6203364348381999,2.2859562379973277,0.5054784304747496,1.545908591576985,1.0318811576606812,1.993350978408541,1.1491941736844105,-2.487854995897838,1.489002770493143,-2.889912709593773,1.3466003728150233,5.760511602674212,1.0928480096709907,6.0804445913859775,1.5944235163132165,1.5449527842657906,0.26943739821543333,1.7961506843566895,0.5150909605292597,-1.2361917,-0.51811934,-0.0033136457,0.70348525,62.573526870571975,-8.0,998.0,86.1496837391128,14.45807132835369,556.4395744373328,37.602601419573794,211.39999999999964,5711.515625,0,8715.421875,0,16714.796875,1
2010-07-11,0.3773676,0.0,17.028809,0.7769826,-2.7185664,-8.863358,-0.051689334,2.3860233,-0.0060006944,-0.010589641,4.9127266e-08,0.0031244142,305.3257,297.1717,313.90372,3.2071536,96024.94,75681.26,100474.6,5734.2637,4.966604,-2.985588,11.354093,3.4912043,3.9685037,-1.409659,9.417489,2.362718,7,192,1,3.9129815995693207,1.3043271998564403,33.173815816640854,4.739116545234408,41.6164181753993,2.9726012982428074,45.56035434035584,1.5186784780118614,-0.21988067,0.3773676,70.70325,-32.546875,-8.8359375,56.6875,16.525879,1.4214424860796757,2.279428754012594,1.6839532419773084,1.7469061138286743,-3.3050651379993985,1.4071671004690394,-3.294983003820692,1.1174691773643548,6.972574983324323,2.8741657953669906,6.859592778342111,2.111814427371897,2.2306034905569896,0.71930123498102,2.3713369965553284,0.5994918345925391,1.9753794968128204,1.330777689262986,2.0989397891930173,1.2608494593406456,-2.2697244243962422,1.5237490799498619,-2.786758705973625,1.403681992725745,6.527691159929548,1.4991167903184899,6.271349685532706,1.8236200268620197,1.6933971984045846,0.387529593744551,1.847112008503505,0.5343728113358138,-1.0169786,-3.0774436,0.0147866085,0.8863189,62.573526870571975,-8.0,998.0,86.1496837391128,14.45807132835369,556.4395744373328,37.602601419573794,211.39999999999964,6432.375,0,8715.421875,0,17336.484375,1
2010-07-12,0.9949994,0.0,29.549122,2.2241697,-2.6702337,-10.883901,-0.04965509,2.7049098,-0.0057101496,-0.011890024,7.473864e-08,0.0029180325,304.4109,296.0874,312.438,2.5777235,95864.336,75494.1,100283.52,5730.9644,4.1819024,-4.7345405,11.781288,4.138417,4.199946,-2.832775,9.615264,2.6770926,7,193,1,2.2748747766017914,0.7582915922005972,24.747476190328598,3.535353741475514,42.56184097006917,3.0401314978620837,46.518930967431515,1.5506310322477173,0.41793942,0.9949994,71.69825,-36.023438,-86.32031,49.617188,33.191895,2.015331273366298,2.3935692133587407,1.751597497479192,1.8280329829928725,-3.3042994056429182,1.4062573448314113,-3.4041118366377696,1.1809838325414428,7.813602992466518,3.3310227221860216,7.133575814110892,2.4802261611698335,2.496506895337786,1.0203776657905563,2.471557148865291,0.7606442363883501,2.4243019946983884,1.4900373315811926,2.153088684592928,1.3369418774907802,-2.1292867192200253,1.3975790942203423,-2.6572335554020747,1.298644035333149,7.1522016525268555,1.762501128391083,6.327987245150974,1.9187732713313812,1.8392447914396013,0.5351704352972398,1.8445619344711304,0.5299911453435577,-0.84476626,-5.4636135,0.017777082,1.560913,62.573526870571975,-8.0,998.0,86.1496837391128,14.45807132835369,556.4395744373328,37.602601419573794,211.39999999999964,7256.515625,0,8715.421875,0,17336.484375,1
2010-07-13,2.3595352,0.0,56.19192,4.3068657,-2.3628728,-8.875631,-0.05470915,2.0455837,-0.0046307878,-0.009930335,5.122274e-09,0.0023743494,303.12286,291.8786,308.03232,2.7155342,96167.94,75716.52,100393.48,5720.5703,2.6668663,-4.9327455,9.3789,3.3622353,2.9244099,-3.5519607,7.859091,2.4520423,7,194,1,3.7319022119045258,1.2439674039681752,20.159450620412827,2.8799215172018324,44.87668237090111,3.205477312207222,48.81958480505273,1.6273194935017576,1.329006,2.3595352,74.057785,144.9375,20.679688,149.67969,35.703125,2.4005600192717145,2.2203016060800023,1.7145755369482296,1.8018269998450793,-3.47882912840162,1.535064314490492,-3.5140942249979292,1.2495737088169496,8.55868114743914,2.938653566675734,7.259770393371582,2.5504034928732517,2.7328110252107893,0.9986704772826479,2.5182531476020813,0.7955732358592312,2.7058689296245575,1.3449277979050247,2.1014422987188612,1.2878373829487169,-2.0968339315482547,1.354868342919365,-2.579019778541156,1.1987204606488366,7.4942770685468405,1.6057666873269725,6.2703193085534235,1.8541290896104805,1.9513317516871862,0.573948563392665,1.817708168710981,0.48384469584624096,-0.18125296,-3.5897026,0.001985114,0.9687451,62.573526870571975,-8.0,998.0,86.1496837391128,14.45807132835369,556.4395744373328,37.602601419573794,211.39999999999964,7864.25,0,8740.984375,0,17336.484375,1
2010-07-14,1.1930196,0.0,23.836613,1.6391166,-2.2450888,-6.1323056,-0.05780183,1.3801429,-0.00482745,-0.008738171,3.3993274e-08,0.0023654161,303.58337,293.14047,309.55508,2.8833706,96354.32,75930.195,100510.69,5699.978,2.5705338,-2.2582195,8.715129,2.6114848,2.0351186,-1.89331,5.8015957,1.5575432,7,195,1,4.54755425453186,1.5158514181772869,12.94073662161827,1.8486766602311815,45.76865491271019,3.2691896366221562,49.73917053965852,1.6579723513219506,0.34408778,1.1930196,75.2508,305.51562,189.13281,303.07812,26.607422,2.892775312066078,1.6922508006461543,1.7114276623885547,1.8001713913549955,-3.115752271243504,1.4697390510520016,-3.4720461453710283,1.2832038834378166,9.210332325526647,2.215891142264171,7.333911384854998,2.578403735995981,2.8664105108806064,0.8904675277249141,2.5062148485864912,0.7925770488694828,2.936069675854274,0.9767044908911129,2.0427597718579427,1.2693620341363345,-1.8052652605942316,1.0865923920222857,-2.4864862667662755,1.1980309763394146,7.394813810076032,1.69675915479255,6.215342470577785,1.855929088783709,1.911445208958217,0.5926361174016863,1.7533098544393266,0.45077635829156587,0.4295721,-1.0471983,0.0017699897,0.12307787,62.573526870571975,-8.0,998.0,86.1496837391128,14.45807132835369,556.4395744373328,37.602601419573794,211.39999999999964,8234.59375,0,9212.734375,0,17336.484375,1
2010-07-15,0.453733,0.0,5.2452087,0.70997953,-2.1538222,-6.427194,-0.0645325,1.4208001,-0.0051671276,-0.00857988,-3.0035153e-08,0.0024786806,304.93372,295.51212,312.33188,3.399585,96269.3,75988.05,100413.375,5650.1836,2.2514567,-1.3294506,8.6186285,2.6771228,1.427398,-1.1666807,4.43301,1.075771,7,196,1,4.006287842988968,1.3354292809963226,8.914268851280212,1.273466978754316,45.715221762657166,3.2653729830469405,49.18896796135232,1.6396322653784106,-0.33706644,0.453733,75.70454,289.64062,251.21875,301.46875,10.083984,3.248295852116176,1.0733233299679723,1.729973868999098,1.8046142410296178,-2.7363037892750333,1.5485038590524607,-3.3668905241148814,1.397591546975904,9.716082845415388,1.3507773778870948,7.481963089534214,2.5891612670593847,3.035314151218959,0.6723593519927709,2.5279253125190735,0.7928153530555708,2.928311518260411,0.9903032002839394,1.9438736225877489,1.2587228604162608,-1.7371131564889635,1.113050372053738,-2.4794823037726537,1.2059832742812617,7.18744741167341,1.9775575688139433,6.0954921415873935,1.9163838597218388,1.880575214113508,0.6344422048538894,1.7100721086774553,0.4858982781336256,0.635905,-1.0362067,-0.00026332587,0.044231296,62.573526870571975,-8.0,998.0,86.1496837391128,14.45807132835369,556.4395744373328,37.602601419573794,211.39999999999964,8564.3125,0,11818.09375,0,17336.484375,1
2010-07-16,1.1648421,0.0,25.349617,3.37672,-1.7633755,-6.0790634,-0.07051323,1.2967157,-0.005621039,-0.009595065,1.2014061e-07,0.002879918,305.88953,297.61508,313.4912,3.7258666,96026.35,75880.586,100110.555,5611.3047,1.6412697,-2.6985703,6.6807837,1.9340357,1.4740231,-1.8446165,4.3187137,1.0971266,7,197,1,2.8115947544574738,0.9371982514858246,7.446004748344421,1.063714964049203,45.46684002876282,3.2476314306259155,50.018445927184075,1.6672815309061357,-0.064939976,1.1648421,76.86938,133.03906,186.99219,189.08594,-5.5424805,3.1585027149745395,1.1888944094427751,1.765357170120946,1.7971221818265644,-2.929873159953526,1.4251700914759908,-3.329340466431209,1.4087359117495686,9.467558656420026,1.7344370525818515,7.600405079977853,2.5045471120524136,3.0087045090539113,0.7168234639269543,2.5177430595670427,0.7999412346572002,2.750945499965123,1.1353188949629105,1.945323726960591,1.2581262997198237,-1.9438407676560538,0.944385913104912,-2.3874153941869736,1.201400492171517,7.002954074314663,2.1972694791109464,6.068281837872097,1.9402829935347592,1.86639518397195,0.6531171301769843,1.6745024493762426,0.5124626812902386,1.0121427,0.031957626,0.0011264235,-0.3311578,62.573526870571975,-8.0,998.0,86.1496837391128,14.45807132835369,556.4395744373328,37.602601419573794,211.39999999999964,8715.421875,0,14476.828125,1,22797.140625,1
2010-07-17,1.4064975,0.0,18.060684,3.248975,-1.5773683,-4.888258,-0.05813641,1.2272358,-0.005589235,-0.009946968,4.1909516e-09,0.0029570644,306.15952,297.4421,313.97205,3.8198204,95962.2,75875.24,100019.96,5605.0283,0.8095342,-3.6578808,4.3071666,1.6422384,1.8021337,-1.7212982,4.276057,1.0296547,7,198,1,3.025072604417801,1.0083575348059337,7.949994444847107,1.1357134921210152,45.46798074245453,3.2477129101753235,51.33745413599536,1.7112484711998452,-0.86250734,1.4064975,78.27588,95.97656,158.39844,128.58594,1.1533203,2.726881044251578,1.4284194426980714,1.7449708659467953,1.8069044720159797,-3.228142159325736,1.3066906058551369,-3.415815838745662,1.3874187290905633,8.690855434962682,2.5942222146984557,7.5281799861363,2.588588841516235,2.8366768530436923,0.8866376541685088,2.5079665780067444,0.8104304631049888,2.547361833708627,1.1631119817484687,2.046635212642806,1.1772140946498042,-2.0600428921835765,0.8399390243944685,-2.2739489440407072,1.1824466837132261,6.53160285949707,2.398641900925933,6.146057231085641,1.8348723386516592,1.750278353691101,0.7262405894543634,1.647615568978446,0.5369204564406826,1.1593971,2.5854564,0.008478761,-0.77399826,62.573526870571975,-8.0,998.0,86.1496837391128,14.45807132835369,556.4395744373328,37.602601419573794,211.39999999999964,8685.421875,0,16714.796875,1,27243.65625,1
2010-07-18,0.35328716,0.0,9.3512535,0.87926596,-1.5464286,-5.7431774,-0.05805702,1.2880307,-0.0058755125,-0.010046941,3.0267984e-09,0.00300416,306.63748,298.51773,315.10547,3.787798,95919.48,75798.27,100046.69,5619.793,1.8243809,-2.3761227,5.380713,1.6016469,2.5334108,-1.071825,5.8236012,1.3997053,7,199,1,2.9246267676353455,0.9748755892117819,7.925914019346237,1.1322734313351768,41.09972983598709,2.935694988284792,51.652509968262166,1.7217503322754055,-1.0738528,0.35328716,78.629166,57.046875,112.52344,41.75,-0.5175781,2.2779919930866788,1.051184217820481,1.8497172395831771,1.7622662841074483,-3.141075679234096,1.345280806202319,-3.223070408616747,1.325301767555783,7.837515490395682,2.554304237117929,7.405045236860003,2.6505474356587246,2.5667400871004378,0.9401763869236108,2.3986717888287137,0.8229128737609276,2.3423485585621426,0.983472943239228,2.1588640276874815,1.1401910013045669,-2.011780892099653,0.8916516716246276,-2.1407526582479477,1.206839349561231,6.018190315791538,2.0350543769506846,6.2729407378605435,1.7374019882613134,1.6127050944737025,0.6806720421909596,1.6530511464391435,0.5337639167717767,1.1721379,3.1201801,-0.006367687,-1.0979925,62.573526870571975,-8.0,998.0,86.1496837391128,14.45807132835369,556.4395744373328,37.602601419573794,211.39999999999964,8629.34375,0,17336.484375,1,31431.09375,1
2010-07-19,0.4544801,0.0,10.43272,1.0090762,-1.6463014,-5.1042457,-0.05145581,1.4921216,-0.0061733224,-0.01178061,-1.0780059e-07,0.003376379,306.27185,299.6473,314.132,3.3257687,95636.7,75462.37,99857.96,5659.824,2.8802776,-2.712283,7.6173477,2.1941054,3.5007367,-1.4869944,8.281642,1.9957318,7,200,1,2.214264750480652,0.7380882501602173,7.385394722223282,1.0550563888890403,32.13287091255188,2.295205065182277,52.10304533597082,1.736768177865694,-0.24594504,0.4544801,79.08364,-70.078125,-22.554688,-108.47656,-0.9980469,2.0920455966676985,0.7217767712308282,2.053688435016998,1.6989003123211035,-2.8521817411695207,1.1488543545995062,-3.0782405734062195,1.2557557524240222,7.242666857583182,1.878165666476716,7.52813492502485,2.6147539981966945,2.288981318473816,0.6366879572873331,2.392744106905801,0.8241539644469886,2.24246152809688,0.7772459267416315,2.3333817613976344,1.1456159151095902,-1.8195265020642961,0.8279385373027969,-1.9744066106421607,1.115212540949386,5.827672890254429,1.6722676407140415,6.489937271390643,1.787943668142464,1.5153678485325404,0.5365559334686612,1.677306319986071,0.5415742684244947,1.0239323,5.779655,-0.0018007196,-1.2127882,62.573526870571975,-8.0,998.0,86.1496837391128,14.45807132835369,556.4395744373328,37.602601419573794,211.39999999999964,8740.984375,0,17336.484375,1,31431.09375,1
2010-07-20,1.1576251,0.0,66.32328,4.0451446,-1.703481,-6.066263,-0.050798297,1.6439431,-0.0059181834,-0.01005433,2.0256266e-08,0.0029822025,305.33142,296.73926,311.7252,2.780629,95693.76,75441.53,99854.82,5681.58,2.115239,-3.6431034,8.40426,2.4613862,3.452518,-4.433066,7.711058,1.7179067,7,201,1,1.9653923511505127,0.6551307837168375,6.183484584093094,0.8833549405847277,26.34293520450592,1.88163822889328,53.25046781823039,1.775015593941013,0.5121724,1.1576251,80.24127,25.375,25.71875,-68.89844,4.442383,2.0132416827338084,0.6773008849689325,2.2069008510027612,1.5897728065261774,-2.667947156088693,0.8142903788648511,-3.0733881422451566,1.2532511912861344,7.103432587214878,1.7231338707538653,7.831056867327009,2.4343909367954284,2.1602885893412997,0.44612141828279517,2.4465498072760448,0.8002614496231555,2.31790554523468,0.8740716867793508,2.511887237429619,1.1081445729040558,-1.9453986712864466,1.1424568973556255,-2.0211163014173508,1.2065692038216291,5.806525366646903,1.6429762172368247,6.650401217596872,1.789647910207717,1.4104913302830286,0.3683347473028088,1.6809115409851074,0.5416714801947581,0.6593919,2.8093681,0.0039108545,-0.40164065,62.573526870571975,-8.0,998.0,86.1496837391128,14.45807132835369,556.4395744373328,37.602601419573794,211.39999999999964,9212.734375,0,17336.484375,1,31431.09375,1
2010-07-21,3.2267241,0.0,43.267727,5.646345,-1.8345412,-6.098027,-0.05355058,1.5484258,-0.0052630855,-0.010509545,-8.405186e-08,0.002750248,304.59055,293.74078,310.82388,3.0672235,95829.3,75509.06,99960.48,5690.7866,1.9926946,-2.2927463,8.45229,2.2995372,2.6466272,-2.776158,6.339524,1.6594677,7,202,1,4.838829338550568,1.6129431128501892,8.217189103364944,1.1738841576235635,21.157925724983215,1.5112804089273726,56.43848419189453,1.8812828063964844,1.9332825,3.2267241,83.467995,50.9375,27.65625,-46.070312,5.5268555,1.930693234716143,0.6317392578913453,2.4117342733911107,1.3248062356419361,-2.672879559653146,0.811494663836792,-2.894315915448325,1.1634965750201425,7.065884113311768,1.6845930761996295,8.138108219419207,2.194108681701229,2.115724648748125,0.4074425289074813,2.491067579814366,0.7709137144369079,2.4052639177867343,0.8716533079395733,2.6706667968205045,0.9310262553269311,-2.071519834654672,1.1837334105314408,-1.9383925476244517,1.100334464025262,5.883372238704136,1.655241675717907,6.6390930243900845,1.7911855654691156,1.425051978656224,0.37702869477895856,1.6682485938072205,0.5398171725192374,0.4105476,0.034278393,0.004251253,0.16828287,62.573526870571975,-8.0,998.0,86.1496837391128,14.45807132835369,556.4395744373328,37.602601419573794,211.39999999999964,11818.09375,0,17336.484375,1,31431.09375,1
2010-07-22,8.888128,0.0,162.30771,15.489066,-2.0907204,-7.3058195,-0.05361764,1.5406953,-0.0044498546,-0.009024198,-1.0128133e-07,0.0025979336,302.63,291.55374,308.63187,2.9205422,95921.92,75597.48,99972.76,5662.626,1.4462893,-5.7079926,10.261612,3.2716408,1.023586,-5.4955025,4.895285,1.9734294,7,203,1,13.272477507591248,4.4241591691970825,16.65158438682556,2.378797769546509,25.565853238105774,1.8261323741504125,65.21810448914766,2.173936816304922,5.569499,8.888128,92.356125,72.55469,37.226562,-17.328125,-0.9399414,1.8156693152018957,0.6368819058104289,2.531982583659036,1.1276017769367563,-3.2983855519975935,1.198571847942313,-3.017344670636313,1.3619106413426298,7.300596032823835,2.0183803900824357,8.508339439119611,2.072007043320323,2.2006557839257375,0.5725000115875567,2.6179849675723483,0.7399184588236434,2.3475764989852905,0.9563989771472248,2.6379440086228505,0.9826488010642466,-2.689922945840018,1.6650983502968744,-2.213518051164491,1.4477054686835966,5.949411528451102,1.5958899043787762,6.568429470062256,1.8420339117762856,1.5532889025551933,0.39083489292428075,1.7169320583343506,0.5339634172883319,0.06310177,-0.8786254,0.010914862,0.11989522,62.573526870571975,-8.0,998.0,86.1496837391128,14.45807132835369,556.4395744373328,37.602601419573794,211.39999999999964,14476.828125,1,17336.484375,1,31431.09375,1
2010-07-23,8.392914,0.0,90.775955,13.385475,-2.292351,-5.3188534,-0.057223715,1.1574336,-0.0033992273,-0.008102841,3.934838e-08,0.0022616235,302.28012,292.12494,307.78647,2.4824002,95967.484,75660.72,100026.69,5644.437,1.3582563,-2.0331917,8.134736,2.396291,0.33071607,-2.2291133,3.8892543,1.1696875,7,204,1,20.507766246795654,6.835922082265218,23.879656076431274,3.411379439490182,31.325660824775696,2.2375472017696927,73.36703702062368,2.445567900687456,5.0911875,8.392914,100.74904,89.64844,41.171875,35.515625,-2.4926758,1.7752388375146049,0.6584173455401429,2.4668707762445723,1.1694464912833342,-3.203331470489502,1.2778326074443818,-3.066602315221514,1.3081261948156957,7.508303506033761,2.0187777635882287,8.487931081226893,2.074345047587584,2.2666922637394498,0.5632049236984185,2.6376983863966807,0.7292383587201117,2.1842469232422963,1.1976427270677017,2.4675962116037096,1.1590379976102467,-2.744851061276027,1.6386985675462429,-2.3443459144660403,1.350465666285083,5.888060195105417,1.6753065278038515,6.44550713471004,1.9642640043117403,1.5636547463280814,0.37745315635377924,1.7150249651500158,0.5360093591231612,-0.5289755,0.76021004,0.013289519,-0.1392821,62.573526870571975,-8.0,998.0,86.1496837391128,14.45807132835369,556.4395744373328,37.602601419573794,211.39999999999964,16714.796875,1,22797.140625,1,31431.09375,1
2010-07-24,8.152161,0.0,162.91284,19.906355,-2.6840732,-6.5616865,-0.06229104,1.4123374,-0.004001351,-0.008625762,7.3807314e-08,0.0025879387,302.8367,293.61307,310.09152,2.9179168,95789.59,75527.93,100000.02,5647.7993,3.0380244,-0.5430279,10.118186,3.0465732,1.590148,-0.98485184,4.7229524,1.0792601,7,205,1,25.433202743530273,8.477734247843424,30.625319242477417,4.375045606068203,38.575313687324524,2.755379549094609,80.70946534723043,2.690315511574348,4.3644104,8.152161,108.9012,-103.390625,-140.89844,-18.304688,11.23877,2.093594585146223,0.6523891617399626,2.4102378146989003,1.116300325708631,-2.758352484021868,1.5959163028786416,-2.993247321673802,1.422316455589282,8.338449137551445,1.642812554746543,8.514652286257062,2.094086869666016,2.467311518532889,0.553734846225566,2.6519941857882907,0.7355792737944347,2.1539632507732938,1.2115150251561249,2.3506625422409604,1.1590864236474503,-2.639644435473851,1.7361094329147286,-2.3498436638287137,1.3443106322568028,5.951902423586164,1.6109160003748162,6.241752641541617,1.985861255877329,1.5707412276949202,0.36605007430969916,1.6605097906930106,0.5603107539349734,-1.106705,-1.6734285,-0.00415463,0.18510163,62.573526870571975,-8.0,998.0,86.1496837391128,14.45807132835369,556.4395744373328,37.602601419573794,211.39999999999964,17336.484375,1,27243.65625,1,31431.09375,1
2010-07-25,10.277549,0.0,227.99348,29.300304,-2.6650474,-7.1658583,-0.05541137,1.6293966,-0.004154141,-0.008831022,4.6100467e-08,0.0027045235,303.12985,294.4458,311.41708,3.2092218,95659.875,75524.18,99855.086,5617.2026,2.769816,-1.5720043,11.05381,3.6293504,1.2364869,-2.580457,4.8320184,1.2033467,7,206,1,26.822623252868652,8.940874417622885,40.54958087205887,5.792797267436981,48.475494891405106,3.462535349386079,90.42510547488928,3.014170182496309,5.033813,10.277549,119.17874,-297.45312,-269.71875,-189.6875,2.4389648,2.228656734739031,0.6844433863320104,2.253324363912855,0.8525628756573064,-2.6434784276144847,1.6558302603018413,-2.8922770534242903,1.472202337098915,9.148891585213798,1.3051348547267796,8.49320353780474,2.0640896329281384,2.75698345048087,0.555776344157195,2.661861768790654,0.7485158535963995,1.9686884113720484,1.2425851395177323,2.1555184849670956,1.0939026051357863,-2.8551632847104753,1.5971204618202932,-2.4334720884050642,1.3174727365165442,5.810247727802822,1.6667092768340286,5.91421902179718,1.7903058871306983,1.5426900046212333,0.38819524068790995,1.5776975495474679,0.5335813137011509,-1.1186188,-1.4226809,0.0026456527,0.3413658,62.573526870571975,-8.0,998.0,86.1496837391128,14.45807132835369,556.4395744373328,37.602601419573794,211.39999999999964,17121.28125,1,31431.09375,1,31431.09375,1
2010-07-26,13.569429,0.0,136.13939,19.19535,-2.3148756,-6.0229344,-0.04031113,1.4058839,-0.0036339276,-0.008221608,6.216578e-08,0.0024644374,303.17438,294.76755,311.59216,3.2201335,95674.13,75622.62,99747.21,5577.546,1.4754032,-3.76054,11.276649,3.6959946,0.4244719,-3.1936924,4.9617844,1.1327354,7,207,1,31.999138832092285,10.666379610697428,53.66453015804291,7.666361451148987,61.04992488026619,4.360708920019014,103.83914766460657,3.4613049221535523,6.0844784,13.569429,132.74817,-337.9375,-224.29688,-306.40625,-29.604492,2.027960385595049,0.6672836016142221,2.0600029911313738,0.6686236652662906,-2.793229443686349,1.7096177963997745,-2.8227055924279347,1.399673583758269,9.671648979187012,1.3221864405870611,8.457157918385096,2.0058364654787,2.9715390545981273,0.5910436491252393,2.6302601865359714,0.6882990529479177,1.529222011566162,1.1510592618975783,1.885841769831521,1.0135534997079676,-3.0989772932870046,1.4793783367039735,-2.4592518976756503,1.3293646560270813,5.335982356752668,1.2718179911567964,5.581827623503549,1.4499379010954532,1.4194047961916243,0.3560417756608535,1.4673863223620824,0.4402952916892174,-0.6685742,-0.9186888,0.011144679,-0.08623767,62.573526870571975,-8.0,998.0,86.1496837391128,14.45807132835369,556.4395744373328,37.602601419573794,211.39999999999964,16981.390625,1,31431.09375,1,31431.09375,1
2010-07-27,20.811396,0.0,156.20898,29.221212,-2.8321586,-6.9205146,-0.047011063,1.4650698,-0.0038310932,-0.009618599,4.1909516e-08,0.0022015953,302.9003,294.55496,310.1008,2.6567295,95770.336,75646.01,99827.875,5593.7065,0.27539653,-5.7649455,9.952828,3.6284957,0.8404843,-3.8721669,5.9692636,1.9658366,7,208,1,44.65837383270264,14.886124610900879,73.31830072402954,10.474042960575648,79.50178530812263,5.678698950580189,124.47273810952902,4.149091270317634,11.585366,20.811396,153.55957,-190.34375,-80.78906,-227.39062,-39.640137,1.7651257600103105,0.9355829456871868,1.8891837213720595,0.7951669834851685,-3.0963497502463206,2.0413392377945656,-2.8821484531675066,1.509537855122268,9.892873082842145,1.1985593722725445,8.498152835028511,2.031820582018218,3.1382689816611156,0.5877555592787387,2.6492787855012074,0.7133046210339693,1.156074345111847,0.7905949741982932,1.7369899451732635,1.002256356069704,-3.018848861966814,1.4085718155590765,-2.4821237666266307,1.3521699802957161,5.087154558726719,0.8197336156103519,5.446839962686811,1.3020467486382306,1.4548233577183314,0.4002702263158776,1.43265734400068,0.3702596896536441,-1.1286776,-0.8542514,0.0037872344,-0.1788733,62.573526870571975,-8.0,998.0,86.1496837391128,14.45807132835369,556.4395744373328,37.602601419573794,211.39999999999964,17005.40625,1,31431.09375,1,31431.09375,1
2010-07-28,16.148111,0.0,137.53749,18.706282,-2.670271,-4.9088407,-0.0470085,1.2328403,-0.002679585,-0.008888736,-1.4202669e-08,0.0017796122,301.18826,291.69034,307.4319,2.0824482,95911.57,75596.44,100058.68,5653.6436,-0.058306795,-4.4659424,6.753947,1.772759,2.1262374,-7.009895,7.601311,2.5900486,7,209,1,50.5289363861084,16.842978795369465,86.2396879196167,12.3199554170881,94.45687702298164,6.746919787355831,140.57127283886075,4.685709094628692,9.990704,16.148111,169.70769,-72.65625,-44.84375,-99.35156,-18.990234,1.4721255584486894,1.1492075211248425,1.7014093965824162,0.9221475602525593,-3.406806332724435,2.0638845961780636,-3.0398429461887906,1.554005471564171,9.65025268282209,1.6322169129804096,8.35806839806693,2.0826809361077836,3.063014950071062,0.7296396353859933,2.5893697994095937,0.7509510213345448,1.0817329457827978,0.6365302474516894,1.7434984317847662,1.004634311174795,-3.6236683981759206,2.049932922105692,-2.8475941164152965,1.7985630312384802,5.2674099036625455,1.1942145418465095,5.575391071183341,1.4229918064419353,1.587763479777745,0.5894125503627036,1.5064077292169844,0.4827811545427352,-0.8357297,1.1891866,0.006542079,-0.3155855,62.573526870571975,-8.0,998.0,86.1496837391128,14.45807132835369,556.4395744373328,37.602601419573794,211.39999999999964,16922.078125,1,31431.09375,1,31431.09375,1
2010-07-29,4.6995096,0.0,86.54357,8.631665,-3.0160353,-4.87434,-0.04558731,1.1879264,-0.0033074901,-0.008336779,7.7998266e-08,0.0018212589,302.0432,291.99075,307.14032,2.4027538,96015.95,75685.87,100101.03,5660.126,0.8111376,-3.1427944,7.523628,1.7126061,2.0039434,-3.0453346,5.6386256,1.7077713,7,210,1,41.659016609191895,13.886338869730631,82.05106925964355,11.721581322806221,98.70265364646912,7.050189546176365,145.22608864307404,4.840869621435801,2.422671,4.6995096,174.4072,-40.328125,-18.554688,-88.015625,-13.883789,1.381389603550945,1.1763413628776982,1.5985294593764203,0.9362971841504496,-3.040349449430193,1.7977730445985116,-3.1693675007138933,1.4739902299328564,9.25911215373448,1.782443421955423,8.279854093279157,2.0926801474660746,2.840295706476484,0.8781701008158751,2.520475745201111,0.7857197211293632,1.2217840041433061,0.7235117577204317,1.7846802515642983,1.0024945884118985,-3.273644413266863,1.8791150217207482,-2.9817836795534407,1.7323685945610796,5.3736014025551935,1.1886461523210043,5.661506465503147,1.3844998021431918,1.5498123168945312,0.5686276659681239,1.5515506097248621,0.4687609132642575,-0.9253149,2.4314795,0.008030333,-0.3527689,62.573526870571975,-8.0,998.0,86.1496837391128,14.45807132835369,556.4395744373328,37.602601419573794,211.39999999999964,22797.140625,1,31431.09375,1,31431.09375,1
2010-07-30,1.9659055,0.0,29.472828,2.8259134,-3.2479954,-5.0197825,-0.04365924,1.2998718,-0.0038022604,-0.008045182,1.44355e-08,0.0018196861,302.98203,293.3414,308.3874,2.6024845,96092.484,75792.695,100091.03,5644.2417,0.63019526,-2.411815,5.661712,1.2442639,1.3238391,-1.6036135,4.08824,1.0952065,7,211,1,22.813526511192322,7.604508837064107,75.62406098842621,10.803437284060887,99.50371706485748,7.107408361775534,146.89094710350037,4.896364903450012,0.13122058,1.9659055,176.3731,49.5,77.63281,-48.453125,-20.230957,1.2773808778396674,1.2104205261507845,1.5263098576771361,0.9710940073424131,-3.0944384847368513,1.7678676905146478,-3.1488849776131764,1.4830004914956814,8.905823026384626,2.231068499998827,8.207063266209193,2.1689149129822263,2.6757204021726335,1.0636163581525249,2.4712063329560414,0.8447321525217377,1.3636587177004134,0.6077732197779033,1.7739528204713548,1.006868559179128,-3.184287292616708,1.9505770439811911,-2.9645691769463673,1.7456840736218153,5.402027947562082,1.1489479901535278,5.645044071333749,1.4029418647657874,1.5391721725463867,0.5775528297232463,1.551413459437234,0.4689043551516964,-0.95564437,0.29907084,0.013564475,0.14243817,62.573526870571975,-8.0,998.0,86.1496837391128,14.45807132835369,556.4395744373328,37.602601419573794,211.39999999999964,27243.65625,1,31431.09375,1,31431.09375,1
2010-07-31,4.920741,0.0,46.687603,7.126607,-3.3418868,-5.534089,-0.05472311,1.3374416,-0.00407214,-0.008843606,9.80217e-08,0.0021225149,303.21152,294.3635,307.9202,2.5698357,96118.93,75820.98,100162.4,5643.3457,1.2815115,-1.1277517,7.2477365,1.6595421,1.1262155,-2.1987946,3.26552,0.86897916,7,212,1,11.586156249046326,3.862052083015442,72.39264142513275,10.341805917876107,103.01796066761017,7.358425761972155,151.3045220375061,5.04348406791687,2.027303,4.920741,181.29384,114.72656,117.27344,34.664062,-14.511719,1.0264504663646221,0.935422895576569,1.5600225257554226,0.9523070637393927,-3.177970460483006,1.6361262523976665,-2.968161472252437,1.5679340919984894,8.495758805956159,2.2348884522849617,8.417103971753802,1.8861431764387506,2.477573105267116,1.111150206647983,2.4724423119000027,0.8434376052121424,1.2973826442446028,0.6042438820461848,1.7256729475089483,1.021512156831144,-3.357707687786647,1.767845294451538,-2.998676061630249,1.7240553625134214,5.193823337554932,1.3976508232244216,5.572862880570548,1.5013394726021805,1.5091320361409868,0.6100172583728558,1.5399366319179535,0.4843685181746338,-0.65781355,1.0275974,0.007567931,-0.07489586,62.573526870571975,-8.0,998.0,86.1496837391128,14.45807132835369,556.4395744373328,37.602601419573794,211.39999999999964,31431.09375,1,31431.09375,1,31431.09375,1
2010-08-01,12.596433,0.0,320.56476,26.638668,-2.8794124,-5.3049316,-0.05730916,1.2599342,-0.0033076492,-0.009331841,-2.7939677e-09,0.002153318,302.34286,293.1922,307.10104,2.397518,96153.93,75852.6,100235.48,5634.516,1.5978556,-1.7573057,8.293801,2.4425054,0.55160123,-3.2302945,4.0676384,1.1789297,8,213,1,19.483079314231873,6.4943597714106245,74.71152532100677,10.673075045858111,115.26110619306564,8.232936156647545,162.48773086071014,5.416257695357005,7.537341,12.596433,193.89027,133.13281,119.92969,83.50781,-13.609863,0.8590275586715767,0.624641714667969,1.5438421467053038,0.9493898609331655,-3.204442092350551,1.6070527084239188,-2.923960259982518,1.5944069157175387,8.101471832820348,1.9312035604934572,8.625181709017072,1.6741784108693833,2.3080238103866577,0.9900621783427006,2.5325036304337636,0.805755232197334,1.1995418327195304,0.6678492680617614,1.5841151220457894,1.038149072254255,-3.450541615486145,1.7370209362508293,-3.1528524500983104,1.6325741063138217,5.084626197814941,1.4591372178945203,5.447436962808881,1.5512984765007112,1.5056438871792384,0.6121233672742565,1.5241669459002358,0.4928056897302697,-0.214365,1.8609266,-0.0018977895,-0.36946237,62.573526870571975,-8.0,998.0,86.1496837391128,14.45807132835369,556.4395744373328,37.602601419573794,211.39999999999964,30626.046875,1,30626.046875,1,30626.046875,1
2010-08-02,14.859699,0.0,143.53705,18.13593,-2.491271,-7.9028144,-0.054462112,1.530115,-0.0024585694,-0.008751092,3.8859434e-07,0.0019872996,301.46457,292.9085,306.8626,2.097373,96020.04,75746.54,100106.664,5614.4854,1.8926393,-2.2872543,8.98598,2.6860034,-0.25059116,-3.713372,2.8574288,1.1632454,8,214,1,32.37687301635742,10.792291005452475,76.00179517269135,10.857399310384478,129.66632533073425,9.261880380766732,175.94207334518433,5.864735778172811,9.580633,14.859699,208.74997,60.679688,51.210938,37.773438,-20.715332,0.9186327143439225,0.7076520424169889,1.473296549969486,0.8763280250100035,-2.9939727102007185,1.6185187370326677,-2.8936010769435336,1.6027720692608176,7.774233341217041,1.4334276889901798,8.722941160202026,1.6505943661570148,2.163739357675825,0.8115846975954576,2.567639206136976,0.800572157199103,1.1031042507716589,0.8279680684457205,1.3161631311689104,0.9883291452602682,-3.524781550679888,1.735318305714379,-3.311879421983446,1.564852456578753,4.784003973007202,1.6875618828314343,5.059993164879935,1.463890946508976,1.5100024683134896,0.609126841734175,1.4647036322525568,0.4816266760197122,-0.17639542,-1.87988,-0.014150981,0.1242311,62.573526870571975,-8.0,998.0,86.1496837391128,14.45807132835369,556.4395744373328,37.602601419573794,211.39999999999964,30375.109375,1,30375.109375,1,30375.109375,1
2010-08-03,15.635403,0.0,141.96349,20.278435,-2.3896961,-8.451831,-0.05350682,1.575401,-0.0022650848,-0.009476623,1.9764993e-06,0.0018917654,301.0497,290.3171,307.10504,2.1878848,95863.37,75608.195,99968.27,5621.7754,2.255952,-4.2456822,10.351485,3.3402998,-0.42328516,-4.5899816,4.649113,1.7144233,8,215,1,43.09153461456299,14.363844871520996,70.8258022069931,10.117971743856158,144.14410293102264,10.296007352215904,186.85593795776367,6.228531265258789,10.274881,15.635403,224.38538,-11.1015625,-13.7109375,-36.179688,-18.479004,1.201569193708045,0.797801863430611,1.483347476859178,0.8850208855120433,-2.77693510055542,1.2434070565516575,-2.93664242540087,1.6322672284700046,7.831184319087437,1.5384806732567724,8.86202870096479,1.702888181435707,2.12256852218083,0.7278892454220002,2.6304187519209727,0.8256671935352122,0.9225657539708274,1.012087207009098,1.039320049541337,0.8808652863211328,-3.6273265055247714,1.779903740292962,-3.323087683745793,1.5740356988245223,4.595411062240601,1.6047624383612007,4.84128281048366,1.2505289630637628,1.474086276122502,0.5846917030889012,1.4644548169204168,0.4814866848949634,0.44246244,-1.5313163,-0.006495759,0.11033118,62.573526870571975,-8.0,998.0,86.1496837391128,14.45807132835369,556.4395744373328,37.602601419573794,211.39999999999964,29849.203125,1,29849.203125,1,29849.203125,1
2010-08-04,12.520871,0.0,200.16336,23.716938,-2.4117594,-7.2485695,-0.046778474,1.3600806,-0.002414997,-0.009730082,4.679896e-08,0.0018648843,300.6219,289.50546,306.6224,2.3713844,95876.47,75553.15,99981.23,5644.614,2.0024364,-3.6322289,9.412449,3.1800745,0.05270193,-4.5240383,5.0254,1.9484283,8,216,1,43.01597309112549,14.33865769704183,67.19856202602386,9.599794575146266,153.43824994564056,10.959874996117183,189.95547008514404,6.331849002838135,8.181244,12.520871,236.90625,8.3203125,-20.632812,-34.585938,-11.931152,1.4959610785756792,0.6145949319033835,1.4840433185121842,0.8854558844788276,-2.6578331674848283,1.0844239297927853,-3.0323197501046315,1.630878293882954,8.210970333644322,1.556268597322779,8.930611508233207,1.7044510027590944,2.3236135925565446,0.8053937695861256,2.6933142713138034,0.8320363812273267,0.626346402402435,0.898103503162781,0.8540396740926164,0.7842871880546582,-3.2722041436604092,1.117130564084718,-3.447936270918165,1.5964763849894699,4.227423770087106,0.970663631892078,4.747416836874826,1.1765502572715898,1.3824262363570077,0.40249304667520086,1.4850948580673762,0.4964503759581156,0.25851154,-2.3397288,0.0002300255,0.1272403,62.573526870571975,-8.0,998.0,86.1496837391128,14.45807132835369,556.4395744373328,37.602601419573794,211.39999999999964,28044.734375,1,28044.734375,1,28044.734375,1
2010-08-05,4.0029655,0.0,41.598797,5.603511,-2.749172,-6.2777863,-0.039295763,1.3309286,-0.002832719,-0.007882132,-7.194467e-08,0.0016965562,301.6051,291.6012,307.35526,2.2586746,96222.05,75822.06,100322.81,5673.0493,1.7729032,-2.6526585,7.1898303,2.5691123,0.97998905,-3.498521,4.8828263,1.7148232,8,217,1,32.159239292144775,10.719746430714926,66.50201785564423,9.500288265092033,148.55308711528778,10.610934793949127,187.01087474822998,6.233695824940999,2.3362374,4.0029655,240.90921,204.75781,150.875,156.5,-1.8911133,1.6333561624799455,0.5388155969578048,1.5073728830154454,0.8886815000591748,-2.587813752038138,1.063513981749629,-2.814081600734166,1.4383500003749246,8.16328491483416,1.585675575737542,8.71119853428432,1.717595819409328,2.4459716251918246,0.7609307626852942,2.643133665834154,0.8154946725850711,0.48006720361965044,0.6972619907878876,0.8509256038814783,0.7836484998326745,-3.3369450739451816,1.114921075448139,-3.3052947436060225,1.4847625560948758,4.119452442441668,0.8174742107583451,4.746526922498431,1.176434515933428,1.383433657033103,0.4034507760587637,1.466622986963817,0.48146780480599494,0.26686335,-1.4034462,0.006291546,0.14300215,62.573526870571975,-8.0,998.0,86.1496837391128,14.45807132835369,556.4395744373328,37.602601419573794,211.39999999999964,24888.484375,1,26971.9375,1,26971.9375,1
2010-08-06,3.9887376,0.0,28.592587,5.215081,-2.652808,-4.4142685,-0.051312603,1.0387646,-0.0029774867,-0.008444017,9.848736e-08,0.0015873514,302.35846,293.54788,310.1877,2.2884603,96407.48,76040.84,100455.555,5675.351,1.3649684,-2.7638283,6.291429,2.3064027,0.7377902,-2.6622193,2.8831909,1.076986,8,218,1,20.512574195861816,6.8375247319539385,68.5248498916626,9.789264270237513,144.1489108800888,10.2963507771492,182.58787870407104,6.086262623469035,2.4359074,3.9887376,244.89795,313.71094,263.65625,221.64062,0.77001953,1.738323756626674,0.3489284308290762,1.5078523172331708,0.888596671554625,-2.638101373400007,1.0621264480110213,-2.8662699290684293,1.4209873337150525,8.253244468144008,1.4303572599452026,8.579533747264318,1.8320236177507017,2.597705738885062,0.5609974847379395,2.636713070528848,0.8179378205716351,0.3963459405515875,0.6086119659366942,0.8800023291260004,0.77030013638477,-3.4881744725363597,0.8896645659222499,-3.3362308825765337,1.4649951175975988,3.9473025458199635,0.9424705009144512,4.674665246691022,1.2605488351596041,1.3808307221957616,0.4056729069687963,1.460001447371074,0.4864770311255947,0.5951874,0.60551405,-0.007653363,-0.2611072,62.573526870571975,-8.0,998.0,86.1496837391128,14.45807132835369,556.4395744373328,37.602601419573794,211.39999999999964,22818.828125,1,26971.9375,1,26971.9375,1
2010-08-07,9.992183,0.0,154.22058,10.874729,-2.5888352,-4.4910717,-0.038887613,1.1093118,-0.002860786,-0.008897008,1.03143975e-07,0.0016675888,302.14603,292.49966,309.7582,2.576932,96272.88,75976.51,100315.54,5642.362,1.0690767,-3.1286983,6.7552533,2.4687195,-0.15423793,-3.4674835,2.8763885,1.1997017,8,219,1,17.983885765075684,5.9946285883585615,73.59629154205322,10.513755934579033,145.98893296718597,10.42778092622757,188.09986066818237,6.2699953556060795,3.382514,9.992183,254.89014,262.91406,219.69531,177.71094,-9.600098,1.707975915500096,0.40068142837247883,1.367213190932359,0.7765326723542049,-2.923950893538339,0.8322895322572124,-3.0509606770106723,1.2540252318374983,8.18288973399571,1.4985445135554183,8.339324269975934,1.8352274438009941,2.7133025101252963,0.3939664078673208,2.5954378076962064,0.8102077182223663,0.21342402856264794,0.5413965353638459,0.7554033364036253,0.7874841755066707,-3.6694157464163646,0.6900491663726221,-3.513561717101506,1.2993707270209807,3.891712324959891,0.9991580989110495,4.542767831257412,1.3486373234776772,1.4280767951692854,0.351808047498629,1.468604415655136,0.48025110251718495,0.7530515,1.0430174,0.015835498,-0.22812974,62.573526870571975,-8.0,998.0,86.1496837391128,14.45807132835369,556.4395744373328,37.602601419573794,211.39999999999964,22805.5625,1,26971.9375,1,26971.9375,1
2010-08-08,17.699474,0.0,184.35524,23.236992,-2.889728,-5.137033,-0.03950973,1.3020086,-0.0029466045,-0.008185914,5.3318217e-08,0.0017681136,301.7138,291.60135,308.74927,2.7004538,96138.39,75851.65,100148.15,5637.0273,0.8811971,-2.579691,7.629741,2.4587321,0.036076028,-3.9558322,3.840758,1.69117,8,220,1,31.680394649505615,10.560131549835205,78.69933319091797,11.242761884416852,153.41085851192474,10.957918465137482,203.16622877120972,6.772207625706991,1.8626642,17.699474,272.5896,170.09375,119.85156,126.16406,-2.3007812,1.6055961336408342,0.5101207424614626,1.2323118461562055,0.6710026304841993,-3.0414344923836842,0.6852095093353548,-3.1229382923671176,1.1898863244923803,8.088024003165108,1.5113178211374443,8.094747917992729,1.6660040965350205,2.715620619910104,0.3921510232918751,2.511822215148381,0.7537346150637706,0.13977757096290588,0.5224594304870656,0.6696597018412181,0.7963749612062405,-3.773064000265939,0.6672097744818007,-3.611802807876042,1.2751632205396208,3.8593008518218994,0.9961755422803265,4.47196352481842,1.3582698412788696,1.5012539795466833,0.34454628431329115,1.5034489333629608,0.4772122896650113,-0.010315657,0.16789865,0.01779943,0.042074442,62.573526870571975,-8.0,998.0,86.1496837391128,14.45807132835369,556.4395744373328,37.602601419573794,211.39999999999964,24850.625,1,26971.9375,1,26971.9375,1
2010-08-09,7.9811087,0.0,66.19119,9.277427,-3.060033,-5.5755267,-0.027288217,1.1185184,-0.0031474745,-0.008124974,2.7939677e-09,0.0016509583,301.8505,291.58347,308.15323,2.4524567,96177.71,75844.19,100248.4,5661.382,1.0639619,-1.835811,6.1535687,1.8808525,1.0609094,-1.876784,5.0263734,1.6452054,8,221,1,35.67276573181152,11.890921910603842,71.8207426071167,10.260106086730957,147.82253777980804,10.558752698557717,210.2448296546936,7.008160988489787,0.33139467,7.9811087,280.5707,148.42969,83.796875,143.71875,12.455566,1.4872136456625802,0.52823795966423,1.2029231800032514,0.6685423578497021,-2.9769425903047835,0.7823786636187192,-2.985457650252751,1.2213274852172635,7.683393818991525,1.6069745046405397,7.7288135801042825,1.4636985123195325,2.6005990505218506,0.5043222387269196,2.3821692040988376,0.6875836296207174,0.3271347922938211,0.5899378673466562,0.7151195215327399,0.7994612108687313,-3.510694282395499,0.981619668851198,-3.5177379165376936,1.354483590424629,4.1691500799996515,0.969575433523241,4.476577026503427,1.3601699091311887,1.5701053994042533,0.31239970610183976,1.5400539338588715,0.4661146922495287,-0.56876206,2.3272877,0.027173895,-0.41159666,62.573526870571975,-8.0,998.0,86.1496837391128,14.45807132835369,556.4395744373328,37.602601419573794,211.39999999999964,26497.125,1,26971.9375,1,26971.9375,1
2010-08-10,4.679064,0.0,33.482075,5.576343,-3.1867423,-4.850719,-0.04634588,1.0803684,-0.0034255479,-0.008834048,6.123446e-08,0.0017171316,302.78345,294.70364,309.39822,2.2576537,96287.62,75923.68,100376.65,5677.283,1.4953558,-1.1439756,6.810614,1.5820895,1.8218601,-0.6375739,4.3798823,1.1295042,8,222,1,30.359646797180176,10.119882265726725,60.86440372467041,8.694914817810059,131.6902059316635,9.406443280833107,214.54652586579323,7.151550862193107,-5.9311686,4.679064,285.2498,208.66406,130.98438,164.94531,23.845703,1.3785570689610072,0.40838627769585684,1.290063131334526,0.615769654021241,-2.533841644014631,0.8214212005917688,-2.6553883722850253,1.0202410681391312,7.177555084228516,1.1065053921741688,7.504369701657977,1.3313662995841142,2.3494261503219604,0.5122881828177557,2.235997336251395,0.616048009941953,0.6478698253631592,0.7117041713536133,0.7852177896669933,0.8525600605443282,-2.9460646169526234,1.3316516159322824,-3.2866955612386977,1.5509930384314496,4.130688531058175,0.9525533756185369,4.3630497966493875,1.2905457137411616,1.4865455286843436,0.3439930841714596,1.4803159024034227,0.460911896563854,-0.7970462,3.601112,0.007160943,-0.49503255,62.573526870571975,-8.0,998.0,86.1496837391128,14.45807132835369,556.4395744373328,37.602601419573794,211.39999999999964,26971.9375,1,26971.9375,1,26971.9375,1
2010-08-11,1.9591384,0.0,57.213783,4.71261,-3.610688,-5.4084005,-0.05191029,1.2765785,-0.0040303785,-0.008954344,-1.3038516e-08,0.002030942,303.33313,295.18723,309.68478,2.3014817,96316.4,75949.42,100433.47,5686.9497,2.2588863,-1.0378126,6.635405,1.8247154,2.1272924,-0.7479121,4.822563,1.149483,8,223,1,14.619310855865479,4.873103618621826,50.30267095565796,7.18609585080828,117.50123298168182,8.392945212977272,215.5106648504734,7.183688828349114,-3.2102456,1.9591384,287.20892,234.02344,172.0,198.09375,22.481934,1.4151927743639265,0.47906768626241514,1.4555769264698029,0.5310533064964965,-2.1632107496261597,0.8285000890221594,-2.4105219585554942,0.9619933479288226,6.780834538596017,0.507213155548681,7.495902436120169,1.3368715537524327,2.1558034249714444,0.38677115727252764,2.2397085087639943,0.6131926034680961,0.9442398915333408,0.842492014681433,0.7852931469678879,0.8526877474146081,-2.4066180161067416,1.3505943857334382,-2.8394110798835754,1.2726366650706586,4.101711818150112,0.9234402766307884,4.164567794118609,0.9125151723375421,1.3724104847226823,0.2941301570633506,1.3774183605398451,0.3387113946186671,-1.1989286,1.840169,-0.0051318146,-0.083502054,62.573526870571975,-8.0,998.0,86.1496837391128,14.45807132835369,556.4395744373328,37.602601419573794,211.39999999999964,26884.203125,1,26945.546875,1,26945.546875,1
2010-08-12,1.2819694,0.0,39.600372,3.4597394,-3.511874,-5.4734535,-0.05387166,1.3179095,-0.0040856954,-0.009545957,-3.3760443e-08,0.002122168,303.14,294.83542,309.06595,2.2265656,96292.44,75911.12,100400.81,5692.556,1.9837592,-1.6663774,5.653284,1.8298289,2.1734934,-2.0111191,5.0334363,1.2805816,8,224,1,7.920171618461609,2.6400572061538696,47.58167493343353,6.797382133347647,114.08369278907776,8.14883519921984,214.4330990612507,7.1477699687083565,-2.7224817,1.2819694,288.49088,269.67188,230.72656,260.84375,13.141113,1.4453150544847762,0.5108807125457365,1.5393356084823608,0.5137858131925853,-2.0223134585789273,0.8151476703939813,-2.3050636053085327,0.9564531159932956,6.561327934265137,0.620537614068598,7.362306424549648,1.4244711666052081,2.050191504614694,0.3547087104714786,2.2480815649032593,0.6062019232493121,1.1147405106042112,0.9630723138823463,0.7974038571119308,0.872306011781892,-2.194132021495274,1.2644330832808701,-2.765538547720228,1.2896665047277227,4.123227528163365,0.9461484921945452,4.121339985302517,0.8494711570543767,1.3103759629385812,0.2527592295339048,1.346904809985842,0.3256519536884544,-0.762702,0.80433273,-0.014575899,-0.013019085,62.573526870571975,-8.0,998.0,86.1496837391128,14.45807132835369,556.4395744373328,37.602601419573794,211.39999999999964,26945.546875,1,26945.546875,1,26945.546875,1
2010-08-13,2.4768672,0.0,42.9039,5.345811,-3.086926,-5.394869,-0.056467723,1.2439296,-0.0037942054,-0.009897569,6.2864274e-09,0.0020908625,302.61978,294.4126,307.97836,2.136684,96297.414,75892.01,100367.52,5682.191,1.7118022,-2.091732,5.88715,1.6957663,1.6642653,-2.5942185,4.5625606,1.1422604,8,225,1,5.71797502040863,1.9059916734695435,46.069804549217224,6.581400649888175,114.59465444087982,8.185332460062844,215.71694663167,7.190564887722333,-0.98926234,2.4768672,290.96774,186.33594,140.33594,226.67188,12.634277,1.494862743786403,0.5185508076288063,1.6165932502065385,0.44300827968527484,-1.926299708230155,0.7502486894439906,-2.2822005408150807,0.9575300663022631,6.5035737582615445,0.6669237212116055,7.3784091132027765,1.404908193593158,1.962957739830017,0.35628044763024963,2.2803317393575395,0.5588512386026823,1.2470940888992377,0.9662913081395562,0.8217200147254127,0.8926179277967362,-2.184417622429984,1.2604925652865004,-2.8362960474831715,1.2474991603727235,4.363137483596802,0.7771322181781884,4.155220014708383,0.8574706190038377,1.3197008882250105,0.2437576067301557,1.350265805210386,0.32308711230975057,-0.43411803,-0.98060036,-0.00515512,0.20516503,62.573526870571975,-8.0,998.0,86.1496837391128,14.45807132835369,556.4395744373328,37.602601419573794,211.39999999999964,26712.515625,1,26712.515625,1,26712.515625,1
2010-08-14,3.2487748,0.0,32.143116,5.6077337,-2.9657507,-5.1832004,-0.05836296,1.2480567,-0.0036830932,-0.009306181,-1.8859282e-08,0.0020152382,302.38776,293.59653,307.26138,2.108671,96243.055,75856.35,100308.56,5674.547,1.6076089,-1.7865938,5.331123,1.7329369,1.607994,-2.9560547,4.463094,1.1080357,8,226,1,7.007611393928528,2.3358704646428428,39.3263965845108,5.618056654930115,112.92268812656403,8.065906294754573,218.51198840141296,7.283732946713766,-0.76215005,3.2487748,294.21652,29.882812,10.1015625,27.921875,4.4179688,1.5717959233692713,0.4836246046337327,1.6398859194346838,0.43248278377446825,-1.7345704862049647,0.5312992196719364,-2.329260689871652,0.9115117828975277,6.300126552581787,0.7842498129730953,7.2415081432887485,1.5082055246611437,1.8578459365027291,0.28325188174683236,2.2855742233140126,0.5528922399517505,1.4988415012402194,0.7444453569615472,0.8561327649014336,0.9142839932789963,-2.111356360571725,1.1863704500383099,-2.8903860534940446,1.2340763551610583,4.589809724262783,0.42101340720457014,4.240761024611337,0.8208393968367258,1.3066057477678572,0.25354440498929043,1.3673412714685713,0.30127488844087935,-0.37691545,-0.69212866,-0.019475348,0.13874483,62.573526870571975,-8.0,998.0,86.1496837391128,14.45807132835369,556.4395744373328,37.602601419573794,211.39999999999964,25712.140625,1,25712.140625,1,25712.140625,1
2010-08-15,5.901315,0.0,41.074276,7.116225,-2.7711797,-4.880346,-0.054292154,1.1454607,-0.0034589444,-0.008160899,3.3993274e-08,0.0018907625,302.00354,293.15625,306.2089,1.982585,96354.05,75959.63,100373.625,5674.527,1.0672848,-1.8785782,4.756269,1.6972001,1.197059,-1.382958,4.2275968,1.0693969,8,227,1,11.626957178115845,3.8756523927052817,27.528237462043762,3.9326053517205373,106.22757065296173,7.587683618068695,223.24846148490906,7.441615382830302,1.530756,5.901315,300.11783,118.640625,142.39844,36.484375,-19.693848,1.5983798844473702,0.4427215658880145,1.6019880090441023,0.4588895962943987,-1.6344115223203386,0.39369194519186035,-2.3379230073520114,0.9062191215049593,5.889630522046771,0.7218447199741995,6.988827262605939,1.611165769531623,1.7490556410380773,0.1027013102284455,2.2323381304740906,0.5721650790224262,1.664696216583252,0.42505463522370474,0.9022368937730789,0.9140203188173407,-1.7438029050827026,0.8782229293051895,-2.758433452674321,1.2923240381282532,4.645072392054966,0.319441145032148,4.252186621938433,0.8193561888225152,1.2177810158048357,0.1995236718393202,1.3595174976757594,0.30789361924761066,0.11854839,0.25668716,-0.014782425,-0.1565479,62.573526870571975,-8.0,998.0,86.1496837391128,14.45807132835369,556.4395744373328,37.602601419573794,211.39999999999964,24259.875,1,24259.875,1,24259.875,1
2010-08-16,5.626409,0.0,45.88127,6.7154927,-2.7274954,-4.509179,-0.060526885,1.0957065,-0.0033130392,-0.0076119895,1.5599653e-08,0.0017790773,302.228,292.10278,306.20435,2.0605047,96403.72,76002.5,100412.336,5675.798,1.1907054,-2.1877186,5.316757,1.5403541,0.7759347,-1.4774837,3.225397,0.96720505,8,228,1,14.776499032974243,4.925499677658081,25.173537850379944,3.5962196929114207,96.99428045749664,6.928162889821189,227.46837306022644,7.582279102007548,2.8009694,5.626409,305.74426,170.375,206.95312,54.1875,-30.65625,1.6164861066000802,0.4191887624666537,1.5518498761313302,0.46301828803392137,-1.6846840381622314,0.4430680540839648,-2.3308133142335072,0.9070372998251317,5.770086015973773,0.7399147508663332,6.726739917482648,1.5588866590392039,1.7004130227225167,0.11023349642667533,2.1505060366221835,0.5840920739793767,1.6239855459758215,0.49962747044631983,0.9755601691348212,0.8536033284289303,-1.6867600168500627,0.8811089389243597,-2.598727149622781,1.3033435563602518,4.3877900668552945,0.580083896957945,4.2784700734274725,0.7759240221673804,1.1209238256726946,0.09423878957945796,1.345514612538474,0.3216569429870868,0.33253765,1.0663476,-0.033238668,-0.02281189,62.573526870571975,-8.0,998.0,86.1496837391128,14.45807132835369,556.4395744373328,37.602601419573794,211.39999999999964,22832.375,1,22832.375,1,22832.375,1
2010-08-17,2.6034372,0.0,48.591614,5.327687,-3.2419133,-5.173079,-0.055737793,1.327081,-0.0038919575,-0.008071097,-6.100163e-08,0.0019458031,303.07315,293.80347,307.0997,2.2235081,96159.49,75791.23,100272.336,5674.484,2.1542752,-0.86828995,7.0259566,2.0403178,1.3587123,-1.6125914,3.4240296,1.0021183,8,229,1,14.131161451339722,4.710387150446574,23.09791123867035,3.299701605524336,83.96231496334076,5.997308211667197,229.71852308511734,7.657284102837244,0.5241649,2.6034372,308.3477,14.7421875,67.32031,-23.070312,-27.922363,1.7106174400874548,0.45949880336430804,1.544587254524231,0.4517858008354812,-1.645300371306283,0.5068089718538388,-2.089571007660457,0.8015752910061447,5.800849233354841,0.7929618203275793,6.489202158791678,1.1685781066634326,1.7658741985048567,0.15515969069984198,2.0576501744134084,0.4732008317243608,1.557821580341884,0.49972284325895855,1.1028457028525216,0.7562822617628588,-1.826048229421888,0.755757765853103,-2.386056423187256,1.1915511364589095,4.251239674431937,0.6852291130716136,4.190964102745056,0.799627088489949,1.1027258464268275,0.10409022529258048,1.2946356875555856,0.3150833249334393,-0.055171013,-0.32236004,-0.009391915,0.24671257,62.573526870571975,-8.0,998.0,86.1496837391128,14.45807132835369,556.4395744373328,37.602601419573794,211.39999999999964,21767.0625,1,21767.0625,1,21767.0625,1
2010-08-18,2.5180166,0.0,78.08971,7.8809776,-3.32867,-6.2775793,-0.05168026,1.5575931,-0.0040257787,-0.008560982,3.7252903e-09,0.0021861217,303.20624,294.82327,307.8489,2.3946648,96095.93,75757.586,100268.71,5681.7236,2.6306994,-0.94699603,8.136052,2.4182775,2.1705227,-1.6894804,5.341892,1.3972461,8,230,1,10.747862815856934,3.582620938618978,23.656789422035217,3.379541346005031,73.95946037769318,5.282818598406656,231.78205955028534,7.726068651676178,0.37744308,2.5180166,310.8657,-54.023438,5.28125,-33.992188,-17.964844,1.7637335913521903,0.546662242659256,1.5894631828580583,0.5258879075718852,-1.6323265773909432,0.5257599758651681,-1.8977686635085516,0.721294174146154,6.015227385929653,1.1695949360959799,6.398030962262835,0.9528437232010034,1.8506687879562378,0.29333828799957473,2.003236106463841,0.36581948988108015,1.5639973367963518,0.5081299344810276,1.2541186141648464,0.7417381078905908,-1.960557988711766,0.5995334224202672,-2.183588002409254,1.0302227740557384,4.3254294736044745,0.7790823861100126,4.213570645877293,0.8289679132637978,1.1381205831255232,0.153185673319288,1.2552655339241028,0.25600353840595685,0.28201795,-0.8691788,0.00023002923,0.28101456,62.573526870571975,-8.0,998.0,86.1496837391128,14.45807132835369,556.4395744373328,37.602601419573794,211.39999999999964,21125.015625,1,21125.015625,1,21125.015625,1
2010-08-19,0.6247465,0.0,41.870117,1.9399279,-3.048932,-6.023015,-0.048424583,1.4788513,-0.004011506,-0.008216886,-1.040753e-07,0.00212649,303.1487,295.1741,308.72205,2.216282,96323.62,75945.08,100519.04,5708.2085,2.4165075,-1.485789,6.690725,2.0705752,2.6652682,-1.5786177,6.1486363,1.5875765,8,231,1,5.746200263500214,1.9154000878334045,22.99956649541855,3.285652356488364,70.58124142885208,5.041517244918006,231.24918097257614,7.7083060324192045,-0.30451226,0.6247465,311.49045,13.4296875,37.375,70.109375,1.6704102,1.8255547795976912,0.5977718530940644,1.6354349170412337,0.5694815195728679,-1.6065282225608826,0.5282354661318958,-1.814420840569905,0.6942655977077752,6.16343321119036,1.1817538507416896,6.362380572727749,0.9300031142453091,1.8850611277988978,0.3043925151693806,1.9676263162067957,0.32889986553877393,1.6342508792877197,0.6266231327871232,1.3744956949459655,0.8258146362582224,-1.8987720693860735,0.6155270655205064,-2.046452045440674,0.9676028586740839,4.484743765422276,1.0236339269801493,4.30398564679282,0.9653843108312076,1.1819769995553153,0.22695333427106892,1.2461764812469482,0.24020380650936243,0.46294188,-0.5495615,0.0054470785,0.16094184,62.573526870571975,-8.0,998.0,86.1496837391128,14.45807132835369,556.4395744373328,37.602601419573794,211.39999999999964,20816.921875,1,20816.921875,1,20816.921875,1
2010-08-20,1.692054,0.0,23.42701,2.3779001,-2.5837061,-5.143856,-0.044366106,1.4021287,-0.0035997666,-0.007781447,-7.566996e-08,0.0021613915,303.17712,295.86438,308.69763,2.4751596,96512.98,76087.07,100699.31,5722.2856,2.209184,-1.9207172,6.3540225,2.1132686,2.410188,-1.428924,6.5938625,1.5584108,8,232,1,4.834817111492157,1.611605703830719,22.214753329753876,3.1735361899648393,68.2845578789711,4.877468419926507,229.71451085805893,7.657150361935297,0.2208612,1.692054,313.1825,17.882812,3.8046875,99.078125,19.046387,1.8966093063354492,0.611402431093442,1.6957360250609261,0.5831709268405357,-1.5820975388799394,0.5055212237858765,-1.754198623555047,0.6400247464633556,6.230129310062954,1.1767261190835752,6.366851534162249,0.9297862114637734,1.9447043112346105,0.3020137388005673,1.9538310255323137,0.31744829882162073,1.7408112628119332,0.6925353161475587,1.4939526758555854,0.8473076185162252,-1.7323014225278581,0.5502068687781001,-1.958359522478921,0.9633613563299108,4.774929761886597,1.299989079176841,4.569033622741699,1.0508949162376855,1.241427046912057,0.26596732625303,1.2805639675685339,0.24843852616145853,0.50321984,0.2510128,0.012101617,0.15819907,62.573526870571975,-8.0,998.0,86.1496837391128,14.45807132835369,556.4395744373328,37.602601419573794,211.39999999999964,20665.0,1,20665.0,1,20665.0,1
2010-08-21,0.6038465,0.0,8.4939,1.117714,-2.6134636,-5.2701054,-0.045445744,1.4780726,-0.003925968,-0.007886664,-4.4703484e-08,0.002267416,303.08417,296.9145,309.08994,2.5336056,96335.73,75897.9,100586.9,5732.2495,2.9340281,-1.3765221,7.7543373,2.3648744,2.648281,-0.9359913,6.4683056,1.4305325,8,233,1,2.9206470251083374,0.9735490083694458,19.569825053215027,2.7956892933164323,58.89622163772583,4.206872974123273,221.43022906780243,7.381007635593415,-1.6938343,0.6038465,313.78635,-60.78125,-96.41406,51.132812,32.788574,2.086097768374852,0.7052485476291196,1.8289468458720617,0.6393134532784848,-1.523515863077981,0.5016190643142538,-1.6290431746414729,0.5083387323010405,6.5763028008597235,1.223672819525366,6.438214676720755,0.9977472414145884,2.0349810974938527,0.32195287495971864,1.946413516998291,0.3054795374810667,1.8894237109592982,0.7669085594496955,1.6941326060997588,0.7538631985301129,-1.4437209367752075,0.24831179709147033,-1.7775386486734663,0.89334639963674,5.061388526644025,1.4338584053786432,4.825599125453404,1.0443093513941268,1.2874980143138341,0.266939934967334,1.2970518810408456,0.2503118108191903,0.35228705,-0.086905,0.012917217,0.230016,62.573526870571975,-8.0,998.0,86.1496837391128,14.45807132835369,556.4395744373328,37.602601419573794,211.39999999999964,20498.21875,1,20498.21875,1,20498.21875,1
2010-08-22,0.42751437,0.0,3.5862923,0.6146016,-2.8777475,-5.984883,-0.04064548,1.6095816,-0.004540568,-0.008265746,6.193295e-08,0.0023102881,303.4363,297.4362,309.6008,2.4389517,96218.01,75782.836,100512.65,5737.9697,3.4928873,-1.7826856,8.563058,2.716206,2.783727,-1.0776113,6.495753,1.5579311,8,234,1,2.723414897918701,0.9078049659729004,14.096024215221405,2.0137177450316295,41.62426167726517,2.9731615483760834,213.4648296236992,7.115494320789973,-2.390758,0.42751437,314.21387,-112.9375,-137.32031,-3.4921875,28.44873,2.4326124020985196,0.7170336108765317,2.015496143272945,0.717722955520114,-1.509816927569253,0.491514022695743,-1.572114224944796,0.4326847883530134,7.120129789624896,1.1216571940257876,6.504880155835833,1.1085159008009862,2.1805533851896013,0.3704848904881453,1.9648045131138392,0.34401539997320124,2.116090553147452,0.7626332489586868,1.890393384865352,0.6377143354224357,-1.4000999757221766,0.28489094174599777,-1.5719514404024397,0.652102583733582,5.385410819734846,1.469861593604579,5.015241605894906,1.0917018455043235,1.3572886160441808,0.2642638818452446,1.2875348159245081,0.23631609634113798,-0.10656786,-1.104537,0.013646673,0.46412086,62.573526870571975,-8.0,998.0,86.1496837391128,14.45807132835369,556.4395744373328,37.602601419573794,211.39999999999964,20209.515625,1,20209.515625,1,20209.515625,1
2010-08-23,0.41102073,0.0,3.909111,0.6407256,-2.9004986,-6.7158833,-0.043501608,1.7074881,-0.004814776,-0.009048672,4.4237822e-08,0.002408704,303.54718,297.57742,309.77347,2.4431105,96139.22,75725.125,100423.63,5719.7935,3.6262333,-2.0966733,9.170864,2.923803,2.660736,-1.7774786,6.996773,1.7832536,8,235,1,1.442381590604782,0.48079386353492737,8.880635887384415,1.268662269626345,34.05417373776436,2.4324409812688828,205.72368970513344,6.857456323504448,-1.1675978,0.41102073,314.62488,-92.265625,-93.09375,-51.75,4.7973633,2.7805449622017995,0.5943934886578637,2.19851553440094,0.7803723270726367,-1.4968104447637285,0.47137770636485,-1.59074724146298,0.450177329204229,7.670716490064349,1.0311827922722139,6.720401253019061,1.3099693899657174,2.3781889506748746,0.33977949947437025,2.0393009866986955,0.42728480159615767,2.3853478942598616,0.4971219262995447,2.0046667201178416,0.6207564307322265,-1.4429563794817244,0.3189949717550981,-1.5648581981658936,0.6490647279043181,5.924178770610264,1.2153113721607869,5.155984418732779,1.2134689696666656,1.4738669736044747,0.24261070887810765,1.2973953996385847,0.25456395040485497,-0.1730032,-2.2067041,0.017025277,0.6117816,62.573526870571975,-8.0,998.0,86.1496837391128,14.45807132835369,556.4395744373328,37.602601419573794,211.39999999999964,19807.8984375,1,19807.8984375,1,19807.8984375,1
2010-08-24,0.6919446,0.0,10.042667,1.1746746,-2.5740001,-5.312098,-0.048441112,1.5501803,-0.004651664,-0.009494461,2.3283064e-08,0.0023693354,302.87286,295.20642,308.30734,2.324273,96032.89,75609.77,100239.87,5701.5215,2.9066207,-2.554966,8.583747,2.7213387,2.7448144,-3.963558,6.9303226,1.9254069,8,236,1,1.5304796993732452,0.5101598997910818,6.96914330124855,0.9955919001783643,30.0670545399189,2.14764675285135,196.13808551430702,6.537936183810234,-2.2945626,0.6919446,315.31683,-91.234375,-98.625,-77.86719,-10.493164,2.8880228996276855,0.5264096040516147,2.29932016985757,0.7736760396230792,-1.7377641626766749,0.5246309654369803,-1.691532266991479,0.49787867981470046,7.89325795854841,1.0369236585341912,6.847053595951626,1.401856041363128,2.4754776614052907,0.32404728276982636,2.1206759299550737,0.44175060728637616,2.583362477166312,0.2173892003957863,2.070592028754098,0.6482494395173626,-1.7788087470190865,1.0120626913925677,-1.8024284882204873,0.8584626080373587,6.4250777789524625,0.5578487310328781,5.3381587266922,1.277735594143154,1.6057653427124023,0.18829101943254525,1.354245594569615,0.29915268418083885,0.6679132,-0.13901901,0.0072966814,0.22309935,62.573526870571975,-8.0,998.0,86.1496837391128,14.45807132835369,556.4395744373328,37.602601419573794,211.39999999999964,19387.640625,1,19387.640625,1,19387.640625,1
2010-08-25,2.725488,0.0,182.1766,9.05056,-2.1242247,-4.6863375,-0.04200358,1.2580667,-0.003915517,-0.0090073645,8.96398e-08,0.002012054,301.79752,291.48508,306.94446,2.5992239,96210.12,75712.04,100251.68,5694.5156,1.3682086,-3.5773125,6.6878242,2.1773107,1.4842745,-4.233008,4.641707,1.8605849,8,237,1,3.8284532725811005,1.2761510908603668,7.176614671945572,1.025230667420796,30.83340409398079,2.2023860067129135,185.294144064188,6.176471468806267,-4.0257483,2.725488,318.04233,-92.35156,-107.83594,-132.75,-14.62207,2.7076670782906667,0.7830032832116531,2.2357003348214284,0.8128837078143601,-2.1135236535753523,0.7551692164488356,-1.8729251154831477,0.6731471308831972,7.686368261064802,1.1214397019211995,6.850797823497227,1.4013171634472577,2.4410538332802907,0.34335999688766095,2.1458613106182645,0.4335543074946615,2.485327022416251,0.4571340815470482,2.0246621796063016,0.6664472370240646,-2.14216981615339,1.3684858088241159,-2.051363902432578,1.0193739555706556,6.325051375797817,0.7962677384899036,5.325240424701145,1.2842470761949971,1.6719565902437483,0.18416695227980776,1.4050385866846358,0.3212634899495879,1.2044454,1.5912418,0.00967668,-0.29952645,62.573526870571975,-8.0,998.0,86.1496837391128,14.45807132835369,556.4395744373328,37.602601419573794,211.39999999999964,18944.0078125,1,18944.0078125,1,18944.0078125,1
2010-08-26,3.0444503,0.0,74.80288,6.4804616,-2.1199722,-5.223847,-0.05000061,1.2521893,-0.0038789648,-0.007399152,1.389999e-07,0.0019469601,301.70526,290.71408,306.37415,2.691135,96432.14,75970.12,100416.5,5665.9033,0.38305515,-3.5171497,4.7652802,1.5428542,-0.5023331,-4.094129,2.4197464,1.4289943,8,238,1,6.461882829666138,2.153960943222046,9.596318453550339,1.370902636221477,32.59588494896889,2.3282774963549207,167.52719870209694,5.584239956736565,-9.247589,3.0444503,321.08676,14.828125,1.9453125,-49.09375,-17.000488,2.417173888002123,1.1837023484583116,2.121364333799907,0.9517571087037591,-2.403718045779637,0.8571570206460306,-2.0051231341702596,0.799364932747654,7.411304746355329,1.5576473635620853,6.787368978772845,1.477705774469072,2.365665112222944,0.47207000173991015,2.125363120010921,0.45585591544985177,2.0328125527926852,1.205140255183436,1.8335317160402025,0.9456823925203929,-2.5015285866601125,1.517953851123263,-2.200150328023093,1.155919505517856,5.7923528126307895,1.6851391758382908,5.138548289026533,1.5015266006418098,1.6493019887379237,0.20486697243030727,1.4156394941466195,0.31928333369473855,0.92895985,0.7991681,-0.0015760288,-0.22666204,62.573526870571975,-8.0,998.0,86.1496837391128,14.45807132835369,556.4395744373328,37.602601419573794,211.39999999999964,18371.2109375,1,18933.6484375,1,18933.6484375,1
2010-08-27,2.2167268,0.0,42.854786,5.3154655,-2.3261545,-4.998766,-0.05260901,1.3752744,-0.0043288935,-0.0075769704,1.6530976e-08,0.0021182986,302.89737,293.057,308.45358,2.7469504,96381.16,76012.77,100437.06,5638.411,0.7213843,-2.0061646,5.041036,1.5825018,-0.8090556,-3.890813,2.2384593,1.2674364,8,239,1,7.9866650104522705,2.662221670150757,10.120991200208664,1.4458558857440948,32.33574452996254,2.3096960378544673,153.5958141386509,5.119860471288363,-6.378919,2.2167268,323.3035,74.296875,75.234375,56.8125,-17.276855,2.2046310816492354,1.3492670192831986,2.050620193992342,1.0189767673682086,-2.4159248045512607,0.8497082750314309,-1.9990111717156,0.7989788118663802,7.223735264369419,1.770670459523102,6.7269322872161865,1.5336014472446937,2.289841277258737,0.5547516818769919,2.1172727942466736,0.4649804545458017,1.5729206119264876,1.5899411193088147,1.6568659373692103,1.181386506452845,-2.853227036339896,1.5132135554221182,-2.2927642294338773,1.2388865033858978,5.170152357646397,2.094276777663091,4.972541059766497,1.6871118725234586,1.6077342203685216,0.25076144945761725,1.4245806336402893,0.3127241162688155,0.25755167,0.1450901,-0.008242905,-0.026854277,62.573526870571975,-8.0,998.0,86.1496837391128,14.45807132835369,556.4395744373328,37.602601419573794,211.39999999999964,18406.625,1,18933.6484375,1,18933.6484375,1
2010-08-28,2.3508897,0.0,42.614937,6.612979,-2.1479242,-5.397376,-0.05934852,1.384884,-0.0044605504,-0.0075367657,-2.7008355e-08,0.0023161934,303.87134,294.98477,309.46533,2.8691146,96269.35,75973.54,100349.414,5633.6084,1.2154351,-1.7997875,6.2318287,1.9095588,0.048400443,-2.5157611,3.0606549,0.96838456,8,240,1,7.612066745758057,2.537355581919352,11.868034392595291,1.6954334846564703,31.437859445810318,2.2455613889864514,151.24719420075417,5.041573140025139,-3.9880419,2.3508897,325.6544,23.445312,64.75,65.19531,-9.818359,1.9591177957398551,1.3507824915122912,2.0226077820573534,1.0373177992722447,-2.4763912984303067,0.7752095020994433,-1.9999535807541438,0.7987167270313265,7.00623403276716,1.7880546169221745,6.791268416813442,1.488779312018964,2.2247961929866245,0.5709444440899286,2.129888645240239,0.4560610171947439,1.2015090898743697,1.6005005736642681,1.545466400416834,1.257433215531967,-3.0789084434509277,1.279352519755089,-2.2613146901130676,1.226277774631897,4.683345113481794,2.137829120202433,4.8723668200629096,1.7597593480794032,1.5417130930083138,0.3474055795234225,1.414605553661074,0.32556152262856214,0.46553946,-0.1272707,-0.013902776,-0.09318864,62.573526870571975,-8.0,998.0,86.1496837391128,14.45807132835369,556.4395744373328,37.602601419573794,211.39999999999964,18640.4140625,1,18933.6484375,1,18933.6484375,1
2010-08-29,2.8758533,0.0,65.953735,9.448259,-2.183475,-5.130475,-0.055735003,1.4554985,-0.0046997154,-0.008625483,-5.5879354e-09,0.0025282488,304.20508,297.15433,310.40604,3.035612,96216.43,75928.98,100346.88,5636.829,1.8296279,-3.0541267,7.6074944,2.5430129,0.192325,-3.6789055,3.4176114,1.2864065,8,241,1,7.443469762802124,2.481156587600708,14.316373318433762,2.0451961883476804,28.412397533655167,2.0294569666896547,152.15714195370674,5.071904731790225,-3.6554668,2.8758533,328.53024,-23.507812,-14.3828125,62.101562,11.132324,1.7215093118803841,1.1702417393094893,2.0770608569894518,1.0027444717261131,-2.6580257415771484,0.7334066439270763,-2.083921334573201,0.8454025086474644,6.869724954877581,1.6827658879749245,6.994927372251238,1.3800321736014607,2.20005430494036,0.5494479649104824,2.1903038450649808,0.45031986255025386,0.8313088134995529,1.4677257943938091,1.4736996833235025,1.3065602313103228,-3.4505218948636736,0.9317177346740758,-2.425310935292925,1.2530077621929803,4.243610620498657,2.016001627917718,4.814510720116751,1.7955395790924988,1.5029238717896598,0.3602152179437298,1.4301062439169203,0.3127761686676243,0.6942725,0.8544078,-0.015089523,-0.15408313,62.573526870571975,-8.0,998.0,86.1496837391128,14.45807132835369,556.4395744373328,37.602601419573794,211.39999999999964,18933.6484375,1,18933.6484375,1,18933.6484375,1
2010-08-30,5.026177,0.0,165.93741,18.002636,-2.0400314,-5.5187483,-0.048919823,1.4652365,-0.0045516915,-0.008033156,-5.9604645e-08,0.0025876814,303.88492,296.37354,309.91245,3.0887558,96017.21,75769.85,100123.03,5630.7725,1.7592101,-4.183251,8.243059,2.8082314,0.48169306,-3.139434,3.5662136,1.3416104,8,242,1,10.252919912338257,3.417639970779419,18.93152952194214,2.7045042174203053,27.812165409326553,1.9865832435233253,152.26257780194283,5.075419260064761,-3.1200147,5.026177,333.55643,-107.66406,-120.64844,-5.75,26.120117,1.4547917076519556,0.8258605751160063,2.117668334926878,0.9752227270322212,-2.956108263560704,0.8771672854059184,-2.226459354162216,1.0153870715406508,6.737181391034808,1.4976669118598243,7.203948940549578,1.3268897123512897,2.1835440567561557,0.5252804482871613,2.280866503715515,0.4368436762508889,0.5200169528169292,1.2262695955036136,1.4526824235383953,1.3209353418826926,-3.6450869696480885,0.6111874116821138,-2.5440216745649065,1.2348987514315863,3.753530740737915,1.6115878441028837,4.83885475567409,1.7745243719621993,1.4398319976670402,0.3411019457942789,1.4568494856357574,0.28491797598021357,0.8604672,1.197135,-0.005418215,-0.24225152,62.573526870571975,-8.0,998.0,86.1496837391128,14.45807132835369,556.4395744373328,37.602601419573794,211.39999999999964,18816.5,1,18816.5,1,18816.5,1
2010-08-31,4.8372087,0.0,334.9123,25.086319,-1.8286124,-5.209611,-0.05875667,1.3427814,-0.0043826248,-0.008188912,3.562309e-08,0.0025599268,303.9643,295.88287,310.47955,3.2204325,96029.664,75828.48,100048.695,5597.426,0.72497,-3.4660378,9.265367,2.6545537,0.15188643,-6.402138,4.15613,1.6249183,8,243,1,12.739238977432251,4.246412992477417,23.076793670654297,3.296684810093471,30.045936971902847,2.1461383551359177,144.50335386395454,4.816778462131818,-7.518072,4.8372087,338.39362,-72.0625,-45.59375,-15.046875,8.322754,1.1431273136820113,0.5533479140313973,2.015575106654848,1.0435191211874035,-3.086261374609811,0.8753160188698547,-2.412012768643243,0.9850049298503378,6.834555625915527,1.6519473803826537,7.363906792231968,1.4344074662225121,2.1740033285958424,0.5143777835663643,2.3247404950005666,0.44164470412687357,0.14959867245384625,0.7357254044743695,1.3664805748100792,1.366143407028483,-3.9934555803026472,1.2173525502725147,-2.886132163660867,1.573912831727339,3.357217482158116,0.8711986091131484,4.891147630555289,1.7400768581981838,1.3969050560678755,0.2839243166195265,1.501335199390139,0.2555654847710172,0.7453877,0.10248709,-0.01031556,-0.20739889,62.573526870571975,-8.0,998.0,86.1496837391128,14.45807132835369,556.4395744373328,37.602601419573794,211.39999999999964,18211.578125,1,18211.578125,1,18211.578125,1
2010-09-01,4.131809,0.0,166.8415,13.914624,-1.8553566,-4.7289157,0.0014281813,1.2636437,-0.004400318,-0.008559059,7.916242e-08,0.0023483327,303.35846,295.52975,309.25687,3.0178702,96279.375,76005.65,100364.31,5620.746,0.65948755,-2.7973983,7.662115,2.0620217,0.8624966,-3.7803638,4.7803864,1.6966473,9,244,1,13.995194911956787,4.665064970652263,24.48311495780945,3.4975878511156355,31.65972962975502,2.261409259268216,133.7754638493061,4.4591821283102036,-7.753186,4.131809,342.52542,88.52344,113.38281,172.5,7.4921875,1.0418814420700073,0.5698909569701381,1.874774260180337,1.0862484953189946,-2.9748450687953403,0.85171242470698,-2.5441843611853465,0.8931675969156545,6.973740032741001,1.6783573007040615,7.330054146902902,1.4203059766376267,2.1575334753308977,0.5160970793781863,2.299293654305594,0.44608182878459063,0.060773259294884543,0.5655948844821481,1.273050140855568,1.3515753821464602,-3.9287921360560825,1.2145257409622963,-3.0354809761047363,1.5506580415916886,3.377028839928763,0.9061522497707273,4.85104010786329,1.7353530857462605,1.3734854034015112,0.24313411701227308,1.5227209968226296,0.25869311545904117,0.2688681,-0.04257822,0.04343176,0.0055770874,62.573526870571975,-8.0,998.0,86.1496837391128,14.45807132835369,556.4395744373328,37.602601419573794,211.39999999999964,17032.2890625,1,17032.2890625,1,17032.2890625,1
2010-09-02,2.7313583,0.0,219.60545,13.450342,-2.1871858,-4.658368,-0.055682387,1.320578,-0.004368985,-0.007981259,1.14087015e-08,0.0021534108,303.46222,296.01392,309.73706,2.7909358,96369.98,76006.35,100514.26,5662.9785,1.5075141,-1.7811909,7.972878,1.9656657,1.9769421,-1.8868815,5.3649087,1.5335554,9,245,1,11.700376272201538,3.900125424067179,24.17002296447754,3.4528604234967912,33.76634141802788,2.411881529859134,120.87141945958138,4.029047315319379,-1.9922168,2.7313583,345.2568,130.55469,108.890625,218.52344,27.719238,1.2025184375899178,0.5083939112901302,1.8098461627960205,1.0785157619457988,-2.7268509524209157,0.9176684946511027,-2.5652844991002763,0.869414206341459,7.43196828024728,1.3875920086655507,7.421636513301304,1.4172442324145726,2.217935119356428,0.45306020237124867,2.291800115789686,0.45107276650443723,0.41495542600750923,0.855948255292683,1.2238839894000972,1.3088802787064526,-3.6134710482188632,1.4315788365895705,-3.057499817439488,1.5304365211731417,3.797766310828073,1.058521603454548,4.795059561729431,1.702606277212799,1.388422702039991,0.25022140050825575,1.5188623453889574,0.25805341751548977,-0.067213535,0.5654788,-0.0056817755,0.0683887,62.573526870571975,-8.0,998.0,86.1496837391128,14.45807132835369,556.4395744373328,37.602601419573794,211.39999999999964,15859.8671875,1,15859.8671875,1,15859.8671875,1
2010-09-03,2.6260185,0.0,108.0637,8.019852,-2.1732059,-5.3645477,-0.05484698,1.2220457,-0.0042746635,-0.008009203,-8.8475645e-09,0.002229047,303.3177,295.65756,309.6145,2.7751238,96216.76,75853.24,100328.21,5669.8823,1.9116411,-1.7883619,7.6903167,2.2315238,2.0104234,-1.7650782,4.6677017,1.3107666,9,246,1,9.48918604850769,3.16306201616923,24.579314708709717,3.5113306726728166,34.70030590891838,2.478593279208456,110.97656682133675,3.699218894044558,-0.86806965,2.6260185,347.8828,70.27344,1.1796875,111.296875,46.446777,1.3725551281656538,0.5195773587331548,1.7885931049074446,1.072958494411258,-2.695736289024353,0.9493233326392824,-2.555830546787807,0.877643010009987,7.810436929975237,0.9036949342893362,7.517086097172329,1.3844298026044783,2.3106525455202376,0.3577277228834729,2.300246911389487,0.44857271039905056,0.8177381471863815,0.8473057417938953,1.1953293795564346,1.2851546042987532,-3.3097946303231374,1.5806438442232535,-3.081510833331517,1.5053517413427981,4.144800935472761,0.8371704437130411,4.657476646559579,1.6219837527890408,1.394612729549408,0.2472478733716249,1.5011734749589647,0.2635628062642631,0.15294862,-0.36578178,-0.0022379681,-0.15322876,62.573526870571975,-8.0,998.0,86.1496837391128,14.45807132835369,556.4395744373328,37.602601419573794,211.39999999999964,14927.7578125,1,14927.7578125,1,14927.7578125,1
2010-09-04,3.0416644,0.0,72.75391,6.299605,-2.084893,-4.5177245,-0.052412044,1.1614283,-0.0040456136,-0.0077856337,2.863817e-08,0.0022635844,302.69293,295.0039,309.33276,2.5395098,96132.68,75737.234,100251.77,5685.2476,1.7919976,-1.6067219,6.473682,2.00822,2.0115273,-1.9573536,4.9958935,1.229233,9,247,1,8.399041175842285,2.7996803919474282,25.270089387893677,3.6100127696990967,37.13812378048897,2.6527231271777834,110.01526573300362,3.667175524433454,-1.297951,3.0416644,350.92447,13.6171875,-108.78125,55.492188,62.686523,1.4549211859703064,0.5359601783018723,1.7070194908550806,1.021347137821493,-2.668155482837132,0.9819361848156094,-2.572273390633719,0.855731711984511,7.844987392425537,0.8353184050031491,7.425610712596348,1.4096276676753279,2.3247470004217967,0.3408355964313009,2.2747715967042104,0.4547056821442369,1.0981848410197668,0.874667719953141,1.1498469654470682,1.2402617555974917,-3.230022123881749,1.6403592989572044,-3.154465283666338,1.4154383040197238,4.421263592583792,0.732471927737387,4.552304353032794,1.5412625784686045,1.4318767956324987,0.18382454858700467,1.4867949443204063,0.2730337610651024,0.0630312,0.87965155,0.0069364756,-0.22345567,62.573526870571975,-8.0,998.0,86.1496837391128,14.45807132835369,556.4395744373328,37.602601419573794,211.39999999999964,14246.2578125,1,14246.2578125,1,14246.2578125,1
2010-09-05,2.5852697,0.0,13.948441,3.0668962,-2.1342976,-4.2302413,-0.05019689,1.1740605,-0.0038905852,-0.008502462,5.075708e-08,0.0020989873,302.4639,293.87717,307.89563,2.5124204,96331.33,75895.15,100406.19,5682.228,1.6319486,-2.1399632,5.5103054,1.8732053,1.3549143,-1.9218712,4.5238075,1.3341385,9,248,1,8.252952575683594,2.7509841918945312,24.97950577735901,3.568500825337001,39.29587909579277,2.8068485068423406,108.61179783940315,3.6203932613134384,-4.657115,2.5852697,353.50974,122.046875,-8.6484375,126.078125,52.7334,1.4266812886510576,0.5178273578831578,1.574095300265721,0.8827360384905849,-2.537560684340341,0.9828377575513337,-2.5977932129587447,0.8354604250260954,7.545388971056257,1.221512966817034,7.207556962966919,1.4555093290576437,2.229060207094465,0.3626687205022339,2.2145572560174123,0.4475123290187476,1.2642690283911568,0.7791557376505909,1.0477889209453548,1.1510499201609632,-2.9790172236306325,1.6937832487643438,-3.214769559247153,1.3358980292121054,4.579291616167341,0.5841629640227245,4.411451118332999,1.43654070738869,1.4386956521442957,0.17833231169237412,1.4708097619669778,0.27509200202094786,0.04917741,0.90023375,0.0055381134,-0.281438,62.573526870571975,-8.0,998.0,86.1496837391128,14.45807132835369,556.4395744373328,37.602601419573794,211.39999999999964,13786.4765625,1,13786.4765625,1,13786.4765625,1
2010-09-06,1.6473485,0.0,17.498016,2.76236,-2.320312,-5.0636063,-0.048888378,1.2614586,-0.00419612,-0.007968934,1.3038516e-08,0.0021692102,302.97137,294.7916,308.52866,2.9201179,96298.016,75880.836,100409.22,5663.2754,2.0957065,-1.2744204,6.260573,1.9561527,1.2383119,-3.0467968,4.0813365,1.1087826,9,249,1,7.2742825746536255,2.424760858217875,21.600677371025085,3.085811053003584,40.532206892967224,2.8951576352119446,100.26696363091469,3.3422321210304897,-4.7910767,1.6473485,355.1571,160.86719,68.671875,147.78125,24.675781,1.474752196243831,0.5671147175581114,1.4647719519478934,0.6806887478180067,-2.1220134666987827,0.7609523685245605,-2.5390608651297435,0.8998215711175358,7.262176649911063,1.2619500555637688,6.999679020472935,1.3581043011421658,2.107334681919643,0.2659859592756921,2.1454393693378995,0.4019506303546798,1.3723574323313577,0.7010669113659076,0.9461871925741434,1.0566305895475436,-2.965783323560442,1.6926825212672292,-3.3054351466042653,1.2724123688300288,4.652880600520542,0.452990634427814,4.203205670629229,1.2293025214716666,1.4054345403398787,0.21698211102716947,1.4226332690034593,0.2752246343135997,-0.2802806,0.45514202,3.1445175e-05,-0.20377791,62.573526870571975,-8.0,998.0,86.1496837391128,14.45807132835369,556.4395744373328,37.602601419573794,211.39999999999964,13456.109375,1,13456.109375,1,13456.109375,1
2010-09-07,1.4971653,0.0,25.490284,3.732335,-2.3170414,-6.01311,-0.048800837,1.4469937,-0.0043759868,-0.008134747,1.3464596e-06,0.002310376,303.09814,293.95764,309.10193,3.063985,96143.01,75786.91,100260.12,5645.8774,2.249964,-1.309817,7.379026,2.3177452,1.2177386,-3.5298698,4.1413136,1.2324635,9,250,1,5.729783535003662,1.9099278450012207,18.260633945465088,2.6086619922092984,41.337427616119385,2.9526734011513844,84.06465461850166,2.8021551539500553,-3.626401,1.4971653,356.65427,109.39844,74.6875,89.57031,1.8193359,1.6926084842000688,0.5222172366426349,1.41786789894104,0.5903181662261593,-1.8139819247382027,0.5265245995309549,-2.450121649674007,0.9577967592259299,6.992699418749128,0.9172118777781613,6.913627522332328,1.2862820531995818,2.0592191900525774,0.1597443103196404,2.11661125932421,0.370730089257438,1.5246220316205705,0.4692253977045564,0.8371103520372084,0.9276188873309129,-2.5554592609405518,0.8681534363669684,-3.2744574206215993,1.260379755810214,4.650763988494873,0.45572492657011626,4.003990735326495,0.9469161414216958,1.3493695599692208,0.20092714014534213,1.373137308018548,0.23758675842923022,-0.48842895,-0.8034992,0.009955835,0.104212284,62.573526870571975,-8.0,998.0,86.1496837391128,14.45807132835369,556.4395744373328,37.602601419573794,211.39999999999964,13125.984375,0,13125.984375,0,13125.984375,0
2010-09-08,1.6601512,0.0,23.31686,3.4422743,-2.1531487,-5.7704525,-0.05111844,1.384192,-0.0043348772,-0.0073931245,9.208452e-07,0.0021555547,303.00513,294.62198,309.2881,2.7737556,96231.3,75918.79,100265.71,5624.6753,1.1807044,-3.1471157,6.34556,2.4596925,0.31357476,-3.2603505,2.6306407,1.0608591,9,251,1,4.8046650886535645,1.6015550295511882,15.788975954055786,2.2555679934365407,40.272090911865234,2.876577922276088,77.7436971962452,2.591456573208173,-1.1579831,1.6601512,358.31442,126.47656,135.95312,62.242188,-10.141113,1.7670680284500122,0.3633553014650464,1.4044747352600098,0.5936491592335895,-1.8639415502548218,0.639796195794897,-2.419393309525081,0.9251982139226311,6.804620129721505,0.8916951105487925,6.889180081231253,1.2941324920165758,2.116029296602522,0.22018505508389583,2.1367813859667097,0.38180291048691695,1.4462046240057265,0.6199751658521454,0.7534889416503054,0.917503758528907,-2.4811716420309886,0.7615764644898081,-3.2049818890435353,1.2299170313441052,4.343657459531512,0.8803414344755175,3.8603431497301375,0.9940970295830821,1.2585426739283971,0.15658868981652857,1.3160140386649541,0.20532276813842595,-0.29779208,-1.0415368,-0.05254662,0.12054825,62.573526870571975,-8.0,998.0,86.1496837391128,14.45807132835369,556.4395744373328,37.602601419573794,211.39999999999964,12774.390625,0,12774.390625,0,12774.390625,0
2010-09-09,9.361093,0.0,278.55682,21.574594,-1.9173259,-4.8598824,-0.045108147,1.167594,-0.003568187,-0.0072717937,-2.561137e-08,0.0020861987,302.5854,293.18933,308.0902,2.695766,96293.41,76016.03,100315.03,5606.11,0.672154,-4.251013,7.49325,2.962833,-0.70034784,-4.7054343,2.4138691,1.3217483,9,252,1,12.518409132957458,4.172803044319153,22.418710231781006,3.2026728902544295,46.588733196258545,3.3277666568756104,82.42572596669197,2.7475241988897325,4.8137307,9.361093,367.6755,14.3671875,65.875,-16.1875,-25.675781,1.6477308699062891,0.5513530971099664,1.4251246537481035,0.5594280750490038,-2.2167732545307706,1.1012012409868932,-2.4718121034758433,1.009157502304805,6.736101831708636,0.8007540476536854,7.0840350559779575,1.1467182996501555,2.2584817579814365,0.3749015431862501,2.238208438668932,0.4000617634046694,1.0637346378394537,0.966802070490442,0.7393450319234814,0.9396121370596664,-2.8838220494134084,1.0754273938733931,-3.248646548816136,1.2739740694224087,3.9220803805759976,1.0072275872455607,3.859923345702035,0.9947532103186988,1.228284512247358,0.10729566997712409,1.3083536071436745,0.20276805616538385,0.2698599,-0.20151424,0.01057424,-0.15298402,62.573526870571975,-8.0,998.0,86.1496837391128,14.45807132835369,556.4395744373328,37.602601419573794,211.39999999999964,12495.2890625,0,12495.2890625,0,12495.2890625,0
2010-09-10,11.420068,0.0,123.66676,15.796755,-2.0779903,-6.3663306,-0.048983373,1.304225,-0.0036256183,-0.007938988,-6.752089e-08,0.0021634,302.12448,293.01288,308.6679,2.6629708,96142.78,75857.32,100180.57,5614.1,0.6213098,-3.6497898,10.062449,3.161517,0.073940516,-6.1051507,6.5152106,2.0008497,9,253,1,22.441311597824097,7.480437199274699,31.212759494781494,4.458965642111642,55.79207420349121,3.985148157392229,91.88665536046028,3.0628885120153426,6.471343,11.420068,379.09558,-150.39062,-93.796875,-112.296875,-18.979004,1.4633978264672416,0.6544695418721497,1.4179764773164476,0.5696577557621927,-2.482691526412964,1.2007551452966907,-2.5892139077186584,1.045761573840051,7.074977942875454,1.4830961802665223,7.442707436425345,1.2400552906735736,2.3913379226412093,0.5057168874403792,2.3509952340807234,0.4229109398019977,0.7870942226478032,0.9270024070984288,0.8024161849170923,0.8533576025797355,-3.5038324083600725,1.4929693568775246,-3.406813519341605,1.4805438731635103,4.1860102244785855,1.4004645084578564,4.1654055799756735,1.1086677683290476,1.3268678188323975,0.3138729045902707,1.3607402741909027,0.27371364486160876,0.09521556,-1.0017829,0.005863607,0.08217931,62.573526870571975,-8.0,998.0,86.1496837391128,14.45807132835369,556.4395744373328,37.602601419573794,211.39999999999964,12269.5546875,0,12269.5546875,0,12269.5546875,0
2010-09-11,7.982904,0.0,200.099,15.859362,-2.1136582,-5.520681,-0.0507636,1.1527032,-0.002972349,-0.0070954626,1.1269003e-07,0.0018353108,301.15753,291.70355,306.8117,2.2463746,96288.38,75877.5,100356.96,5658.95,1.0895867,-2.519596,8.254289,2.5999432,1.0472062,-3.2247334,6.4061666,1.8187722,9,254,1,28.7640643119812,9.588021437327066,36.1539990901947,5.164857012884958,61.42408847808838,4.387434891292027,98.58758988976479,3.286252996325493,3.1944408,7.982904,387.07846,7.0390625,-23.328125,37.234375,7.010742,1.3630534240177699,0.6495198542536011,1.4089873049940382,0.5740755124995793,-2.6131021295275008,1.1376780562910254,-2.6406288061823164,1.0213741963229044,7.329350335257394,1.5151306534190867,7.587168863841465,1.205463585243953,2.4758698088782176,0.47979417689019344,2.400308404650007,0.4074462208174663,0.6493340602942875,0.7736900328273696,0.8737594506570271,0.8268091541071242,-3.6848866598946706,1.3435388632669165,-3.4574543918882097,1.4596998625147188,4.387477806636265,1.6205381806870738,4.404370699610029,1.2083030025488044,1.4110877002988542,0.3591387027173541,1.4214822479656763,0.2743026244880043,-0.028765202,-1.0029564,0.0016484447,-0.008725166,62.573526870571975,-8.0,998.0,86.1496837391128,14.45807132835369,556.4395744373328,37.602601419573794,211.39999999999964,11887.390625,0,11887.390625,0,11887.390625,0
2010-09-12,3.0043173,0.0,38.458824,4.5786433,-2.3291771,-4.8685164,-0.04620314,1.1745102,-0.0033328934,-0.0075660716,-5.1688403e-08,0.001969466,301.6545,293.0394,307.78012,2.4017603,96419.92,75931.664,100514.97,5684.1,1.5676471,-1.897756,6.4850564,2.382527,1.4779124,-2.9108582,4.6096497,1.1947379,9,255,1,22.407289028167725,7.469096342722575,36.57304668426514,5.2247209548950195,61.552552461624146,4.39661089011601,99.11503997445107,3.3038346658150357,-2.5965648,3.0043173,390.0828,112.38281,2.953125,165.34375,32.32666,1.353867496762957,0.6455255661355589,1.3902743927070074,0.563481420323906,-2.5785011053085327,1.157968563294715,-2.558030894824437,1.0320641721523176,7.468600477491107,1.3565826523463713,7.506994724273682,1.2408154942214042,2.5486300672803606,0.4061331227286558,2.388845137187413,0.40537479520483055,0.6669052200657981,0.793527462716907,0.9655871242284775,0.8166332998654252,-3.8261705126081194,1.1677434604980517,-3.402593868119376,1.4651594644787793,4.399740968431745,1.6220658542823978,4.489516292299543,1.1749598535808132,1.3911733286721366,0.36787534689140505,1.4149344904082162,0.2788316841011358,-0.19487953,-0.63827515,0.0039937496,0.00044977665,62.573526870571975,-8.0,998.0,86.1496837391128,14.45807132835369,556.4395744373328,37.602601419573794,211.39999999999964,11328.234375,0,11328.234375,0,11328.234375,0
2010-09-13,2.0432236,0.0,30.795574,3.4423816,-2.6727571,-5.923373,-0.033958584,1.4681475,-0.0037784064,-0.008687575,8.912757e-07,0.0020707543,301.49646,291.2453,307.97787,2.7713156,96368.336,75827.5,100456.375,5678.3267,2.0517848,-1.1128088,6.303207,2.0285323,1.2890837,-6.092774,3.5026443,1.374837,9,256,1,13.030444860458374,4.343481620152791,36.96892178058624,5.281274540083749,58.56959915161133,4.183542796543667,97.90948882699013,3.2636496275663376,-3.392359,2.0432236,392.126,50.835938,-47.375,86.875,15.32373,1.3475929668971471,0.6372738026392555,1.411172581570489,0.5832940384004773,-2.5554137400218417,1.1894847136854356,-2.338713603360312,0.9853136804995547,7.474691050393241,1.3503364290458837,7.368433850152152,1.2604525067340204,2.5589700085776195,0.3890990757417562,2.333152345248631,0.3967939173161741,0.6741583389895303,0.7998278206854214,1.023257885660444,0.8082984526165041,-4.26131010055542,1.3775818853478554,-3.613546712057931,1.627924575755684,4.317070654460362,1.655402578083245,4.484975627490452,1.178918617337984,1.4291810989379883,0.34698796070707305,1.4173078196389335,0.27830046504109274,-0.35244513,-0.85976696,0.014929794,0.20668888,62.573526870571975,-8.0,998.0,86.1496837391128,14.45807132835369,556.4395744373328,37.602601419573794,211.39999999999964,10741.1171875,0,10741.1171875,0,10741.1171875,0
2010-09-14,0.86745006,0.0,11.998653,1.5819055,-2.5925014,-5.0324125,-0.042699046,1.4008862,-0.003760448,-0.007353513,1.5366822e-08,0.0018506635,300.4741,290.35303,305.78665,2.6008744,96402.5,75842.93,100428.69,5682.1777,1.3175403,-2.5854843,6.053798,2.0930183,0.72014886,-3.3056545,3.176279,1.4613801,9,257,1,5.914990961551666,1.9716636538505554,36.339206516742706,5.19131521667753,54.599840462207794,3.899988604443414,92.87562367320061,3.0958541224400205,-0.94758755,0.86745006,392.99347,49.75,8.1015625,41.140625,-5.2436523,1.2143895796367101,0.49985582668759226,1.4534990319183894,0.5502325914282086,-2.737651927130563,1.057210235804812,-2.275816925934383,0.9346168189003552,7.285372802189419,1.4548393793265193,7.139036110469273,1.178225963474445,2.5268661635262624,0.42033628268076284,2.29304267678942,0.39013143077302664,0.6030740865639278,0.7648106581571257,1.0638480590922492,0.7747468098935995,-4.229279347828457,1.399850109715098,-3.3923693043845042,1.416536464107866,4.179208585194179,1.7117057480352549,4.414986286844526,1.2280067152053653,1.461883476802281,0.3359704118597901,1.4056265183857508,0.27228305901385463,-0.27546,0.98069763,0.006101791,-0.04610753,62.573526870571975,-8.0,998.0,86.1496837391128,14.45807132835369,556.4395744373328,37.602601419573794,211.39999999999964,10293.8515625,0,10293.8515625,0,10293.8515625,0
2010-09-15,0.44410995,0.0,25.387287,1.6254159,-2.492635,-4.5942183,-0.044118382,1.2708336,-0.0038451853,-0.0065534003,-7.869676e-08,0.0018512775,301.06097,290.33777,306.49124,2.6123166,96475.375,75912.79,100517.99,5693.4766,1.2625592,-1.3404961,4.1785064,1.3981298,0.59138334,-1.3856996,2.8709328,0.67491823,9,258,1,3.3547836244106293,1.1182612081368764,35.1231652200222,5.0175950314317435,50.91214117407799,3.636581512434142,87.69332456588745,2.923110818862915,-0.9528347,0.44410995,393.43756,138.48438,122.49219,105.28125,-10.801758,1.2260831253869193,0.4998939099745505,1.4965755769184657,0.5050401588519777,-2.4795634065355574,1.1564512545986587,-2.1717524783951894,0.953002461989535,6.975793702261789,1.8618020938544964,6.890206915991647,1.4052405929487306,2.3752143553325107,0.6011989512719383,2.245621825967516,0.45528089016120166,0.6427610261099679,0.7544217983528257,1.044482825057847,0.783505652088931,-3.9614720855440413,1.7513118561185284,-3.221321863787515,1.5077253494688845,4.213536024093628,1.6775425441686853,4.27859674181257,1.2888325286673443,1.4067490696907043,0.43098178910687074,1.3326458718095506,0.320872595975927,-0.33948636,1.1762342,0.007000059,-0.11335838,62.573526870571975,-8.0,998.0,86.1496837391128,14.45807132835369,556.4395744373328,37.602601419573794,211.39999999999964,9987.484375,0,9987.484375,0,9987.484375,0
2010-09-16,0.20248239,0.0,10.560513,0.5553307,-2.6095057,-5.159476,-0.045903496,1.4308892,-0.0042571765,-0.007149727,9.415904e-06,0.0020393988,301.564,291.5219,307.2867,2.6740866,96477.72,75914.195,100592.94,5700.7085,1.973627,-1.6019001,5.975452,1.6487854,0.84994847,-2.769724,4.260834,1.1348333,9,259,1,1.514042392373085,0.504680797457695,25.96455504000187,3.7092221485716954,48.383265271782875,3.4559475194130624,85.29236976802349,2.8430789922674498,-1.0237668,0.20248239,393.64005,118.171875,123.16406,100.171875,-9.625488,1.4120078342301505,0.5015595481008378,1.5298693520682198,0.5209305306795117,-2.101118734904698,0.8807188689210788,-2.158945994717734,0.959834732690717,6.758965424128941,1.8797900336639912,6.747533627918789,1.388156921313598,2.1874932731900896,0.592223233608987,2.2229875155857632,0.47759935981657964,0.864231927054269,0.4673601726835339,0.9639832824468613,0.7368381153868899,-3.6849420240947177,1.7670154275216994,-3.2843820367540633,1.4654902527554179,4.4773881775992255,1.481047177229643,4.199734279087612,1.2504563027198201,1.3800469381468636,0.44275535316385267,1.3041657251971108,0.3193598645377851,-0.6921798,-0.29959345,-0.0007953495,0.2632953,62.573526870571975,-8.0,998.0,86.1496837391128,14.45807132835369,556.4395744373328,37.602601419573794,211.39999999999964,9754.1796875,0,9754.1796875,0,9754.1796875,0
2010-09-17,0.09830617,0.0,2.5224686,0.29021943,-2.634677,-5.0735865,-0.029692193,1.5815895,-0.0045909304,-0.008337479,2.6265625e-06,0.0022145733,301.22913,288.4332,307.94833,3.358151,96388.72,75783.664,100532.63,5679.2954,2.5963018,-1.3204619,7.5609264,1.9419925,1.3032413,-5.996261,5.366003,1.7215567,9,260,1,0.7448985055088997,0.2482995018362999,14.64279342442751,2.0918276320610727,45.855552919209,3.275396637086357,82.87265936285257,2.7624219787617523,-0.8782323,0.09830617,393.73837,6.4296875,17.625,19.882812,-24.9292,1.6941495452608382,0.5368881159958242,1.5787736858640398,0.587421852547671,-1.7683576004845756,0.590187483049679,-2.12552456344877,0.9816297459873278,6.401604993002755,1.2934355287796684,6.738291467939105,1.381813397060722,2.0132755041122437,0.4089531181996151,2.2023067133767262,0.4834342300211084,1.039846318108695,0.3323750288148115,0.913470270378249,0.6817642504468325,-3.6693863698414395,1.7424672740707816,-3.5866093891007558,1.561232910487616,4.3132156644548685,1.2655204577957824,4.249612944466727,1.2840348514068747,1.3401479295321874,0.3864977563836926,1.3335078741822923,0.33832137205326795,-0.55668664,1.2927442,0.01929118,0.2773645,62.573526870571975,-8.0,998.0,86.1496837391128,14.45807132835369,556.4395744373328,37.602601419573794,211.39999999999964,9574.703125,0,9574.703125,0,9574.703125,0
2010-09-18,0.09890563,0.0,3.788948,0.3159745,-2.4335825,-7.5340743,-0.034259863,1.6873964,-0.0043530934,-0.009149295,3.3760443e-08,0.0020630017,299.97,287.05954,305.9941,3.6722293,96425.93,75836.28,100408.695,5657.5723,1.1300552,-4.926789,6.911875,2.4174953,-0.2714119,-6.6806693,3.698115,1.984,9,261,1,0.39969418942928314,0.1332313964764277,6.7587950974702835,0.965542156781469,42.912794187664986,3.065199584833213,82.34681849181652,2.7448939497272176,-0.1735408,0.09890563,393.83728,-16.992188,13.75,-119.53125,-41.039062,1.6999307530266898,0.5294596913885873,1.5314920885222298,0.5955232868307514,-2.112242272921971,1.33375780648454,-2.362672201224736,1.218995158777654,6.209831578390939,1.0494722428946939,6.769590956824167,1.3803206198793676,1.9872115169252669,0.36921431472718425,2.2315406629017422,0.48316936163479796,0.8514723096575055,0.5963485453648047,0.7504031849758965,0.6718731953521778,-4.163091506276812,2.0567388629109935,-3.923989083085741,1.687328524091434,3.926351172583444,0.8717328047018039,4.156914489609854,1.2728104781080798,1.3637518967900957,0.4238410317066414,1.387419798544475,0.3782117174398386,-0.31992435,-2.0133934,0.016503736,0.53469324,62.573526870571975,-8.0,998.0,86.1496837391128,14.45807132835369,556.4395744373328,37.602601419573794,211.39999999999964,9447.828125,0,9447.828125,0,9447.828125,0
2010-09-19,0.022522258,0.0,0.5569458,0.061679583,-2.0938387,-4.9331436,-0.037800048,1.377796,-0.0044655185,-0.007237452,1.4691614e-07,0.0020614003,300.44882,288.23846,305.52353,3.374985,96594.945,76055.82,100567.664,5641.387,0.07841311,-2.542387,2.6885293,1.2316549,-1.0786191,-3.9579906,1.3560963,1.1284233,9,262,1,0.21973405964672565,0.07324468654890855,3.7770000714808702,0.5395714387829814,40.35004675574601,2.8821461968390003,80.67728671617806,2.6892428905392687,-0.14804935,0.022522258,393.8598,-60.257812,14.9453125,-147.25781,-52.265137,1.4871830397418566,0.8141411400241033,1.4205252682524068,0.7092455326984606,-2.2043324198041643,1.3387254682551526,-2.3914167625563487,1.2180839353371928,5.667470557349069,1.6769558211128965,6.568035517420087,1.7380188848663447,1.8228011982781547,0.4169914864263996,2.1857156327792575,0.5460947011100467,0.4862535170146397,0.8691875398906336,0.5765793685402189,0.8050446482542285,-4.312681862286159,1.9873929981217513,-4.06942618744714,1.5862040037071408,3.461557831083025,1.2373757176826559,3.9306493997573853,1.4690089388442664,1.3542783856391907,0.4289586022360488,1.3727258571556635,0.3843867091846619,0.23533845,-0.06462717,0.008403093,0.20328581,62.573526870571975,-8.0,998.0,86.1496837391128,14.45807132835369,556.4395744373328,37.602601419573794,211.39999999999964,9318.0546875,0,9318.0546875,0,9318.0546875,0
2010-09-20,0.0029691998,0.0,0.25749207,0.01916851,-2.1200213,-5.161866,-0.03684964,1.4277757,-0.004656079,-0.007201288,-4.7730282e-08,0.002098637,300.90027,288.8193,305.76364,3.3307264,96685.375,76116.85,100731.6,5664.5103,0.969314,-1.3937899,3.9319344,1.1398988,-0.7086606,-3.4279416,1.7656618,0.88202316,9,263,1,0.12439708784222603,0.041465695947408676,1.7367456518113613,0.24810652168733732,38.705667432397604,2.764690530885543,80.07640942558646,2.6692136475195487,-0.08572182,0.0029691998,393.86276,-65.890625,-0.609375,-113.35156,-39.40918,1.3325443576489175,0.7915150229870458,1.3400686622730322,0.6903998952172523,-2.2444725717817033,1.3043128516076072,-2.3999431559017728,1.2100550155685368,5.3287173339298795,1.7643570080607542,6.40170419216156,1.875682356086381,1.695853556905474,0.47513365092690446,2.1274117827415466,0.6120768864430849,0.20086147103990828,0.8893878941180152,0.43750990501471926,0.8489109290920397,-3.931991526058742,1.839290956529044,-4.096650813307081,1.5704951687023927,3.213417478970119,1.3922375090196468,3.7652440667152405,1.5771267453936935,1.2838764020374842,0.4640294824393059,1.3565287504877364,0.40079163251149547,0.5527358,0.76150703,-0.0028910562,-0.040371776,62.573526870571975,-8.0,998.0,86.1496837391128,14.45807132835369,556.4395744373328,37.602601419573794,211.39999999999964,9118.7265625,0,9118.7265625,0,9118.7265625,0
2010-09-21,0.05891341,0.0,3.9458275,0.33400333,-2.1562586,-6.3103004,-0.038461294,1.5291837,-0.004696514,-0.008314924,7.287599e-08,0.0021953813,300.9089,288.6475,305.901,3.3167393,96744.94,76142.32,100851.65,5692.3623,1.6987364,-1.6442198,5.5234237,1.5268178,0.23973079,-3.077261,2.8995457,1.0116705,9,264,1,0.08440486714243889,0.028134955714146297,0.9282090030610561,0.13260128615157946,37.26741551980376,2.6619582514145543,79.70780846104026,2.656926948701342,-0.023668915,0.05891341,393.92166,61.804688,95.50781,28.125,-22.606445,1.3870009492550577,0.8033356561104235,1.3006952644458838,0.6489936316113223,-2.1100062131881714,1.3117950897514141,-2.423829070159367,1.190015708975959,5.25294954436166,1.7392391489444965,6.269161173275539,1.8668498284856303,1.6149677719388689,0.44338613827239975,2.0709169677325656,0.6294135559226054,0.13223031801836832,0.8607114054903939,0.36765220229114803,0.8194972796949147,-3.899363875389099,1.8542186887916305,-4.0643216116087775,1.5876251839084203,3.1738841363361905,1.3973873087565902,3.6765463607651845,1.5892218104695202,1.2196321657725744,0.46648283429443843,1.3407578212874276,0.41028077215059117,0.43624282,-1.2778878,0.0042377524,0.12829757,62.573526870571975,-8.0,998.0,86.1496837391128,14.45807132835369,556.4395744373328,37.602601419573794,211.39999999999964,8852.7890625,0,8852.7890625,0,8852.7890625,0
2010-09-22,0.091592565,0.0,8.172512,0.53598297,-2.1840208,-5.7870307,-0.036851734,1.6090055,-0.005021442,-0.008948255,1.0221265e-07,0.0023956911,300.88095,288.5819,305.44772,3.114991,96733.41,76119.914,100917.25,5709.352,2.4417872,-1.4971613,7.6837063,1.9419798,0.99228626,-4.1447773,4.3634014,1.3608911,9,265,1,0.1534751746803522,0.0511583915601174,0.5756916217505932,0.08224166025008474,35.698856841772795,2.549918345840914,79.38838030025363,2.6462793433417877,0.0014844611,0.091592565,394.01328,45.453125,66.80469,90.390625,-10.663574,1.5554621017404966,0.8916766332004885,1.390772613563708,0.7151978543772362,-2.132386956896101,1.2977393751992234,-2.305975181715829,1.1945679021295526,5.753692388534546,1.87743900615675,6.364743045398167,1.9049301667932592,1.692660621234349,0.44669387373541425,2.03393748828343,0.6199523663351423,0.18950216472148895,0.9083739158793007,0.4161315954157284,0.8359621407177464,-4.293517827987671,1.487894491952231,-4.127494956765856,1.5706791703968483,3.3870939356940135,1.4560855437344593,3.8003149798938205,1.5688439503754334,1.3176282899720329,0.4003447568681056,1.3621886798313685,0.40229401400765463,0.30861425,-1.1928124,0.007266648,0.33817184,62.573526870571975,-8.0,998.0,86.1496837391128,14.45807132835369,556.4395744373328,37.602601419573794,211.39999999999964,8576.6015625,0,8576.6015625,0,8576.6015625,0
2010-09-23,0.05380332,0.0,1.9478798,0.22341833,-2.1534114,-6.580731,-0.033458456,1.7562133,-0.004763623,-0.007798586,-6.263144e-08,0.0021877678,300.6884,288.53372,305.39587,2.9194176,96694.27,76071.5,100811.71,5707.796,1.8846248,-2.9919853,8.00183,2.4276698,1.3744414,-4.430282,4.638159,1.6433595,9,266,1,0.20430929586291313,0.06810309862097104,0.4270125553011894,0.06100179361445563,26.39156759530306,1.8851119710930757,78.75023902207613,2.6250079674025377,-0.012466472,0.05380332,394.06708,15.953125,28.3125,29.773438,-14.462891,1.5427475113953864,0.8853321347495436,1.4773776728127683,0.6945986575446181,-2.3309705598013744,1.309338880715121,-2.216044647353036,1.0786428687755625,6.043174982070923,2.0642596735930936,6.401070203099932,1.9327524668084892,1.8039298227855138,0.5242232435742495,1.9957115479878016,0.5729917053286497,0.26442972464220865,0.9899033363079478,0.5643308258482388,0.8061863816060049,-4.5307404313768656,1.3282704720757879,-4.107841227735792,1.564600910497682,3.440997447286333,1.5001395910070559,3.9591928124427795,1.5297784483305246,1.3902748908315385,0.4077171607521608,1.3851609144892012,0.40893479394818066,0.45609426,-1.4212551,0.01244504,0.32532406,62.573526870571975,-8.0,998.0,86.1496837391128,14.45807132835369,556.4395744373328,37.602601419573794,211.39999999999964,8337.0,0,8337.0,0,8337.0,0
2010-09-24,0.021851521,0.0,1.7523766,0.09647528,-1.9243504,-5.0950108,-0.035500154,1.5331578,-0.004513422,-0.0067960685,1.06683e-06,0.0020296827,300.4341,287.59506,304.973,3.1243978,96727.52,76083.6,100819.84,5712.323,1.6333628,-1.5797304,6.327537,1.9512831,1.1744617,-2.6895428,3.2885659,1.267048,9,267,1,0.16724740713834763,0.05574913571278254,0.3505579046905041,0.05007970067007201,14.993351329118013,1.0709536663655723,76.0466025955975,2.5348867531865835,-0.022152338,0.021851521,394.08893,17.398438,15.53125,-12.5,-14.611816,1.4051847936851638,0.76033412856855,1.5496671694730009,0.6498753261361864,-2.368008920124599,1.2793123754014217,-2.068183260304587,1.0064524323672561,5.866976499557495,1.9632871658950992,6.134290746280125,1.6211398760008255,1.8052570479256767,0.5246426407117919,1.90926627601896,0.4646260856802531,0.24603264885289328,0.9683414833513481,0.6429394834807941,0.8083430737860944,-4.058352095740182,1.3080530979876006,-3.863869232790811,1.4939030147160315,3.14422070980072,1.238518375429335,3.7287181871277943,1.3472405126570806,1.325345081942422,0.3815157908154702,1.3327465057373047,0.3690294777704374,0.71032655,-0.021424294,-0.0058079604,-0.048431635,62.573526870571975,-8.0,998.0,86.1496837391128,14.45807132835369,556.4395744373328,37.602601419573794,211.39999999999964,8145.34375,0,8145.34375,0,8145.34375,0
2010-09-25,0.010297886,0.0,0.36907196,0.02689808,-1.8531713,-5.3749967,-0.03525545,1.4495785,-0.004600814,-0.007368901,2.188608e-08,0.0020850236,300.53537,287.9502,305.62256,3.1946998,96874.86,76200.336,100958.625,5718.7656,1.7564876,-1.2982413,5.1679454,1.5014989,0.8581459,-2.3391705,3.9808571,1.152869,9,268,1,0.08595272805541754,0.028650909351805847,0.2619501603767276,0.03742145148238966,7.020745257847011,0.5014818041319293,73.01245019864291,2.4337483399547635,-0.030147389,0.010297886,394.0992,31.3125,44.914062,-16.890625,-20.091309,1.4946751392313413,0.7594192558339256,1.5973029461290156,0.6378886785024394,-1.8496449845177787,0.6501257670073175,-1.9809436287198747,1.01719036382207,5.617843730109079,1.9187383492874175,5.913837654250009,1.5171903864505132,1.6744004317692347,0.45626538283121254,1.830805974347251,0.4305150378062531,0.4073980471917561,0.9618362294989891,0.6294351784246308,0.8026288512257342,-3.4381379740578786,0.7802132717250646,-3.800614740167345,1.54105100701972,3.1846124274390086,1.263942750598281,3.555481800011226,1.1118395511897916,1.2066120845930917,0.24851722424929326,1.2851819906915938,0.3436050290064657,0.5804112,2.1590776,-0.0009955876,-0.23781788,62.573526870571975,-8.0,998.0,86.1496837391128,14.45807132835369,556.4395744373328,37.602601419573794,211.39999999999964,7984.546875,0,7984.546875,0,7984.546875,0
2010-09-26,0.0022412518,0.0,0.13923645,0.010219443,-1.7384214,-4.9441595,-0.03482262,1.3224725,-0.004693337,-0.007786914,2.191402e-06,0.0021636637,300.63016,287.9695,305.43387,3.1973288,96987.99,76306.59,101056.195,5719.4556,1.2354147,-1.1224384,3.6831849,0.9597263,0.6683379,-2.7935708,3.9590333,1.1918352,9,269,1,0.034390658838674426,0.011463552946224809,0.2416691544931382,0.034524164927591174,4.018669225974008,0.28704780185528633,70.79796467046253,2.3599321556820843,-0.028795548,0.0022412518,394.10147,58.414062,71.359375,-2.8828125,-22.910645,1.6599610873631068,0.4709011452737316,1.5735720635524817,0.6452146330478816,-1.6467951876776559,0.6187194648064759,-1.9255638037409102,1.0428498347220643,5.759937388556344,1.6886892596240908,5.713703972952707,1.617525147854967,1.6355534877095903,0.5087960515252844,1.7291773429938726,0.45735425578453637,0.6569633334875107,0.7041113001415905,0.5716084252510752,0.7650819292463023,-3.2717922755650113,0.7750183173021191,-3.792237068925585,1.5465690287245202,3.5564605678830827,0.9894162124809018,3.509009199483054,1.0774536043006806,1.215670917715345,0.24633828494952179,1.284974651677268,0.3436646737692456,0.35541725,-0.011015892,0.002977427,-0.0553236,62.573526870571975,-8.0,998.0,86.1496837391128,14.45807132835369,556.4395744373328,37.602601419573794,211.39999999999964,7825.7265625,0,7825.7265625,0,7825.7265625,0
2010-09-27,0.0018659525,0.0,0.12302399,0.008047344,-1.7060615,-4.672951,-0.036767457,1.2845371,-0.0047995,-0.0077600395,2.6461203e-06,0.00220342,300.9892,288.36304,305.3389,3.239107,97001.33,76327.21,101118.664,5717.864,0.8240929,-2.0134304,3.5082982,0.97839725,0.3375264,-3.0286553,3.011058,1.2269044,9,270,1,0.014405090361833572,0.004801696787277858,0.24056590721011162,0.03436655817287309,1.977311559021473,0.1412365399301052,68.44894094020128,2.281631364673376,-0.022564532,0.0018659525,394.10333,109.171875,112.30469,70.17969,-23.090332,1.6392152224268233,0.5081267480956938,1.4858797900378704,0.6585121638984935,-1.7353152547563826,0.6208115261853817,-1.989893913269043,1.0162971212525875,5.699417931692941,1.7707189875849694,5.51406763281141,1.7090567478416154,1.6124818410192217,0.5378499100444062,1.654167698962348,0.4894687090180805,0.8064186211143222,0.41940222733426114,0.5036400460771152,0.738236070435767,-3.2147513798304965,0.7763029585384487,-3.5733714529446194,1.4064232329673865,3.73437431880406,0.6760913758546321,3.4738958988870894,1.0856559549079308,1.2649396657943726,0.1982880055522069,1.2744080339159285,0.34296266473648807,0.41395986,0.48891497,8.218363e-05,-0.14323866,62.573526870571975,-8.0,998.0,86.1496837391128,14.45807132835369,556.4395744373328,37.602601419573794,211.39999999999964,7654.1328125,0,7654.1328125,0,7654.1328125,0
2010-09-28,0.007555975,0.0,2.0399094,0.07461867,-1.6846713,-4.667391,-0.03891112,1.3078709,-0.005036664,-0.0081608705,3.2372773e-06,0.0022957,301.61804,289.04205,305.83624,3.07784,96932.15,76280.47,101053.305,5712.536,0.82835484,-2.2843983,4.0194755,1.1234663,0.38694528,-3.567765,3.6891525,1.4704388,9,271,1,0.011663179378956556,0.0038877264596521854,0.18920847261324525,0.027029781801892177,1.1174174756743014,0.07981553397673581,65.58064361521974,2.186021453840658,-0.02713666,0.007555975,394.11087,75.19531,96.71094,41.570312,-24.822266,1.5148749947547913,0.5908870591847664,1.4509379720049245,0.6807351997789943,-1.82676933492933,0.6515479752799077,-1.9683877740587508,1.0058562246909533,5.484568187168667,1.883294287385248,5.368758865765163,1.7457259086485692,1.554860191685813,0.5692467669349753,1.5849139818123408,0.49118726805424584,0.8274492621421814,0.3888264701047948,0.47983979008027483,0.736087041012909,-3.284823383603777,0.7839241143514226,-3.5920936294964383,1.4043283046383068,3.847175291606358,0.571348553270808,3.510529713971274,1.083491726892183,1.330478004046849,0.17508403066829353,1.2750550849097115,0.3433508762003508,0.4715873,1.6429095,-0.00044982508,-0.22131288,62.573526870571975,-8.0,998.0,86.1496837391128,14.45807132835369,556.4395744373328,37.602601419573794,211.39999999999964,7476.9296875,0,7476.9296875,0,7476.9296875,0
2010-09-29,0.47364697,0.0,19.96088,2.0649016,-1.5361497,-5.1524906,-0.040051296,1.1676742,-0.0047256146,-0.007940199,3.259629e-08,0.0022174008,301.85892,289.54993,305.98074,2.9888585,97008.1,76387.33,101093.375,5708.413,0.70862764,-1.5799669,4.6777644,1.1622763,0.21911544,-3.4256752,3.5361168,1.2415457,9,272,1,0.48306889622472227,0.16102296540824076,0.5712628760375082,0.08160898229107261,1.1469544977881014,0.08192532127057868,61.028113654349,2.034270455144967,0.2881996,0.47364697,394.58453,82.265625,112.171875,49.296875,-17.608887,1.2672807659421648,0.4927192007376674,1.4113714338413306,0.7080757381201257,-1.838598711150033,0.6452879214082136,-1.9854928340230669,0.9963484983228194,5.055147920336042,1.6229959866951007,5.404420154435294,1.724511847923721,1.4434739777020045,0.5570253796932918,1.5680672994681768,0.5020117286657281,0.7169962865965707,0.4405708287617218,0.4532492256590298,0.7384677550055914,-3.1820945058550154,0.694462385880094,-3.737806166921343,1.2557579522692088,3.728991780962263,0.5309004259331035,3.5580428583281383,1.06775723673024,1.3134286573954992,0.1774240435367119,1.315528473683766,0.29750152199461155,0.647871,0.6345401,-0.0031995624,-0.44133127,62.573526870571975,-8.0,998.0,86.1496837391128,14.45807132835369,556.4395744373328,37.602601419573794,211.39999999999964,7314.3671875,0,7314.3671875,0,7314.3671875,0
2010-09-30,0.06516852,0.0,4.3034554,0.29131815,-1.6161534,-4.8845763,-0.04113233,1.2670165,-0.0047448003,-0.007260438,-1.1874363e-08,0.0021571745,302.38272,290.04626,306.57352,3.0754378,96977.17,76410.26,101055.76,5688.1826,0.7089695,-1.5916233,4.7087917,1.1984674,-0.16801147,-3.831282,2.8602464,1.4493555,9,273,1,0.5463714660145342,0.18212382200484475,0.5826280773617327,0.08323258248024754,1.0096406326629221,0.07211718804735158,56.256073428783566,1.8752024476261189,0.008942787,0.06516852,394.6497,28.414062,85.125,-2.828125,-27.335938,1.0993299995149886,0.445304921675517,1.3210387554551875,0.7114894229701625,-1.6385469947542464,0.39768713900719055,-1.9847587772778101,0.9966565864667551,4.584713867732456,0.9740435639436028,5.31394442490169,1.725475498879307,1.2678736363138472,0.3505239348667371,1.5359017295496804,0.5107919229226061,0.496645878468241,0.4426700217147417,0.3805378015552248,0.7464751723159447,-3.0965230464935303,0.533210820266591,-3.813631738935198,1.2244661514900257,3.4750042983463834,0.4411533976119242,3.4580008728163585,1.0624448694151243,1.285713791847229,0.12457973640175384,1.3379943413393838,0.29466877693897353,0.537258,1.6961546,-0.0076738745,-0.48919678,62.573526870571975,-8.0,998.0,86.1496837391128,14.45807132835369,556.4395744373328,37.602601419573794,211.39999999999964,7185.9609375,0,7185.9609375,0,7185.9609375,0
2010-10-01,0.02247266,0.0,2.1429062,0.14255562,-1.6599411,-5.380603,-0.043647368,1.3283035,-0.004855111,-0.008076534,4.33065e-08,0.0022008151,302.66187,289.98965,306.91953,3.1521814,96904.24,76397.695,100965.49,5660.6064,0.45192173,-1.9544271,3.9084473,1.0952663,-0.68036646,-4.7916102,1.9574947,1.3228161,10,274,0,0.5612881500273943,0.18709605000913143,0.5832492155022919,0.08332131650032741,0.933807120192796,0.06670050858519971,52.14673685329035,1.738224561776345,-0.03428138,0.02247266,394.6497,0.0,0.0,0.0,0.0,0.9305527082511357,0.43288275685364086,1.1678687509681498,0.6433946908819388,-1.6920750992638725,0.4133590892573777,-2.0300420096942355,0.9783871421415711,4.239129611424038,0.6159639704933336,5.053053055490766,1.6332611989397143,1.145585528441838,0.1804006147771832,1.4754212881837572,0.509135654528151,0.23167042434215546,0.5180380082842057,0.23885153659752437,0.7461188601774399,-3.3968183994293213,0.793969902006726,-3.7275852475847517,1.094744107241736,3.284851278577532,0.7283161757884272,3.2145359941891263,0.9788318256672427,1.2936806678771973,0.12496968869473284,1.3095128749098097,0.2732341280234304,0.2644093,-0.28559208,-0.008147214,-0.20485437,62.573526870571975,-8.0,998.0,86.1496837391128,14.45807132835369,556.4395744373328,37.602601419573794,211.39999999999964,7088.7578125,0,7088.7578125,0,7088.7578125,0
2010-10-02,0.042307287,0.0,3.0117035,0.2196437,-1.6206695,-4.8086543,-0.042219877,1.2656158,-0.0049266354,-0.007800539,-1.3806857e-07,0.0022383765,303.23837,290.25256,307.56042,3.198703,96839.62,76364.84,100904.125,5649.7593,0.45629647,-1.7200419,4.2684426,1.2476691,-0.6038299,-4.3101096,1.7514547,1.3126717,10,275,0,0.12994846887886524,0.04331615629295508,0.615258616860956,0.08789408812299371,0.8772087772376835,0.06265776980269168,49.457685851026326,1.6485895283675442,0.01888299,0.042307287,394.6497,0.0,0.0,0.0,0.0,0.7448111176490784,0.26632556365985327,1.1197431284402097,0.6710449744163557,-1.752332329750061,0.37537868186402845,-1.8009886571339198,0.512503669110454,4.110629217965262,0.46530343714973305,4.86423647403717,1.5526483429575901,1.1093241231782096,0.10786470321978582,1.3918622774737222,0.43292090976766107,0.022816736783300127,0.5180782666167103,0.21510739198752812,0.7685582847328164,-3.6783811364855086,0.7003413310803657,-3.5582595552716936,0.7230955408837914,2.9663652181625366,0.8504424338469291,3.0754888228007724,1.0411359593367957,1.3165096214839391,0.10846592307637977,1.2615608530385154,0.19283814326162677,0.23250186,0.56634235,-0.0069644265,-0.1839627,62.573526870571975,-8.0,998.0,86.1496837391128,14.45807132835369,556.4395744373328,37.602601419573794,211.39999999999964,6996.9296875,0,6996.9296875,0,6996.9296875,0
2010-10-03,0.041714463,0.0,2.5253296,0.20452595,-1.6274515,-4.6137323,-0.042740718,1.281185,-0.004970795,-0.008312392,-7.846393e-08,0.0022702198,303.2562,290.74362,308.04465,3.2145498,96821.586,76344.96,100845.02,5653.3945,0.54884577,-1.8761692,5.124726,1.2978178,-0.24155131,-3.439331,2.2446697,1.1602105,10,276,0,0.10649440996348858,0.03549813665449619,0.6547318284865469,0.09353311835522098,0.8964009829796851,0.06402864164140608,46.873381790239364,1.5624460596746454,0.020421859,0.041714463,394.6497,0.0,0.0,0.0,0.0,0.6467298354421344,0.16121764293799357,1.1533454614026206,0.62509479875703,-1.8600081545966012,0.2526082585221337,-1.7534016711371285,0.4673046644849721,4.316563640322004,0.554957065264015,5.0382505144391745,1.4209839434744653,1.1576229163578577,0.10538003517178061,1.3965882020337241,0.43139594090465483,-0.10716743341514043,0.43691194121065335,0.2748979500361851,0.6885672977222491,-3.7706326075962613,0.599659775271063,-3.5212124415806363,0.7142730192518649,2.721456136022295,0.7588484063490343,3.138958351952689,0.9514800404683759,1.311991810798645,0.11498692886387324,1.2638313642569952,0.1913312205019187,0.1109699,0.33042717,-0.007918097,-0.041287422,62.573526870571975,-8.0,998.0,86.1496837391128,14.45807132835369,556.4395744373328,37.602601419573794,211.39999999999964,6886.484375,0,6886.484375,0,6886.484375,0
2010-10-04,0.006636667,0.0,1.3561249,0.053268123,-1.6370007,-4.8421683,-0.040865496,1.3188467,-0.004983105,-0.008355471,2.6309863e-08,0.002315283,303.07272,290.81833,307.6824,3.2676916,96757.5,76281.23,100807.6,5657.982,0.86084,-1.7719752,4.3986382,1.3483568,-0.23024543,-3.7345784,2.5320232,1.1659994,10,277,0,0.09065841790288687,0.030219472634295624,0.6595025430433452,0.09421464900619217,0.9000684502534568,0.06429060358953263,43.83835409535095,1.4612784698450316,0.002297033,0.006636667,394.6497,0.0,0.0,0.0,0.0,0.651979420866285,0.1683940666871133,1.145597321646554,0.6282158479219835,-1.825514554977417,0.24452279060612667,-1.7804149048668998,0.4557045074289586,4.443755081721714,0.42584495981325476,5.071586506707328,1.3983273016095392,1.2104742867606026,0.09249723487261904,1.4114780638899123,0.42541064713508175,-0.18827769586018153,0.3908741742876644,0.3090704626270703,0.6465921173600186,-3.871478761945452,0.5061506721621556,-3.5431150708879744,0.715892488096173,2.6530225787843977,0.749926541750556,3.193698448794229,0.8862002616579537,1.3032910994121008,0.12441594067253185,1.2841153826032365,0.16027204522496422,0.0690608,-0.16921711,-0.004098039,0.034309626,62.573526870571975,-8.0,998.0,86.1496837391128,14.45807132835369,556.4395744373328,37.602601419573794,211.39999999999964,6751.796875,0,6751.796875,0,6751.796875,0
2010-10-05,0.0016781075,0.0,0.40531158,0.020852434,-1.5805403,-5.896104,-0.042272035,1.2833604,-0.0050727595,-0.008875534,1.0384247e-07,0.0023898673,302.74872,290.63937,306.7905,3.207234,96641.57,76172.49,100697.35,5663.0366,1.0038725,-2.2491074,4.490354,1.462437,-0.075936206,-4.4784646,2.7415466,1.1871761,10,278,0,0.05002923798747361,0.016676412662491202,0.653624675469473,0.09337495363849614,0.8428331480827183,0.06020236772019416,41.254762513330206,1.37515875044434,-0.0013570625,0.0016781075,394.6497,0.0,0.0,0.0,0.0,0.6770533749035427,0.2075487532759314,1.095964184829167,0.6082858477599803,-1.8204729897635323,0.23360472559335826,-1.8236211623464311,0.4702417009723651,4.511023453303745,0.3826544589227635,4.997795820236206,1.3999064135729398,1.2588986839566911,0.12304118753456292,1.406879437821252,0.424414741114205,-0.2544036220226969,0.3076324634371702,0.2865228200597422,0.6546497806462971,-4.001578705651419,0.5314820177494671,-3.6432010446275984,0.7431815486039022,2.517650314739772,0.6028170944743215,3.182412803173065,0.8912262095943536,1.2628249951771326,0.1056391209473053,1.2966514996119909,0.14328656162481623,0.10413098,-1.228713,-0.003360916,-0.024510503,62.573526870571975,-8.0,998.0,86.1496837391128,14.45807132835369,556.4395744373328,37.602601419573794,211.39999999999964,6600.4609375,0,6600.4609375,0,6600.4609375,0
2010-10-06,0.014915123,0.0,3.420353,0.13599302,-1.6280152,-5.8395057,-0.041270394,1.3822052,-0.0049997796,-0.008473615,2.8503127e-06,0.002361421,302.4262,290.2385,306.83615,3.1241024,96662.6,76187.766,100735.34,5660.015,0.9828681,-2.216821,5.0885177,1.6256206,-0.6105365,-5.105492,2.2627125,1.4165365,10,279,0,0.023229897255077958,0.007743299085025986,0.19489282951690257,0.027841832788128937,0.7661557055544108,0.05472540753960077,39.622329112840816,1.3207443037613606,0.006637658,0.014915123,394.6497,0.0,0.0,0.0,0.0,0.7162305797849383,0.2381318377747139,0.9917556728635516,0.4690145950204689,-1.9114521401269096,0.2479029037677333,-1.8750254256384713,0.47114351763055373,4.56970248903547,0.439723591578655,4.8124252046857565,1.1698006829769134,1.325090731893267,0.17574326329597967,1.3842823547976357,0.40153828099973893,-0.37292532942124773,0.249033119977432,0.17203547858766147,0.6618431636044453,-4.241552557264056,0.6025897691373472,-3.7118235315595354,0.8320934849967097,2.335735406194414,0.4034019292287241,3.0323635935783386,0.8531210534077317,1.2878236770629883,0.11955306120654864,1.3006261672292436,0.1459525756947356,-0.09186542,-0.68701506,-0.0012190975,0.21453106,62.573526870571975,-8.0,998.0,86.1496837391128,14.45807132835369,556.4395744373328,37.602601419573794,211.39999999999964,6443.8046875,0,6443.8046875,0,6443.8046875,0
2010-10-07,0.00086853874,0.0,0.24795532,0.011021793,-1.6670101,-5.1483727,-0.039628476,1.4183295,-0.004926528,-0.008574142,7.629627e-06,0.0023202111,301.94574,289.2529,305.97623,3.075775,96607.164,76122.9,100696.85,5661.2446,1.4200082,-2.0616233,5.803774,1.9176109,-0.45724174,-4.36595,2.2216961,1.2650499,10,280,0,0.017461768933571875,0.005820589644523959,0.13059284596238285,0.01865612085176898,0.7132209233241156,0.050944351666008254,38.12603232928086,1.2708677443093621,2.5058165e-05,0.00086853874,394.6497,0.0,0.0,0.0,0.0,0.8178075381687709,0.35666643476084664,0.9585687688418797,0.4142125662552742,-1.9785950013569422,0.20713878449454842,-1.8085709980555944,0.35203621789442047,4.726128510066441,0.6445209722263286,4.655421188899449,0.7968689807533533,1.4278255190168108,0.27278800305848483,1.347849577665329,0.3129546609941209,-0.41424393973180224,0.23283540137013556,0.041200969368219376,0.5821072691714201,-4.317933729716709,0.5751812371362769,-3.70722838810512,0.8279881830371385,2.2445139374051775,0.33066658826126744,2.85975911787578,0.7402241410126806,1.2614943129675729,0.09603044463071887,1.273604052407401,0.1075978206662524,-0.05085671,-0.26379633,0.001503855,0.15131295,62.573526870571975,-8.0,998.0,86.1496837391128,14.45807132835369,556.4395744373328,37.602601419573794,211.39999999999964,6293.3515625,0,6293.3515625,0,6293.3515625,0
2010-10-08,0.0039431816,0.0,0.28133392,0.013835126,-1.6552829,-5.445653,-0.037187707,1.4502465,-0.00481775,-0.008799868,2.8871e-08,0.0022302454,301.61328,289.10037,305.7371,2.9128683,96573.016,76066.836,100691.79,5665.464,2.0307522,-1.249801,5.9465694,1.8312869,0.018189907,-3.0990658,3.0230453,1.1180719,10,281,0,0.01972684299107641,0.006575614330358803,0.11206336843315512,0.016009052633307874,0.695312583935447,0.04966518456681764,36.46982426766772,1.2156608089222574,0.0019118628,0.0039431816,394.6497,0.0,0.0,0.0,0.0,1.0433547454220908,0.5392165861244936,0.9869537268366132,0.4733990913645695,-1.8779341323035104,0.34570390378522287,-1.7850046157836914,0.37857669532410254,5.017288821084159,0.6732875645554102,4.628209216254098,0.7398402992803997,1.5329713140215193,0.2649766611947477,1.3392784212316786,0.29635986320966823,-0.31445017350571497,0.24891103238963683,-0.04138987458177975,0.48244469243094434,-4.0761416639600485,0.687631993618652,-3.736480031694685,0.7958805537413602,2.3967354467936923,0.41181988432546135,2.8407933626856123,0.7317452515718433,1.2322451387132918,0.1050016645477573,1.2629629032952445,0.11538123122746079,0.004658222,-0.065050125,0.006459661,0.121943,62.573526870571975,-8.0,998.0,86.1496837391128,14.45807132835369,556.4395744373328,37.602601419573794,211.39999999999964,6150.546875,0,6150.546875,0,6150.546875,0
2010-10-09,0.005119458,0.0,0.22745132,0.0154063,-1.6864611,-6.005516,-0.029375777,1.6103015,-0.0049102926,-0.00830449,6.216578e-08,0.0023144495,301.18378,288.20248,306.14966,3.153243,96402.01,75874.87,100562.21,5676.06,2.840417,-0.9635461,7.6349645,1.9277605,1.2370527,-4.5831437,5.4503846,1.6433566,10,282,0,0.009931178181432188,0.0033103927271440625,0.07487553881946951,0.010696505545638502,0.6901341556804255,0.049295296834316105,27.11385115806479,0.9037950386021597,0.0024072002,0.005119458,394.6497,0.0,0.0,0.0,0.0,1.3839433789253235,0.7976337758624332,1.064377248287201,0.6605713636079947,-1.7698633074760437,0.491000258781568,-1.7610978186130524,0.41998334460193903,5.49822051184518,1.1099763507235532,4.804424864905221,1.0894692540835251,1.630127225603376,0.2676010780719646,1.3697256743907928,0.3338350971720832,-0.05146694502660206,0.6070474208162466,-0.014325104121650969,0.5435483983548017,-4.1151465347834995,0.7104795288840484,-3.8967638356345042,0.7146397097581971,2.925154004778181,1.1526329656889347,2.9457596114703586,0.9733698323019634,1.2794858387538366,0.18844737890398172,1.2979977301188879,0.14896083331748866,-0.06579161,-1.1968617,0.012844101,0.34468567,62.573526870571975,-8.0,998.0,86.1496837391128,14.45807132835369,556.4395744373328,37.602601419573794,211.39999999999964,6007.890625,0,6007.890625,0,6007.890625,0
2010-10-10,0.028442692,0.0,1.2993813,0.11246157,-1.5885696,-6.219136,-0.029729912,1.5378386,-0.0046104724,-0.007555796,1.3620593e-07,0.0021447216,300.65128,287.19846,305.16647,3.3099942,96383.94,75804.836,100526.836,5687.904,2.1138675,-2.3018627,7.745989,2.0391355,1.9356916,-4.3297577,5.3382926,1.9075515,10,283,0,0.037505331449210644,0.012501777149736881,0.06160376744810492,0.00880053820687213,0.7163355959346518,0.05116682828104656,15.722226062905975,0.5240742020968658,0.013737598,0.028442692,394.6497,0.0,0.0,0.0,0.0,1.6075179151126318,0.741936662115393,1.127123875277383,0.7173490140275371,-1.8306766663278853,0.5310872652772811,-1.8453424104622431,0.3998267769531783,5.872686658586774,1.3737827901449946,5.094625149454389,1.290404079844071,1.7360297441482544,0.26077219099880306,1.4468263302530562,0.35578549382237323,0.25956775567361284,0.9527598796136528,0.07620016112923622,0.7370727989120921,-4.242350339889526,0.6461105032598315,-4.006491473742893,0.6469523485819713,3.3671001366206577,1.4121107598820508,3.0442781363214766,1.1394480048973452,1.3862488440104894,0.2925537023835173,1.349120327404567,0.21700006202801134,0.038881898,-1.6054039,0.0130108055,0.25665355,62.573526870571975,-8.0,998.0,86.1496837391128,14.45807132835369,556.4395744373328,37.602601419573794,211.39999999999964,5860.75,0,5860.75,0,5860.75,0
2010-10-11,0.18226309,0.0,3.3273697,0.44560674,-1.3958017,-4.6087694,-0.033606775,1.178906,-0.0042053983,-0.0063621765,-1.1152588e-07,0.0019001495,300.48264,287.68008,304.36142,3.119715,96739.47,76084.445,100795.9,5716.938,0.8604775,-2.834116,5.046581,1.5633022,1.5319864,-1.868342,3.9422455,1.2365507,10,284,0,0.21582524105906487,0.07194174701968829,0.23723019158933312,0.03389002736990473,0.8967327346326783,0.06405233818804845,7.921585196745582,0.2640528398915194,0.09111526,0.18226309,394.6497,0.0,0.0,0.0,0.0,1.6074661271912711,0.7419974776162033,1.129722774028778,0.7162317454663205,-1.982411069529397,0.6499491505360471,-1.9039628122534071,0.47874110294404276,5.965249879019601,1.2762791927308774,5.204502480370658,1.2077858798164631,1.7667362179074968,0.21639360016347314,1.4886052523340498,0.32995189020593796,0.5113151531134333,1.0313424265694338,0.1615187286266259,0.8325911576784254,-3.9757451500211443,1.1094508724241023,-3.923611955983298,0.8302209449392178,3.568560464041574,1.3731761000168028,3.1107915214129855,1.1642676200998934,1.3963275977543421,0.28481417022226024,1.3498093485832214,0.21659709000819088,0.24119902,0.23339891,0.0072587207,-0.13994074,62.573526870571975,-8.0,998.0,86.1496837391128,14.45807132835369,556.4395744373328,37.602601419573794,211.39999999999964,5709.34375,0,5709.34375,0,5709.34375,0
2010-10-12,0.19303314,0.0,5.1088333,0.5488266,-1.4067212,-4.673946,-0.0334268,1.1449568,-0.0041004894,-0.0062096706,6.021466e-06,0.0018581585,300.6718,288.1243,304.66248,3.0751116,97049.11,76333.43,101114.48,5742.65,0.77450067,-2.12415,3.8079383,1.1321157,1.0369041,-0.9438159,3.6972973,0.77626157,10,285,0,0.40373892709612846,0.13457964236537615,0.42858522792812437,0.06122646113258919,1.0822099033975974,0.07730070738554266,5.110301056993194,0.1703433685664398,0.09650226,0.19303314,394.6497,0.0,0.0,0.0,0.0,1.5746987206595284,0.7773193065679629,1.1258760477815355,0.7181169724595936,-1.96456002337592,0.6430831716649164,-1.892516506569726,0.4707952811166557,5.86776191847665,1.4251011404994602,5.189392685890198,1.224952545190621,1.7195474590573991,0.30970816076944446,1.4892230715070451,0.32922288464583505,0.6702923391546521,1.011308275155652,0.20794435856597765,0.8636689239212372,-3.4707953333854675,1.556723879176106,-3.7361870195184435,1.1509605582391362,3.705096278871809,1.3238707584459415,3.1113732968057906,1.1645808463140201,1.3376255205699377,0.3659076996432852,1.3002252578735352,0.2616326441484193,0.17381907,1.222158,0.008845236,-0.13840353,62.573526870571975,-8.0,998.0,86.1496837391128,14.45807132835369,556.4395744373328,37.602601419573794,211.39999999999964,5553.1484375,0,5553.1484375,0,5553.1484375,0
2010-10-13,0.050882157,0.0,1.9536018,0.19058712,-1.5602835,-4.5253706,-0.03311666,1.3586861,-0.0042819455,-0.0065541267,1.2659002e-06,0.0019404029,301.07486,289.39893,305.35416,2.9526482,97033.13,76367.96,101159.125,5733.183,1.3897154,-1.5367044,4.986977,1.3035403,0.46369892,-2.3831081,4.3493953,1.0821676,10,286,0,0.42617839202284813,0.14205946400761604,0.4645522622158751,0.06636460888798215,0.6594450917327777,0.04710322083805555,3.117959594470449,0.10393198648234829,0.025441078,0.050882157,394.6497,0.0,0.0,0.0,0.0,1.6328197717666626,0.7400068393910267,1.1745251757758004,0.7107080154025539,-1.867400518485478,0.6499590816635744,-1.8894263293061937,0.473140721788818,5.853256123406546,1.4348383723062446,5.211479306221008,1.2177846441189355,1.6735359941210066,0.3475953457142875,1.4993133630071367,0.3204802485727442,0.8237545447690147,0.8537925497859821,0.22541460767388344,0.866381724451079,-3.081883336816515,1.4137655093941146,-3.661717947040285,1.2050534148874656,4.003193821225848,1.1710691601047163,3.1694646137101308,1.206912081624643,1.2898585455758231,0.3755863597973871,1.2888411113194056,0.2677775743285687,0.06773162,1.3141351,0.008153733,-0.023519158,62.573526870571975,-8.0,998.0,86.1496837391128,14.45807132835369,556.4395744373328,37.602601419573794,211.39999999999964,5401.0546875,0,5401.0546875,0,5401.0546875,0
2010-10-14,0.026748182,0.0,3.0384064,0.17545523,-1.6176919,-5.2654686,-0.035787,1.5135796,-0.004482841,-0.0071973666,1.1115568e-05,0.0020636793,301.34824,290.0233,305.84393,2.7662537,96844.28,76269.016,100998.98,5712.523,1.9230806,-0.91646576,6.2502007,1.6216563,0.53840643,-2.7428837,3.6512814,1.1154687,10,287,0,0.270663483068347,0.09022116102278233,0.4904319057241082,0.07006170081772975,0.6210247516864911,0.04435891083474936,2.2772577182622626,0.07590859060874208,0.013374091,0.026748182,394.6497,0.0,0.0,0.0,0.0,1.7046872547694616,0.7403229861586884,1.2612473964691162,0.7234893613662328,-1.7038065791130066,0.7318805027559855,-1.8412007902349745,0.5360549374569044,5.917031390326364,1.442175005451459,5.321579950196402,1.2383466032040282,1.6312567676816667,0.33054030675282,1.5295411433492387,0.3096978787428838,0.9659899984087262,0.6674111542403515,0.27587302933846203,0.8622671311765268,-2.850016704627446,1.2962867379227423,-3.583975217172078,1.228159597143445,4.207420281001499,0.9024565665462553,3.2259671092033386,1.2098351470862012,1.2684898035866874,0.381442581304582,1.2649920582771301,0.26724995702398524,0.049318194,-0.11709595,0.0038414747,0.09525013,62.573526870571975,-8.0,998.0,86.1496837391128,14.45807132835369,556.4395744373328,37.602601419573794,211.39999999999964,5261.6328125,0,5261.6328125,0,5261.6328125,0
2010-10-15,0.004852726,0.0,0.6546974,0.03632428,-1.542724,-4.640663,-0.037366755,1.4199746,-0.004493162,-0.007048913,9.052455e-06,0.0020525171,301.29596,289.70224,305.24042,2.7688546,96868.695,76360.555,100988.68,5682.9673,1.8630917,-1.2965807,5.7979016,1.705919,-0.12845069,-3.4180405,3.2539566,1.0983795,10,288,0,0.08248306531459093,0.027494355104863644,0.4913414502516389,0.07019163575023413,0.603404818684794,0.043100344191771,1.8380004978971556,0.06126668326323852,0.002426363,0.004852726,394.6497,0.0,0.0,0.0,0.0,1.6807357583727156,0.7306648408056059,1.362045251897403,0.6999804812054645,-1.7104893837656294,0.7272429342073734,-1.7942117580345698,0.5539017512177103,5.89579313141959,1.442762075312637,5.456540976251874,1.17376664188234,1.6133470705577306,0.3211589590512826,1.5731591922896249,0.28591891878865444,0.9450413414410183,0.7034473896765884,0.3152955839676516,0.8270841115866743,-2.895584523677826,1.312011589398641,-3.485863093818937,1.1781104846103703,4.240407603127616,0.8549170491079833,3.318571524960654,1.1535836216574267,1.2656766005924769,0.3828070084854916,1.2489608696528844,0.2702294112376937,0.11255884,0.8049898,-0.00017904863,-0.030271888,62.573526870571975,-8.0,998.0,86.1496837391128,14.45807132835369,556.4395744373328,37.602601419573794,211.39999999999964,5153.0390625,0,5153.0390625,0,5153.0390625,0
2010-10-16,0.0028446207,0.0,1.0204315,0.033790085,-1.5174899,-6.0640216,-0.034862664,1.3662968,-0.0045703645,-0.008460409,3.3169053e-06,0.0021370654,301.48718,289.90054,305.52194,2.7368684,96774.44,76311.93,100892.48,5658.5615,1.7626511,-1.796842,5.3802414,1.7500981,-0.5407409,-4.6365433,2.8700485,1.4018319,10,289,0,0.03444552910514176,0.011481843035047254,0.48906661313958466,0.06986665901994067,0.5639421519590542,0.04028158228278959,1.6383627312025055,0.054612091040083514,0.0013685058,0.0028446207,394.6497,0.0,0.0,0.0,0.0,1.5267692123140608,0.5321554484457558,1.4553562956196922,0.6556178316691651,-1.8295316525868006,0.6485405123872297,-1.7996974800314223,0.5534908373861366,5.573689835412162,1.225030432630561,5.535955173628671,1.1237443257670716,1.587966731616429,0.29838297092592353,1.6090469786099024,0.2731691053217034,0.6910708291190011,0.8793748254117453,0.31980194204619955,0.8218463331586262,-2.9032130326543535,1.3235634013462196,-3.5091797837189267,1.1987284056808287,3.8717881611415317,0.8008304594761364,3.398471082959856,1.072587090295233,1.231173072542463,0.3528006716396467,1.2553294556481498,0.2728839994431988,0.16897118,-0.058505535,-0.005486887,-0.24400473,62.573526870571975,-8.0,998.0,86.1496837391128,14.45807132835369,556.4395744373328,37.602601419573794,211.39999999999964,5067.625,0,5067.625,0,5067.625,0
2010-10-17,0.0038139161,0.0,1.2593269,0.0416227,-1.3597168,-4.705993,-0.03617815,1.2131748,-0.0045174374,-0.008213402,1.2966339e-06,0.0021081658,301.49374,290.1025,305.4381,2.8677225,96713.19,76270.57,100756.99,5642.5957,0.6157477,-3.6419075,5.734924,2.1483245,-0.72411275,-4.03575,1.7842369,1.1533065,10,290,0,0.011511262971907854,0.003837087657302618,0.46443783724680543,0.06634826246382934,0.5260416046949103,0.03757440033535074,1.5438704757252708,0.05146234919084236,-0.028550891,0.0038139161,394.6497,0.0,0.0,0.0,0.0,1.312752093587603,0.5573432556128866,1.4601350043501173,0.6487095595456123,-2.0209666149956838,0.9424000188512336,-1.9258216406617845,0.741503918719717,5.286394834518433,0.7888326666570297,5.5795407465526035,1.118388268319648,1.6035651649747575,0.32734762489723296,1.669797454561506,0.2925176714345841,0.3110987799508231,0.8249053383438406,0.28533326781221796,0.8565860365965504,-2.8612119214875356,1.274505259173686,-3.551781130688531,1.2066270944647919,3.3640659196036204,0.8416985204826875,3.365583028112139,1.116833139799235,1.1234237807137626,0.18890734330172776,1.254836312362126,0.2730752879320161,0.22885287,1.5131431,-0.006448237,-0.32466376,62.573526870571975,-8.0,998.0,86.1496837391128,14.45807132835369,556.4395744373328,37.602601419573794,211.39999999999964,4990.6171875,0,4990.6171875,0,4990.6171875,0
2010-10-18,0.052510668,0.0,6.3352585,0.3742618,-1.3262069,-3.774827,-0.035887115,1.1280534,-0.0045435117,-0.0073702857,4.4328626e-06,0.0021144187,301.59024,289.4921,306.0209,3.1393507,96817.04,76347.21,100843.15,5635.3726,-0.12369717,-3.854987,4.6746764,2.0271018,-1.1609167,-4.6303196,1.2170111,1.2373047,10,291,0,0.05916920443996787,0.019723068146655958,0.3346854136325419,0.04781220194750598,0.571915605221875,0.040851114658705355,1.4974755129078403,0.049915850430261345,-0.39822403,0.052510668,394.6497,0.0,0.0,0.0,0.0,1.1721557112676757,0.7729005769600625,1.3898109192294734,0.7621248840559326,-2.16680531842368,1.1461706400093625,-2.0746081939765384,0.9002499884604935,5.23326563835144,0.8196006670942184,5.59925775868552,1.0982190561172174,1.6698222500937325,0.3628523412816337,1.7182792340006148,0.2913894011908245,-0.07360165459769112,0.7877303887676028,0.21885674925787107,0.9324312739855092,-3.255780143397195,1.3416621982824053,-3.6157626467091695,1.2403428742273699,2.974746721131461,1.1154449892278064,3.2716535925865173,1.2407544980729037,1.123531494821821,0.18898279838548968,1.2599295462880815,0.2719535673155016,0.06959474,0.8339424,-0.0022803396,-0.050852537,62.573526870571975,-8.0,998.0,86.1496837391128,14.45807132835369,556.4395744373328,37.602601419573794,211.39999999999964,4917.9609375,0,4917.9609375,0,4917.9609375,0
2010-10-19,0.03467555,0.0,2.1862984,0.18396401,-1.3155235,-4.2267733,-0.032006998,1.108292,-0.0044668107,-0.0074299257,4.703179e-08,0.0020809115,301.62558,288.41925,306.3565,3.521983,96888.38,76365.88,100903.73,5645.2446,0.001714458,-3.3978875,4.579163,1.8018687,-0.8363291,-5.180111,1.4334145,1.3085464,10,292,0,0.09100013342685997,0.030333377808953326,0.17632781947031617,0.025189688495759453,0.6049130473984405,0.043208074814174324,1.5096288049826398,0.050320960166087995,-1.1907829,0.03467555,394.6497,0.0,0.0,0.0,0.0,1.0617576812593532,0.886071943087261,1.3182282009594408,0.8438452528930429,-2.348767808505467,1.2358677227228614,-2.1566639159406935,0.9672405094279753,5.343440600803921,0.6247391607096544,5.605601259640285,1.091557413551961,1.7655012437275477,0.27513559956954126,1.7425243513924735,0.2824485772293294,-0.34120639732905794,0.6545175119071891,0.1645429709127971,0.9722210706745961,-3.8609651497432163,1.0483695866378004,-3.665880241564342,1.2910229056149907,2.6513348817825317,1.1962973690795262,3.17821558032717,1.3298066044756962,1.1995721885136195,0.12072406608559096,1.2685988545417786,0.2713898696403635,0.09119773,0.44717264,0.0014198013,-0.036664844,62.573526870571975,-8.0,998.0,86.1496837391128,14.45807132835369,556.4395744373328,37.602601419573794,211.39999999999964,4851.78125,0,4851.78125,0,4851.78125,0
2010-10-20,0.095683366,0.0,12.594223,0.64548546,-1.28478,-3.490645,-0.030267285,1.0512476,-0.0043932465,-0.0069972957,5.029142e-08,0.0020143273,301.38068,286.75034,306.3295,3.854028,96830.336,76283.05,100874.29,5643.38,0.674919,-1.9032015,4.2359996,1.4372529,-0.43081057,-3.6654809,3.271897,1.1053246,10,293,0,0.1828695833683014,0.0609565277894338,0.2211290285922587,0.03158986122746553,0.6856812908081338,0.04897723505772384,1.6023429712513462,0.05341143237504487,-0.23630586,0.095683366,394.6497,0.0,0.0,0.0,0.0,0.9596439064147749,0.8831608234117105,1.2962318390907188,0.8571679255661253,-2.40112452847617,1.203059156930336,-2.134262523480824,0.9693694807771169,5.236158098493304,0.7483968137015982,5.544707110949925,1.1450894683096504,1.7846030337469918,0.24013279688211892,1.729069513933999,0.2927447447499695,-0.468993467944009,0.5501830944774739,0.17738053841250284,0.9623356970021704,-4.044161251613072,0.8380234508915082,-3.5630222942147936,1.223080067425842,2.4974065678460255,0.9935286634181896,3.2503001945359364,1.3034538875392505,1.2028803314481462,0.11723762602638463,1.2463694385119848,0.2710856920716985,0.27550352,1.0347257,0.0028493758,-0.3074385,62.573526870571975,-8.0,998.0,86.1496837391128,14.45807132835369,556.4395744373328,37.602601419573794,211.39999999999964,4795.953125,0,4795.953125,0,4795.953125,0
2010-10-21,0.018857524,0.0,4.825592,0.23431116,-1.4059467,-5.2411366,-0.028353417,1.217213,-0.0045227217,-0.007754982,4.656613e-10,0.0021118985,300.87506,286.4968,305.59323,3.7755919,96498.734,75935.81,100616.56,5655.386,1.8880796,-1.338522,5.976338,1.6791873,0.29302716,-4.480929,3.5995967,1.2192364,10,294,0,0.1492164395749569,0.0497388131916523,0.2132383701391518,0.030462624305593117,0.70367027586326,0.05026216256166143,1.5622870853403583,0.05207623617801194,-0.003997214,0.018857524,394.6497,0.0,0.0,0.0,0.0,0.9546437749439585,0.8768737989758072,1.32966551485671,0.8713779085974502,-2.4614182710647583,1.1242459121399493,-2.0826124250888824,0.9925252104104291,5.19703483581543,0.6915509132584776,5.557033113070896,1.149014665054754,1.7928217479160853,0.23454586221403523,1.7120392577988761,0.28782650826139583,-0.5040476492473057,0.4784398148938542,0.2309711745807103,0.9450108355513135,-4.29245342527117,0.6163872518212814,-3.5712350649493083,1.229256755819046,2.4900230509894237,0.9836674370541539,3.3487216659954617,1.2714396215775647,1.217704279082162,0.11072221522037705,1.2430970413344247,0.27111936115367297,0.21174514,0.024332047,0.007433584,-0.29636657,62.573526870571975,-8.0,998.0,86.1496837391128,14.45807132835369,556.4395744373328,37.602601419573794,211.39999999999964,4752.9296875,0,4752.9296875,0,4752.9296875,0
2010-10-22,0.019836191,0.0,2.2425652,0.14212163,-1.5790845,-7.7876916,-0.026257243,1.7375256,-0.0047491975,-0.007982859,5.029142e-08,0.0022650706,299.97958,285.1511,304.6758,4.024261,96302.07,75740.69,100378.94,5655.3306,1.8677963,-3.7364724,6.998879,2.266366,0.40721622,-5.2619557,3.9042633,1.9266853,10,295,0,0.13437708094716072,0.04479236031572024,0.22822183510288596,0.03260311930041228,0.7195632853545249,0.0513973775253232,1.4905307112494484,0.04968435704164828,0.008281744,0.019836191,394.6497,0.0,0.0,0.0,0.0,0.9553158598885473,0.8776875569548359,1.3180258091306314,0.8623339726599619,-2.8099742276327953,1.0802816577874108,-2.2602318056992123,1.0527027010972372,5.368603025163923,0.961683230645817,5.632198078291757,1.209295255060786,1.8728856018611364,0.2892205342090642,1.7431163362094335,0.3230277957355979,-0.42752380456243244,0.5804833351164297,0.2587587684392929,0.9439918339944449,-4.555869885853359,0.5728901346700667,-3.7257272047655925,1.2992714318240024,2.582924008369446,1.0925258660288117,3.4116658057485307,1.2758815084514559,1.3360336848667689,0.27807650214982577,1.3008551427296229,0.32350625940175537,-0.036360502,-3.1470284,0.011109512,0.31755102,62.573526870571975,-8.0,998.0,86.1496837391128,14.45807132835369,556.4395744373328,37.602601419573794,211.39999999999964,4738.8984375,0,4738.8984375,0,4738.8984375,0
2010-10-23,0.0017495746,0.0,0.09202957,0.0066753337,-1.3727837,-5.166418,-0.015295805,1.3604478,-0.004151928,-0.0066328277,-1.2782402e-07,0.0019226585,298.40384,284.77234,303.03244,3.9507012,96674.164,75939.21,100664.375,5702.9985,0.48251915,-4.35321,4.351746,2.018168,0.12183062,-4.073874,3.8948352,1.9193007,10,296,0,0.040443289442919195,0.013481096480973065,0.22712678893003613,0.0324466841328623,0.7161934020696208,0.05115667157640148,1.4384769648313522,0.047949232161045074,0.0008747873,0.0017495746,394.6497,0.0,0.0,0.0,0.0,0.7724398690209325,0.8123683330807737,1.1496045406674966,0.7671292656568186,-3.175169655254909,1.1123261264218427,-2.5023506539208547,1.1192319126613586,5.2216751234872,1.0353546694412463,5.3976824794496805,1.10487219467541,1.9111812966210502,0.28799750626333837,1.7495740141187395,0.32787034941407445,-0.3328707292675972,0.6121033617461119,0.17910004992570197,0.9011710653213867,-4.475488560540335,0.5985819879493615,-3.6893507965973447,1.2804115629402857,2.7293221099036082,1.20071647742556,3.3005551355225697,1.1457814692207355,1.409957800592695,0.3562716201095927,1.320565436567579,0.3530374368548334,0.14470625,0.8976035,0.019566858,-0.005849004,62.573526870571975,-8.0,998.0,86.1496837391128,14.45807132835369,556.4395744373328,37.602601419573794,211.39999999999964,4728.9765625,0,4728.9765625,0,4728.9765625,0
2010-10-24,0.0034089366,0.0,0.26464462,0.014785807,-1.3550824,-4.4623117,-0.025073532,1.1898638,-0.0039512096,-0.006208984,3.0724332e-06,0.0018299303,298.21582,283.42188,303.49527,4.057559,96896.52,76038.414,100958.23,5742.077,0.5765621,-3.248935,4.318936,1.6204736,0.018799203,-3.092757,3.030941,1.2041898,10,297,0,0.024994702194817364,0.008331567398272455,0.22672180936206132,0.0323888299088659,0.6911596466088668,0.049368546186347624,1.420034380396828,0.04733447934656094,0.0017044683,0.0034089366,394.6497,0.0,0.0,0.0,0.0,0.7668419285078666,0.8137618562262413,1.0397970110477348,0.7274878724094338,-3.1190307310649326,1.0946196119253409,-2.5699986730303084,1.134696372554575,5.019391127995083,1.0564751108106327,5.152892981256757,0.9063832710293985,1.835774030004229,0.2846417772223333,1.7196695974894933,0.31838387602810153,-0.22674045046525343,0.5971849410712358,0.04217916474278484,0.7460171506913678,-4.340775285448347,0.7896565961558143,-3.6009936034679413,1.2754909851321854,2.9074226958411082,1.1273914985236566,3.1357443077223643,0.9847545012409361,1.4172268424715315,0.35063692336680935,1.270325311592647,0.31057196058644526,0.0046343803,0.24368143,0.011104617,-0.023311019,62.573526870571975,-8.0,998.0,86.1496837391128,14.45807132835369,556.4395744373328,37.602601419573794,211.39999999999964,4707.3359375,0,4707.3359375,0,4707.3359375,0
2010-10-25,0.00030227023,0.0,0.034809113,0.0018893657,-1.4069186,-4.7406964,-0.024002511,1.2664895,-0.0039650183,-0.006403672,3.8268045e-06,0.001850136,297.97067,282.9596,303.26736,4.354897,97044.2,76147.52,101144.99,5754.9473,0.8506116,-3.1282673,4.471098,1.6097699,-0.22727153,-2.9053814,2.2374408,0.9668976,10,298,0,0.00546078133629635,0.0018202604454321165,0.17451341199921444,0.024930487428459207,0.5091988256317563,0.036371344687982594,1.4100387645303272,0.047001292151010905,0.00015113511,0.00030227023,394.6497,0.0,0.0,0.0,0.0,0.9060288993974349,0.7131615688636532,1.0390923053325554,0.7276796913161867,-3.0152136428015575,1.0465945152929654,-2.5910094806126187,1.142658562968316,4.990308489118304,1.0702581107337177,5.111787063734872,0.9244451425180352,1.7761551993233817,0.28157780551786876,1.7229887247085571,0.3168669617854024,-0.09336257060723645,0.43638029173753495,-0.08348211260246378,0.6118728044502096,-4.094355549131121,0.9392200678351119,-3.675067846264158,1.1946799130247039,3.053198371614729,0.9191209601860821,3.0139725463730946,0.9827569734720473,1.3785972595214844,0.38679370858869033,1.2510643771716528,0.32101379453499507,-0.08071172,-0.9658694,0.011884604,0.13843608,62.573526870571975,-8.0,998.0,86.1496837391128,14.45807132835369,556.4395744373328,37.602601419573794,211.39999999999964,4649.7109375,0,4649.7109375,0,4649.7109375,0
2010-10-26,0.0056552654,0.0,0.50640106,0.038979203,-1.436031,-5.9417214,-0.02497714,1.4039046,-0.0040859524,-0.006688921,3.81656e-06,0.0019241838,298.1667,282.39017,303.76758,4.4387136,97196.78,76284.375,101295.76,5756.5938,0.73107743,-2.6933277,4.0979323,1.3783532,-0.6210713,-5.2991605,1.6402518,1.1649619,10,299,0,0.009366472193505615,0.003122157397835205,0.14549312769668177,0.020784732528097396,0.32182094716699794,0.022987210511928424,1.4134527781861834,0.04711509260620612,0.00282319,0.0056552654,394.6497,0.0,0.0,0.0,0.0,1.0102236100605555,0.6039349002582246,1.0359906456599544,0.7289856110317913,-2.9145622423716953,1.0374983430935547,-2.6316650254385814,1.134869112575726,4.921561241149902,1.1155660666725429,5.132500920976911,0.8957874785551145,1.7156529937471663,0.31824465499874804,1.740577118737357,0.2869699152827309,-0.06261145296905722,0.37912714421374777,-0.2019089251490576,0.5338133057264367,-4.111362627574375,0.9629357457324387,-3.9861638886587962,0.9757596796951058,3.0827465568270003,0.8597777412926649,2.867040719304766,1.0255759010620376,1.3580851895468575,0.3948510173941196,1.2788286890302385,0.29231595875464944,-0.12050748,-1.7149482,0.0070298575,0.29561257,62.573526870571975,-8.0,998.0,86.1496837391128,14.45807132835369,556.4395744373328,37.602601419573794,211.39999999999964,4566.1640625,0,4566.1640625,0,4566.1640625,0
2010-10-27,0.00071349833,0.0,0.21982193,0.008894729,-1.4144942,-5.0277376,-0.025745481,1.2736057,-0.0040497165,-0.0069925813,5.0780363e-06,0.0019441374,298.34503,283.1954,304.11517,4.183114,97284.57,76351.16,101379.195,5773.9844,0.1652622,-2.7054985,3.3853626,1.1833673,-0.6136575,-5.105531,1.5645943,1.3126863,10,300,0,0.006671033974271268,0.002223677991423756,0.0505232599680312,0.0072176085668616,0.2716522885602899,0.019403734897163565,1.4123003240092658,0.047076677466975525,0.00035674917,0.00071349833,394.6497,0.0,0.0,0.0,0.0,0.9374154955148697,0.677353628511484,0.9485297009648223,0.7562262190173411,-3.0291760989597867,0.9475687797926361,-2.715150313717978,1.0902363285871026,4.800041675567627,1.2418714549243504,5.018099887030465,1.0107022074584,1.6793836184910365,0.3661263844231217,1.7319933261190141,0.30242897141551905,-0.08873243922633785,0.41346691422876136,-0.2788629535851734,0.5074849398696967,-4.3170841080801825,1.0047207600075343,-4.1806226798466275,0.9000507147481654,2.8388461555753435,1.0237108312873575,2.6681263617106845,0.985218909645975,1.3877082892826624,0.38023554406866955,1.2952943103654044,0.28682709728329464,-0.12971413,-1.5370927,0.004521804,0.22235811,62.573526870571975,-8.0,998.0,86.1496837391128,14.45807132835369,556.4395744373328,37.602601419573794,211.39999999999964,4475.0234375,0,4475.0234375,0,4475.0234375,0
2010-10-28,0.24745077,0.0,14.861107,1.0109744,-1.3203809,-3.9396176,-0.02338388,1.225526,-0.003980978,-0.0066200937,6.7946967e-06,0.0019045887,298.54623,282.35416,304.48257,4.1910343,97231.7,76307.4,101327.48,5781.484,0.06560467,-3.3762493,3.4044716,1.2732365,-0.2464115,-3.849713,3.6379173,1.5184115,10,301,0,0.2538195326924324,0.08460651089747746,0.27911650511668995,0.03987378644524142,0.49235487525584176,0.03516820537541727,1.652195117843803,0.055073170594793434,0.123725384,0.24745077,394.6497,0.0,0.0,0.0,0.0,0.6770619281700679,0.5964689931362268,0.8158528515570131,0.7347306361687181,-3.320280006953648,0.5854168810414179,-2.890849139009203,0.9695995588282489,4.432632207870483,1.2160374960005698,4.8148335218429565,1.0298255627300548,1.6213906492505754,0.39701056188725503,1.7071061985833305,0.3256514254836975,-0.16579510564250605,0.379315402289922,-0.3349213774449059,0.4503981765516175,-4.226910420826504,1.0158292452115147,-4.259681923048837,0.8079456092136671,2.8443205186298917,1.028548056592297,2.6671717848096574,0.984199003608842,1.4304475954600744,0.3749196410104512,1.3240759372711182,0.28761003142268415,0.085565805,1.3015189,0.0049695373,0.008312941,62.573526870571975,-8.0,998.0,86.1496837391128,14.45807132835369,556.4395744373328,37.602601419573794,211.39999999999964,4396.09375,0,4396.09375,0,4396.09375,0
2010-10-29,0.69264954,0.0,16.634464,1.3810726,-1.3672982,-3.9007745,-0.02635317,1.1302241,-0.0036645436,-0.0065040756,1.3096724e-06,0.0018189673,297.54236,280.9641,303.35385,4.19303,97282.84,76251.29,101352.16,5795.5854,0.2820535,-2.0974705,2.9491603,1.0542393,-0.14874832,-3.8003533,3.710389,1.7387202,10,302,0,0.9408138105645776,0.31360460352152586,0.9519298573140986,0.1359899796162998,1.1801516924169846,0.08429654945835605,1.8711976925260387,0.06237325641753463,0.34632477,0.69264954,394.6497,0.0,0.0,0.0,0.0,0.4505272422518049,0.29257737453085536,0.7029215510701761,0.6809191879115054,-3.086136886051723,0.7064657924329788,-2.948055556842259,0.8885400560143919,3.8541009766714915,0.5978657695827256,4.611352000917707,1.0997089223052727,1.4482296875544958,0.326975728192482,1.660557644707816,0.36946261649711926,-0.24521861198757375,0.28608652688309805,-0.3363712082750031,0.44971457277930105,-4.018110070909772,0.912588206508642,-4.286989978381565,0.7833984992107815,2.816624181611197,0.997387658439404,2.6997740949903215,1.0122908009255958,1.4035954305103846,0.33840834432790895,1.3698145576885767,0.2996223975545378,0.21178627,3.886917,-9.5926225e-05,-0.6073015,62.573526870571975,-8.0,998.0,86.1496837391128,14.45807132835369,556.4395744373328,37.602601419573794,211.39999999999964,4348.46875,0,4348.46875,0,4348.46875,0
2010-10-30,0.33636978,0.0,4.433632,0.63053745,-1.5661687,-6.079905,-0.020467676,1.2464399,-0.0036946808,-0.0071006,1.3038516e-07,0.0018215661,297.00348,280.897,303.0116,4.4833503,97538.336,76511.82,101603.31,5771.533,-0.3278941,-2.2343655,2.349212,0.76514477,-1.737849,-5.770584,0.7668101,1.1697547,10,303,0,1.2764700949192047,0.4254900316397349,1.2865500654443167,0.18379286649204524,1.5136768543743528,0.10811977531245377,2.1423989529139362,0.07141329843046454,0.16817798,0.33636978,394.6497,0.0,0.0,0.0,0.0,0.3347539220537458,0.4132596398743184,0.5535968955373392,0.6595363458727164,-2.783444813319615,0.4955210068860603,-2.979307234287262,0.8518726931783555,3.5680246693747386,0.7733933543577766,4.394849896430969,1.227616164578372,1.2692263722419739,0.3052209076766398,1.590203834431512,0.43844003483083055,-0.5108871287001031,0.5902308881247283,-0.42187892898385015,0.5850162782205145,-4.2604972294398715,1.1294318848734461,-4.3679928949901035,0.8755339086156918,2.3697634509631564,1.126210450797288,2.549542780433382,1.1338467110526607,1.2965174402509416,0.25677192874412985,1.3532376204218184,0.3041012290794997,-0.193385,-0.91348696,-0.005171871,-0.11400783,62.573526870571975,-8.0,998.0,86.1496837391128,14.45807132835369,556.4395744373328,37.602601419573794,211.39999999999964,4324.9609375,0,4324.9609375,0,4324.9609375,0
2010-10-31,0.00017651958,0.0,0.078201294,0.0031770396,-1.9699365,-8.569498,-0.022251159,1.9666108,-0.003915518,-0.0074592372,1.9241124e-06,0.001988839,297.17792,281.94907,302.37125,4.1833596,97526.66,76556.98,101648.34,5758.339,-0.4422123,-3.0285256,1.8200258,0.96004117,-1.9865075,-6.6444793,0.7312533,1.6632036,10,304,0,1.0291958455491113,0.34306528184970375,1.2833176484709838,0.18333109263871197,1.5100394578330452,0.10785996127378894,2.12010281336552,0.07067009377885067,8.825979e-05,0.00017651958,394.6497,0.0,0.0,0.0,0.0,0.1892147191933223,0.4867639564251228,0.47802832385059446,0.7105074688522143,-2.751957757132394,0.46720620982347877,-2.9354942440986633,0.8306828244340313,3.211037516593933,0.9299083558124306,4.1152143222945075,1.3396530837774938,1.1748788782528468,0.27954413138310336,1.5053264541285378,0.43710002217550614,-0.7973595197711673,0.7541726113000998,-0.5120499851182103,0.7174773390556778,-4.7678861277444025,1.3020078695491963,-4.5543307065963745,1.0579797527489123,2.041236639022827,1.2316757202844557,2.4743296674319675,1.2201574306647132,1.3620908430644445,0.2861893844175175,1.389658842767988,0.3088120687153976,-0.6148541,-4.1071863,0.002822373,0.776747,62.573526870571975,-8.0,998.0,86.1496837391128,14.45807132835369,556.4395744373328,37.602601419573794,211.39999999999964,4300.9453125,0,4300.9453125,0,4300.9453125,0
2010-11-01,1.17159e-06,0.0,0.00047683716,2.3606886e-05,-1.8354223,-10.17733,-0.022933353,2.1589527,-0.0038312494,-0.007055914,5.4624397e-06,0.0018982909,297.3066,283.44275,301.96814,3.818295,97262.24,76381.305,101350.15,5751.599,-0.48507214,-2.8848999,2.7978802,1.0702628,-1.413901,-6.6817575,1.5172577,1.6061447,11,305,0,0.33654747385378414,0.11218249128459472,1.2830165498315864,0.18328807854736948,1.4575299618308009,0.10410928298791434,2.0777966975009576,0.06925988991669858,5.85795e-07,1.17159e-06,394.6497,0.0,0.0,0.0,0.0,-0.0015972469534192766,0.4442197924205738,0.45221582622200784,0.7400016714680857,-2.717190980911255,0.44296228056136416,-2.866202311856406,0.7874161856813854,2.9720064061028615,0.7495968809293171,3.9811574476105824,1.3728546617291004,1.0978064281599862,0.2037574867601769,1.436980813741684,0.423844014985969,-0.9668780118227005,0.7378601238185136,-0.5301202912149685,0.7379698878147509,-5.307368414742606,1.1781368567327366,-4.700861981936863,1.201625356839135,1.9383533341544015,1.242585578196492,2.4957758528845653,1.1988100399016286,1.4534118516104562,0.23679599911248733,1.4160045555659704,0.310543021961888,-0.42850363,-5.4366336,0.0010691583,0.8924632,62.573526870571975,-8.0,998.0,86.1496837391128,14.45807132835369,556.4395744373328,37.602601419573794,211.39999999999964,4267.6015625,0,4267.6015625,0,4267.6015625,0
2010-11-02,0.0,0.0,0.0,0.0,-1.6724913,-7.830449,-0.024952227,1.7684168,-0.0038131129,-0.0069848034,8.35699e-06,0.0018916434,297.53537,284.95187,301.69095,3.4565947,97312.37,76467.54,101381.336,5749.1226,-1.0261658,-3.6102898,1.4286505,1.137378,-0.89466333,-4.6764755,2.414589,1.4326688,11,306,0,0.00017769116755061987,5.9230389183539955e-05,1.2773612844183617,0.1824801834883374,1.4228544121150435,0.1016324580082174,2.0360822341179983,0.06786940780393327,0.0,0.0,394.6497,0.0,0.0,0.0,0.0,-0.25263200061661856,0.45749077093803475,0.3787958047219685,0.8332524800870591,-2.8481855733054027,0.5559125341520157,-2.8813739078385487,0.8003878801499597,2.5906804289136613,0.760235122553391,3.756120835031782,1.5178473954667835,1.0633813909121923,0.1651597676365612,1.3895171923296792,0.41698997490378004,-1.0059625910861152,0.723598047589531,-0.5342870220275862,0.7399937083923874,-5.218413421085903,1.2021235551545002,-4.664888024330139,1.1936866893900335,2.048972930227007,1.2460867037512362,2.5658597435270036,1.1599770128629339,1.4916556903294154,0.20142113917288212,1.4248704399381364,0.30900716730980643,-0.23646033,-1.8887277,2.4912879e-05,0.3645122,62.573526870571975,-8.0,998.0,86.1496837391128,14.45807132835369,556.4395744373328,37.602601419573794,211.39999999999964,4222.59375,0,4222.59375,0,4222.59375,0
2010-11-03,0.0,0.0,0.0,0.0,-1.5326089,-6.883848,-0.027436763,1.690727,-0.0038936858,-0.006906582,-1.3038516e-08,0.0018630713,297.3172,284.6697,301.53,3.4560087,97456.055,76616.07,101538.51,5746.8687,-0.64093417,-3.3725452,2.139499,1.2840344,-0.71448326,-4.644476,2.4147282,1.5497873,11,307,0,1.1715900427589077e-06,3.9053001425296924e-07,1.2766477860867553,0.18237825515525077,1.3271710460547865,0.09479793186105619,2.029445567052676,0.06764818556842253,0.0,0.0,394.6497,0.0,0.0,0.0,0.0,-0.36780291157109396,0.43571387151128066,0.28480629197188784,0.8706544802174816,-2.9434779712132046,0.5838466458720869,-2.9863270350864957,0.7574392883439156,2.4126999037606374,0.6853284021604664,3.6063707896641324,1.569405104101388,1.0777624079159327,0.18097418248965078,1.3785730132034846,0.4176508836649696,-1.0203662748847688,0.7154450176198125,-0.5545493570555534,0.7408256510083939,-5.1525483812604636,1.2218088141706662,-4.734816244670323,1.1588019487986365,2.170420629637582,1.2323622193188208,2.5046333926064626,1.1423315370576588,1.5255272558757238,0.18562557258480838,1.4566177725791931,0.29621909374111977,-0.11811471,-1.8561106,-0.0016912818,0.4171213,62.573526870571975,-8.0,998.0,86.1496837391128,14.45807132835369,556.4395744373328,37.602601419573794,211.39999999999964,4164.6015625,0,4164.6015625,0,4164.6015625,0
2010-11-04,0.0,0.0,0.0,0.0,-1.3976179,-5.4328885,-0.020011561,1.3333433,-0.0037678473,-0.0064845504,7.7765435e-08,0.0017526415,297.3085,283.61145,302.03683,3.6033332,97332.945,76460.65,101394.77,5750.7866,-0.07872177,-2.568243,3.8404484,1.2310133,-0.25656575,-3.9623687,2.6491222,1.5166376,11,308,0,0.0,0.0,1.029197017139154,0.14702814530559344,1.308313522255844,0.09345096587541743,2.027767459513484,0.06759224865044947,0.0,0.0,394.6497,0.0,0.0,0.0,0.0,-0.3884209745696613,0.4146945680975826,0.14432047680020332,0.7410942753068038,-2.8280485016959056,0.5635459057499508,-3.074164254324777,0.6082637944095669,2.474982295717512,0.8005988362809312,3.4538072517939975,1.417788371289709,1.0717305200440543,0.1739401008860907,1.346560584647315,0.40994156913988916,-1.021816881639617,0.7136222112162143,-0.5938059936410615,0.7062102264888956,-5.168642044067383,1.2023751102666953,-4.697776232446943,1.1757058221483765,2.02916419506073,1.083838470903186,2.436742356845311,1.0996985959752381,1.5252738339560372,0.18563811682729908,1.4778607147080558,0.2884480409260603,-0.07723701,-1.4932709,0.003372319,0.10781729,62.573526870571975,-8.0,998.0,86.1496837391128,14.45807132835369,556.4395744373328,37.602601419573794,211.39999999999964,4096.5625,0,4096.5625,0,4096.5625,0
2010-11-05,0.0032945112,0.0,0.35572052,0.024632888,-1.2500285,-5.081087,-0.017850893,1.201786,-0.0036666193,-0.006550358,5.4517295e-06,0.001715786,297.18958,282.0961,302.84543,4.1498632,97269.34,76355.11,101322.1,5740.7646,0.20028664,-2.1126416,3.5621223,1.055529,-0.71461105,-4.610291,2.4132683,1.3137434,11,309,0,0.0032945112325251102,0.0010981704108417034,0.33984198508630925,0.048548855012329896,1.2917718424004079,0.09226941731431484,2.0161468480954454,0.06720489493651485,0.0016472556,0.0032945112,394.6497,0.0,0.0,0.0,0.0,-0.4001019543835095,0.3932588264958504,0.0252126439341477,0.5528958208876196,-2.8302157946995328,0.5602877142420459,-2.9581763403756276,0.6267947798827428,2.5625482967921664,0.8896726944545024,3.2083246367318288,0.9896442650437703,1.0719147665160043,0.1739191671121846,1.26007222703525,0.31848333374854654,-1.102654414517539,0.6247564496577299,-0.6739365132525563,0.6448722758231158,-5.284347432000296,1.081670239544551,-4.651228751455035,1.164497783524176,1.8438612563269479,0.8295474883358475,2.3302427189690724,1.0156287950175928,1.4645628588540214,0.17327920985442413,1.434079144682203,0.2602195741598455,0.117269754,-1.1803126,0.008502277,0.07156193,62.573526870571975,-8.0,998.0,86.1496837391128,14.45807132835369,556.4395744373328,37.602601419573794,211.39999999999964,4019.890625,0,4019.890625,0,4019.890625,0
2010-11-06,0.017981956,0.0,4.157543,0.15830538,-1.2625803,-5.050527,-0.019001542,1.1766475,-0.0037721435,-0.006728692,-4.2375177e-08,0.0018282532,297.01608,280.78226,302.49704,4.513621,97243.375,76351.516,101275.21,5713.329,-0.44663477,-2.8499095,2.1448414,0.9514317,-1.7728064,-5.2073092,0.8387928,1.0985045,11,310,0,0.021276467014104128,0.007092155671368043,0.021454158181654748,0.0030648797402363925,1.3080042236259715,0.09342887311614081,2.033260265133208,0.06777534217110694,0.008810806,0.017981956,394.6497,0.0,0.0,0.0,0.0,-0.4170649083597319,0.392184514924277,-0.041155493152993064,0.5495357327464616,-2.9181506633758545,0.4957748774663071,-2.8507977383477345,0.4813053257301322,2.5333525112697055,0.9011201253483513,3.050688590322222,0.9690535123307691,1.0985271845545088,0.12710760028953016,1.1838767783982413,0.24145084092369454,-1.1076483300754003,0.6307906002178356,-0.8092677293877516,0.6635597159291924,-5.2038795948028564,1.0602080229411497,-4.732188412121364,1.1606642863310872,1.8541444965771265,0.814276513764777,2.1119539737701416,0.9813216164380202,1.4543842588152205,0.19430034554122486,1.375450849533081,0.23358962197428318,0.3035884,1.0293779,0.0014661346,-0.06979239,62.573526870571975,-8.0,998.0,86.1496837391128,14.45807132835369,556.4395744373328,37.602601419573794,211.39999999999964,3940.40625,0,3940.40625,0,3940.40625,0
2010-11-07,0.00021947788,0.0,0.09059906,0.0031938364,-1.6881262,-7.45738,-0.020060921,2.0069394,-0.004007712,-0.007457235,-5.378388e-08,0.0020572913,296.8434,281.01398,301.89175,4.5716553,97328.02,76445.85,101362.13,5709.079,-1.3998264,-4.677181,1.5261072,1.4586067,-2.1888885,-5.2279334,0.12529755,1.2572582,11,311,0,0.021495944893104024,0.007165314964368008,0.021497116483146783,0.0030710166404495404,1.3048147649541306,0.09320105463958075,2.0295365614155116,0.0676512187138504,-0.0013079384,0.00021947788,394.6497,0.0,0.0,0.0,0.0,-0.5538669217910085,0.5411463755161053,-0.1823261012988431,0.6270362173407419,-3.1536728313991,0.8335132286879906,-2.952815294265747,0.6817944745866128,2.491364138466971,0.9456454459044743,2.851200827530452,0.9753343945920233,1.1697508352143424,0.16926669672734754,1.1723148567335946,0.22203063803815015,-1.1365599036216736,0.6804675408690147,-0.9669597116964204,0.7121783248102836,-5.0015158993857245,0.8546773273095988,-4.8847010135650635,1.0650109065097293,1.7675793852124895,0.9707256745823821,1.9044080121176583,1.0748205401318107,1.396392055920192,0.18176324008120445,1.3792414494923182,0.23101306013703268,0.28181028,1.1121182,0.0021902379,0.040328622,62.573526870571975,-8.0,998.0,86.1496837391128,14.45807132835369,556.4395744373328,37.602601419573794,211.39999999999964,3869.3359375,0,3869.3359375,0,3869.3359375,0
2010-11-08,0.010196739,0.0,0.82826614,0.0581507,-2.0186892,-10.528039,-0.021499582,2.6287417,-0.004009801,-0.0075729084,5.5180863e-08,0.002053505,296.49268,281.9525,301.76633,4.40469,97411.94,76549.66,101482.125,5716.052,-1.7999665,-5.1566277,1.6159554,1.4202006,-2.522885,-7.1318355,0.50931865,1.6474434,11,312,0,0.028398172536981292,0.009466057512327097,0.0316926837695064,0.004527526252786629,1.3147092336010928,0.09390780240007805,2.0346138424509945,0.06782046141503315,0.0050983694,0.010196739,394.6497,0.0,0.0,0.0,0.0,-0.7417089673025268,0.7139182122673043,-0.371653107127973,0.6883224524888761,-3.478205374308995,1.1083625555305012,-3.0976981776101247,0.9019252481974416,2.3225177356175015,0.9864326776035865,2.6472620708601817,0.9066461371395145,1.2197419490133012,0.18584972161544655,1.1587741885866438,0.1977532152752877,-1.2949862054416112,0.8609591193923559,-1.1309321086321558,0.7889097374048137,-5.065812758037022,1.0057295167419584,-5.186590586389814,1.0597972178216002,1.6235880936895097,1.0823796849996479,1.7809707139219557,1.1313762299473316,1.4022918769291468,0.1901815904149775,1.4278518642698015,0.20803007854092606,-0.18326688,-0.35070896,0.0014337711,0.46978903,62.573526870571975,-8.0,998.0,86.1496837391128,14.45807132835369,556.4395744373328,37.602601419573794,211.39999999999964,3808.1328125,0,3808.1328125,0,3808.1328125,0
2010-11-09,0.2393215,0.0,6.3819885,0.7494538,-2.1578114,-12.468863,-0.023293309,3.2642365,-0.0039046193,-0.007828965,6.123446e-08,0.0019508528,297.09702,282.59305,302.56418,4.5796943,97529.15,76683.75,101619.16,5704.906,-2.0394263,-5.075766,1.727253,1.5471628,-2.859301,-8.73981,0.66212654,2.2900534,11,313,0,0.24973771681834478,0.08324590560611493,0.2710141838324489,0.03871631197606413,1.5483754682508106,0.11059824773220076,2.2454926505023423,0.07484975501674475,0.11966075,0.2393215,394.6497,0.0,0.0,0.0,0.0,-0.886460464979921,0.8674252072620109,-0.5695462327982698,0.7429893156883667,-3.687559127807617,1.2648291254136608,-3.2678723505565097,1.0347391587598624,2.3651752301624844,0.947004087182093,2.4779278295380727,0.8332803193285496,1.2782826338495528,0.21743665846734261,1.1708320123808724,0.2164357429075458,-1.575648742062705,1.0151293901657141,-1.29080566657441,0.8970202367442225,-5.646289110183716,1.6860680974835973,-5.432351265634809,1.4241956338681625,1.373236324105944,1.0715462839643992,1.7111046271664756,1.1702672585828355,1.5247753858566284,0.3871254019178131,1.508215538093022,0.2969665239494075,-0.4853201,-4.6384134,0.0016589183,1.4958197,62.573526870571975,-8.0,998.0,86.1496837391128,14.45807132835369,556.4395744373328,37.602601419573794,211.39999999999964,3746.796875,0,3746.796875,0,3746.796875,0
2010-11-10,2.426595,0.0,47.148705,6.9124393,-1.5422552,-8.499412,-0.022170367,2.0156903,-0.0031161027,-0.0066573047,5.844049e-08,0.0016259187,296.84717,282.50778,302.5094,4.6079035,97409.484,76499.25,101475.52,5733.6465,-0.83292454,-5.873714,2.8143559,1.690845,-1.2595625,-6.920723,2.6289597,1.8263295,11,314,0,2.6761132115498185,0.8920377371832728,2.6976091564429225,0.38537273663470323,3.974256942529678,0.283875495894977,4.489824531906265,0.14966081773020884,1.2132975,2.426595,394.6497,0.0,0.0,0.0,0.0,-0.9138876614826066,0.861382233804054,-0.6408452865268502,0.7143951461278887,-4.0448689460754395,1.4936032160597728,-3.494173458644322,1.230262077013831,2.4615833589008878,0.954521887422207,2.437141631330763,0.7987050041212429,1.3363984397479467,0.267770022075923,1.2070804238319397,0.2573292901006686,-1.6535172036715917,0.9573214475062787,-1.3369417392781802,0.8758747674682386,-5.9714672565460205,1.680144834779456,-5.562007818903242,1.4739120916373878,1.4038408228329249,1.1086664674560156,1.7871307262352534,1.194342559888615,1.5642814125333513,0.40385241700585583,1.5449043342045374,0.3026267520608001,-0.0096462965,-1.6155634,0.0052663963,0.32496333,62.573526870571975,-8.0,998.0,86.1496837391128,14.45807132835369,556.4395744373328,37.602601419573794,211.39999999999964,3686.5703125,0,3686.5703125,0,3686.5703125,0
2010-11-11,3.1692371,0.0,70.32585,7.818299,-1.0981354,-4.004378,-0.020224834,0.84782076,-0.0028374738,-0.005224276,-3.958121e-09,0.0014580769,296.29523,280.8193,301.14865,4.742791,97092.12,76155.47,101096.22,5746.201,0.024869626,-3.7335026,2.7903416,1.0557013,0.1347731,-4.8297977,5.7086544,1.4782571,11,315,0,5.8351536095142365,1.9450512031714122,5.866846293283743,0.8381208990405347,6.896043310422897,0.4925745221730641,7.4660285248691025,0.24886761749563674,1.5846186,3.1692371,394.6497,0.0,0.0,0.0,0.0,-0.8990888906908887,0.8788350498227869,-0.643754932630275,0.7113730926111141,-4.211334603173392,1.3606158272719031,-3.5196915524346486,1.2313325501808923,2.3115681069237843,0.7655012972935711,2.393275201320648,0.7572810212414457,1.311353862285614,0.2867923096646439,1.191542191164834,0.2595851182454774,-1.5976116529532842,1.0585695516023184,-1.3097142672964506,0.9173266174838484,-6.095385687691825,1.532794937558396,-5.632013865879604,1.4081353079613173,1.8409168464796883,1.9586685114206603,1.9350405207702093,1.5239260717156347,1.5587984834398543,0.4048663284833644,1.5420361586979456,0.30308708872625556,0.29948258,1.4285107,-0.00021327287,-0.4855225,62.573526870571975,-8.0,998.0,86.1496837391128,14.45807132835369,556.4395744373328,37.602601419573794,211.39999999999964,3631.015625,0,3631.015625,0,3631.015625,0
2010-11-12,1.3448167,0.0,12.482643,2.4059365,-1.1728268,-4.3231983,-0.020190142,0.8584092,-0.0026625877,-0.0054605203,5.5879354e-08,0.0013649169,295.9075,278.88043,301.17987,4.926215,96879.23,75933.45,100876.21,5738.147,0.119228065,-2.5647972,3.1433735,0.923504,-0.3563639,-4.550507,3.8192844,1.4636238,11,316,0,6.940648794174194,2.313549598058065,7.208368466774118,1.0297669238248741,7.548210451860427,0.539157889418602,8.759963052653688,0.2919987684217896,0.67240834,1.3448167,394.6497,0.0,0.0,0.0,0.0,-0.9106686873627561,0.8623137951623908,-0.6553853208731327,0.6962426564481206,-4.275928258895874,1.2506677750160742,-3.5530720267977034,1.1956282252481223,2.2517468418393816,0.6606710758313065,2.4071475693157742,0.7699207775225055,1.2924931475094386,0.3098359904765143,1.1822039570127214,0.267145765981963,-1.5464334871087755,1.1155035099946582,-1.3245439508131571,0.8986015520557477,-6.086845125470843,1.5425841448597462,-5.685596278735569,1.3459759691712325,2.0417762909616743,2.094525981542132,1.942818773644311,1.5339297195771473,1.5802099704742432,0.3935516721189863,1.5223864146641322,0.2982334539434966,0.077201724,0.7578888,-0.0023392495,-0.34337682,62.573526870571975,-8.0,998.0,86.1496837391128,14.45807132835369,556.4395744373328,37.602601419573794,211.39999999999964,3574.953125,0,3574.953125,0,3574.953125,0
2010-11-13,0.53994757,0.0,9.758472,1.0236104,-1.2744443,-4.2924523,-0.01698127,0.9096346,-0.002826969,-0.005161318,-3.4924597e-09,0.0014149962,295.7133,278.56754,301.46146,5.2797213,96997.07,76012.23,101014.97,5741.8306,-0.19307598,-2.6408265,2.042279,0.7950223,-0.9095496,-3.9580936,1.890295,1.3200551,11,317,0,5.0540013909339905,1.68466713031133,7.730334080362809,1.1043334400518299,7.751788238544464,0.5536991598960331,9.273162439771909,0.3091054146590636,0.26997378,0.53994757,394.6497,0.0,0.0,0.0,0.0,-0.8744460038308587,0.8899379864403181,-0.6457554560952953,0.7020289832645564,-4.246059247425625,1.2922075878933375,-3.5821049554007396,1.1657039240994387,2.237095066479274,0.6645628775255641,2.38522378887449,0.7760430920101008,1.270148949963706,0.3424542603239886,1.1843380672591073,0.26365430178695837,-1.4231110853808266,1.1338728600440018,-1.2653797077281135,0.8965616066760733,-5.908385753631592,1.7230041759578572,-5.556132674217224,1.4221829889038857,2.1919908949307034,2.03060175107769,2.023067695753915,1.496607161219453,1.6118600538798742,0.35541661967617555,1.5331221563475472,0.2870589296275934,-0.011864066,0.75807476,0.0020202715,-0.26701295,62.573526870571975,-8.0,998.0,86.1496837391128,14.45807132835369,556.4395744373328,37.602601419573794,211.39999999999964,3510.0625,0,3510.0625,0,3510.0625,0
2010-11-14,0.18414976,0.0,5.8345795,0.43279615,-1.471114,-4.4089174,-0.017187791,1.2105854,-0.003025165,-0.0064191017,2.0023435e-08,0.001528559,295.6711,278.64133,301.9639,5.355102,97417.24,76377.69,101468.27,5748.917,-0.94187295,-3.3555431,1.5056629,1.032438,-1.9502813,-5.1368756,1.2797502,1.3619717,11,318,0,2.068914011120796,0.6896380037069321,7.914264359511435,1.1306091942159193,7.935761475994582,0.5668401054281844,9.452459470675308,0.3150819823558436,0.09207488,0.18414976,394.6497,0.0,0.0,0.0,0.0,-0.809024081964578,0.8612490298400028,-0.6814455018777933,0.7035844416089643,-4.057253871645246,1.3150680331415274,-3.605463351522173,1.1570019228145272,2.2341744559151784,0.6682430233385186,2.362769297191075,0.7978951709843551,1.2092677099364144,0.34124624308505647,1.1895092725753784,0.2595953685881073,-1.3890243300369807,1.1103577425582054,-1.2627921168293272,0.8943698403358172,-5.895377499716623,1.7293297504623502,-5.448446699551174,1.3901518533493697,2.356912706579481,1.8757499850634578,2.0622460458959853,1.4670765336706098,1.626819133758545,0.3398678917280891,1.5116055948393685,0.28784699318842183,0.21701217,3.0484624,0.0028731301,-0.79635406,62.573526870571975,-8.0,998.0,86.1496837391128,14.45807132835369,556.4395744373328,37.602601419573794,211.39999999999964,3434.2734375,0,3434.2734375,0,3434.2734375,0
2010-11-15,0.44679093,0.0,7.6184273,1.2269465,-1.7700242,-6.9500885,-0.018783845,1.6818043,-0.0030995628,-0.0061919866,-1.7229468e-08,0.0015289452,295.25043,276.8232,301.01456,5.620012,97502.01,76416.4,101613.19,5754.0146,-0.39978346,-3.0044003,2.3994896,1.0462362,-2.4236982,-5.572248,0.9096451,1.432897,11,319,0,1.1708882600069046,0.3902960866689682,8.350858554244041,1.1929797934634345,8.382551238013548,0.5987536598581106,9.896405783555451,0.3298801927851817,0.20723681,0.44679093,394.6497,0.0,0.0,0.0,0.0,-0.6089979402188744,0.7478789168739608,-0.6753534537607006,0.7057813611742345,-3.7497928142547607,1.2658709455115462,-3.6139990942818776,1.1517057554418144,2.3461079256875172,0.6105629873133089,2.3343128306525096,0.7882291385545347,1.1558442200933183,0.33186395667167107,1.1877930845533098,0.26052211595737074,-1.3748547732830048,1.0939888973144343,-1.334920489362308,0.9466824800616785,-5.672579288482666,1.6417267033278276,-5.369196023259844,1.3453375399800858,2.4141021966934204,1.815154417530384,2.0188451451914653,1.49319435507979,1.5961696420397078,0.34729089813866204,1.4992307594844274,0.2871933265899329,0.24866498,3.5779505,0.0027157366,-0.94693744,62.573526870571975,-8.0,998.0,86.1496837391128,14.45807132835369,556.4395744373328,37.602601419573794,211.39999999999964,3356.3828125,0,3356.3828125,0,3356.3828125,0
2010-11-16,0.16884917,0.0,5.791664,0.57840985,-2.0248318,-11.406469,-0.01728884,2.1171675,-0.003109451,-0.0056024725,-6.752089e-08,0.0014775543,294.72748,279.10416,300.79727,5.3947954,97312.5,76220.37,101419.99,5779.076,-0.37191102,-2.4582698,2.7612126,0.90137136,-2.0626013,-6.095335,1.0347513,1.3620191,11,320,0,0.7997898608446121,0.26659662028153736,8.280386224389076,1.182912317769868,8.551400408221525,0.6108143148729661,10.061441037644613,0.3353813679214871,0.07721477,0.16884917,394.6497,0.0,0.0,0.0,0.0,-0.37078146769532133,0.4018275895889921,-0.6286209663376212,0.7024182575235784,-3.3758647782461986,1.1934297046481663,-3.5317119530269077,1.1924260933397528,2.493816443852016,0.5587678015554054,2.42949583700725,0.7499820074598971,1.0635883041790553,0.29236115349332803,1.1709354690143041,0.2714420550544814,-1.2610405215195246,0.9451286431667862,-1.4183446317911148,0.9563134000698861,-5.294797148023333,0.9952706677389067,-5.4705431291035245,1.3425792939368097,2.467334304537092,1.759832755557857,1.920285314321518,1.5105020297650296,1.4635933126722063,0.170285199648061,1.4941843492644173,0.28906748180102876,0.13297963,1.0623932,0.0060044695,-1.147069,62.573526870571975,-8.0,998.0,86.1496837391128,14.45807132835369,556.4395744373328,37.602601419573794,211.39999999999964,3281.4765625,0,3281.4765625,0,3281.4765625,0
2010-11-17,0.8180772,0.0,15.481949,2.3339474,-1.808412,-10.157884,-0.016749604,1.9107412,-0.002858261,-0.005374273,-5.122274e-09,0.0014160399,293.9443,279.1947,300.14578,4.9277477,97311.02,76210.055,101360.56,5780.424,-0.46673083,-3.0303676,2.9964066,1.0890238,-1.6019242,-5.8289857,1.0538267,1.13205,11,321,0,1.4337173104286194,0.4779057701428731,6.671868458390236,0.9531240654843194,9.369477614833158,0.6692484010595113,10.82700757666396,0.3609002525554653,0.4090386,0.8180772,394.6497,0.0,0.0,0.0,0.0,-0.3184680803013699,0.35243573740741846,-0.6161778708919883,0.7037251147167276,-2.969672441482544,0.46022077385744237,-3.5072706937789917,1.199425782437803,2.5198236874171664,0.5800065241402086,2.490703523159027,0.7594020616050361,0.9776138492992946,0.10669661330617053,1.1570061445236206,0.2701925311105628,-1.3099493341786521,0.95385742242012,-1.481733268925122,0.9352492921588313,-5.13883468082973,0.7544131077634005,-5.555150968687875,1.3237076234086342,2.242315309388297,1.8348257933179348,1.823078066110611,1.5199949466877478,1.3644105366298132,0.11794430723735841,1.464345974581582,0.3040578247899053,-0.2661568,-1.6584721,0.005420763,-0.10494912,62.573526870571975,-8.0,998.0,86.1496837391128,14.45807132835369,556.4395744373328,37.602601419573794,211.39999999999964,3208.59375,0,3208.59375,0,3208.59375,0
2010-11-18,0.016713513,0.0,0.86832047,0.0746914,-1.7971561,-7.0888653,-0.017071841,1.7308645,-0.0030210025,-0.005712052,8.428469e-08,0.0014313608,293.86197,278.44006,300.34216,4.97747,97419.44,76309.57,101506.74,5777.5664,-0.76505834,-4.3681183,2.9592335,1.3511598,-1.6075647,-4.546001,0.761535,1.0298016,11,322,0,1.0036398898810148,0.3345466299603383,3.51934483461082,0.5027635478015456,9.386191127894563,0.6704422234210402,10.809045540009606,0.36030151800032023,0.0083567565,0.016713513,394.6497,0.0,0.0,0.0,0.0,-0.43131493244852337,0.3506391515848808,-0.665201911569706,0.6871141895112943,-3.0603318214416504,0.6564423471660339,-3.635833212307521,1.1874334902797603,2.5439511026654924,0.5964158974921668,2.4277596047946384,0.670202693342273,1.0198222143309457,0.17761058698716214,1.16558803830828,0.27459614445066627,-1.5588547331946236,0.7102509628664979,-1.578233193073954,0.86626576579709,-5.098292282649449,0.7809478233007427,-5.596838985170637,1.2780911952614644,1.535583964415959,1.0708589569537006,1.6882504054478236,1.5247957253086781,1.300345471927098,0.16007130434865333,1.429571977683476,0.32475200663238835,-0.69902074,-3.0844874,0.0031529926,0.88304377,62.573526870571975,-8.0,998.0,86.1496837391128,14.45807132835369,556.4395744373328,37.602601419573794,211.39999999999964,3137.6171875,0,3137.6171875,0,3137.6171875,0
2010-11-19,0.0021151106,0.0,0.14972687,0.0133622335,-1.712092,-7.3470764,-0.015228521,1.6802055,-0.0029949024,-0.005320276,4.656613e-09,0.0014136794,293.48126,277.1937,300.45248,5.149674,97345.125,76223.21,101448.91,5789.6104,-0.5837541,-4.821184,3.409732,1.3790542,-1.3402865,-4.4293194,0.75142604,1.0275187,11,323,0,0.8369058303069323,0.2789686101023108,2.1766432605218142,0.310949037217402,9.385011727295932,0.670357980521138,10.715477284583244,0.3571825761527748,0.0010575553,0.0021151106,394.6497,0.0,0.0,0.0,0.0,-0.5317409592015403,0.25404372797278085,-0.7212048232821482,0.6415900658274877,-3.3826728207724437,0.8863050308792307,-3.8293005398341586,1.1398686638054372,2.5820023332323347,0.6473543345936098,2.416874587535858,0.6513337702406613,1.0849008134433202,0.21579193963386478,1.1886969804763794,0.2782110479064319,-1.6994151047297887,0.4983683224387374,-1.622924295919282,0.8338154290959402,-5.080979755946568,0.7963076303304937,-5.583912440708706,1.2896990737914318,1.097318478993007,0.3948655414151298,1.5695473849773407,1.5286934907845668,1.2380447557994299,0.1704610907739616,1.4091273631368364,0.34119800613089857,-0.5392653,-3.023878,0.004961621,0.82179624,62.573526870571975,-8.0,998.0,86.1496837391128,14.45807132835369,556.4395744373328,37.602601419573794,211.39999999999964,3070.7109375,0,3070.7109375,0,3070.7109375,0
2010-11-20,0.0,0.0,0.0,0.0,-1.5220907,-7.255486,-0.016115373,1.4758632,-0.0029432783,-0.005291477,3.0267984e-08,0.0014018981,293.29657,278.46738,299.9703,4.822519,97084.97,75987.07,101158.305,5805.5215,-0.4702307,-3.3332665,2.360459,1.0711718,-0.525099,-3.5471191,2.0056152,0.9954625,11,324,0,0.01882862369529903,0.00627620789843301,1.6366956911515445,0.23381367016450635,9.367029771514353,0.6690735551081681,10.696619760784301,0.3565539920261434,0.0,0.0,394.6497,0.0,0.0,0.0,0.0,-0.5713344897542681,0.21029554913679752,-0.7228902467925634,0.6408438602017249,-3.48159282548087,0.826319998811017,-3.863826036453247,1.1149702420950858,2.6274566309792653,0.6134225423494714,2.4322758487292697,0.6469409514441888,1.1243507351194109,0.1754336686035059,1.1972498425415583,0.2721299566586594,-1.6444935883794511,0.6088571445797113,-1.533802336880139,0.8818592184749269,-5.022269112723214,0.9011438694192307,-5.465327433177403,1.398709059676983,1.113792794091361,0.4339362742865755,1.652891844511032,1.5175550674589906,1.1916743772370475,0.18771027215273114,1.4017672155584608,0.34942620315613004,-0.24764633,-2.9630337,0.00086589716,0.5662286,62.573526870571975,-8.0,998.0,86.1496837391128,14.45807132835369,556.4395744373328,37.602601419573794,211.39999999999964,3006.5,0,3006.5,0,3006.5,0
2010-11-21,0.470598,0.0,16.14666,1.5079823,-1.3868763,-6.9059243,-0.014882069,1.4383087,-0.0027523646,-0.0050091054,8.8475645e-09,0.0013474579,293.3414,278.6228,299.2833,4.935333,96921.36,75816.59,100961.81,5812.999,-0.5554279,-3.7146256,1.9136295,0.9333706,-0.11797817,-2.7124825,2.791505,0.9690266,11,325,0,0.4727131228428334,0.15757104094761112,1.923143946332857,0.2747348494761224,9.837408305844292,0.7026720218460208,11.147381581905279,0.3715793860635093,0.23529753,0.470598,394.6497,0.0,0.0,0.0,0.0,-0.516128054686955,0.13351986129811574,-0.6625760683257665,0.6112863459919697,-3.5328903198242188,0.8283340872561663,-3.7950720957347324,1.0903633029719124,2.685737575803484,0.4975062154097832,2.459956015859331,0.6125639316727882,1.110198242323739,0.1876544933722633,1.1597329761300768,0.269519644176367,-1.3827360038246428,0.814592548755701,-1.3858801669308118,0.935573473756017,-4.675927230290005,1.248644098360989,-5.285652365003314,1.5812085733059649,1.32975777557918,0.7735733895628286,1.8433352410793304,1.4778827932085596,1.1355393614087785,0.1870488923321602,1.3811792475836617,0.3666616741968042,0.084237695,-2.497007,0.0023057219,0.22772336,62.573526870571975,-8.0,998.0,86.1496837391128,14.45807132835369,556.4395744373328,37.602601419573794,211.39999999999964,2941.71875,0,2941.71875,0,2941.71875,0
2010-11-22,3.943673,0.0,34.724712,6.907376,-1.732114,-11.433532,-0.01512887,2.3742304,-0.0018851263,-0.004271297,7.9208985e-07,0.001129463,291.74548,278.37564,298.35886,4.2265563,96969.34,75832.34,100988.125,5814.272,-1.502606,-6.7463794,1.4809971,1.5968314,-0.76253843,-6.0895925,3.4980538,1.8156277,11,326,0,4.414270907640457,1.4714236358801525,5.420025908155367,0.7742894154507667,13.770884462399408,0.9836346044571006,15.089304902780782,0.5029768300926928,1.9718364,3.943673,394.6497,0.0,0.0,0.0,0.0,-0.6736741364002228,0.3857509311206705,-0.6413360383095486,0.5726725784373891,-4.067458765847342,1.423826438190148,-3.9086257900510515,1.3047680801725021,2.5545243535723006,0.675033086490869,2.450316139629909,0.6277414890486506,1.1888547113963537,0.2584241004253485,1.172349465744836,0.2862642851506708,-1.1454274675675802,0.6938061080603003,-1.2601411204252924,0.8880965318417652,-4.749833583831787,1.32359963390721,-5.211206436157227,1.5105578205487922,1.6995304482323783,1.092274755884734,2.0568163224628995,1.4861991520417173,1.1902151788984026,0.306348441460819,1.3931924104690552,0.37861677444632386,0.037910223,-4.4834433,0.0036549754,0.6924261,62.573526870571975,-8.0,998.0,86.1496837391128,14.45807132835369,556.4395744373328,37.602601419573794,211.39999999999964,2878.109375,0,2878.109375,0,2878.109375,0
2010-11-23,2.355795,0.0,40.547848,5.7558284,-1.9709747,-10.270487,-0.015954254,2.5645084,-0.0022158774,-0.0048151864,-6.91507e-08,0.0012698061,292.0842,278.68253,298.29492,4.2523685,97120.625,76015.98,101217.35,5795.504,-1.8867816,-5.6635375,1.2681032,1.5680535,-1.9531986,-7.0516334,1.816124,1.7289101,11,327,0,6.770065814256668,2.2566886047522225,7.6069716445636,1.0867102349376572,15.887357868952677,1.1348112763537626,17.441690872846152,0.5813896957615384,1.1778975,2.355795,394.6497,0.0,0.0,0.0,0.0,-0.8900842155729022,0.5694380421477352,-0.6304328416341117,0.5447804270060516,-4.5253541469573975,1.3325408944601003,-3.950609462601798,1.3537491672786988,2.341223018510001,0.819318318368739,2.4175197311810086,0.6783759120315205,1.284095014844622,0.2576651955422368,1.1738416595118386,0.28841471415900216,-1.1297984996012278,0.6705442908564031,-1.1954195105603762,0.7902128451303408,-4.886447634015765,1.5203486593384374,-5.090622391019549,1.2525593837495461,1.811155114855085,1.052206183615274,2.1392447096960887,1.4339803140381469,1.2426281826836723,0.36618346407272445,1.3531107476779394,0.2973490349772681,0.053857088,1.1359825,0.0013345852,0.44734097,62.573526870571975,-8.0,998.0,86.1496837391128,14.45807132835369,556.4395744373328,37.602601419573794,211.39999999999964,2812.296875,0,2812.296875,0,2812.296875,0
2010-11-24,0.22442274,0.0,7.191658,0.8748538,-1.8013291,-9.235804,-0.016752863,2.309329,-0.0023549828,-0.005140954,5.012378e-06,0.0013109207,292.30026,278.23843,298.81436,4.5560846,97273.17,76127.07,101423.414,5805.2207,-0.44453594,-3.447509,3.1866868,1.0783888,-2.0619357,-6.553043,1.1115894,1.6142616,11,328,0,6.5238905400037766,2.174630180001259,7.013317175908014,1.001902453701145,13.68518563429825,0.9775132595927322,17.66581134057276,0.588860378019092,0.089554206,0.22442274,394.6497,0.0,0.0,0.0,0.0,-0.8869135166917529,0.5722430876729527,-0.6026907984965614,0.5435633394472607,-4.584945780890329,1.2620022839156932,-3.7773091111864363,1.2390627790420314,2.3684059040887013,0.8473553109236319,2.444114795752934,0.7020167242064826,1.2825757265090942,0.2590348223730039,1.1300947879041945,0.24751151517679604,-1.1955144256353378,0.7431380343115692,-1.2527318799069949,0.8236141012496883,-4.989884376525879,1.6167368324060092,-5.064359528677804,1.2145120707692079,1.8194069351468767,1.0454820475667026,2.030861122267587,1.4513572069238214,1.311515552656991,0.3866970344753218,1.337963044643402,0.2760247082228271,0.00708282,0.92208004,-3.259629e-06,0.39858782,62.573526870571975,-8.0,998.0,86.1496837391128,14.45807132835369,556.4395744373328,37.602601419573794,211.39999999999964,2744.9765625,0,2744.9765625,0,2744.9765625,0
2010-11-25,0.016990399,0.0,2.6602745,0.12335816,-1.6029031,-8.608757,-0.016093254,1.6333278,-0.0025041332,-0.0048303567,-1.1594966e-07,0.0012018785,292.35736,276.70667,299.01157,4.820789,97389.34,76217.44,101507.1,5810.3784,0.20672,-1.6513113,2.419978,0.77554166,-1.5326761,-5.845184,1.3464667,1.200174,11,329,0,2.5972080435603857,0.8657360145201286,7.013594061834738,1.001942008833534,10.532938896445557,0.7523527783175398,17.677146474147662,0.5892382158049221,-1.3847799,0.016990399,394.6497,0.0,0.0,0.0,0.0,-0.7480880405221667,0.7084079440293498,-0.589701486485345,0.5615874468328642,-4.196830494063241,1.6862513399362384,-3.628581157752446,1.3634476417857582,2.291369387081691,0.8083013216582717,2.4176602448735918,0.6949083518389075,1.2003445625305176,0.31823477958997776,1.1100833884307317,0.2647164647173327,-1.184816056064197,0.7367288306114058,-1.3718353946294104,0.7218044729172957,-5.175481932503836,1.631788764952211,-5.1368871075766425,1.2296509293294715,1.902968602521079,0.9672898439808019,1.719276283468519,0.9987196203463756,1.3358544622148787,0.3710559484383844,1.3180999670709883,0.27515661910065564,0.19425297,-1.5198917,0.0009785872,-0.09753668,62.573526870571975,-8.0,998.0,86.1496837391128,14.45807132835369,556.4395744373328,37.602601419573794,211.39999999999964,2681.3828125,0,2681.3828125,0,2681.3828125,0
2010-11-26,0.00037529937,0.0,0.12683868,0.005046456,-1.6423309,-9.163702,-0.015059952,1.612467,-0.0026568244,-0.004850104,6.030314e-08,0.0012361835,291.79242,275.91525,298.91208,5.0771556,97303.94,76119.586,101430.96,5806.283,0.48246998,-1.743885,2.8446972,0.9734406,-1.5404742,-6.1334805,0.74204826,1.2668937,11,330,0,0.24178843630943447,0.08059614543647815,7.011854250566103,1.001693464366586,9.188497511087917,0.6563212507919941,17.676808275181315,0.5892269425060438,-0.33693272,0.00037529937,394.6497,0.0,0.0,0.0,0.0,-0.5957703122070858,0.8500895495649639,-0.563755635704313,0.6036741289275116,-3.7572163343429565,1.8856900206457305,-3.5699445775577,1.4288018305505676,2.2106501204626903,0.6988005800321941,2.3963262268475125,0.6752206443807997,1.1423997623579842,0.31719745006183603,1.1136502879006522,0.2623347469817894,-1.2134142965078354,0.7475752855443105,-1.456414700618812,0.6604268726638923,-5.418933527810233,1.6290349639424198,-5.2499566418784,1.2442764090310532,1.901628920010158,0.9691552208925076,1.4994736995015825,0.8244012898523734,1.3700508901051112,0.3482322022636675,1.3040478229522705,0.27216024256050136,0.06976116,-1.8166256,0.00016856939,-0.067738414,62.573526870571975,-8.0,998.0,86.1496837391128,14.45807132835369,556.4395744373328,37.602601419573794,211.39999999999964,2622.5078125,0,2622.5078125,0,2622.5078125,0
2010-11-27,0.0007365396,0.0,0.07677078,0.005715913,-1.5964532,-8.115389,-0.013926066,1.4992211,-0.0026168362,-0.0046848776,-4.2142347e-08,0.0012319235,291.46774,276.16486,298.49442,5.1314845,97227.51,76015.33,101315.664,5823.4414,0.32227758,-2.2900379,2.4073498,1.0168128,-0.8715478,-4.901853,1.9240341,1.2196381,11,331,0,0.018102237954735756,0.006034079318245252,7.012590790167451,1.0017986843096358,8.649286481318995,0.6178061772370711,17.430094045835062,0.5810031348611687,0.0003682698,0.0007365396,394.6497,0.0,0.0,0.0,0.0,-0.48255484444754465,0.9195325795077565,-0.5269446671009064,0.6424815283516618,-3.608183673449925,1.96436440805721,-3.5448882494653975,1.449277856202484,2.2173487969807217,0.7006981571547436,2.4224027139799937,0.667501095458045,1.1346341967582703,0.31988588132409923,1.1294924659388406,0.2479134182675741,-1.2629069877522332,0.7046465867452816,-1.4537002880658423,0.6629208199922307,-5.612466948372977,1.4389826425332666,-5.317368030548096,1.1934292899566348,1.8899744749069214,0.9681863723663602,1.501883634499141,0.8256799648393873,1.4020759803908212,0.3169443381431086,1.2968751788139343,0.2730277641066,-0.07436252,-0.85990286,0.0021893065,0.023357868,62.573526870571975,-8.0,998.0,86.1496837391128,14.45807132835369,556.4395744373328,37.602601419573794,211.39999999999964,2567.25,0,2567.25,0,2567.25,0
2010-11-28,0.0,0.0,0.0,0.0,-1.6364439,-9.704656,-0.013238285,1.699566,-0.0026489608,-0.0046450854,8.265488e-08,0.0012841589,291.33292,276.78568,298.32468,5.0736046,97375.74,76147.06,101476.28,5830.202,-0.6160398,-3.4889214,2.0784206,1.0749581,-1.1722585,-5.1397214,0.9714031,1.099865,11,332,0,0.0011118389666080475,0.0003706129888693492,6.541992777958512,0.934570396851216,8.46513672429137,0.6046526231636692,16.737444502549693,0.5579148167516564,0.0,0.0,394.6497,0.0,0.0,0.0,0.0,-0.4912136878286089,0.9206179005489747,-0.503670871257782,0.6321125613551885,-3.5759402172906056,1.9641784240257114,-3.5544152685574124,1.448375535051473,2.240890383720398,0.6915012221682196,2.463313979761941,0.6230649943164993,1.1548609818731035,0.3093412897979504,1.1325296120984214,0.24689130523433367,-1.4135184628622872,0.5029462049911425,-1.398127233343465,0.6505862381708822,-5.959215368543353,0.7523256484043852,-5.317571299416678,1.1933964250100817,1.6299599068505424,0.9293431323689741,1.4798588412148612,0.8361078003277426,1.420767171042306,0.2898495338326246,1.2781532662255424,0.2771756460848597,-0.24956751,-2.7987313,0.0016437843,0.2612573,62.573526870571975,-8.0,998.0,86.1496837391128,14.45807132835369,556.4395744373328,37.602601419573794,211.39999999999964,2513.390625,0,2513.390625,0,2513.390625,0
2010-11-29,0.000188626,0.0,0.04053116,0.0021318665,-2.0219967,-12.109607,-0.013497891,2.6310434,-0.0027133108,-0.005524536,1.0477379e-08,0.0013553051,291.245,276.9809,299.15994,5.1825566,97504.54,76299.52,101641.28,5816.886,-0.8406934,-5.1797347,1.995355,1.5104235,-1.8681709,-6.023825,0.7663765,1.448858,11,333,0,0.0009251656010746956,0.0003083885336915652,2.59850850852672,0.3712155012181029,8.018534416682087,0.5727524583344348,16.401263345863185,0.5467087781954395,9.4313e-05,0.000188626,394.6497,0.0,0.0,0.0,0.0,-0.39665474210466656,0.8288401287388081,-0.5351644392524447,0.6374991732160371,-3.3521338360650197,1.5978020592729383,-3.709796300956181,1.5005750954813395,2.3143700872148787,0.6210338918477594,2.4344472203935896,0.635487446275566,1.1425169961793082,0.2898771091314333,1.165685853787831,0.26492171092529004,-1.5714659520557948,0.4332111198165023,-1.3584467098116875,0.598042544499871,-5.949820041656494,0.7508352708183312,-5.349826812744141,1.2068364179212925,1.2397202934537614,0.47820233001599083,1.46962537084307,0.8444587929640338,1.368371503693717,0.23442612025001505,1.2792933412960596,0.2778929936382137,-0.28988278,-0.676075,0.0016309787,0.25681305,62.573526870571975,-8.0,998.0,86.1496837391128,14.45807132835369,556.4395744373328,37.602601419573794,211.39999999999964,2460.140625,0,2460.140625,0,2460.140625,0
2010-11-30,6.1313214e-05,0.0,0.016212463,0.0008140757,-1.9269825,-11.585822,-0.012119766,2.4871285,-0.0026971258,-0.0049960134,4.1909516e-09,0.0012991866,290.8743,276.3265,298.9024,5.18195,97315.555,76115.16,101462.414,5815.288,-0.09465466,-3.4891536,2.8155746,1.347412,-1.0911181,-5.795816,2.6475842,1.7982584,11,334,0,0.0002499392139725387,8.331307132417957e-05,0.24277491512475535,0.03468213073210791,7.849746559688356,0.5606961828348825,16.401148139499924,0.5467049379833308,3.0656607e-05,6.1313214e-05,394.6497,0.0,0.0,0.0,0.0,-0.14063661119767598,0.5055961578465479,-0.515360413385289,0.6471935831554317,-3.041507567678179,1.2462340127597493,-3.7834308573177884,1.459159111051556,2.535437430654253,0.4336924553134454,2.4383302245821272,0.637799537367374,1.1109967827796936,0.24430800899222746,1.1975458988121577,0.25740375801352733,-1.4483116013663155,0.4291224710465348,-1.2890550504837717,0.5655311684894436,-5.770417554037912,0.5725599725931715,-5.328432594026838,1.1952025794584062,1.358500327382769,0.6979903921123568,1.584827721118927,0.889386473496086,1.378278408731733,0.25293652058749894,1.3104532957077026,0.31043477207066944,0.04399216,-1.3153353,0.0038344879,-0.07737994,62.573526870571975,-8.0,998.0,86.1496837391128,14.45807132835369,556.4395744373328,37.602601419573794,211.39999999999964,2409.7421875,0,2409.7421875,0,2409.7421875,0
2010-12-01,0.0,0.0,0.0,0.0,-1.5004247,-8.897951,-0.01554843,1.6600482,-0.002623148,-0.0049435883,2.0489097e-08,0.0012575713,290.80774,275.95462,298.0574,5.008756,97252.17,76063.99,101321.875,5807.4023,0.0071524167,-3.268657,3.1239212,1.0728438,-1.0998712,-5.7419224,1.7833055,1.2894517,12,335,0,0.0002499392139725387,8.331307132417957e-05,0.018352177168708295,0.0026217395955297563,7.0316693530767225,0.5022620966483373,16.40114696790988,0.5467048989303294,0.0,0.0,394.6497,0.0,0.0,0.0,0.0,-0.07610970296497856,0.48889426088669125,-0.4815116098283657,0.662151991821008,-3.0159572703497752,1.238331216470114,-3.8004515256200517,1.4510664807302565,2.5264709166118076,0.4183617851446828,2.4474384103502547,0.6472231547134282,1.1102046370506287,0.24444031243430225,1.1963901817798615,0.2579642054705266,-1.3108738149915422,0.3458151741279299,-1.25319412031344,0.5600570641722411,-5.654543195452009,0.4584886449184616,-5.322213785988944,1.1926215031208578,1.4544597693852015,0.7045306344806461,1.6369333522660392,0.8771689284952047,1.3318769931793213,0.23129770234299482,1.3216962729181563,0.30629930063425725,0.3009044,0.33785248,0.0012044329,-0.6492808,62.573526870571975,-8.0,998.0,86.1496837391128,14.45807132835369,556.4395744373328,37.602601419573794,211.39999999999964,2364.2734375,0,2364.2734375,0,2364.2734375,0
2010-12-02,5.3112082e-05,0.0,0.01335144,0.00060118537,-1.843162,-11.317217,-0.01613074,2.3824108,-0.0028111227,-0.005622222,6.07688e-08,0.0014393473,290.7659,278.08563,297.9245,4.894873,97445.99,76266.74,101540.96,5811.633,-1.212431,-4.1938987,1.7089742,1.2752438,-2.0052035,-5.5758986,0.7382698,1.2169727,12,336,0,0.00011442529648775235,3.814176549591745e-05,0.001414890262822155,0.00020212718040316498,7.01500895209756,0.5010720680069686,16.401200079992122,0.5467066693330708,2.6556041e-05,5.3112082e-05,394.6497,0.0,0.0,0.0,0.0,-0.27884555275418926,0.6268474248375765,-0.513466796638178,0.687209342658323,-3.3791840417044505,1.1403608108878098,-3.7880072678838457,1.4465637848247608,2.4248989650181363,0.5219996042383659,2.3581341760499135,0.6573497604987555,1.1815906507628304,0.19919557521867662,1.1909676066466741,0.2552441508389222,-1.3783777270998274,0.43176552245153427,-1.2815968915820122,0.5887585661059629,-5.616073880876813,0.4510640963336402,-5.395777906690325,1.1726559198264472,1.3675745044435774,0.7557118825871822,1.635271553482328,0.8789751239766743,1.3342768124171667,0.22978568205625105,1.3350656373160226,0.2965069166041748,-0.24025881,-2.7084599,-3.7485734e-05,0.7490829,62.573526870571975,-8.0,998.0,86.1496837391128,14.45807132835369,556.4395744373328,37.602601419573794,211.39999999999964,2319.03125,0,2319.03125,0,2319.03125,0
2010-12-03,3.1242403e-06,0.0,0.0019073486,6.3930136e-05,-1.9285468,-12.615879,-0.017423881,2.8653793,-0.0027218424,-0.0053940597,4.1909516e-08,0.0013444206,290.9418,278.44656,298.1058,4.5277634,97474.98,76247.78,101604.445,5829.2744,-1.1474842,-5.0168757,2.3316758,1.5008802,-1.6891642,-6.129747,1.016168,1.6273386,12,337,0,5.623632250717492e-05,1.8745440835724974e-05,0.0010427151378280541,0.00014895930540400774,7.012896965703931,0.500921211835995,16.401203204232388,0.546706773474413,1.5621201e-06,3.1242403e-06,394.6497,0.0,0.0,0.0,0.0,-0.5116961469341602,0.5990300640669137,-0.553733229570623,0.7078502225343674,-3.8467541422162737,1.0230685354268898,-3.8019852382796153,1.4582137666309463,2.3516101837158203,0.4881534557231026,2.281130152089255,0.5837043752514491,1.256939172744751,0.20694236662409116,1.1996694675513677,0.2640736582032927,-1.399619153567723,0.44453784239379307,-1.3065167250377792,0.5987325764951869,-5.615540504455566,0.45035194521770366,-5.5172370161329,1.1527465793713063,1.4067344665527344,0.7243470200782696,1.6541816932814462,0.8611648866638826,1.385768941470555,0.251526487711814,1.3779099157878332,0.29194996202850826,-0.2862159,-3.452177,-0.0023639295,1.2529123,62.573526870571975,-8.0,998.0,86.1496837391128,14.45807132835369,556.4395744373328,37.602601419573794,211.39999999999964,2273.6953125,0,2273.6953125,0,2273.6953125,0
2010-12-04,0.0,0.0,0.0,0.0,-1.7588724,-11.801692,-0.015260419,2.5332534,-0.0026967875,-0.005360878,2.3050234e-08,0.0013639271,290.61478,278.3676,297.8502,4.5594897,97312.38,76111.13,101413.13,5818.0845,-1.1119814,-4.0288596,2.7070618,1.3326064,-1.7328192,-5.372547,1.6903597,1.3827554,12,338,0,5.623632250717492e-05,1.8745440835724974e-05,0.00030617553647971363,4.3739362354244804e-05,7.012896965703931,0.500921211835995,16.401203204232388,0.546706773474413,-1.5795848e-05,0.0,394.6497,0.0,0.0,0.0,0.0,-0.7165902851681624,0.5039809943494606,-0.5995725648078535,0.7226514268222077,-4.095157248633249,0.7591534208754033,-3.8516704610415866,1.4528552811792732,2.39442617552621,0.5066506414341432,2.3058874862534657,0.59457703598753,1.3020525489534651,0.1783111521795669,1.2183433728558677,0.26353108569427797,-1.5226579223360335,0.3898453806697394,-1.3927824550441332,0.5634498350688242,-5.6827825137547086,0.34998734973105533,-5.647624731063843,1.0067570984439687,1.3733524084091187,0.7015596256352358,1.63166344165802,0.8553707616411578,1.409071411405291,0.24090179063940514,1.405573695898056,0.2704832702743854,-0.1624192,-3.6863031,-0.0013343524,1.0340323,62.573526870571975,-8.0,998.0,86.1496837391128,14.45807132835369,556.4395744373328,37.602601419573794,211.39999999999964,2229.8515625,0,2229.8515625,0,2229.8515625,0
2010-12-05,0.00024408127,0.0,0.08249283,0.0035465749,-1.8420076,-11.347144,-0.012156786,2.8021204,-0.0026775629,-0.005456159,-8.381903e-09,0.00136912,290.16647,276.13254,298.05344,5.236791,97200.91,75929.87,101306.664,5833.2236,-1.4503274,-4.940956,2.9784775,1.5197184,-1.7673455,-5.391884,1.9252548,1.4110464,12,339,0,0.0002472055080033897,8.24018360011299e-05,0.0005502568042174971,7.860811488821387e-05,6.54254303476273,0.46732450248305213,16.3981527742676,0.5466050924755866,-0.001455076,0.00024408127,394.6497,0.0,0.0,0.0,0.0,-0.8357742257150156,0.5704979002372192,-0.6634939567718122,0.7571991869259631,-4.3025907788957864,0.764257443136002,-3.9392654980931963,1.4806597167937667,2.523005723953247,0.5268928983104634,2.3819480538368225,0.6084850119816865,1.3655897378921509,0.16243814856385405,1.2602253598826272,0.2613415454980276,-1.6076703582491194,0.3647782434519565,-1.5105944105557032,0.4339479467856774,-5.718805721827915,0.2931352990995542,-5.8390105451856344,0.5625369664960911,1.5096169369561332,0.7031088515470648,1.5697884219033378,0.7941581316686781,1.4535259008407593,0.19948429167096046,1.4371465359415327,0.23964659551446374,-0.20556378,-1.6424885,0.0010814983,1.1025544,62.573526870571975,-8.0,998.0,86.1496837391128,14.45807132835369,556.4395744373328,37.602601419573794,211.39999999999964,2187.171875,0,2187.171875,0,2187.171875,0
2010-12-06,0.0,0.0,0.0,0.0,-1.9237487,-10.861738,-0.012679258,2.930301,-0.002604442,-0.005397575,4.2142347e-08,0.0013534712,289.88873,273.52686,298.1061,5.6257925,97303.3,75917.86,101429.37,5849.0728,-1.3328646,-5.242294,2.8870194,1.6580869,-1.9057555,-5.902048,3.2905788,1.6062411,12,340,0,0.0002440812677377835,8.136042257926117e-05,0.00036163080449114204,5.1661543498734576e-05,2.5988701393312112,0.1856335813808008,16.38017081848602,0.546005693949534,-0.0072344984,0.0,394.6497,0.0,0.0,0.0,0.0,-0.9060844011338693,0.6007324922359066,-0.651369571619268,0.7439731146227536,-4.311527797154018,0.7764918873723025,-3.8318308166095187,1.3055206781687403,2.6503863504954746,0.48411545920076177,2.482378218855177,0.5626502868038838,1.386684502874102,0.19138954421570487,1.264600749526705,0.26784243011952275,-1.613039595740182,0.36949773429621446,-1.5922527738979884,0.38742264611230703,-5.701408999306815,0.2750733871921871,-5.825614520481655,0.5583279980539284,1.870217272213527,0.8827384554144672,1.5549687828336443,0.756447691790087,1.4760091985974992,0.2075755083885216,1.422190351145608,0.21993176249500326,0.098248005,1.2478685,0.00081863254,0.29925752,62.573526870571975,-8.0,998.0,86.1496837391128,14.45807132835369,556.4395744373328,37.602601419573794,211.39999999999964,2146.4140625,0,2146.4140625,0,2146.4140625,0
2010-12-07,0.0,0.0,0.0,0.0,-2.0412502,-12.272413,-0.013465993,3.1577344,-0.0025912323,-0.0054005776,9.429641e-08,0.0013702606,289.67548,272.6132,297.7092,5.520512,97390.125,76004.93,101541.27,5839.4272,-1.2395627,-5.2518935,2.3246448,1.5320395,-2.477302,-7.0693374,0.90136594,1.6396873,12,341,0,0.0002440812677377835,8.136042257926117e-05,0.0003003175902449584,4.2902512892136914e-05,0.2430752327150003,0.01736251662250002,16.379951340607022,0.5459983780202341,-0.003565419,0.0,394.6497,0.0,0.0,0.0,0.0,-1.0696427001218711,0.4883317728948921,-0.6051396556597736,0.678530962271306,-4.563347782407488,0.7507477588078783,-3.8024276750428334,1.2651032249939629,2.5802535159247264,0.4916971879403678,2.5578454732894897,0.4460218438762734,1.4130598647253854,0.19769331445393212,1.2620283237525396,0.26486014715839157,-1.8110658781869071,0.41215251539310505,-1.6296887397766113,0.4458925427070265,-5.883340631212507,0.5894366985813785,-5.82687909262521,0.5613304208518001,1.620757520198822,0.8731289977884965,1.4896289237907954,0.7715117491853997,1.453356180872236,0.17218178051839977,1.4158172948019845,0.21149087004842382,-0.11426771,-0.68659115,-0.0013462268,0.6706059,62.573526870571975,-8.0,998.0,86.1496837391128,14.45807132835369,556.4395744373328,37.602601419573794,211.39999999999964,2107.7421875,0,2107.7421875,0,2107.7421875,0
2010-12-08,0.0001484014,0.0,0.10633469,0.0032953776,-1.9540535,-11.94749,-0.012284843,2.8710127,-0.0025789386,-0.005153857,8.1490725e-09,0.0013315994,288.62305,271.95163,297.06393,5.558125,97230.07,75832.74,101390.62,5838.269,-0.098507166,-2.3696613,3.5955486,1.147211,-2.591756,-7.298839,0.57986385,1.5757412,12,342,0,0.00014840140647720546,4.9467135492401816e-05,0.00044871899672216387,6.410271381745198e-05,0.01880089616543046,0.0013429211546736042,16.369903003137097,0.5456634334379032,-0.00020321387,0.0001484014,394.6497,0.0,0.0,0.0,0.0,-1.0847369262150355,0.449597815643617,-0.5804233145900071,0.6910185252520881,-4.434919834136963,1.0329821685315925,-3.725438552243369,1.3199705656431184,2.64762886932918,0.5991758708755759,2.587049892970494,0.5004311386062167,1.4236837455204554,0.17731068617198875,1.2669441912855421,0.2618106927220975,-2.0241922991616383,0.366273435696177,-1.6675330570765905,0.5040869579766967,-6.105757304600307,0.787608856457794,-5.8801502500261575,0.6619212649419371,1.4488372802734375,0.9508125721931113,1.4516485248293196,0.8039593568714938,1.4942546742303031,0.16035585381398743,1.413065833704812,0.20894580661604692,-0.45362878,-3.0495386,0.0032635871,1.2109644,62.573526870571975,-8.0,998.0,86.1496837391128,14.45807132835369,556.4395744373328,37.602601419573794,211.39999999999964,2071.9375,0,2071.9375,0,2071.9375,0
2010-12-09,3.5147702e-06,0.0,0.0009536743,5.6154902e-05,-1.7557569,-11.357897,-0.012808479,2.3607469,-0.0025789689,-0.0049437666,6.3166954e-07,0.0013013826,288.23502,274.10483,296.67075,5.2247744,97166.875,75824.37,101376.28,5857.1274,-0.22601834,-2.169382,2.500499,1.0003567,-2.1066692,-6.470642,1.1315308,1.2568529,12,343,0,0.00015191617671916902,5.063872557305634e-05,0.0003991216847225587,5.70173835317941e-05,0.0018140119475447136,0.00012957228196747956,16.130585017844396,0.5376861672614799,-0.13677055,3.5147702e-06,394.6497,0.0,0.0,0.0,0.0,-0.9438208384173257,0.5469490553683796,-0.6113331955857575,0.6621769596195355,-4.145703179495675,1.3473034239985828,-3.7624436106000627,1.2633997580418528,2.760703836168562,0.448170985790455,2.592801400593349,0.49882339299486994,1.3844141619546073,0.23629471534367746,1.2830024063587189,0.23485924369531858,-2.0386873994554793,0.3674027047453563,-1.7085325632776533,0.5154884393924921,-6.233577796391079,0.7593846662010845,-5.924825838633946,0.680233678256109,1.5050174168178014,0.9126838738522215,1.4362959606306893,0.8081636714469673,1.4999518394470215,0.14918172686834286,1.417114325932094,0.20501569074877418,0.087405086,-0.04067993,0.0033222605,-0.021663904,62.573526870571975,-8.0,998.0,86.1496837391128,14.45807132835369,556.4395744373328,37.602601419573794,211.39999999999964,2038.4609375,0,2038.4609375,0,2038.4609375,0
2010-12-10,0.0,0.0,0.0,0.0,-1.7652389,-10.4184885,-0.0127395615,2.355295,-0.0024897235,-0.0048700357,-2.165325e-08,0.0012734295,288.14948,275.14,295.79797,4.95456,97103.414,75780.89,101293.06,5868.574,0.41022643,-2.2354405,3.093539,1.0265974,-1.4125513,-5.6245065,1.4301809,1.4231935,12,344,0,0.00015191617671916902,5.063872557305634e-05,0.0003959974444569525,5.657106349385036e-05,0.0014387125822850066,0.00010276518444892904,13.703990045233923,0.4567996681744641,-0.22319387,0.0,394.6497,0.0,0.0,0.0,0.0,-0.7212907501629421,0.7348749772261354,-0.6164934485485511,0.6532183131832553,-3.7483552864619663,1.4535200696436492,-3.79755471433912,1.2086300922332414,2.869541440691267,0.4181184418605372,2.6105758122035434,0.5127291773428344,1.3166594675609045,0.26373748502412564,1.2867993201528276,0.22984583835360975,-1.9991712740489416,0.4220698514650213,-1.6993952138083321,0.5198121498803892,-6.161400590624128,0.7941148750341409,-5.888470547539847,0.6818235263289327,1.564162118094308,0.8888279924436591,1.4854482923235213,0.7832331887282411,1.4707882404327393,0.139786723204529,1.428278590951647,0.20041004047768482,0.1633079,2.1973906,0.0046843197,-0.5100844,62.573526870571975,-8.0,998.0,86.1496837391128,14.45807132835369,556.4395744373328,37.602601419573794,211.39999999999964,2006.5,0,2006.5,0,2006.5,0
2010-12-11,0.0,0.0,0.0,0.0,-1.5103623,-7.984011,-0.0132014975,1.7393243,-0.0024180936,-0.0046884124,-4.656613e-08,0.0011930036,288.4848,276.31583,296.46027,4.741526,96992.68,75676.46,101146.195,5888.165,0.7444999,-1.7428188,3.4555862,1.0315607,-0.23103592,-3.8302402,2.5323493,1.1893655,12,345,0,3.5147702419635607e-06,1.1715900806545203e-06,0.0003959974444569525,5.657106349385036e-05,0.0007021729809366661,5.015521292404758e-05,10.534752908393102,0.35115843027977006,-0.64155525,0.0,394.6497,0.0,0.0,0.0,0.0,-0.45607913391930716,0.8891747203304445,-0.5863347095437348,0.7073951330479172,-3.4217780317578996,1.6265120362389558,-3.758467640195574,1.268499125761832,2.976473501750401,0.46295171429919074,2.6854498386383057,0.5555206697190221,1.2736529282161169,0.28443653472003655,1.2878527385847909,0.2285433707794274,-1.7846308052539825,0.7960343038645903,-1.653644363795008,0.6173207913355964,-5.941071033477783,1.173024125662613,-5.811926773616245,0.8423573069813117,1.6844463518687658,0.9626589740844265,1.528899380138942,0.8251861001309098,1.4431611129215784,0.1748085308882909,1.4261162621634347,0.2029811564484031,0.24851012,3.8176808,0.0020589214,-0.7939291,62.573526870571975,-8.0,998.0,86.1496837391128,14.45807132835369,556.4395744373328,37.602601419573794,211.39999999999964,1976.375,0,1976.375,0,1976.375,0
2010-12-12,1.17159e-06,0.0,0.00047683716,2.3606888e-05,-1.5684787,-8.841022,-0.015898142,1.9729261,-0.0025642104,-0.004507623,-6.519258e-09,0.0012556746,289.17236,275.9025,297.28995,4.782281,96799.91,75529.26,100977.31,5871.0835,1.7319618,-1.3119755,7.31453,1.7904124,0.46169022,-3.7447357,3.9395497,1.6763605,12,346,0,1.1715900427589077e-06,3.9053001425296924e-07,0.00015308776676192792,2.1869680965989702e-05,0.000703344570979425,5.023889792710179e-05,9.189937395260245,0.3063312465086748,-0.35780647,1.17159e-06,394.6497,0.0,0.0,0.0,0.0,-0.0014663849558149064,1.0875105028550842,-0.4186203053354153,0.9399314702517053,-2.9033522265298024,1.6398808887532912,-3.6029715027127946,1.4275404468099284,3.5959095614297047,1.7038567905539015,3.059457642691476,1.3333991782049999,1.3123235021318709,0.3370086840147251,1.3389566200120109,0.25565850913539234,-1.4661971245493208,1.1646088735829205,-1.5369337413992201,0.8323420773026884,-5.705764157431466,1.4370461933852143,-5.712284939629691,0.9964079980461151,1.9722027608326502,1.2915204132977407,1.7409098488943917,1.0274416309871324,1.4810631275177002,0.194354825282053,1.4672945141792297,0.18974896987436646,0.27352893,2.5061226,-0.0037413556,-0.8291943,62.573526870571975,-8.0,998.0,86.1496837391128,14.45807132835369,556.4395744373328,37.602601419573794,211.39999999999964,1946.734375,0,1946.734375,0,1946.734375,0
2010-12-13,1.9526502e-05,0.0,0.002861023,0.00016598674,-1.1952872,-6.4196477,-0.017393846,1.3269503,-0.002354757,-0.004663138,3.8882717e-07,0.00112526,289.8487,276.95752,298.38065,4.949489,97136.35,75951.22,101158.43,5824.2666,0.23340651,-2.5916061,4.0630975,1.2393607,-0.5627595,-4.579617,2.9985893,1.4632136,12,347,0,2.0698092043858196e-05,6.8993640146193984e-06,0.0001726142687630272,2.465918125186103e-05,0.0005342450732541693,3.8160362375297806e-05,8.650009352391976,0.2883336450797325,-0.0015964771,1.9526502e-05,394.6497,0.0,0.0,0.0,0.0,0.22228663734027318,0.9154380206039127,-0.3418988818967981,0.9466423247215991,-2.5246825558798656,1.2752815842991028,-3.4181051765169417,1.3742285200562778,3.763920715876988,1.680124639309996,3.2071535331862315,1.3209255271857396,1.2525054727281844,0.300603002189876,1.319594987801143,0.25191066454080124,-1.2743405529430933,1.1904626752511007,-1.4436900743416377,0.8648650133209885,-5.516845430646624,1.4927859051199162,-5.609127214976719,1.0356593495956883,1.9304899658475603,1.2457476975846877,1.9003536190305437,1.037726873501097,1.4606306212288993,0.18635515281334028,1.4683199099131994,0.1896804519800432,0.7284615,4.4420905,-0.0047145877,-1.6033506,62.573526870571975,-8.0,998.0,86.1496837391128,14.45807132835369,556.4395744373328,37.602601419573794,211.39999999999964,1917.1875,0,1917.1875,0,1917.1875,0
2010-12-14,1.093484e-05,0.0,0.0023841858,0.00011687879,-1.2525352,-6.0193806,-0.01942832,1.3904405,-0.0023300636,-0.0044228425,2.6938505e-07,0.0011329367,289.9249,279.22617,297.1644,4.1654406,97372.65,76064.48,101486.914,5897.852,-0.8627451,-3.8305142,1.5870476,1.0192797,-0.39626297,-2.690981,2.3343284,1.025288,12,348,0,3.1632932291358884e-05,1.0544310763786294e-05,0.0001835491090105279,2.6221301287218273e-05,0.0004838666992554863,3.456190708967759e-05,8.465870530204597,0.28219568434015324,5.46742e-06,1.093484e-05,394.6497,0.0,0.0,0.0,0.0,0.2761177292891911,0.8213978295004927,-0.39676248541633996,0.9534440750470723,-2.3216283661978587,0.7891935025220436,-3.4424880743026733,1.3786074993437214,3.6585496834346225,1.8039980115023875,3.1194015996796742,1.388041755297208,1.179254072053092,0.2830982111089941,1.2961569683892387,0.26409373083786397,-0.9770492528166089,1.096086772746126,-1.394057565501758,0.9056318880242461,-4.891365936824253,1.6435310278572157,-5.38735328401838,1.2930532574865898,2.1351988911628723,1.1634698799774938,1.8779782056808472,1.0236575894206839,1.3728592906679427,0.22800026634006432,1.4131077357700892,0.19854533383233683,0.788715,6.2530327,-0.005962327,-1.7672939,62.573526870571975,-8.0,998.0,86.1496837391128,14.45807132835369,556.4395744373328,37.602601419573794,211.39999999999964,1887.03125,0,1887.03125,0,1887.03125,0
2010-12-15,0.0,0.0,0.0,0.0,-1.2824895,-6.965335,-0.015672063,1.4793719,-0.0023882547,-0.004626073,5.312497e-06,0.0011467725,289.75006,275.51736,296.79575,4.593455,97419.56,76119.805,101569.44,5852.251,0.16638228,-2.9578488,4.372392,1.2055686,-0.67661047,-4.281058,1.7141405,1.2091317,12,349,0,3.0461342248599976e-05,1.0153780749533325e-05,3.5147702533322445e-05,5.0211003619032065e-06,0.0004838666992554863,3.456190708967759e-05,8.019079596595589,0.26730265321985297,0.0,0.0,394.6497,0.0,0.0,0.0,0.0,0.3139590791293553,0.8072422857710159,-0.38538892354284016,0.9595630666888079,-2.4056551456451416,0.8256314823011393,-3.4202874898910522,1.3841137166011654,3.769527333123343,1.8232682493990755,3.2085781012262617,1.4278873466596815,1.1875908715384347,0.2828564882775036,1.305637308529445,0.25776714183937427,-0.703457019158772,0.8334120180103575,-1.3638246591602052,0.9231045781333492,-4.460254328591483,1.2571604174618352,-5.283005816595895,1.3208843281974767,2.2972384180341447,0.974371451230244,1.8730378491537911,1.024316333028467,1.3204865115029472,0.2153872609873706,1.4073705928666251,0.20349217384498847,0.671564,4.982155,-0.0033872202,-1.3916408,62.573526870571975,-8.0,998.0,86.1496837391128,14.45807132835369,556.4395744373328,37.602601419573794,211.39999999999964,1858.59375,0,1858.59375,0,1858.59375,0
2010-12-16,0.0,0.0,0.0,0.0,-1.2671657,-7.2131696,-0.014001969,1.4105445,-0.0023620557,-0.0046903584,1.3937708e-05,0.0011490369,289.38535,274.57687,297.13242,4.975427,97423.586,76118.92,101536.75,5840.8,0.16446303,-2.1599019,3.6752217,0.92910606,-1.1751899,-3.9360263,1.1332283,0.936095,12,350,0,1.0934840247500688e-05,3.644946749166896e-06,3.1632932291358884e-05,4.518990327336983e-06,0.0004307546170139176,3.0768186929565544e-05,7.850230426387611,0.2616743475462537,-9.872405e-07,0.0,394.6497,0.0,0.0,0.0,0.0,0.3697421316589628,0.776620012368502,-0.28703935337918146,0.9386085586950268,-2.4043008259364536,0.8260912936353382,-3.2750020027160645,1.4032820759224007,3.937344857624599,1.7391168389028149,3.3490243468965804,1.3643257562159306,1.177412211894989,0.29185592245465863,1.280913186924798,0.27680384021859206,-0.5703885427543095,0.618739375860512,-1.3045379711048943,0.9052239136611371,-4.098166363579886,0.8942516489104374,-5.1658720799854825,1.3648906254538904,2.2974809237888882,0.9740331230169441,1.9012491703033447,0.9956980042828503,1.2746639592306954,0.26056339049601446,1.3873078993388586,0.23509932598019984,0.4885912,4.144727,-0.0011934899,-0.95020235,62.573526870571975,-8.0,998.0,86.1496837391128,14.45807132835369,556.4395744373328,37.602601419573794,211.39999999999964,1832.96875,0,1832.96875,0,1832.96875,0
2010-12-17,7.8106007e-07,0.0,0.00047683716,1.9282852e-05,-1.2455989,-7.2810736,-0.015296508,1.3159924,-0.002327839,-0.0047186227,1.3464829e-05,0.0011640815,289.42316,274.2701,296.89957,4.9480624,97459.22,76092.625,101591.0,5863.8633,0.15250148,-1.8644142,3.9733543,0.9402287,-0.99042255,-4.0865517,1.1950239,0.910637,12,351,0,7.81060066401551e-07,2.603533554671837e-07,3.2413992357760435e-05,4.630570336822919e-06,0.00042841143681471294,3.060081691533664e-05,7.032154000836044,0.23440513336120147,3.9053003e-07,7.8106007e-07,394.6497,0.0,0.0,0.0,0.0,0.33292428084782194,0.7804803547798216,-0.19418323465756007,0.9108296116404195,-2.351297072001866,0.8502802388440053,-3.0498261792319163,1.3543486443424655,4.063032763344901,1.699307235576956,3.4662871020180837,1.3405017445896283,1.1650738290378027,0.3009774442478175,1.2408666482993536,0.2830184851314508,-0.5100844374724797,0.5383253164190228,-1.2546278557607107,0.9016417188367176,-3.8784585339682445,0.5959077286854848,-5.019929562296186,1.363133614262322,2.2638870647975375,1.012237249860381,1.9140245914459229,0.9845533624079171,1.2014416115624564,0.282926285478457,1.3361149259975977,0.25592100474209417,0.51963997,3.137415,-0.0025569461,-1.0393026,62.573526870571975,-8.0,998.0,86.1496837391128,14.45807132835369,556.4395744373328,37.602601419573794,211.39999999999964,1809.296875,0,1809.296875,0,1809.296875,0
2010-12-18,1.17159e-06,0.0,0.0009536743,3.0491365e-05,-1.1904198,-7.6636205,-0.01677638,1.4046391,-0.002444493,-0.0050110044,1.7735409e-05,0.0012319778,289.41833,274.34445,296.74234,4.8726745,97568.305,76199.26,101673.91,5865.7715,-0.3478239,-2.5677044,3.2287636,0.9643845,-1.431537,-5.00432,1.0019054,0.9540345,12,352,0,1.9526501091604587e-06,6.508833697201529e-07,3.358558240051934e-05,4.797940342931335e-06,0.00042958302685747185,3.068450191839085e-05,7.015441659364683,0.2338480553121561,5.85795e-07,1.17159e-06,394.6497,0.0,0.0,0.0,0.0,0.1768780222960881,0.7935645345296279,-0.13960055581160954,0.8737399625501365,-2.469137872968401,0.808005786622668,-2.9454579523631503,1.3291645723177505,4.030629532677787,1.7149117779125516,3.503551517214094,1.324933596483136,1.1554772342954363,0.3069555644027224,1.2145650812557764,0.2908388922285725,-0.6815845966339111,0.6196888404156377,-1.2331077009439468,0.8929035401179962,-4.046184233256748,0.7301771610027327,-4.993627633367266,1.359353683098671,2.0452522209712436,1.1055664276764274,1.8648492864200048,1.0133557967871816,1.1678228974342346,0.298171263829215,1.3054920051779066,0.27485992452746333,0.31994247,0.3203907,-0.0035748817,-0.3346852,62.573526870571975,-8.0,998.0,86.1496837391128,14.45807132835369,556.4395744373328,37.602601419573794,211.39999999999964,1786.53125,0,1786.53125,0,1786.53125,0
2010-12-19,0.0,0.0,0.0,0.0,-1.6802189,-9.782036,-0.017916318,2.3495169,-0.002484935,-0.005526976,8.254079e-06,0.0013641373,289.40643,276.40585,297.46646,4.7394266,97748.8,76367.02,101866.04,5895.151,-1.6895427,-5.671906,2.4280288,1.6326323,-1.1929631,-4.5309815,1.1180662,1.1407194,12,353,0,1.9526501091604587e-06,6.508833697201529e-07,3.2413992357760435e-05,4.630570336822919e-06,0.00018550175911968836,1.3250125651406311e-05,7.013326548730788,0.2337775516243596,0.0,0.0,394.6497,0.0,0.0,0.0,0.0,-0.3119083344936371,0.7270171633943104,-0.156687359724726,0.9031870073099232,-3.0919850894383023,1.2987409515807626,-2.9976686579840526,1.42451510187364,3.3325579507010326,1.0015599786030405,3.4642337560653687,1.3496507060601532,1.1329372099467687,0.253741390289846,1.2226303560393197,0.3013285102124365,-0.9179636452879224,0.38021723365224264,-1.1920803849186217,0.8795643001993111,-4.158505065100534,0.7365230880783911,-4.932134611266,1.3594242438783635,1.6421831505639213,0.7602325389750859,1.8071929556982858,1.032437975367564,1.0913027439798628,0.1977259872148082,1.2861829357487815,0.27636545381313327,-0.11174023,-0.9410143,-0.002018176,0.37659073,62.573526870571975,-8.0,998.0,86.1496837391128,14.45807132835369,556.4395744373328,37.602601419573794,211.39999999999964,1765.03125,0,1765.03125,0,1765.03125,0
2010-12-20,0.0,0.0,0.0,0.0,-1.7468716,-9.661571,-0.019059284,2.4764094,-0.002412109,-0.0053470456,2.521556e-07,0.0012784553,289.285,277.31863,297.52856,4.5271688,97770.39,76442.58,101961.086,5888.934,-0.7905418,-5.5016885,2.6134236,1.6975541,-1.0820968,-4.7259574,1.3373972,1.2559286,12,354,0,1.1715900427589077e-06,3.9053001425296924e-07,1.2887490356661147e-05,1.8410700509515924e-06,0.00018550175911968836,1.3250125651406311e-05,7.013326548730788,0.2337775516243596,0.0,0.0,394.6497,0.0,0.0,0.0,0.0,-0.45818666900907246,0.7015772723023347,-0.11795001583439964,0.8594308650657313,-3.5077111380440846,1.5527858117402003,-3.016196846961975,1.4572663965082002,3.125461680548532,0.9748485800268779,3.4446911982127597,1.3605879988744616,1.1983934129987444,0.33261159671548485,1.2254494428634644,0.3058662651073854,-0.9921546876430511,0.34871918479698905,-1.1332476202930724,0.8553694534698966,-4.179410832268851,0.7523745810898486,-4.848128131457737,1.3309170690239687,1.4048699992043632,0.4702047854434693,1.6676799825259618,0.9448177040457426,1.0616906114986964,0.13977319384284154,1.2611606163637978,0.2605651685729811,-0.55158436,-3.2419229,-0.0016654376,1.1494591,62.573526870571975,-8.0,998.0,86.1496837391128,14.45807132835369,556.4395744373328,37.602601419573794,211.39999999999964,1746.265625,0,1746.265625,0,1746.265625,0
2010-12-21,0.0,0.0,0.0,0.0,-1.4759158,-8.07818,-0.016800826,1.8501049,-0.0024669801,-0.004806402,8.6287037e-07,0.001207101,289.61194,275.87466,297.3553,4.605848,97370.95,76137.82,101549.82,5831.3276,1.3767072,-1.6912867,6.002317,1.3590065,-0.34584302,-4.594456,2.6504982,1.5649158,12,355,0,0.0,0.0,1.9526501091604587e-06,2.7895001559435126e-07,0.00018550175911968836,1.3250125651406311e-05,6.5427285365218495,0.218090951217395,0.0,0.0,394.6497,0.0,0.0,0.0,0.0,-0.13826491151537215,0.9521889225390174,0.06892640888690948,0.8809585791618482,-3.202107208115714,1.68366179885293,-2.761867787156786,1.3433199714131274,3.756214448383876,1.2128900363812138,3.7073820659092496,1.4776918284228187,1.2469258138111659,0.3268562232280416,1.213089942932129,0.29585672896885995,-0.9849518367222377,0.3632948967880135,-0.9810005447694233,0.7844917487648109,-4.451335872922625,0.37319375921985504,-4.67135090487344,1.167525309515838,1.4500371047428675,0.5773461297260739,1.79261799795287,0.9513151887394391,1.1387802958488464,0.23364144664914802,1.2558197932583945,0.25286209339890786,-0.22338057,-2.0587997,0.0026274938,0.45966446,62.573526870571975,-8.0,998.0,86.1496837391128,14.45807132835369,556.4395744373328,37.602601419573794,211.39999999999964,1730.5,0,1730.5,0,1730.5,0
2010-12-22,0.0,0.0,0.0,0.0,-1.5862622,-13.863239,-0.01385971,2.277355,-0.0023653815,-0.0051018465,2.7342234e-05,0.0011860759,289.4983,274.0012,298.48428,5.438491,96972.87,75732.43,101124.52,5798.959,1.6399666,-2.366433,5.336041,1.6101786,-0.880831,-6.69365,2.6768742,1.7865914,12,356,0,0.0,0.0,1.9526501091604587e-06,2.7895001559435126e-07,3.71003526424829e-05,2.6500251887487787e-06,2.599055641090331,0.08663518803634436,-4.9362023e-07,0.0,394.6497,0.0,0.0,0.0,0.0,0.07224713478769575,1.1689790869551546,0.19310310695852553,0.9732340854547693,-3.1176192249570573,1.7125528773751493,-2.7616371853010997,1.3433927540156492,3.893878562109811,1.3422698710690517,3.831702947616577,1.5394827901405355,1.304727247783116,0.35304982173638433,1.2461590596607752,0.31328717162614733,-1.0141261986323766,0.34198144147369797,-0.8587916088955743,0.6328789576348789,-4.795991863523211,0.9131542609708894,-4.6281230960573465,1.0698791103757663,1.5875704799379622,0.7419503416094191,1.9424044489860535,0.909862214614716,1.221274537699563,0.34024568865090843,1.2708805246012551,0.27837486626129543,-0.3037727,-6.8979044,0.0018123537,0.79798305,62.573526870571975,-8.0,998.0,86.1496837391128,14.45807132835369,556.4395744373328,37.602601419573794,211.39999999999964,1716.984375,0,1716.984375,0,1716.984375,0
2010-12-23,7.8106e-06,0.0,0.0014305115,7.918616e-05,-1.3986177,-12.134674,-0.011239434,2.0172482,-0.0023585565,-0.0048327465,8.1490725e-06,0.0011717861,289.17386,272.49426,297.53,5.9325085,97096.34,75749.23,101136.35,5826.0605,0.19370267,-2.6578407,2.7713585,1.1933417,-1.5537627,-5.6142635,1.741897,1.4262807,12,357,0,7.810600436641835e-06,2.6035334788806117e-06,9.763250545802293e-06,1.3947500779717563e-06,4.139618283716118e-05,2.95687020265437e-06,0.24326854507455664,0.008108951502485221,3.9053e-06,7.8106e-06,394.6497,0.0,0.0,0.0,0.0,0.07642422616481781,1.16941567839827,0.2230831789118903,0.965766093390735,-3.1887533494404385,1.6760955328069531,-2.796527087688446,1.333131608968563,3.7647552490234375,1.4086436213438538,3.8510500533240184,1.5230808982337318,1.3424752014023917,0.3186445662683515,1.2599437066486903,0.3057960231759679,-1.068208030291966,0.3971775319895432,-0.8192982865231377,0.5623382017248256,-5.035740034920829,0.8689819467915629,-4.566953199250357,0.9768689847885351,1.674523149217878,0.7150065670724166,1.986002036503383,0.8822225802914444,1.2913010716438293,0.3217081846138968,1.2829825154372625,0.28138468007736933,-0.13145208,-4.9215045,0.0027625356,0.60670364,62.573526870571975,-8.0,998.0,86.1496837391128,14.45807132835369,556.4395744373328,37.602601419573794,211.39999999999964,1702.109375,0,1702.109375,0,1702.109375,0
2010-12-24,6.0532155e-05,0.0,0.020503998,0.0007373155,-1.5937299,-10.309231,-0.011367956,2.1944869,-0.0023914066,-0.0048137875,-8.638017e-08,0.0012472514,288.04245,273.49954,296.83044,5.66772,97366.43,75924.36,101488.48,5878.418,-1.1718854,-7.142802,1.7072144,1.7760336,-1.9304825,-4.5624123,1.0841128,1.0816336,12,358,0,6.83427551848581e-05,2.2780918394952703e-05,6.951434522761701e-05,9.93062074680243e-06,0.00010192833758537745,7.280595541812675e-06,0.0189063392732578,0.0006302113091085933,3.0266077e-05,6.0532155e-05,394.6497,0.0,0.0,0.0,0.0,-0.11277389526367188,1.2587769044965842,0.11007519279207502,1.0324458377155137,-3.9428087132317677,2.1117214806911364,-3.147052892616817,1.7532222454248234,3.441020965576172,1.6001038953675868,3.7520268644605363,1.6182138945122024,1.4618759070123946,0.2987700147813933,1.3134748680250985,0.3266880209342976,-1.2025023102760315,0.5095295162158613,-0.8562933738742556,0.6185924240489192,-5.103720120021275,0.7980715632863541,-4.49108932699476,0.9284634240466108,1.6586787019457137,0.7285046223135502,1.9612828833716256,0.9035838676775512,1.3157291497503008,0.29321640530678683,1.2585853806563787,0.2830947931730069,-0.34813094,-3.0281572,0.0039285515,0.8784945,62.573526870571975,-8.0,998.0,86.1496837391128,14.45807132835369,556.4395744373328,37.602601419573794,211.39999999999964,1686.59375,0,1686.59375,0,1686.59375,0
2010-12-25,0.0,0.0,0.0,0.0,-1.5591786,-8.183789,-0.0136620365,2.146509,-0.0023543974,-0.004811992,1.8125866e-06,0.0012110934,287.90207,273.82437,296.32822,5.2142086,97288.79,75806.32,101479.195,5908.632,-0.73290664,-3.9342391,2.0542457,1.3554219,-1.1179186,-4.7447796,2.1146362,1.3895994,12,359,0,6.83427551848581e-05,2.2780918394952703e-05,6.83427551848581e-05,9.763250740694015e-06,0.00010192833758537745,7.280595541812675e-06,0.001915940285130091,6.386467617100303e-05,0.0,0.0,394.6497,0.0,0.0,0.0,0.0,-0.16778571690831864,1.2790131475459572,0.004546152693884713,1.0381007672401608,-4.138027957507542,2.024787786065199,-3.3035829152379717,1.715629800906112,3.2732326984405518,1.6853791338327868,3.651931115559169,1.6801173553444904,1.5177383933748518,0.21508585895946877,1.336607813835144,0.3164974039599635,-1.1576996786253793,0.4997280152231492,-0.9196421376296452,0.5945815327643053,-5.066642897469657,0.8094076258829384,-4.5564135653632025,0.9103875736997501,1.8176402364458357,0.6811728403584721,1.9314462287085397,0.8900720213266969,1.377952711922782,0.2460984105233918,1.2728878046785082,0.2843838234733789,-0.3687588,-0.5201688,0.0031143427,0.7418698,62.573526870571975,-8.0,998.0,86.1496837391128,14.45807132835369,556.4395744373328,37.602601419573794,211.39999999999964,1673.734375,0,1673.734375,0,1673.734375,0
2010-12-26,0.0,0.0,0.0,0.0,-1.3716904,-8.263163,-0.013165642,1.7470753,-0.0023118623,-0.0047828387,1.0387506e-05,0.0011967086,288.1103,273.53336,295.8443,5.2571464,97289.69,75805.39,101401.44,5905.4966,-0.68697375,-2.939771,2.6015294,0.97181845,-1.4062008,-5.1633816,0.8721002,1.2070096,12,360,0,6.053215474821627e-05,2.017738491607209e-05,6.83427551848581e-05,9.763250740694015e-06,0.00010075674754261854,7.196910538758468e-06,0.001540640919870384,5.13546973290128e-05,0.0,0.0,394.6497,0.0,0.0,0.0,0.0,-0.024561588253293718,1.1273470169455355,-0.1682349613734654,0.923445889836517,-3.7477229493004933,1.9414455752841153,-3.419854019369398,1.6229272314038303,3.2980184895651683,1.6721010925746773,3.3152882201331004,1.3242833225062658,1.4233364207404,0.28868016368900984,1.2781368153435844,0.3014690360456513,-1.1881621990885054,0.5086554268030231,-1.053062922188214,0.45364322923161227,-5.156985759735107,0.774180930893916,-4.65774541241782,0.8918566278209726,1.7825022339820862,0.7280084753278702,1.7123426922730036,0.7187923728723741,1.387422731944493,0.23653777800156967,1.2393627379621779,0.25976006445365446,0.30852854,1.5188732,0.0047506765,-0.60244155,62.573526870571975,-8.0,998.0,86.1496837391128,14.45807132835369,556.4395744373328,37.602601419573794,211.39999999999964,1662.859375,0,1662.859375,0,1669.765625,0
2010-12-27,0.06760114,0.0,2.2411346,0.21643192,-1.7214226,-9.580655,-0.013364945,2.4744468,-0.0024079527,-0.004967983,1.3474375e-05,0.0012682488,288.53958,273.76773,295.90543,5.250383,97337.46,75874.32,101471.875,5885.7056,-1.437409,-6.015116,1.9993693,1.4760686,-2.2789202,-6.3189464,1.0948315,1.5954049,12,361,0,0.06760113686323166,0.022533712287743885,0.06766947961841652,0.009667068516916646,0.06768236710877318,0.004834454793483799,0.0684052381817537,0.0022801746060584567,0.03379958,0.06760114,394.6497,0.0,0.0,0.0,0.0,-0.11697119048663548,1.2230496883935538,-0.287578929747854,0.9741215081958103,-3.821069768496922,2.0265851563466946,-3.6643904532705034,1.742077114514034,3.2102964435304915,1.7291368709585548,3.1678790620395114,1.3492634376539951,1.3916956356593542,0.264762405744622,1.2950445243290492,0.3057346457671969,-1.3591369645936149,0.6488783347182363,-1.175645826118333,0.5354548712765111,-5.384555612291608,0.856152965868066,-4.78198322228023,0.9952850871161405,1.7478499838284083,0.7578857874095958,1.5763599915163857,0.6315197716956261,1.4359193359102522,0.23986216457616227,1.2488049737044744,0.2706953163592167,0.025449038,0.08091545,0.005694339,-0.0019626617,62.573526870571975,-8.0,998.0,86.1496837391128,14.45807132835369,556.4395744373328,37.602601419573794,211.39999999999964,1649.671875,0,1649.671875,0,1669.765625,0
2010-12-28,0.22630826,0.0,4.3849945,0.5529902,-1.8335732,-10.854039,-0.009778887,2.7236485,-0.0022141614,-0.004728428,1.1292286e-07,0.0012405907,288.88678,272.83115,296.6564,5.365163,97377.875,75968.445,101556.03,5855.5815,-1.29664,-5.136517,2.3889954,1.57429,-2.5169277,-6.4935246,1.3255266,1.7944303,12,362,0,0.29390939325094223,0.09796979775031407,0.2939777360061271,0.041996819429446726,0.29397968865623625,0.02099854918973116,0.2947134945694643,0.009823783152315475,0.11315413,0.22630826,394.6497,0.0,0.0,0.0,0.0,-0.4988779383046286,1.0889350578634138,-0.3185714249100004,1.0003770815784045,-4.313245534896851,1.832168616433079,-3.757676371506282,1.7860690116329356,2.6941076517105103,1.2215759425444082,3.2251610500471934,1.2928307673451649,1.4224504232406616,0.27271655850657855,1.3346881185259138,0.3031992213156199,-1.669291922024318,0.6009160622890415,-1.327121879373278,0.5946960768017868,-5.655851091657366,0.8649020913679263,-5.053593482289996,0.8945120909021654,1.558568332876478,0.6530869934886293,1.5043027188096727,0.5948712623250353,1.4687071187155587,0.27372975577674263,1.3037437072822027,0.2984677289995138,-0.35765743,-2.7758589,0.0070219394,0.8735436,62.573526870571975,-8.0,998.0,86.1496837391128,14.45807132835369,556.4395744373328,37.602601419573794,211.39999999999964,1631.328125,0,1666.703125,0,1669.765625,0
2010-12-29,0.72372746,0.0,15.129089,1.9702908,-1.7142245,-9.006298,-0.009722309,2.2626665,-0.0021270951,-0.004413395,2.2427179e-05,0.0011469276,288.38498,272.08115,296.36172,5.508479,97356.66,75815.09,101596.63,5885.4697,0.25538966,-1.8140951,3.5531738,0.967103,-2.1487072,-5.8413467,1.3597845,1.4834636,12,363,0,1.0176368579268456,0.3392122859756152,1.0177052006820304,0.14538645724029006,1.0177071533321396,0.07269336809515282,1.0182523332456412,0.03394174444152138,0.36186373,0.72372746,394.6497,0.0,0.0,0.0,0.0,-0.696674644947052,0.6873955948270498,-0.31221375507967813,1.003972544785625,-4.234340139797756,1.9387771871405683,-3.6759796823774065,1.8504655472619451,2.4394123383930753,0.6134033091322395,3.166645450251443,1.2548939319066479,1.3305824824741908,0.3053051220183989,1.3176548651286535,0.3173777282447959,-1.8504170860563005,0.5074650644497263,-1.4322716423443385,0.6009397228863614,-5.534093516213553,0.7463178452857996,-5.165042689868382,0.8880326292122336,1.3704126647540502,0.42821819441631065,1.478991572346006,0.5927911875898623,1.425403152193342,0.2365053109293631,1.3233388449464525,0.30077477695150867,-0.12796223,4.856941,0.0041374005,-0.014688492,62.573526870571975,-8.0,998.0,86.1496837391128,14.45807132835369,556.4395744373328,37.602601419573794,211.39999999999964,1612.90625,0,1669.765625,0,1669.765625,0
2010-12-30,0.026691945,0.0,2.6769638,0.16929668,-2.2420154,-16.559677,-0.011075521,3.4662662,-0.0023543916,-0.0048919795,1.37500465e-05,0.0012267437,287.56522,267.23904,295.95047,5.7779684,97280.19,75604.46,101587.445,5935.2812,1.6632022,-1.2421633,4.7879066,0.94134915,-1.4803457,-7.426941,2.532369,1.9802072,12,364,0,0.9767276663333178,0.3255758887777726,1.0443893353512976,0.1491984764787568,1.0443990986018434,0.07459993561441738,1.044882965301099,0.0348294321767033,0.01216474,0.026691945,394.6497,0.0,0.0,0.0,0.0,-0.4867461451462337,1.1032401675426233,-0.20516095949070795,1.1306259128297702,-4.03210050719125,2.1884015342186838,-3.6104269283158437,1.9231325719352745,2.727490646498544,1.0864234292272772,3.2461229477609908,1.3229706901788265,1.2945835420063563,0.3373582180408937,1.318529371704374,0.31623958784821754,-1.8399289505822318,0.5153160380533816,-1.4540684904370988,0.5964149169961627,-5.7930474281311035,1.0367405744417129,-5.4143937315259665,0.9995023593537627,1.4833372235298157,0.6087012030539151,1.578930186373847,0.6456029666413553,1.504535504749843,0.3161175505761211,1.3979182881968362,0.3257771776366884,-0.8433976,-4.425003,0.00016391277,1.449018,62.573526870571975,-8.0,998.0,86.1496837391128,14.45807132835369,556.4395744373328,37.602601419573794,211.39999999999964,1602.21875,0,1669.765625,0,1669.765625,0
2010-12-31,0.005243256,0.0,1.2464523,0.06331868,-1.7776824,-11.709956,-0.012782635,2.3218555,-0.0023263898,-0.0052131964,2.8810464e-06,0.0012222291,287.14548,267.34622,295.6618,5.4439874,97325.9,75807.4,101468.69,5916.562,0.20633054,-1.9916147,4.418623,0.87328595,-1.284797,-6.415343,1.6813368,1.3472683,12,365,0,0.7556626661680639,0.25188755538935464,1.049572059419006,0.14993886563128658,1.0496415737642337,0.0749743981260167,1.0501262215235556,0.03500420738411852,0.002621628,0.005243256,394.6497,0.0,0.0,0.0,0.0,-0.28985815814563204,1.0833911710496709,-0.20131602670465196,1.132026442861026,-3.2962166411536082,1.7995857040514833,-3.619512677192688,1.9145303197127685,3.11483473437173,1.1438685775393074,3.2779278499739513,1.3469337797927952,1.1656195861952645,0.29215833472590724,1.3137477466038294,0.32283687383259296,-1.747688157217843,0.5528285983177662,-1.4750952337469374,0.5838687516536663,-6.057751791817801,0.8973382805449964,-5.580735955919538,0.9542787355627728,1.5686549374035426,0.584803783129842,1.6136668196746282,0.636375050918443,1.5424833297729492,0.2693784464998051,1.429106239761625,0.29498432164728183,-0.18395257,-1.4007254,-0.001414679,0.12736869,62.573526870571975,-8.0,998.0,86.1496837391128,14.45807132835369,556.4395744373328,37.602601419573794,211.39999999999964,1594.609375,0,1669.765625,0,1669.765625,0
2011-01-01,7.8106007e-07,0.0,0.00047683716,1.9282852e-05,-1.5627371,-8.9745865,-0.015441794,1.8153907,-0.0022883879,-0.005575111,4.0138606e-05,0.0013100556,286.90866,269.71194,295.22845,5.088189,97428.28,75909.19,101593.69,5945.967,-1.0571331,-3.2284603,2.7257226,1.0802987,-0.8827799,-4.7374034,2.3090649,1.2416756,1,1,0,0.03193598255222696,0.010645327517408987,1.0495728404790725,0.14993897721129607,1.0496411832342574,0.07497437023101838,1.0500738905013804,0.035002463016712684,-0.013915751,7.8106007e-07,0.0,0.0,0.0,0.0,0.0,-0.3361762208598001,1.1120416571287166,-0.25198096888405935,1.1547331173207014,-3.195391092981611,1.7775174588325335,-3.6667095252445767,1.894647892487417,3.210759997367859,1.0655796197904928,3.2419963479042053,1.3550315477326191,1.1263162664004736,0.2806481902472882,1.3220273298876626,0.31456826159997603,-1.7140969123159135,0.6023944956812383,-1.4358982954706465,0.6050534554617337,-6.056698049817767,0.899139593298654,-5.561670473643711,0.9692300074272661,1.5964304634502955,0.6186926768583635,1.7070353499480657,0.6356057422092204,1.52135135446276,0.28849447136676737,1.449652033192771,0.26814634686994426,-0.0035585165,-0.79079723,-0.0017797574,-0.33111823,62.573526870571975,-8.0,998.0,86.1496837391128,14.45807132835369,556.4395744373328,37.602601419573794,211.39999999999964,1585.984375,0,1669.765625,0,1669.765625,0
2011-01-02,6.9514346e-05,0.0,0.020503998,0.000981774,-1.5535008,-10.61039,-0.020014122,1.986319,-0.002220826,-0.0053635426,6.070407e-05,0.0012280353,287.03174,269.65222,295.36496,4.880995,97392.016,75890.29,101555.54,5948.04,-0.57409036,-3.0457058,3.4026177,1.2231137,-0.64609164,-5.129538,2.0599148,1.4420568,1,2,0,0.005313551628773894,0.0017711838762579646,1.0496423548253233,0.14994890783218903,1.0497106975805082,0.07497933554146487,1.0501402806073656,0.03500467602024552,-0.36688504,6.9514346e-05,0.0,-65.25,-61.054688,-54.40625,10.963867,-0.3200500224317823,1.106913406331878,-0.172305805342538,1.0842440991828088,-3.2105246441704884,1.7754281526958422,-3.479123796735491,1.8089132595964985,3.325201187814985,1.0317242412424215,3.3116098386900767,1.334882535579432,1.1622155819620406,0.27357487476227715,1.2927760013512202,0.30226338713208384,-1.6055098942347936,0.7234837031367591,-1.3968360466616494,0.6386633226921177,-6.051863261631557,0.9048167171579806,-5.604424510683332,0.9327839445754834,1.7661182710102625,0.5454798337438745,1.7743102524961745,0.6180743703615439,1.554929528917585,0.25786261400189403,1.471176130431039,0.2531135855308221,-0.18181038,-2.347227,-0.0068484806,0.23924363,62.573526870571975,-8.0,998.0,86.1496837391128,14.45807132835369,556.4395744373328,37.602601419573794,211.39999999999964,1616.828125,0,1669.765625,0,1669.765625,0
2011-01-03,0.00026712252,0.0,0.019550323,0.0017007383,-1.6514844,-11.22918,-0.01695077,2.367612,-0.002264902,-0.0052764844,5.041249e-05,0.0013327056,286.91257,271.07837,295.26538,4.9327836,97549.64,76013.13,101680.23,5953.0186,-1.4721416,-4.734711,2.2803848,1.2523115,-1.2461622,-5.641075,1.0115942,1.3854305,1,3,0,0.0003374179292450208,0.0001124726430816736,0.9823083404850195,0.14032976292643135,1.049977820103436,0.074998415721674,1.0504074031302935,0.03501358010434311,-0.11476409,0.00026712252,0.0,-87.359375,-80.11719,-125.11719,15.056641,-0.32501181960105896,1.1128188887077028,-0.2209915050438472,1.128538253938499,-3.027609637805394,1.479643884170354,-3.424339703151158,1.7537188386576266,3.3653462614331926,0.9754707503126705,3.287821352481842,1.3511501249065363,1.1302502751350403,0.24204694741112917,1.2609729553971971,0.27892003339380106,-1.4579730374472482,0.6663146806054188,-1.4085550010204315,0.6339315707843344,-5.955024514879499,0.907737944297183,-5.669790063585554,0.8979008918137374,1.7542272295270647,0.563172612954124,1.7510386066777366,0.6414807326594689,1.5249331848961967,0.2644970021592025,1.4804262604032243,0.24693307431331318,0.06993818,-1.6485252,-0.0035858247,-0.10683489,62.573526870571975,-8.0,998.0,86.1496837391128,14.45807132835369,556.4395744373328,37.602601419573794,211.39999999999964,1666.703125,0,1669.765625,0,1669.765625,0
2011-01-04,0.00028508692,0.0,0.02670288,0.001893609,-1.883397,-11.9380245,-0.016350998,2.8504589,-0.002250257,-0.005475897,3.872486e-05,0.0012862524,286.43494,269.3204,295.5972,5.228335,97568.266,76061.91,101726.66,5923.059,-1.3198152,-5.1609936,3.1822274,1.5895998,-1.784462,-6.136413,1.3496304,1.5470089,1,4,0,0.0006217237896635197,0.00020724126322117323,0.7562851710177938,0.10804073871682769,1.0502629070239209,0.07501877907313721,1.0504484087830406,0.03501494695943468,-0.014591218,0.00028508692,0.0,-67.8125,-102.421875,-88.28125,7.654785,-0.3283225510801588,1.1162206200548959,-0.4136002446923937,1.0630934609636482,-3.0311062846864973,1.4854756321171676,-3.6721759097916737,1.735034068723194,3.4786651134490967,0.8850275431655573,3.0863863825798035,1.1027059602172906,1.1324373909405299,0.24675142141574877,1.2774439070905959,0.29167157078966305,-1.3533350740160262,0.5119273721899829,-1.5113134980201721,0.5607974434950584,-5.9040085928780695,0.8821026217279794,-5.779929842267718,0.8490946076857974,1.757670623915536,0.5601802908278335,1.658119478396007,0.5936000663367493,1.4895872729165214,0.23765006316706103,1.47914719581604,0.24650778163150336,-0.04982376,-1.0839853,-0.0065721106,0.12681031,62.573526870571975,-8.0,998.0,86.1496837391128,14.45807132835369,556.4395744373328,37.602601419573794,211.39999999999964,1669.765625,0,1669.765625,0,1669.765625,0
2011-01-05,0.00063265866,0.0,0.05531311,0.003878038,-1.9100503,-11.92969,-0.014274847,2.8819509,-0.0021690372,-0.0053206338,4.820875e-05,0.0012721183,285.7041,268.89474,295.55212,5.3646274,97541.336,76041.94,101678.69,5924.187,-1.5976616,-6.1353035,2.9340732,1.8189449,-1.796128,-5.969539,1.1602217,1.6380103,1,5,0,0.001184868102427572,0.000394956034142524,0.03319036500090533,0.004741480714415047,1.0508955656829357,0.07506396897735255,1.0510810674420554,0.03503603558140185,-0.32570928,0.00063265866,0.0,76.47656,-61.21875,73.046875,21.71875,-0.5930441617965698,1.1730053871151507,-0.6448594033718109,0.9252157137897645,-3.6484217643737793,1.7666919425317713,-3.9413809520857677,1.8077162729725809,3.3902221747807095,0.9070020432972049,2.9148172565868924,0.8926036102151454,1.2541290947369166,0.34293163353157136,1.2923557886055537,0.3144394106466429,-1.302966628755842,0.43168426132826476,-1.5766918574060713,0.5343716345742224,-5.922321796417236,0.8819155615119258,-5.728207656315395,0.8103236055570294,1.7291616541998727,0.5881828317071338,1.5497871594769614,0.5281631540074352,1.5116653612681799,0.24407823422717612,1.4685342567307609,0.23519186433275877,-0.19582582,-2.9233923,-0.0045525376,0.6192844,62.573526870571975,-8.0,998.0,86.1496837391128,14.45807132835369,556.4395744373328,37.602601419573794,211.39999999999964,1667.59375,0,1667.59375,0,1667.59375,0
2011-01-06,0.00587982,0.0,0.11444092,0.018076558,-1.6876311,-9.282903,-0.017987797,2.374172,-0.002085799,-0.005114823,6.449362e-05,0.0012701146,285.74063,272.40308,295.55362,5.002374,97591.27,76092.16,101760.79,5944.688,-1.3748925,-5.3769093,2.2290885,1.6467807,-1.3921354,-5.2553163,1.4035784,1.5062717,1,6,0,0.006797565438318998,0.0022658551461063325,0.012378239590020712,0.0017683199414315304,1.0567675749413183,0.07548339821009417,1.0569608873008747,0.03523202957669582,-0.6148139,0.00587982,0.0,132.22656,34.65625,171.66406,23.410156,-1.027057681764875,0.6400149696773549,-0.7569019134555545,0.9107193319338464,-4.239099758011954,1.499026811379612,-4.135600132601602,1.8052714765306044,3.024676731654576,0.7522478941791894,2.8760836890765598,0.9108860886083282,1.3549050348145621,0.3393292679386991,1.3247442884104592,0.32657487124680906,-1.290365150996617,0.4269043512186897,-1.5651470507894243,0.536646206283455,-5.612089702061245,0.6019358170769569,-5.702568565096174,0.8198290827797022,1.5679058688027518,0.47514784378417707,1.5256215461662836,0.5264341045390128,1.4439602919987269,0.13282501265222185,1.474247898374285,0.23505801019016825,0.55438423,7.2767744,-0.006912276,-1.0920942,62.573526870571975,-8.0,998.0,86.1496837391128,14.45807132835369,556.4395744373328,37.602601419573794,211.39999999999964,1665.203125,0,1665.203125,0,1665.203125,0
2011-01-07,0.009401229,0.0,0.15640259,0.027649458,-1.3183228,-6.859216,-0.01624506,1.5044124,-0.002037746,-0.0049987673,4.064082e-05,0.0011810459,286.02292,272.54,295.01077,4.9195294,97416.99,75940.48,101575.1,5908.0767,-0.20675324,-2.2836106,4.0452466,1.2400811,-1.2925341,-5.0934577,1.6126379,1.4697536,1,7,0,0.015913707728032023,0.005304569242677341,0.016536212577761944,0.0023623160825374206,1.066108271996768,0.076150590856912,1.0662137151045954,0.03554045717015318,-0.41937017,0.009401229,0.0,-51.492188,-84.36719,-36.429688,13.912598,-1.086069649883679,0.5139699991905544,-0.6879639040146556,0.9134147312303801,-4.280813455581665,1.428464028641275,-3.7885150483676364,1.6423978068788934,2.971337250300816,0.6421088180488792,3.043085992336273,0.894276875433617,1.4073043380464827,0.2747343876351222,1.2864619621208735,0.29992988607148974,-1.2914704595293318,0.42689754784905487,-1.5195793083735876,0.5302856204087671,-5.4232489722115655,0.5079531181587279,-5.740500382014683,0.7740240782470553,1.558091742651803,0.4731196125390638,1.5633733400276728,0.5110634710682188,1.4614581891468592,0.12584887233112707,1.5019707594599043,0.20632198018204934,0.45935965,4.85074,-0.0034624245,-0.81744313,62.573526870571975,-8.0,998.0,86.1496837391128,14.45807132835369,556.4395744373328,37.602601419573794,211.39999999999964,1663.25,0,1663.25,0,1663.25,0
2011-01-08,0.0029203836,0.0,0.07605553,0.008761919,-1.1244092,-7.0320144,-0.008829171,1.1133401,-0.0021822434,-0.004987337,5.077594e-05,0.0012502398,285.94763,269.85535,296.00742,5.5133924,97335.83,75867.25,101442.336,5877.812,-0.4017005,-2.577837,4.3700795,1.1339674,-1.8523371,-5.602442,1.549373,1.3394063,1,8,0,0.018201432656496763,0.006067144218832254,0.019455815105175134,0.002779402157882162,1.0690286555842476,0.07635918968458912,1.069130583921833,0.03563768613072777,0.0011504149,0.0029203836,0.0,-141.90625,-151.84375,-159.88281,1.1484375,-0.9924364238977432,0.5760706707303518,-0.6643063223787716,0.9164452847199859,-4.187867266791208,1.526175264658365,-3.691629179886409,1.6728650429263812,3.206245388303484,0.8148315696638712,3.2085026928356717,0.9113191543511586,1.4149713005338396,0.2646515936644039,1.2706437834671565,0.30184678829676265,-1.4299786346299308,0.4294766064047039,-1.5720377734729223,0.5237811410429484,-5.546825885772705,0.40884498954289794,-5.801761967795236,0.7212985664281826,1.4495643377304077,0.340764094490248,1.5229974005903517,0.48586944946820565,1.4754197086606706,0.10021265674721754,1.4983855315617152,0.2088455126109421,0.4383279,1.9425721,0.006612623,-0.70205057,62.573526870571975,-8.0,998.0,86.1496837391128,14.45807132835369,556.4395744373328,37.602601419573794,211.39999999999964,1661.375,0,1661.375,0,1661.375,0
2011-01-09,0.0030933884,0.0,0.09441376,0.011811421,-1.6115986,-8.901793,-0.017094892,2.1565387,-0.0023141329,-0.005774564,3.936398e-05,0.0014351568,285.9444,272.1608,295.44083,5.472639,97516.17,75993.35,101665.52,5911.0015,-1.4726589,-5.763293,3.4919968,1.9242336,-1.6463151,-5.5320525,2.0422885,1.6461296,1,9,0,0.015415001194924116,0.005138333731641372,0.022479689156170934,0.0032113841651672764,1.0721220439814942,0.07658014599867816,1.0722239723190796,0.035740799077302654,0.0020203348,0.0030933884,0.0,-49.25,-72.92969,-51.039062,12.602051,-1.1208033540419169,0.5673620533030531,-0.7204266882368496,0.9416500483059298,-4.576093980244228,1.5328436816338054,-3.893309312207358,1.7439402315743102,3.2190138271876743,0.8191106414515976,3.2721075075013295,0.8966539535701413,1.5151312862123762,0.30891134810816234,1.3386734340872084,0.33484092992849196,-1.5728677000318254,0.25693792459051756,-1.5891887971333094,0.5218608634000726,-5.604327951158796,0.36648534814509637,-5.828095606395176,0.7026891369666016,1.4470462969371252,0.3355271689853976,1.6065822839736938,0.46550920152249237,1.504572970526559,0.11714297186270312,1.529751249722072,0.1941785185270618,-0.05809784,1.7085972,0.0029192306,0.17021978,62.573526870571975,-8.0,998.0,86.1496837391128,14.45807132835369,556.4395744373328,37.602601419573794,211.39999999999964,1659.828125,0,1659.828125,0,1659.828125,0
2011-01-10,0.0110211475,0.0,1.247406,0.07064782,-1.5200139,-8.379763,-0.020627864,1.8668723,-0.00233053,-0.005725733,2.2255816e-05,0.0013579575,287.0524,276.19345,295.59683,4.4302244,97455.15,75937.44,101672.31,5953.1504,-0.8501682,-4.7595544,3.423673,1.5866756,-0.49364844,-4.6535707,2.9593441,1.6296642,1,10,0,0.01703491946682334,0.0056783064889411134,0.03323371411534026,0.004747673445048609,1.0155420546003597,0.07253871818573998,1.0832451198011768,0.03610817066003923,-0.003455693,0.0110211475,0.0,-85.89844,-96.53125,-49.859375,27.226562,-1.0319500118494034,0.5516548700684196,-0.6784809157252312,0.9200877665166431,-4.57964301109314,1.5333008322021582,-3.8036263244492665,1.656524892827978,3.382340703691755,0.7070813990613194,3.373843482562474,0.8185378416336422,1.5628975970404488,0.2865397939580897,1.3465739360877447,0.3396031210406553,-1.4653657376766205,0.4783972533065412,-1.4616693875619344,0.5572754045993525,-5.463255882263184,0.5113949629027851,-5.709140198571341,0.7524066647807243,1.7252962929861886,0.6097725952535717,1.7397617612566267,0.5641089335767763,1.5394635030201502,0.11200169845024216,1.5321983439581734,0.19528228545214874,0.13147044,2.8494177,-0.0036770944,-0.5007396,62.573526870571975,-8.0,998.0,86.1496837391128,14.45807132835369,556.4395744373328,37.602601419573794,211.39999999999964,1657.625,0,1657.625,0,1657.625,0
2011-01-11,0.0012989029,0.0,0.25081635,0.01284694,-1.2128538,-4.988024,-0.019500498,1.1483482,-0.002361842,-0.0052478067,1.51647255e-05,0.001234807,288.514,274.92685,295.60147,4.3381896,97261.02,75851.164,101427.375,5913.4385,0.96140146,-1.0735798,6.6312947,1.4335524,-0.44726437,-3.9250271,1.7546196,1.1590132,1,11,0,0.015413438784889877,0.005137812928296626,0.03424753010040149,0.0048925043000573555,0.7905327011181953,0.05646662150844252,1.0845428511166801,0.036151428370556,-0.17575884,0.0012989029,0.0,-157.63281,-97.03125,-170.6875,-0.49023438,-0.7060619230781283,0.9104120868097755,-0.5171922370791435,0.9980055672236091,-3.9957267556871687,1.9863648600056638,-3.513416520186833,1.7578488503726275,3.8750646114349365,1.4033295875151937,3.6768648624420166,1.1457483301035296,1.540605102266584,0.2901634044552484,1.336521246603557,0.3343868641060102,-1.2743375088487352,0.5848716499893929,-1.3138362914323807,0.5296376876049964,-5.147343601499285,0.6811206349706177,-5.525676097188677,0.8528720171810767,1.7831518990652901,0.586975264861336,1.770411261490413,0.55138455466405,1.484035543033055,0.1818635057768753,1.486811407974788,0.2033222526523268,0.6705432,6.9500003,-0.0031495001,-1.7021106,62.573526870571975,-8.0,998.0,86.1496837391128,14.45807132835369,556.4395744373328,37.602601419573794,211.39999999999964,1653.40625,0,1653.40625,0,1653.40625,0
2011-01-12,0.009145432,0.0,0.97990036,0.04902887,-0.9747124,-5.6289496,-0.015086262,0.90524125,-0.0022719898,-0.004803458,1.1464581e-05,0.0011561809,289.43042,274.0867,296.37332,4.8287716,97092.95,75631.15,101297.38,5922.3657,1.2476959,-1.6297646,7.7618775,1.908476,-0.13559216,-3.2612565,2.4557846,1.0609232,1,12,0,0.021465482539497316,0.007155160846499105,0.04276030359324068,0.006108614799034383,0.07595066859414601,0.005425047756724715,1.093668756766533,0.036455625225551104,-2.3771203,0.009145432,0.0,-254.91406,-175.63281,-267.66406,-4.5473633,-0.2995822748967579,1.0676095406007788,-0.4463132183466639,1.0882523107122577,-3.3520783356257846,1.9058627798938723,-3.500250049999782,1.7721878727180558,4.564750943865095,1.9454298079407242,3.977486559322902,1.5804675906915249,1.553395254271371,0.3060173266563591,1.4037621745041438,0.348728798836344,-1.0371180985655104,0.6687068805150945,-1.170042363660676,0.5580519140915384,-4.760446071624756,0.8772155948873102,-5.341383934020996,1.0380653879219246,1.968232308115278,0.5615230957237107,1.8486969811575753,0.5662049849486407,1.401594536645072,0.22590049288537925,1.456629948956626,0.23304602635070762,0.9353379,6.3007407,-0.0008114148,-1.9767096,62.573526870571975,-8.0,998.0,86.1496837391128,14.45807132835369,556.4395744373328,37.602601419573794,211.39999999999964,1649.15625,0,1649.15625,0,1649.15625,0
2011-01-13,0.024701023,0.0,1.5769005,0.10329491,-1.1675377,-8.78737,-0.0100201,1.4847429,-0.0023399629,-0.00435225,2.3505185e-05,0.0011764324,289.48233,272.0081,296.18134,5.6013346,97110.11,75560.625,101335.086,5914.909,2.0065348,-1.8129997,7.923532,2.0327532,-0.50415546,-3.8734558,2.7854798,1.2377003,1,13,0,0.03514535853173584,0.011715119510578612,0.0615815072087571,0.008797358172679586,0.07395974679877781,0.005282839057055558,1.1183588454006212,0.03727862818002071,-0.39414817,0.024701023,0.0,-380.46094,-360.6875,-366.8828,-11.807617,0.18347876625401632,1.2494791588016716,-0.4217894577554294,1.1419887747017508,-2.8429484026772633,1.7439518010801875,-3.541024080344609,1.7220969042434795,5.378242867333548,1.9959079162568327,4.201459799494062,1.895026065771497,1.6085341828210014,0.3562912517212072,1.4817196088177818,0.35923786370077565,-0.9102638236113957,0.6743368605193552,-1.1003144873040063,0.5769638520904397,-4.563037429537092,0.9024141051162411,-5.087563565799168,0.9161732711776771,2.16564679145813,0.5727275641106344,1.8667763301304408,0.5931158762143623,1.363227197102138,0.22795680178351582,1.4035937445504325,0.18406795127659661,0.52009344,0.495533,0.007967697,-0.8894291,62.573526870571975,-8.0,998.0,86.1496837391128,14.45807132835369,556.4395744373328,37.602601419573794,211.39999999999964,1644.015625,0,1644.015625,0,1644.015625,0
2011-01-14,0.050594337,0.0,1.4629364,0.16735627,-1.743322,-17.488916,-0.006578164,2.8128536,-0.0027245865,-0.005161469,8.190516e-06,0.0013572787,287.73535,267.94064,295.91516,6.593696,97193.42,75394.48,101532.695,5934.2476,2.730732,-0.78620595,7.0005374,1.2456642,-1.9347943,-8.941634,1.7180748,1.9677255,1,14,0,0.08444079291075468,0.02814693097025156,0.10277461528312415,0.014682087897589164,0.11931082786088609,0.008522201990063292,1.1689531826851862,0.03896510608950621,0.033580814,0.050594337,0.0,-465.53906,-592.96094,-387.89062,-9.965332,0.6031195095607212,1.5529927222205144,-0.24147507016147887,1.4153681062202756,-2.6290334548269,1.9081064262179375,-3.4549234552042827,1.8321403579820235,5.800427266529629,1.9794432417076897,4.385882258415222,2.0380254736818464,1.6093317781175887,0.35533392379767237,1.5083180580820357,0.32264530296143756,-1.002015279872077,0.7716848490417529,-1.1467428697007043,0.6176680206916856,-5.112776926585606,1.9000603729604386,-5.268012949398586,1.3458440264456695,2.1807092087609425,0.5569283124269331,1.869400475706373,0.592313044803373,1.4343660388674055,0.32414786095988524,1.4479121140071325,0.23664767591619607,-0.42499924,-10.6297,0.0096668955,1.3084412,62.573526870571975,-8.0,998.0,86.1496837391128,14.45807132835369,556.4395744373328,37.602601419573794,211.39999999999964,1634.34375,0,1634.34375,0,1634.34375,0
2011-01-15,1.9917032e-05,0.0,0.009536743,0.00032490314,-1.6060088,-8.967472,-0.009372365,2.1366436,-0.0027552347,-0.005015701,6.053597e-08,0.0013909286,286.22168,269.9978,294.62598,5.4352746,97564.51,75845.52,101811.31,5962.0903,0.05963357,-2.3659992,5.065845,1.2385592,-2.0284944,-4.9929233,1.0424366,1.2727761,1,15,0,0.07531527779065073,0.025105092596883576,0.09987414872739464,0.014267735532484949,0.11932996383256977,0.008523568845183556,1.1689730997169363,0.038965769990564544,-0.00045697752,1.9917032e-05,0.0,-274.02344,-413.67188,-253.625,12.99707,0.6690243764647416,1.5125049824171863,-0.16170602371650084,1.3972157590687,-2.5987709164619446,1.910731796276667,-3.393319091626576,1.8547016523865545,5.899822337286813,1.9119681842876424,4.553033862795148,1.9867094107947294,1.6242734704698836,0.3335444456580808,1.5196223855018616,0.3089784749461351,-1.027180599314826,0.8061393642076183,-1.2285796169723784,0.6547886846581142,-5.025702851159232,1.8878072151006255,-5.286264368465969,1.3398138246493116,2.1082897186279297,0.673471350037662,1.7789270281791687,0.6162429534954604,1.4248474495751517,0.32835213016845327,1.4501335791179113,0.23470072999993258,-0.48159957,-1.9354577,-0.0005431939,1.0233035,62.573526870571975,-8.0,998.0,86.1496837391128,14.45807132835369,556.4395744373328,37.602601419573794,211.39999999999964,1620.328125,0,1620.328125,0,1620.328125,0
2011-01-16,0.022358624,0.0,2.9249191,0.18388319,-1.4674197,-8.071932,-0.015439931,1.8433615,-0.0026995845,-0.0058497237,-9.359792e-08,0.0014268141,287.10297,274.52975,294.6755,4.1959786,97462.57,75812.52,101714.69,5993.368,-0.50376195,-3.2375443,3.5264122,1.3298779,-0.16739374,-4.3551903,3.0811298,1.4235415,1,16,0,0.07297287858091295,0.024324292860304315,0.11913938459474593,0.017019912084963704,0.14161907375091687,0.01011564812506549,1.1913309429214678,0.039711031430715596,0.01483796,0.022358624,0.0,-314.32812,-442.47656,-296.0625,38.8833,0.8074382229575089,1.315328843688952,-0.15668256554220403,1.395744701331993,-2.2379497034209117,1.37767104793175,-3.4070218418325697,1.8526434112276935,5.90473883492606,1.9047754148390614,4.561876331056867,1.981463825707902,1.5393655129841395,0.3198277091475913,1.527248399598258,0.3023435958394692,-0.8159061201981136,0.8106182432593088,-1.1943869101149696,0.6985799947085815,-4.8575796740395685,1.8876014673592503,-5.230953812599182,1.3625716727153707,2.2566956111363004,0.764773761892431,1.8518709540367126,0.7059694028006691,1.3930491549628121,0.31380692557001727,1.4488110627446855,0.2348018869318468,0.14417887,0.8298607,0.0016549602,-0.31317723,62.573526870571975,-8.0,998.0,86.1496837391128,14.45807132835369,556.4395744373328,37.602601419573794,211.39999999999964,1601.140625,0,1616.5,0,1616.5,0
2011-01-17,0.07255852,0.0,6.3552856,0.37481812,-1.2219607,-6.298385,-0.003985828,1.3391471,-0.0027538252,-0.0051887995,1.1315569e-07,0.0014840707,288.8914,273.57114,295.40845,4.572826,97195.76,75688.21,101429.46,5918.1772,1.8442925,-1.3913618,7.442419,1.7040288,-0.25640658,-2.961216,2.5229962,1.1634201,1,17,0,0.09493706352077425,0.031645687840258084,0.18067675933707505,0.02581096561958215,0.21391047345241532,0.01527931953231538,1.2638882935558513,0.042129609785195046,0.04837235,0.07255852,0.0,-383.3828,-461.96094,-343.7578,16.8208,1.1923611871898174,1.1306920943308356,0.08020558767020702,1.4361590690961912,-1.7567793386323112,0.8291975543946765,-3.1682111748627255,1.8835612292026938,6.478845426014492,1.6160961186978176,4.930593064853123,2.004410134839141,1.5561302559716361,0.3257419605930327,1.5595139265060425,0.2947538163964016,-0.7820144253117698,0.831039591602089,-1.123690081494195,0.7416891306634681,-4.61581471988133,2.021701401953928,-5.039535301072257,1.4834045050650737,2.1943601880754744,0.7140581834444996,1.9598282405308314,0.6827705733297135,1.3264428547450475,0.3045589064054107,1.4329531788825989,0.24661170594681753,0.29805326,2.0813775,0.016642036,-0.5277252,62.573526870571975,-8.0,998.0,86.1496837391128,14.45807132835369,556.4395744373328,37.602601419573794,211.39999999999964,1577.34375,0,1616.5,0,1616.5,0
2011-01-18,0.00058188976,0.0,0.06484985,0.004389879,-0.84529984,-3.8597927,-0.012044562,0.7475877,-0.0026721563,-0.004744909,5.3318217e-08,0.0013265668,289.02036,272.2384,296.3621,5.276914,97318.16,75854.32,101437.28,5873.412,0.03544648,-2.728103,3.9913795,0.946111,-1.8684906,-4.547039,0.5539538,0.9356578,1,18,0,0.0954990362515673,0.03183301208385577,0.17995974619407207,0.025708535170581723,0.21420727629447356,0.01530051973531954,1.2644701833183944,0.042149006110613146,0.00038597384,0.00058188976,0.0,-285.23438,-328.8203,-279.73438,-0.8647461,1.060081903955766,1.213357068713687,0.17700999043881893,1.3790726350658034,-1.9931397863796778,0.8377604625059936,-2.994433271033423,1.7957464419986824,6.101714679173061,1.863654686100687,4.988389645303998,1.961321241406044,1.4864957758358546,0.3999588214325332,1.5135504390512193,0.33686547508832354,-0.9850467400891441,0.9058677976821377,-1.1296921244689397,0.7477628122579165,-4.704673562731061,1.9998304385634447,-4.926008582115173,1.4535191058945494,2.0228365063667297,0.9443598508578065,1.90299420271601,0.765566829984729,1.294534947190966,0.33518408304406305,1.3892852451120103,0.27710354784157487,0.36755395,1.1282315,0.0074559357,-0.40076053,62.573526870571975,-8.0,998.0,86.1496837391128,14.45807132835369,556.4395744373328,37.602601419573794,211.39999999999964,1575.640625,0,1616.5,0,1616.5,0
2011-01-19,0.10830607,0.0,3.1137466,0.40754503,-1.031231,-3.7908437,-0.01429324,1.016384,-0.0027377661,-0.0056467634,3.5632402e-06,0.0014154016,289.2244,274.55334,296.1318,4.464194,97301.08,75802.125,101457.79,5919.153,-0.6317438,-3.0127838,2.766269,1.3198476,-0.3429779,-3.5606797,2.5080864,1.195383,1,19,0,0.18144648463930935,0.06048216154643645,0.27912038669455796,0.039874340956365426,0.32188069028779864,0.022991477877699902,1.3727762559707344,0.04575920853235781,0.07205956,0.10830607,0.0,-212.59375,-273.40625,-211.46875,13.57666,0.7915905165885176,1.3635660377518037,0.24600412084587983,1.3056657021795373,-2.190713959080832,0.8986507447782255,-2.7713961473533084,1.5531605948498979,5.3880563122885565,2.06733130131268,4.976403628076826,1.9753041856485847,1.4024060027939933,0.3559047246191746,1.4779006285326821,0.3283619956620131,-1.0146732756069727,0.8763669305531726,-1.0258956870862417,0.7489937110429422,-4.747448308127267,1.9667397735133623,-4.753947189876011,1.4630323230114834,2.0303082040378024,0.9485537999209357,1.9992702560765403,0.7495568921417821,1.3137434806142534,0.3232037853533092,1.3576690086296626,0.27174120118448825,-0.056518674,1.8381059,0.0007930212,0.111142755,62.573526870571975,-8.0,998.0,86.1496837391128,14.45807132835369,556.4395744373328,37.602601419573794,211.39999999999964,1580.90625,0,1616.5,0,1616.5,0
2011-01-20,0.46391332,0.0,15.63549,1.7069334,-0.94560546,-3.3872662,-0.014090445,0.823647,-0.002585349,-0.005525753,1.2232922e-05,0.001465766,290.17502,274.7043,296.3553,4.347722,97389.29,75893.62,101570.57,5919.4995,0.21815634,-1.7551352,3.7100341,1.1192409,0.11951852,-2.8722103,3.0519028,1.213407,1,20,0,0.5728012839099392,0.19093376130331308,0.7183326847152784,0.10261895495932549,0.7799141919240355,0.05570815656600254,1.8366895774657905,0.06122298591552635,0.30021748,0.46391332,0.0,-207.05469,-265.35156,-200.27344,2.6132812,0.5361078770032951,1.2617257686457446,0.3597933216286557,1.2201549717267575,-2.1824475952557156,0.9029600829874552,-2.5126979989664897,1.3774877741708778,4.786128044128418,1.8025005873569002,5.082185455730984,1.8527119527683458,1.271904238632747,0.2322494800458164,1.4402192107268743,0.3376295967524964,-0.925576993397304,0.964218987219224,-0.9179204085043499,0.7993993642684433,-4.604413236890521,2.0743606867049875,-4.583725333213806,1.5369783719257752,2.0683686307498386,0.9884126196022908,2.1170077111039842,0.7777175113810938,1.3102730086871557,0.3242850224214391,1.3367501028946467,0.2706921309311877,0.22193223,5.4001036,-0.0040703453,-0.66109586,62.573526870571975,-8.0,998.0,86.1496837391128,14.45807132835369,556.4395744373328,37.602601419573794,211.39999999999964,1582.1875,0,1616.5,0,1616.5,0
2011-01-21,0.13935441,0.0,5.1145554,0.50256246,-1.0119957,-3.786746,-0.017616432,0.8779704,-0.0025990172,-0.0056095663,7.991912e-06,0.0013708555,290.67203,273.4241,295.94217,4.6670547,97477.13,76023.19,101617.98,5890.5625,0.5377091,-2.5827293,4.003493,1.267165,-1.3167778,-4.4402547,1.0261351,1.0686064,1,21,0,0.7115738019347191,0.23719126731157303,0.8070927552180365,0.11529896503114807,0.9098673705011606,0.06499052646436862,1.9760439852531135,0.06586813284177045,0.085146725,0.13935441,0.0,-101.25781,-154.15625,-136.86719,-11.540527,0.2228188988353525,0.8214102999265079,0.4129692041980369,1.209742744343244,-2.4390937941414967,0.663536648653809,-2.5340636244841983,1.375980094577066,4.357978820800781,1.5231424206835005,5.0792030436652045,1.8545422740275017,1.274975768157414,0.2319866408323189,1.4421537731375014,0.33647022824570605,-0.8372889246259417,0.8811228211413462,-0.9196521022490093,0.8002990448506202,-3.9613590240478516,0.8305284504847086,-4.537067975316729,1.5302139800028436,1.9695201005254472,1.0612025259800018,2.075114654643195,0.8215380798330242,1.1818274174417769,0.15364229437886479,1.3080967281545912,0.2766950398365132,0.73132634,13.70217,-0.011038268,-1.9348831,62.573526870571975,-8.0,998.0,86.1496837391128,14.45807132835369,556.4395744373328,37.602601419573794,211.39999999999964,1596.953125,0,1616.5,0,1616.5,0
2011-01-22,0.027098097,0.0,1.5454292,0.10423771,-0.990378,-4.4248004,-0.018437626,0.8332059,-0.0025460238,-0.0051633352,8.05594e-08,0.0013045737,290.33463,272.44077,296.26938,5.162517,97540.7,76059.07,101674.32,5889.692,0.4235009,-2.0195858,4.826239,1.1607399,-1.5004941,-4.568792,1.0173492,1.0129799,1,22,0,0.630365826189518,0.21012194206317267,0.8341709350934252,0.1191672764419179,0.9340450838208199,0.06671750598720141,2.0031342715598157,0.06677114238532719,0.013738987,0.027098097,0.0,6.71875,-75.35156,-14.9453125,-9.648926,0.2747999450990132,0.8208754365041994,0.47191216078187737,1.1868831833697295,-2.389606169291905,0.6825425786522896,-2.4941885428769246,1.3826865386452833,4.32374940599714,1.507192123575388,5.111785871641977,1.8451083605281007,1.2638587185314722,0.235854954860938,1.444066094500678,0.3346551058952278,-0.7618603195462909,0.778814160996422,-0.8945204594305584,0.7738443000500559,-3.900768824986049,0.7547424198947243,-4.463235838072641,1.4994840441348383,1.9659361924443925,1.0648912636400907,2.0371129555361613,0.8591708086042572,1.1447136657578605,0.1592856668478733,1.2847805576665061,0.28740008955906804,0.61563075,4.5426717,-0.009065261,-1.3034377,62.573526870571975,-8.0,998.0,86.1496837391128,14.45807132835369,556.4395744373328,37.602601419573794,211.39999999999964,1616.5,0,1616.5,0,1616.5,0
2011-01-23,0.008870108,0.0,0.73862076,0.048130143,-0.9655063,-3.624074,-0.011763768,0.83856964,-0.0027666108,-0.0052051293,1.0244548e-08,0.0014049654,290.59018,272.18655,296.668,5.5110607,97646.31,76111.73,101784.27,5892.713,-0.15127586,-3.0565937,2.6757877,1.2209119,-1.5739096,-4.0944657,0.62159854,0.9410521,1,23,0,0.17532261274755,0.058440870915850006,0.8206824188819155,0.11724034555455935,0.9398218034766614,0.06713012881976153,2.0119438474581557,0.06706479491527186,-0.18521836,0.008870108,0.0,69.15625,3.0859375,61.03125,-8.364258,0.32515510065214975,0.7746667425262955,0.5662966618048293,1.0668170021614802,-2.363756077630179,0.6476086623242222,-2.300852890525545,1.0362522089883237,4.20223161152431,1.6127840239437556,5.053485223225185,1.911912214215309,1.2482921481132507,0.23436262431055796,1.3938288305486952,0.3088224013340301,-0.9627911618777684,0.7813162132278294,-0.889348641037941,0.7686579224300064,-3.863522461482457,0.7347477250775596,-4.360551067761013,1.469586158673178,1.6145745856421334,1.0411021827567453,1.9356350983892168,0.938728842258971,1.075786599091121,0.11740812965630495,1.2344178770269667,0.2809121249710063,0.5019134,4.447858,0.003676163,-1.0047919,62.573526870571975,-8.0,998.0,86.1496837391128,14.45807132835369,556.4395744373328,37.602601419573794,211.39999999999964,1615.796875,0,1615.796875,0,1615.796875,0
2011-01-24,0.00392014,0.0,0.3466606,0.024165614,-1.0316715,-4.3988433,-0.011643395,1.0798007,-0.0029336095,-0.0056031374,-3.306195e-08,0.0014906408,290.1132,271.0936,297.32568,5.6401954,97624.52,76030.46,101823.055,5907.78,0.12777102,-3.1852214,2.438029,1.0219353,-1.6018497,-5.316164,0.6953106,1.2327636,1,24,0,0.039888345170766115,0.013296115056922039,0.7520440368680283,0.10743486240971833,0.9327207962051034,0.06662291401465024,2.015863987668695,0.06719546625562316,-0.04891275,0.00392014,0.0,69.22656,-52.382812,101.24219,21.422852,0.07993774328913007,0.38963925139454414,0.6361494652394738,0.996644403267852,-2.620021734918867,0.5455779856808024,-2.188400536775589,0.8095345081091972,3.487318754196167,0.87961422578957,4.983082090105329,1.9929730112262407,1.1508502193859644,0.1333116635753506,1.3534902376788003,0.318428910724724,-1.154997318983078,0.7431402180363806,-0.9685058721474239,0.781724521379598,-4.199943610600063,0.7898187005784724,-4.407879165240696,1.4902726017809707,1.353476643562317,1.0038238611057053,1.7739184158188956,0.9438076146379087,1.085692822933197,0.1284414570141222,1.2060678388391222,0.2569618400980627,0.19028914,1.8995419,-0.007657567,-0.25934637,62.573526870571975,-8.0,998.0,86.1496837391128,14.45807132835369,556.4395744373328,37.602601419573794,211.39999999999964,1606.515625,0,1606.515625,0,1606.515625,0
2011-01-25,0.0127297165,0.0,1.3127327,0.08248016,-1.1469444,-5.5859103,-0.009687617,1.3250434,-0.0030760008,-0.006419121,7.660128e-08,0.0015914441,289.2518,271.13123,296.12015,5.5200024,97682.44,76075.24,101871.41,5912.406,0.49665982,-2.4755974,3.4129932,0.8364754,-2.2103813,-5.7677865,0.28844705,1.1834741,1,25,0,0.02551996475085616,0.008506654916952053,0.7641918635927141,0.10917026622753058,0.9441516097867861,0.06743940069905616,2.0285937041559237,0.06761979013853078,0.00013276748,0.0127297165,0.0,23.5,-99.71094,22.765625,9.196777,0.14582536263125284,0.41876844068448105,0.6029536332935095,0.9927096515794104,-2.5839495147977556,0.5455884355513054,-2.2885446505887166,0.7451769265622846,3.404692138944353,0.8510761881912726,4.753203409058707,1.9737507020809046,1.1351879835128784,0.1642296484360046,1.3108418796743666,0.3456978110026787,-1.2038388465132033,0.8063920151247618,-1.0944427933011736,0.8317142743488897,-4.374336106436593,0.9889091956687235,-4.539504834583828,1.5253123010439216,1.315547104392733,1.0433084243910338,1.6691918053797312,1.0240474756651827,1.1210951464516776,0.11347587001374666,1.2078150468213218,0.256700308844397,-0.30164456,-1.7261176,0.0023569446,0.57745576,62.573526870571975,-8.0,998.0,86.1496837391128,14.45807132835369,556.4395744373328,37.602601419573794,211.39999999999964,1596.453125,0,1596.453125,0,1596.453125,0
2011-01-26,0.0,0.0,0.0,0.0,-1.6795441,-10.007289,-0.01440593,2.4089236,-0.0032021792,-0.00674342,2.6542693e-08,0.001731695,288.80396,273.64377,296.15598,4.8886247,97948.195,76333.27,102132.48,5940.84,-1.5786529,-5.60278,1.2321402,1.4626572,-2.117817,-6.1784844,0.9214096,1.6062616,1,26,0,0.016649856697767973,0.005549952232589324,0.6558857909403741,0.09369797013433916,0.9350061776349321,0.06678615554535229,1.960992567292692,0.0653664189097564,-0.2003218,0.0,0.0,177.27344,90.34375,164.19531,4.991211,0.010552638343402318,0.7408691318037399,0.40107157746595995,1.1294745900368641,-2.9539489575794766,1.2752216279603747,-2.5723314583301544,1.1314193600999431,3.185530883925302,1.1777209865950624,4.28679359810693,1.9795925476058345,1.1555893591472082,0.19666031631970268,1.2789976809706007,0.30448889239068094,-1.4573872770581926,0.7687517180547495,-1.2360302763325828,0.8246199176058403,-4.748308215822492,1.1166599626142029,-4.74787826197488,1.53647877756987,1.088878984962191,0.9041109858835121,1.5595935944999968,1.0154588704199912,1.1797920976366316,0.2171831539105693,1.2467677891254425,0.27352058856006545,-0.64831305,-6.216445,-0.00011269003,1.3925396,62.573526870571975,-8.0,998.0,86.1496837391128,14.45807132835369,556.4395744373328,37.602601419573794,211.39999999999964,1586.671875,0,1586.671875,0,1586.671875,0
2011-01-27,0.0,0.0,0.0,0.0,-1.8426783,-11.013354,-0.017459039,2.7223725,-0.0030895686,-0.0058679013,4.9443915e-06,0.0015894182,288.95306,276.046,295.7086,4.162488,97798.66,76224.1,102068.15,5954.0127,-1.0392927,-5.035862,2.2554386,1.637688,-1.5821282,-7.1424484,2.886116,2.085596,1,27,0,0.01272971648722887,0.00424323882907629,0.19197246944531798,0.027424638492188284,0.9103051541605964,0.06502179672575689,1.7346843109049814,0.05782281036349938,-0.17434406,0.0,0.0,154.39844,103.984375,199.52344,2.0268555,-0.16908293749604905,0.8293085238155523,0.183512469753623,1.0890629901474815,-3.4226242133549283,1.3611730875253154,-2.802535904305322,1.2827826624572403,2.9777315173830305,1.197905419101967,3.881929780755724,1.7442202921036907,1.229653239250183,0.26606747220398685,1.250778738941465,0.24093381453136467,-1.7004796607153756,0.331950366995009,-1.3130283270563399,0.801014515960451,-5.358342238834926,1.0869491008128833,-4.981377737862723,1.6383860474854683,1.065195164510182,0.8443115725293365,1.5667818976300103,1.0251145804761086,1.3043905326298304,0.4069579508374938,1.307331770658493,0.35352884872343654,-0.89707285,-7.626088,-0.0033685938,1.8987255,62.573526870571975,-8.0,998.0,86.1496837391128,14.45807132835369,556.4395744373328,37.602601419573794,211.39999999999964,1579.53125,0,1579.53125,0,1579.53125,0
2011-01-28,0.40369162,0.0,8.526325,1.0935452,-1.3620579,-7.19675,-0.017698156,1.6274035,-0.0029338289,-0.005594168,-4.8661605e-08,0.0014190011,290.15054,277.63306,295.69882,3.4580195,97450.3,75949.39,101652.13,5960.617,0.21436849,-3.0843632,6.318835,1.5908583,-0.4130035,-4.892299,2.111892,1.4548403,1,28,0,0.4036916196346283,0.13456387321154276,0.4563096812926233,0.06518709732751761,1.2634024365106598,0.09024303117933284,1.4146484658637064,0.04715494886212355,-0.070879966,0.40369162,0.0,2.09375,27.796875,-6.25,8.098633,-0.2152744552918843,0.7915238638937029,0.0037722217717341016,0.8076123261664516,-3.49428619657244,1.3222330899894201,-2.9666899953569685,1.1445017690525086,3.308494653020586,1.7298756864265001,3.833236736910684,1.6578381638916988,1.275895152773176,0.29967904873679097,1.2754354604652949,0.25746619809462146,-1.5713690434183394,0.585210385436676,-1.2043289840221405,0.813309922939601,-5.422920022691999,1.0355247817701838,-4.692139523369925,1.1783004846942768,1.220303292785372,0.9312009282896891,1.5949116966554098,1.0349417006049497,1.3595668077468872,0.3956889894392304,1.270697112594332,0.3027596030292752,-0.35006225,-3.4100041,-8.1723556e-05,0.7494331,62.573526870571975,-8.0,998.0,86.1496837391128,14.45807132835369,556.4395744373328,37.602601419573794,211.39999999999964,1570.515625,0,1570.515625,0,1570.515625,0
2011-01-29,1.0429003,0.0,10.573864,1.9000396,-1.027487,-3.9162843,-0.015517697,0.9668759,-0.0024476694,-0.0056632175,4.3655746e-06,0.0014520661,289.40442,273.3472,296.1554,5.092531,97328.97,75751.74,101419.375,5932.199,0.9254869,-2.5691707,6.5021996,2.0432026,-1.248655,-3.8689373,1.2006836,1.0303146,1,29,0,1.4465919435024261,0.4821973145008087,1.4721119082532823,0.21030170117904032,2.3062828433467075,0.1647344888104791,2.4308568444618004,0.08102856148206002,0.69264007,1.0429003,0.0,-150.70312,-205.11719,-191.125,16.759766,-0.143562165754182,0.8771510861047088,0.0656188896724156,0.8445288652877594,-3.572798320225307,1.2334065651212816,-2.981202244758606,1.1375662141489762,3.5479175874165128,2.0595209525955798,3.9358334967068265,1.7799358339085998,1.4019612584795271,0.4088798922577018,1.3329099885054998,0.32858847848861783,-1.5353920204298837,0.597897409295597,-1.1486261699880873,0.778481084173997,-5.322940792356219,1.158247674612731,-4.611854808671134,1.1944116235302191,1.2464939142976488,0.9271105614427033,1.6062150533710207,1.0292923091448112,1.3620431934084212,0.39320483667251965,1.2533784295831407,0.30949142352176623,-0.037109017,0.5085161,0.002919929,0.13367003,62.573526870571975,-8.0,998.0,86.1496837391128,14.45807132835369,556.4395744373328,37.602601419573794,211.39999999999964,1560.90625,0,1560.90625,0,1605.75,0
2011-01-30,0.0076852404,0.0,0.25129318,0.026709588,-1.4456428,-7.834117,-0.014881836,1.7119194,-0.0028878863,-0.005544016,1.5553087e-06,0.0015217704,289.40048,273.49777,296.36746,4.856907,97678.234,76104.02,101827.13,5941.982,-1.3868909,-7.2681346,1.3658581,1.7430738,-2.0695734,-5.6106415,2.6901398,1.9410826,1,30,0,1.4542771838605404,0.4847590612868468,1.4709270405583084,0.21013243436547263,2.291609459440224,0.163686389960016,2.433298828597458,0.0811099609532486,0.005121541,0.0076852404,0.0,-7.640625,-62.695312,-19.515625,14.078613,-0.32007859860147747,0.995327803683582,0.0025382510253361295,0.9199439295562004,-4.174447025571551,1.824962341985336,-3.269101551600865,1.6166064445774326,3.360784786088126,2.206256318884171,3.781508198806218,1.9072725224812417,1.4765558242797852,0.41787658641876574,1.362423986196518,0.3463707614907686,-1.6062011293002538,0.6316191501171712,-1.2844961455890112,0.7598230566646508,-5.539537327630179,1.0242434894186299,-4.701529894556318,1.220503177481667,1.5419998041221075,1.0197677001724121,1.5782871948821204,0.9907788059334037,1.5049046959195818,0.3964104589125485,1.2903456475053514,0.3584210801082767,-0.4801365,-4.210043,-0.003118068,0.8733498,62.573526870571975,-8.0,998.0,86.1496837391128,14.45807132835369,556.4395744373328,37.602601419573794,211.39999999999964,1552.046875,0,1552.046875,0,1912.9375,0
2011-01-31,0.049938247,0.0,3.2081604,0.27661547,-1.7703174,-9.007783,-0.018448802,2.3473606,-0.0029776013,-0.0059403903,2.0589214e-06,0.0015804241,289.96115,276.645,295.93686,4.0251737,97731.1,76242.5,101935.97,5935.8984,-1.5250881,-6.565145,1.8649496,1.931803,-1.6845115,-6.07422,4.269774,2.0294464,1,31,0,1.1005238108336926,0.36684127027789754,1.5169451469555497,0.21670644956507853,2.268989183823578,0.16207065598739842,2.483236294145172,0.0827745431381724,0.029029325,0.049938247,0.0,107.49219,95.21875,106.25,15.0078125,-0.5562013259955815,1.064993393852702,-0.2381317913532257,0.8381542567409852,-4.657293251582554,1.961623968405014,-3.6386574932507108,1.740919449941841,3.27891629082816,2.256270127109197,3.3831175225121632,1.648749339295674,1.6065369163240706,0.39370667119014213,1.3786935678550176,0.36830567736087577,-1.618009967463357,0.6322966009966471,-1.3865036432232176,0.7050734138565425,-5.647831065314157,1.0366890996089155,-4.92388733795711,1.1611847563688136,2.052637428045273,1.3624836829849907,1.7030570358037949,1.205597046220047,1.6187165124075753,0.4189786819627357,1.3522046676703863,0.40635735980764626,-0.7386459,-4.6089396,-0.006805407,1.2675599,62.573526870571975,-8.0,998.0,86.1496837391128,14.45807132835369,556.4395744373328,37.602601419573794,211.39999999999964,1540.6875,0,1540.6875,0,2306.53125,0
2011-02-01,0.008504572,0.0,1.8382072,0.08782904,-1.393096,-5.8893657,-0.020244857,1.5094916,-0.002983699,-0.005806515,6.312039e-07,0.0015068867,291.28015,278.07364,296.37775,3.2464194,97617.36,76251.87,101807.12,5920.2095,-1.0204344,-4.7789035,2.3218453,1.4958282,-0.6351231,-4.3541074,5.7262554,1.8004597,2,32,0,0.06612805929034948,0.022042686430116493,1.5127200027927756,0.2161028575418251,2.2769118663854897,0.16263656188467784,2.491671352123376,0.08305571173744587,-0.0019961298,0.008504572,0.0,86.546875,106.74219,117.265625,16.874512,-0.7729290681225913,0.9646644424713094,-0.3135518527456692,0.8588924408793038,-4.9863369805472235,1.7119635564222282,-3.7851432476724898,1.7446852290867771,3.123038019452776,2.28299698312301,3.2638650791985646,1.6616971646001615,1.7007301705224174,0.21877870199659463,1.4179590770176478,0.34734663087498785,-1.3929730824061803,0.6657659296065298,-1.2984059644596917,0.7171672526547647,-5.445876904896328,1.1417952985169681,-4.910106505666461,1.1671308111918854,2.8294671944209506,1.6978918675152186,2.072507149406842,1.5652430312536632,1.7068573236465454,0.37471585014279024,1.4139762350491114,0.40388908391308026,-0.24615157,-0.30345535,-0.01055724,0.18444812,62.573526870571975,-8.0,998.0,86.1496837391128,14.45807132835369,556.4395744373328,37.602601419573794,211.39999999999964,1527.640625,0,1527.640625,0,2511.46875,0
2011-02-02,0.081285305,0.0,5.1426888,0.40092197,-1.0458575,-2.989908,-0.019123312,0.8965678,-0.0030252552,-0.005640231,1.86963e-07,0.0014885134,292.22375,278.64377,297.49417,3.4358776,97532.37,76220.586,101694.664,5902.553,-0.9000175,-2.8245811,1.8039589,1.0422552,0.074583665,-2.6241398,4.648972,1.2712392,2,33,0,0.13972812425345182,0.04657604141781727,1.5940053081139922,0.2277150440162846,2.2498910990543664,0.1607065070753119,2.5726895349216647,0.08575631783072216,0.041450765,0.081285305,0.0,29.382812,70.796875,43.179688,3.0629883,-0.6759811597211021,0.9022779767110916,-0.33271426068884985,0.8694651761019424,-4.589451449257987,1.8608006741508325,-3.7717002034187317,1.7518046847801925,3.2047264065061296,2.2132259832555397,3.1951286452157155,1.7032472490837685,1.640672734805516,0.3263043200920709,1.398131046976362,0.36103156911234896,-1.0797729981797082,0.7747182066309387,-1.2685801376189505,0.7669158475965182,-4.938113382884434,1.4968243624139264,-4.843210799353463,1.2725071216116342,3.361976112638201,1.5801885242230036,2.2254275488001958,1.7090454288592014,1.6589969737189156,0.4094877296119595,1.4193945356777735,0.40123108004139757,0.63368654,7.0173807,-0.0047173817,-1.5123558,62.573526870571975,-8.0,998.0,86.1496837391128,14.45807132835369,556.4395744373328,37.602601419573794,211.39999999999964,1504.953125,0,1504.953125,0,2559.34375,0
2011-02-03,0.5033557,0.0,15.779495,1.9377191,-0.9845939,-3.0245214,-0.018152641,0.7993397,-0.002993695,-0.005442488,6.7169312e-06,0.0015551851,292.70676,277.26028,298.61404,4.0170946,97440.586,76078.93,101619.26,5915.504,-0.14857551,-2.2480438,2.2507355,0.9783749,0.34797788,-3.1418922,7.5953717,1.5398005,2,34,0,0.5931455595418811,0.19771518651396036,2.097360990010202,0.299622998572886,2.28933345945552,0.16352381853253714,3.0757601298973896,0.10252533766324631,0.25785643,0.5033557,0.0,-4.7890625,-3.84375,9.0859375,10.598145,-0.5487358484949384,0.9053042898369522,-0.35890939299549374,0.8570274241248258,-4.191191707338605,2.0391218159464786,-3.806907960346767,1.7126743752133484,3.2040545429502214,2.213562873259118,3.090893030166626,1.7139317218598444,1.5464851430484228,0.4113752249957028,1.3880691911493028,0.3712212119330029,-0.8040435633489064,0.8995419755176407,-1.252261612032141,0.800422616233434,-4.366605349949428,1.2598853510704064,-4.862473794392177,1.2420520821581846,4.0347269262586325,2.217694546405069,2.549961045384407,2.230032819525399,1.5810261794498988,0.36417625836945794,1.4427083560398646,0.39780940636280226,0.8580844,7.988833,-0.0006936025,-1.9230328,62.573526870571975,-8.0,998.0,86.1496837391128,14.45807132835369,556.4395744373328,37.602601419573794,211.39999999999964,1479.921875,0,1479.921875,0,2559.34375,0
2011-02-04,0.22468948,0.0,6.0253143,0.7913181,-1.081783,-3.7776306,-0.0114815775,0.9982197,-0.0031188799,-0.005620203,1.94686e-05,0.0016369388,292.5294,275.4713,299.12527,4.5591173,97352.34,75949.04,101589.28,5900.3936,1.7199557,-1.9140911,6.396008,1.6927708,-0.3162304,-4.1322427,2.8341472,1.4511515,2,35,0,0.8093304708600044,0.2697768236200015,1.9183588540181518,0.27405126485973597,2.374668535310775,0.16961918109362678,3.299816954880953,0.10999389849603176,0.08048236,0.22468948,0.0,-55.9375,-77.59375,-7.5,-0.3203125,-0.3336519641535623,1.2354662163857686,-0.27446320972272326,0.9987055897424857,-4.02400997706822,2.1875624333463035,-3.7591480868203297,1.7581569011322284,3.215079290526254,2.231778953291149,3.2617869717734203,1.9189417280983536,1.5610440714018685,0.4149948276404864,1.4184696120875222,0.3779249117120914,-0.7902188322373799,0.9072638443592481,-1.1807939378278596,0.8380048675517332,-4.258025850568499,1.2396176760418982,-4.840472936630249,1.2527878404508508,4.1379062448229105,2.128324467598344,2.6791047688041414,2.1869336752532242,1.5804992062704903,0.3643918903254354,1.4700330070086889,0.382998924792743,0.28027487,3.4191196,0.006216578,-0.62918377,62.573526870571975,-8.0,998.0,86.1496837391128,14.45807132835369,556.4395744373328,37.602601419573794,211.39999999999964,1456.15625,0,1481.375,0,2559.34375,0
2011-02-05,0.12385113,0.0,17.550945,0.81604517,-1.0939726,-4.9444337,-0.018183608,1.0305192,-0.0029714727,-0.005553691,2.7270522e-05,0.0014774743,292.18387,276.70227,298.48608,4.3491373,97162.16,75726.336,101394.586,5935.9775,1.3047104,-3.0233371,7.070494,2.2830386,-0.028532624,-3.7979698,3.564579,1.5860478,2,36,0,0.8518962934613228,0.28396543115377426,0.9993096580728889,0.14275852258184127,2.471421566326171,0.1765301118804408,3.4177882629446685,0.11392627543148895,0.053099066,0.12385113,0.0,-145.51562,-177.16406,-91.91406,12.988281,-0.2794771833079202,1.3061723179512161,-0.21151967453105108,1.071215558075115,-4.088890893118722,2.143513414083102,-3.8308446066720143,1.7013089863332151,3.2962642226900374,2.376901011131803,3.422090905053275,2.1406210957304523,1.5953063539096288,0.4679576463267298,1.4986338061945779,0.433930239965431,-0.6159156411886215,0.9216016020651957,-1.0756538308092527,0.8857857785721401,-4.247887645448957,1.2436139561168384,-4.785414218902588,1.2822386531114327,4.4756055900028775,1.735978663382921,2.861049752150263,2.143577226305658,1.6598896639687675,0.27382976211631244,1.5109664286885942,0.3603471097223656,-0.066485524,-1.0281494,-0.0026659109,0.06364334,62.573526870571975,-8.0,998.0,86.1496837391128,14.45807132835369,556.4395744373328,37.602601419573794,211.39999999999964,1433.03125,0,1605.75,0,2582.75,0
2011-02-06,0.9634656,0.0,20.237446,2.5765822,-1.1834095,-5.5351267,-0.015945872,1.2895911,-0.002999572,-0.0054969406,1.6771955e-05,0.0016388885,292.12976,274.9379,298.35873,4.9874005,96923.414,75352.6,101287.85,5954.8115,2.9189105,-2.416808,8.833762,2.487654,1.254142,-3.153855,5.104812,1.874516,2,37,0,1.3120061829686165,0.43733539432287216,1.955089989118278,0.2792985698740397,3.4260170296765864,0.24471550211975618,4.371852605137974,0.1457284201712658,0.5206127,0.9634656,0.0,-279.3047,-389.4922,-140.78906,31.004883,0.33563730120658875,1.6628927918071952,0.007779351302555629,1.3598702126247515,-3.3958442211151123,1.677993532529299,-3.7851456233433316,1.732021433828217,4.363107664244516,2.9683969191990234,3.861946225166321,2.5659000867805317,1.7016749467168535,0.5786702075531036,1.5891153854983193,0.49878741201678134,-0.14109914856297628,0.9038747177627673,-0.873650138931615,1.06729085092526,-3.896918160574777,1.1370287453276724,-4.718227744102478,1.344365638445517,4.820558786392212,1.552245430604192,3.1812792952571596,2.118012016666408,1.6503801516124181,0.2633940074671814,1.5776424237659998,0.33203067621958865,0.26223338,2.2989902,-0.001064036,-0.42232835,62.573526870571975,-8.0,998.0,86.1496837391128,14.45807132835369,556.4395744373328,37.602601419573794,211.39999999999964,1411.15625,0,1912.9375,0,2810.65625,0
2011-02-07,0.15532629,0.0,5.539894,0.5946735,-1.413903,-8.134009,-0.012533972,1.5380236,-0.0033448997,-0.0059702173,5.1921234e-08,0.0016731742,291.14432,269.95395,298.80902,6.083944,96992.5,75449.04,101258.12,5890.719,2.9806013,-1.3706169,6.8946013,1.8940212,-0.54743963,-5.0722713,2.5202172,1.4485782,2,38,0,1.242642991244793,0.414214330414931,2.060478034429252,0.2943540049184646,3.577423181384802,0.25553022724177155,4.524258513469249,0.15080861711564164,-0.45544767,0.15532629,0.0,-188.97656,-205.85156,-140.38281,-32.34619,0.9793072129998889,1.6943353481856092,0.21155294350215367,1.5758307177489377,-2.65376877784729,1.087529321464304,-3.655531014714922,1.844607897042089,5.081629344395229,2.870018415960104,4.180272817611694,2.650700543163676,1.6962775417736597,0.5763374993051932,1.6514072290488653,0.4764617964962913,0.021339695368494307,0.645526033543126,-0.7983351360474314,1.0489977898076495,-3.7537826129368375,0.8420612347243164,-4.700806839125497,1.3375844146898466,4.570622103554862,1.7798747345003398,3.3116297658000673,2.0064656839794357,1.567398990903582,0.2101944048471938,1.5930577516555786,0.31956294079165665,0.35641444,0.8737736,0.0059148297,-0.809337,62.573526870571975,-8.0,998.0,86.1496837391128,14.45807132835369,556.4395744373328,37.602601419573794,211.39999999999964,1402.53125,0,2306.53125,0,2993.46875,0
2011-02-08,0.00022650741,0.0,0.014305115,0.0011076566,-1.3355032,-4.894315,-0.023066066,1.2204859,-0.0032032703,-0.0052521806,-2.8172508e-08,0.0015663943,290.51135,274.43814,297.72852,4.922253,97083.35,75667.12,101182.445,5899.265,-0.2941673,-3.6550198,3.344614,1.4724452,-1.2139505,-4.089458,1.7072951,1.071024,2,39,0,1.1190183707367396,0.3730061235789132,2.052199969519279,0.29317142421703984,3.5649199723120546,0.25463714087943246,4.521391632486484,0.15071305441621613,-0.8531411,0.00022650741,0.0,74.14844,251.28906,-90.92969,-25.63086,1.083059651511056,1.5690789536557395,0.1550652916942324,1.5789954679666232,-2.493213960102626,0.7530140782800109,-3.739775470324925,1.8132400856431696,5.227739163807461,2.728656931180362,4.175388591630118,2.6522856240903434,1.692937127181462,0.5777589328753591,1.6968336488519395,0.4197278963001621,-0.0613499390227454,0.7689125076067109,-0.7271615107144628,0.9771660354252777,-3.7159755570547923,0.8161582011581169,-4.580926230975559,1.3095160478536831,3.9964849097388133,1.9817266547306776,3.4129760520798818,1.873442331123607,1.4631938764027186,0.2520416836981176,1.585025600024632,0.33182750805748007,0.05759275,0.9950509,-0.002821209,-0.28900564,62.573526870571975,-8.0,998.0,86.1496837391128,14.45807132835369,556.4395744373328,37.602601419573794,211.39999999999964,1403.1875,0,2511.46875,0,3023.4375,0
2011-02-09,0.14652608,0.0,2.9654503,0.45458922,-1.3117195,-4.9542465,-0.016805949,1.1697676,-0.0032075993,-0.005880839,5.2386895e-08,0.001666157,290.8614,275.68008,297.9937,4.547683,97088.875,75685.664,101246.09,5894.9136,-0.5628237,-2.8532917,1.5716757,1.0068982,-1.0851249,-4.3747735,2.967593,1.5138137,2,40,0,0.30207888268341776,0.10069296089447259,2.117440747548244,0.30249153536403484,3.711446055662236,0.2651032896901597,4.6568965683545684,0.15522988561181894,0.09692304,0.14652608,0.0,-31.5,132.15625,-124.28125,-19.957031,1.1312301925250463,1.5017848730837688,0.2276245164019721,1.5152513161592933,-2.4973154749189104,0.7551948157326143,-3.543383462088449,1.7434935182141258,5.194555844579424,2.778195846606328,4.199641125542777,2.6247113052168265,1.6878861274038042,0.5845106441328172,1.66427943110466,0.4554427330406554,-0.22702258399554662,0.8548746314916004,-0.6533977910876274,0.9000485052159779,-3.9660660879952565,0.6832249167860505,-4.452089735439846,1.2263373408165634,3.756287898336138,1.9913337315213864,3.5591320054871693,1.7391116445666863,1.497847386768886,0.23750781000331078,1.578422180243901,0.3322919390560878,-0.265862,-1.9643385,0.0023173634,0.2731998,62.573526870571975,-8.0,998.0,86.1496837391128,14.45807132835369,556.4395744373328,37.602601419573794,211.39999999999964,1420.1875,0,2559.34375,0,3023.4375,0
2011-02-10,0.6820252,0.0,11.78503,1.7626379,-1.2780329,-4.130827,-0.01983461,1.0787882,-0.0031816892,-0.0058656503,-3.1199306e-08,0.0017066641,291.92758,274.68787,298.10706,4.775521,97211.78,75802.98,101320.77,5903.5845,-1.2317859,-3.5686436,0.7312832,1.024818,-0.41183957,-2.5660164,5.144392,1.4631388,2,41,0,0.828777784932754,0.27625926164425135,2.296110259820125,0.32801575140287503,4.393471249830327,0.3138193749878805,5.337622859617113,0.1779207619872371,0.45468348,0.6820252,0.0,-162.79688,-56.617188,-182.78906,-18.0542,0.9764858526842934,1.6985517620317157,0.21387500209467752,1.5284476288833178,-2.685972588402884,0.8424549661626546,-3.438582147870745,1.6901612346327666,4.977491225515093,3.0885578712177097,4.090772884232657,2.7406073686898944,1.6945208481379919,0.5753058975256578,1.6205029955932073,0.48658462017990806,-0.3355679341724941,0.8171006621322091,-0.5698057487607002,0.8606401240049099,-3.883798122406006,0.8199876032767425,-4.125201736177717,1.0515192112296126,3.406147939818246,1.298880458218173,3.720437433038439,1.7762200070126337,1.4868957144873483,0.23701786286635043,1.5339609469686235,0.2992070022300583,-0.29343897,-1.1063056,-0.0016819686,0.27944845,62.573526870571975,-8.0,998.0,86.1496837391128,14.45807132835369,556.4395744373328,37.602601419573794,211.39999999999964,1481.375,0,2559.34375,0,3023.4375,0
2011-02-11,0.5409587,0.0,15.551567,1.9801092,-1.2258371,-3.6745996,-0.020983629,0.9425353,-0.0033960675,-0.0060338126,-1.2363307e-07,0.0017019266,292.86844,275.20496,299.5627,4.642927,97220.836,75867.29,101311.336,5907.217,-1.0203241,-4.3694434,1.8607407,1.2355214,-0.007835226,-3.8964112,8.367098,2.0904205,2,42,0,1.369509980082512,0.45650332669417065,2.6123794787417864,0.37319706839168376,4.530738332759938,0.32362416662570986,5.869436130029499,0.1956478710009833,0.35744566,0.5409587,0.0,-217.125,-80.921875,-317.40625,-21.381836,0.5850173107215336,1.8107198309495898,0.1256826732839857,1.5636332148174905,-3.0367372035980225,0.9691409018808023,-3.530373590333121,1.704280973522546,4.32959588936397,3.2145166555620333,3.772337589945112,2.7207358043683,1.629199504852295,0.600925745162866,1.5951217881270818,0.4973972889635851,-0.29151148269219057,0.8265761653845085,-0.5408651574647853,0.8730413953749095,-3.8501079082489014,0.8128926943015132,-4.0540668794087,1.0290798263892516,4.196569459778922,2.2372981712221285,4.167237852300916,2.0980513611582063,1.5782198565346854,0.3270190131993046,1.579359531402588,0.33263001996859315,-0.14405406,0.10303092,-0.009502051,-0.055684447,62.573526870571975,-8.0,998.0,86.1496837391128,14.45807132835369,556.4395744373328,37.602601419573794,211.39999999999964,1605.75,0,2559.34375,0,3023.4375,0
2011-02-12,4.612208,0.0,50.3335,9.0226755,-1.1902448,-4.4762435,0.040864334,1.0856324,-0.0030952874,-0.006461085,1.6367994e-07,0.001876318,291.99533,272.66324,300.18945,5.3975735,97004.234,75529.38,101141.15,5951.246,0.6510692,-4.8099923,4.3691254,1.9973053,0.43804163,-5.446609,6.4887347,2.4789505,2,43,0,5.835191786289215,1.9450639287630718,7.100736240376136,1.0143908914823052,8.100045898449025,0.5785747070320733,10.456942996112048,0.34856476653706825,3.0744562,4.612208,0.0,-325.58594,-283.35156,-372.97656,17.873047,0.49164000153541565,1.7840780678711892,0.10608140911374773,1.554529363686064,-3.291973658970424,1.177825617499793,-3.690432276044573,1.712270364678852,3.9436860595430647,2.9845507301105063,3.619975141116551,2.613724891147539,1.5883804559707642,0.5572257797519095,1.5918434049401964,0.49435875002740115,-0.22485801817051002,0.8690377833391854,-0.42038682967956575,0.8841640257077037,-4.085627794265747,1.0101631302130594,-4.166757719857352,1.0917234165269718,4.614305990082877,2.368758523004343,4.544955790042877,1.9964423254224621,1.7057773896626063,0.47240634996247216,1.6828335268156869,0.37171876056481523,-0.09627223,0.4681902,0.05904794,0.055113196,62.573526870571975,-8.0,998.0,86.1496837391128,14.45807132835369,556.4395744373328,37.602601419573794,211.39999999999964,1912.9375,0,2582.75,0,3023.4375,0
2011-02-13,3.3024178,0.0,25.174618,3.842216,-1.5368752,-6.021354,0.039185863,1.1241221,-0.0022315993,-0.005470805,2.4808105e-06,0.0014765357,290.6094,271.46854,298.66483,5.393677,96881.98,75313.44,101032.94,5939.784,1.6621195,-2.0785873,6.062689,1.9448287,0.3676931,-2.3090565,3.1725109,1.1773754,2,44,0,8.455584347248077,2.818528115749359,9.439688424099586,1.3485269177285122,11.394778413217864,0.813912743801276,13.708766413954436,0.4569588804651479,2.2000055,3.3024178,0.0,-338.27344,-376.57812,-363.07812,30.086426,0.3120984307357243,1.5465198171721708,0.3238678659711565,1.5428134930450408,-3.243656430925642,1.2256759072767478,-3.319750326020377,1.4139069244071056,3.5478184393474033,2.342563002713936,3.9554630517959595,2.6035527202176127,1.5108339956828527,0.43575065007862,1.606254471199853,0.5019881985274892,-0.3514935823955706,0.6560970055279703,-0.24629636547927344,0.7665932167061354,-3.964942284992763,1.1767630363755484,-3.9309302227837697,1.1122336899627812,4.338262949671064,2.4142245208633883,4.579410868031638,1.9658978755702876,1.6061858790261405,0.5033741445980419,1.6282830153192793,0.386643103547362,-0.3534658,-0.4862275,0.055131733,-0.16546893,62.573526870571975,-8.0,998.0,86.1496837391128,14.45807132835369,556.4395744373328,37.602601419573794,211.39999999999964,2306.53125,0,2810.65625,0,3023.4375,0
2011-02-14,1.5351135,0.0,23.692608,3.6985388,-2.080603,-7.183164,-0.057786703,1.2617345,-0.0022913793,-0.0058880616,1.17991585e-05,0.0012475607,290.0366,267.82486,299.22958,5.5948377,96867.39,75371.35,100984.66,5909.2173,0.7246245,-1.7712103,5.517893,1.7203218,-0.87471867,-3.107556,1.7525921,0.89437336,2,45,0,9.44973909854889,3.14991303284963,10.819475586045883,1.545639369435126,12.879953620475135,0.9199966871767954,15.243859950787737,0.5081286650262579,1.0171232,1.5351135,0.0,-233.21875,-196.00781,-295.84375,12.228027,-0.010183968714305333,1.0545575536518195,0.48456162214279175,1.4497747366631597,-3.3008840594972884,1.129202085701851,-2.977326418672289,1.1167451988667616,3.351145795413426,2.0548757036362835,4.216387569904327,2.5606208049642847,1.486019798687526,0.4147316994646078,1.591148670230593,0.4945653016479604,-0.3982477297208139,0.6834773423057593,-0.18845401717615978,0.6747796477990483,-3.6842686789376393,1.1004633237327042,-3.7190256459372386,0.9420694304809619,4.228602222033909,2.5254407301157844,4.399612162794385,2.1064781272721387,1.5270137531416756,0.5712956759004041,1.5472063720226288,0.41408574073040016,-0.6666999,0.95084524,-0.045252733,-0.2762891,62.573526870571975,-8.0,998.0,86.1496837391128,14.45807132835369,556.4395744373328,37.602601419573794,211.39999999999964,2511.46875,0,2993.46875,0,3023.4375,0
2011-02-15,0.7606583,0.0,11.575222,1.5114981,-2.2469244,-7.300971,-0.082938224,1.4779379,-0.002353232,-0.00521138,1.1178898e-05,0.0012501823,289.46616,268.63974,298.40878,5.3794928,97018.836,75465.086,101161.836,5934.392,0.93439466,-2.148386,5.029918,1.7425196,-1.1589676,-3.330541,1.1681976,1.0812538,2,46,0,5.598189532756805,1.8660631775856018,11.579907402396202,1.6542724860566003,13.632107371915481,0.97372195513682,15.98215965028794,0.532738655009598,0.5071029,0.7606583,0.0,-122.96094,-84.78125,-191.90625,30.879395,0.16532488380159652,1.1006443980527374,0.6241922676563263,1.386428477062862,-3.0856506654194424,1.1922769451529736,-2.789432312761034,1.0061259085648397,3.5919035332543507,2.150487116435294,4.4098213485309055,2.508245397328448,1.5246018511908395,0.4256763559851689,1.6087694891861506,0.495302017061882,-0.3903930296323129,0.6727728070585735,-0.22587148432752915,0.714791035080122,-3.575851951326643,1.0912365174065228,-3.6459137541907176,0.9286130793377392,4.151588303702218,2.6215349744575795,4.074036606720516,2.234042845435025,1.5284751568521773,0.5699463136123469,1.495834516627448,0.424726031501034,-0.9114212,-2.4066563,-0.059872158,0.257452,62.573526870571975,-8.0,998.0,86.1496837391128,14.45807132835369,556.4395744373328,37.602601419573794,211.39999999999964,2559.34375,0,3023.4375,0,3023.4375,0
2011-02-16,0.07402028,0.0,7.2669983,0.31279173,-2.112631,-5.435194,-0.07819663,0.9934017,-0.0025862881,-0.0057512093,1.0280171e-05,0.0013188852,289.8663,268.35886,297.2817,5.0182056,97204.38,75632.81,101408.65,5951.303,0.7907265,-2.9103081,3.4720974,1.272246,-0.49971747,-3.066286,2.0838196,0.90454704,2,47,0,2.3697920590639114,0.7899306863546371,11.50740160048008,1.643914514354297,13.624842348028324,0.973203024859166,15.983621409497573,0.5327873803165858,0.049346857,0.07402028,0.0,-197.28906,-206.64062,-196.5,34.33496,0.3586891974721636,1.069868140046929,0.7449596949986049,1.3152572844035164,-3.09379586151668,1.1906185938296658,-2.795555668217795,1.0066170326196373,3.8633923530578613,1.9648858582648638,4.528974098818643,2.4127366911825177,1.5625086852482386,0.38140311807755845,1.6251974063260215,0.4785992743258638,-0.3067634044481175,0.6049905827872499,-0.26689299422183205,0.7126980447856989,-3.388925177710397,1.042558808575313,-3.677495632852827,0.8982106847105633,4.025334971291678,2.707917918401557,3.8908114348139082,2.2878059533888915,1.4414370570863997,0.6171270438868761,1.4696422219276428,0.4501855965288806,-0.80091155,-0.4809475,-0.061390683,-0.17636591,62.573526870571975,-8.0,998.0,86.1496837391128,14.45807132835369,556.4395744373328,37.602601419573794,211.39999999999964,2544.625,0,3023.4375,0,3023.4375,0
2011-02-17,0.78440446,0.0,13.613224,1.9521492,-1.9480063,-5.216456,-0.034010727,0.83756673,-0.0028024227,-0.005770168,3.06312e-06,0.0013969174,290.96893,271.36047,296.99167,4.4156137,97345.234,75792.11,101523.81,5961.172,-0.11177729,-3.9060733,3.4129372,1.381931,-0.43920073,-3.1707447,4.3526115,1.1959653,2,48,0,1.6190830618143082,0.5396943539381027,11.609780862927437,1.658540123275348,13.905891122747562,0.9932779373391115,16.767443976350478,0.5589147992116826,0.52293634,0.78440446,0.0,-210.53125,-233.9375,-234.79688,23.905762,0.5186904264347894,0.8544229993900329,0.7475881395595414,1.3133696762426526,-3.1420001132147655,1.2195275457629497,-2.9139863508088246,1.034398029743036,4.246485778263637,1.4451145665886185,4.611988501889365,2.347430123155208,1.6135248286383492,0.3157236366478262,1.6540228383881705,0.4478075639161986,-0.3106721408132996,0.6058703556961742,-0.3231200374928968,0.6911842447041617,-3.4753149236951555,0.9865558642855439,-3.679556523050581,0.8969194153838971,3.9122234753199985,2.669649743970697,3.6591857075691223,2.0339638217805907,1.4032694101333618,0.6237871921851307,1.4450825623103551,0.4554122668562824,-0.6699734,-1.085629,-0.014176117,-0.24122143,62.573526870571975,-8.0,998.0,86.1496837391128,14.45807132835369,556.4395744373328,37.602601419573794,211.39999999999964,2516.1875,0,3023.4375,0,3023.4375,0
2011-02-18,2.741722,0.0,21.451473,4.5498447,-1.6939832,-4.8830585,-0.021614134,1.1003096,-0.0025876486,-0.0061668064,1.5476719e-05,0.0017370081,290.17783,272.5352,297.3826,5.353701,97247.26,75598.24,101414.25,5967.0493,0.969639,-2.9482396,5.6638618,1.8391852,-0.45939156,-3.3165798,2.8165176,1.1975507,2,49,0,3.600146844983101,1.2000489483277004,13.810544267296791,1.972934895328113,16.422923746038578,1.1730659818598983,19.40086001063173,0.6466953336877244,1.8278148,2.741722,0.0,-141.60156,-304.4375,-163.65625,39.68799,0.8029708713293076,0.5242952801047955,0.6939940910254206,1.2856550028514695,-2.938970991543361,1.0928452868995846,-2.987854097570692,0.9936228686188345,4.789788791111538,1.0630980203393248,4.559692340237754,2.3125242560437047,1.6997625146593367,0.27509573311051483,1.6644810097558158,0.4504837968303111,-0.37518018909863066,0.5921361863896483,-0.3333458358954106,0.692132829959139,-3.392481872013637,0.9695016258400418,-3.6212948901312694,0.8917287950670516,3.119283437728882,1.8127128315956351,3.657926448753902,2.0345192894198236,1.2757165772574288,0.5463390732832855,1.4269682168960571,0.4601710156056986,-0.4681461,-1.2084589,-0.0006305054,0.15777433,62.573526870571975,-8.0,998.0,86.1496837391128,14.45807132835369,556.4395744373328,37.602601419573794,211.39999999999964,2582.75,0,3023.4375,0,3023.4375,0
2011-02-19,0.9174707,0.0,13.260365,1.753226,-1.5704963,-3.9937663,-0.02245768,0.71198064,-0.0026497447,-0.006336771,2.2002961e-05,0.0014892753,290.56558,272.24036,297.51126,5.041645,97450.37,75846.02,101617.02,5956.108,0.47238332,-2.0253143,3.9016063,1.0944304,-0.90182775,-4.5489883,2.2552516,1.4014286,2,50,0,4.443597257137299,1.4811990857124329,10.115807071328163,1.4451152959040232,17.2165433117043,1.2297530936931642,19.854417382724932,0.6618139127574978,0.6116471,0.9174707,0.0,-19.882812,-236.91406,13.2734375,50.14746,0.7774443136794227,0.5371166891840055,0.6345421576074192,1.274437061465968,-2.541159851210458,0.751901667933858,-2.916566755090441,1.0261504099382441,4.723000356129238,1.1076815067468762,4.333343207836151,2.2002214222659764,1.5707803964614868,0.3202880176495402,1.5795804262161255,0.43673562417901773,-0.5665901005268097,0.49384802543100276,-0.39572405934865984,0.7018332095826324,-3.2642503465924944,0.6636472482907775,-3.674939070429121,0.9251385139221056,2.514500141143799,1.0447149521307906,3.564403065613338,2.0689429434153044,1.1217848743711198,0.1793902392334227,1.4137811320168632,0.45790132521270843,-0.38025153,0.4824772,-0.063322015,-0.3736518,62.573526870571975,-8.0,998.0,86.1496837391128,14.45807132835369,556.4395744373328,37.602601419573794,211.39999999999964,2810.65625,0,3023.4375,0,3023.4375,0
2011-02-20,0.23213457,0.0,11.0321045,1.0688305,-1.7461566,-4.7828584,-0.0497424,0.78370607,-0.0030979638,-0.0070669125,2.2895169e-05,0.0016775108,290.68954,271.58212,297.8157,5.3345647,97647.57,76114.65,101817.23,5911.451,0.20036548,-1.550265,3.4573848,0.73171806,-2.1445634,-5.9584136,0.7253024,1.1472805,2,51,0,3.891327366232872,1.297109122077624,7.0455238819122314,1.0065034117017473,16.485212306011817,1.1775151647151298,19.94719754064863,0.6649065846882877,0.15452024,0.23213457,0.0,105.75781,-84.203125,113.39844,21.103516,0.56862231024674,0.4033380302431945,0.44036037049123217,1.0939254095629791,-2.4656852313450406,0.8286697278275158,-2.854670831135341,1.0831644111582575,4.350814070020403,1.0164569981279732,3.9493162546839033,1.7841508310774032,1.3974788699831282,0.4019506563757731,1.4541564328329903,0.40701829490704206,-0.9254838909421649,0.6026050006363182,-0.6384887366688677,0.674519969756106,-3.7855870723724365,1.0867491695384035,-3.8752646786826,1.0921876082383468,2.164898931980133,1.187523992965197,3.2515809408255985,2.147708056777559,1.117485591343471,0.17819253390704856,1.3618357351848058,0.4426082267192345,-0.20928133,1.2384958,-0.08892827,-0.34041607,62.573526870571975,-8.0,998.0,86.1496837391128,14.45807132835369,556.4395744373328,37.602601419573794,211.39999999999964,2993.46875,0,3023.4375,0,3023.4375,0
2011-02-21,0.024805296,0.0,1.5010834,0.11106836,-2.051125,-8.629551,-0.0034186598,1.5883828,-0.0031646297,-0.006985267,4.188111e-05,0.0017706126,290.71652,274.05594,296.69373,4.298557,97711.11,76162.37,101896.94,5961.9067,-1.3883216,-4.256813,1.9460272,1.4231715,-1.1533535,-5.837726,5.330975,2.106599,2,52,0,1.174410555511713,0.39147018517057103,5.535215724259615,0.7907451034656593,16.354691310305498,1.1681922364503927,19.944904739953927,0.6648301579984642,0.008577151,0.024805296,0.0,222.11719,38.515625,218.48438,41.340332,0.2667728598628725,0.8310225322061771,0.1282944455742836,0.923397084979197,-2.820771336555481,0.996945464907236,-3.0608276980263844,1.0532281678312865,3.8405475446156094,1.2108834736225165,3.5958466700145175,1.6401411036143445,1.3550288336617606,0.3770951500551782,1.4205243161746435,0.3868287261258483,-0.9652888604572841,0.6078723962418388,-0.681768295089049,0.6875416361749208,-4.175611359732492,1.2762483166024503,-3.9299400193350658,1.1728970529933245,2.676096498966217,1.657611726869228,3.452349360500063,2.2046999478534577,1.2906606963702612,0.38926310831918637,1.4088372247559684,0.48539807508596283,0.029477835,-1.4463868,0.05436804,0.32664835,62.573526870571975,-8.0,998.0,86.1496837391128,14.45807132835369,556.4395744373328,37.602601419573794,211.39999999999964,3023.4375,0,3023.4375,0,3023.4375,0
2011-02-22,0.8036604,0.0,21.325111,2.4151912,-1.8185545,-8.1096525,0.033028197,1.4489818,-0.0029649404,-0.006066884,6.7551155e-06,0.0016146903,291.2453,274.07495,297.68204,4.3634844,97433.19,75887.47,101665.84,5949.4565,-0.09156988,-2.480399,3.7757862,1.0348167,-0.52116215,-5.025266,3.4908879,1.5578645,2,53,0,1.0606002546846867,0.35353341822822887,5.578217793256044,0.7968882561794349,17.158125195652246,1.2255803711180175,20.73969502466207,0.6913231674887357,0.34344187,0.8036604,0.0,172.78906,20.953125,167.34375,41.024414,0.12020649760961533,0.782720624644363,0.1427656907056059,0.9178378792640473,-2.8682017496653964,0.9670750929813019,-2.9769262075424194,1.0490305196417453,3.6613858257021223,1.092575837570365,3.6266446794782365,1.6391085300847092,1.2539284229278564,0.349771863330213,1.389265137059348,0.39977577034560347,-0.8741737944739205,0.6216478755692655,-0.6322834120531168,0.6710250130733546,-4.417714970452445,1.2496885407571916,-3.9967834608895436,1.2088035475476264,3.007909391607557,1.5332692334740992,3.5797488476548875,2.1468790599850607,1.3587479506220137,0.3882117380283686,1.4436115537370955,0.47669604567685037,0.42836988,-0.8086815,0.115966424,-0.028956175,62.573526870571975,-8.0,998.0,86.1496837391128,14.45807132835369,556.4395744373328,37.602601419573794,211.39999999999964,3000.59375,0,3000.59375,0,3000.59375,0
2011-02-23,0.35746464,0.0,19.550323,1.2627877,-1.6011347,-6.099954,-0.0004319083,1.0859022,-0.0031830252,-0.006719532,9.653624e-06,0.0017167056,291.97604,273.76993,299.41974,4.621991,97444.92,75967.67,101622.5,5894.8438,0.60310745,-2.1772697,4.943051,1.3992686,-1.6549609,-6.1281867,1.1678339,1.2444943,2,54,0,1.1859303303062916,0.3953101101020972,5.861662153154612,0.8373803075935159,17.36906375363469,1.2406474109739065,21.093239525784156,0.7031079841928052,0.23724896,0.35746464,0.0,176.76562,37.078125,161.92188,14.955078,0.09340377897024155,0.7587793968908083,0.22604648822120257,0.9016438533566018,-2.7634819746017456,1.0008542974427093,-2.928638918059213,1.0704983450461774,3.8715220349175588,1.1874388639995215,3.8674571939877103,1.559707967525659,1.272074512072972,0.35414813652600974,1.4172915986606054,0.38436435817140535,-1.0392085654394967,0.657955429128567,-0.6729859849438071,0.7163572062550032,-4.8551293441227505,1.233583051745883,-4.122027260916574,1.3352060454929786,2.877054291112082,1.6591946684258343,3.45119463120188,2.2382925880242452,1.4073118482317244,0.3402196294128407,1.424374452659062,0.4790733813859996,0.5114964,-0.6647601,0.07776472,0.09250051,62.573526870571975,-8.0,998.0,86.1496837391128,14.45807132835369,556.4395744373328,37.602601419573794,211.39999999999964,2975.28125,0,2975.28125,0,2975.28125,0
2011-02-24,0.323881,0.0,8.504391,0.9690162,-1.3655483,-4.3580976,-0.026076334,0.916467,-0.003360457,-0.007214875,2.9797666e-06,0.0017866363,292.58353,272.0397,299.45035,4.8991995,97338.16,75889.05,101498.375,5880.3306,0.64249855,-1.7962881,5.8608975,1.6858234,-1.3680767,-5.7380867,1.7119459,1.2289888,2,55,0,1.485006034374237,0.49500201145807904,5.401138696819544,0.771591242402792,17.01091955974698,1.21506568283907,21.404390809577308,0.7134796936525769,0.20977166,0.323881,0.0,151.20312,11.546875,144.79688,-1.3793945,0.20115747089896882,0.778096698285897,0.3599239486668791,0.8021957331215693,-2.4620840890066966,0.9132652105152896,-2.802042101110731,1.0935406495059656,4.221230660166059,1.375458002341865,4.233858219214848,1.3554357044054584,1.3154877253941126,0.3869651589503306,1.464506277016231,0.3728716108242983,-1.171905130147934,0.6085937707589495,-0.7412886354806167,0.7348898144003604,-5.2218924931117465,1.010875721155828,-4.348603708403451,1.3199020768699496,2.4998163410595486,1.5653333389887798,3.2060199081897736,2.2265170800529845,1.4120294877461024,0.33701442559118905,1.4076494489397322,0.48169601741409834,0.582458,0.8583584,0.007934393,0.07890028,62.573526870571975,-8.0,998.0,86.1496837391128,14.45807132835369,556.4395744373328,37.602601419573794,211.39999999999964,2955.1875,0,2955.1875,0,2955.1875,0
2011-02-25,0.7782689,0.0,9.513378,1.3848109,-1.3086622,-3.6411853,-0.018459512,0.8680047,-0.0033136313,-0.006952812,2.7224887e-06,0.0018995488,291.90073,271.32986,299.1816,5.763669,97143.53,75678.13,101288.414,5869.316,1.2924479,-1.6123575,5.828316,1.6585445,-0.94629633,-5.213972,1.402483,1.0677991,2,56,0,1.4596145153045654,0.4865381717681885,3.437685463577509,0.49109792336821556,17.2482297308743,1.2320164093481643,22.182659683268867,0.7394219894422955,0.48260632,0.7782689,0.0,0.875,-137.4375,-13.5,-7.2680664,0.24727303108998708,0.8384580396797844,0.5251219512096473,0.7310784901576843,-2.271243793623788,0.9340831577981556,-2.6051073925835744,1.0363189900438017,4.244724154472351,1.4052866962189066,4.517256472791944,1.2300682501363749,1.2896819114685059,0.3505280585438552,1.4947222130639213,0.3700173433678999,-1.2414629544530595,0.5372265160689766,-0.8083215717758451,0.7050360580098941,-5.492948532104492,0.5754367983533889,-4.442715202059064,1.3320956922767673,2.2978113974843706,1.608301878867868,2.7085474176066264,1.7006160321748174,1.393493550164359,0.3539210522435234,1.334605063710894,0.44644139239943814,0.38532102,1.2418733,0.0031546224,-0.23230493,62.573526870571975,-8.0,998.0,86.1496837391128,14.45807132835369,556.4395744373328,37.602601419573794,211.39999999999964,2941.03125,0,2941.03125,0,2941.03125,0
2011-02-26,0.030199686,0.0,1.9664764,0.14498518,-1.5431607,-4.8771343,-0.019951724,0.80977845,-0.0034621728,-0.0070481403,2.2728462e-05,0.0018685812,291.61578,270.1733,299.4357,5.642755,97375.555,75862.68,101518.71,5875.735,0.15155266,-2.0248291,4.8008137,1.1114098,-1.7680806,-4.648995,1.4557005,1.1113845,2,57,0,1.1323495600372553,0.37744985334575176,2.5504144560545683,0.36434492229350973,12.666221527382731,0.9047301090987665,22.212859369334183,0.7404286456444727,0.016519627,0.030199686,0.0,53.117188,-135.11719,19.554688,8.266113,0.20144007993595942,0.8328519713039623,0.489442196807691,0.7366271123242714,-2.2711744819368636,0.9341044656843326,-2.4061671665736606,0.8266040804211281,4.373182347842625,1.4097859971554583,4.548091351985931,1.231479207645243,1.2921075310025896,0.34900719922942164,1.4314439637320382,0.35280716207884977,-1.365213360105242,0.5456569287117622,-0.9659017303160259,0.6493820153410105,-5.507235186440604,0.5487156441664816,-4.385742766516549,1.3025871487502525,2.1835898075784956,1.6399097029667227,2.349044974361147,1.3320791949646889,1.3520586831229073,0.3694737868821957,1.2369217787470137,0.30353576867435106,0.027335644,-0.883368,0.0025059562,0.09779781,62.573526870571975,-8.0,998.0,86.1496837391128,14.45807132835369,556.4395744373328,37.602601419573794,211.39999999999964,2922.8125,0,2922.8125,0,2922.8125,0
2011-02-27,0.32915315,0.0,9.029865,0.81876874,-1.6132798,-6.0775523,-0.023926608,1.2170662,-0.0035238797,-0.0079839155,1.7680228e-05,0.002211182,291.88287,273.48975,298.5901,5.202794,97647.57,76113.9,101765.81,5923.7095,-1.7328302,-3.7654598,1.2511419,1.1621094,-1.5133891,-5.0826087,3.8652675,1.8779727,2,58,0,1.1376217100769281,0.3792072366923094,2.6474330406636,0.3782047200948,9.692956922575831,0.6923540658982736,22.138320900019608,0.7379440300006536,0.2161811,0.32915315,0.0,194.13281,-27.429688,138.57812,39.09912,-0.07473072728940419,1.1082540672908683,0.24694579147866794,0.8679823121211605,-2.5876308849879672,1.0204143214743489,-2.526658058166504,0.8952731010176379,4.058004787990025,1.8320331376897234,4.2044094290052145,1.4314398868210763,1.353592004094805,0.26052412964923716,1.3755354370389665,0.3262094788550668,-1.275045599256243,0.4366743330496932,-1.100264745099204,0.5371277184701285,-5.3821202005658835,0.5281575715872333,-4.5838536364691596,1.1662252774350772,2.632156252861023,1.6035781737719677,2.398527592420578,1.3771266092652583,1.456443292754037,0.40361774439549636,1.286964442048754,0.3475277861714659,0.13287675,-1.294694,0.025815792,0.4333601,62.573526870571975,-8.0,998.0,86.1496837391128,14.45807132835369,556.4395744373328,37.602601419573794,211.39999999999964,2903.59375,0,2903.59375,0,2903.59375,0
2011-02-28,1.7595397,0.0,20.764828,3.4736624,-1.5257896,-5.9482775,0.08584371,1.2262642,-0.0033082278,-0.007135543,3.52785e-06,0.00206362,292.09213,273.63455,300.46115,5.5079217,97468.89,75952.73,101631.46,5923.8315,-0.93713707,-4.2132955,3.1023781,1.3443608,-1.2137965,-5.408935,3.9415696,1.9466952,2,59,0,2.1188925597816706,0.7062975199272236,4.3821674678474665,0.6260239239782095,9.917383192107081,0.7083845137219343,22.85496029954811,0.761832009984937,1.0231996,1.7595397,0.0,164.21875,-11.7109375,108.58594,32.882324,-0.010275788605213165,1.0294420014821217,0.12824853562882968,0.9102299598859658,-2.5814140864780972,1.0086143958131428,-2.701092711516789,0.9714280203240798,4.223197783742632,1.6532707094192942,4.0318726641791205,1.4062971338059076,1.3423333338328771,0.2587126896524261,1.3486810837473189,0.31075121918191173,-1.2836803197860718,0.4344589363296227,-1.124484590121678,0.5338097060552472,-5.320864336831229,0.48999640194907457,-4.74823784828186,1.1025862175518513,2.433669754437038,1.2638525640537497,2.5548831267016276,1.4216917654394399,1.4335998807634627,0.3631885020814691,1.3621302885668618,0.36920919333681257,0.52533543,2.6812735,0.089262374,-0.3621186,62.573526870571975,-8.0,998.0,86.1496837391128,14.45807132835369,556.4395744373328,37.602601419573794,211.39999999999964,2878.53125,0,2878.53125,0,2878.53125,0
2011-03-01,3.223823,0.0,39.071083,6.421313,-1.4300847,-4.834566,0.053938247,1.0204376,-0.0030048585,-0.007507275,-4.02797e-08,0.0021444024,291.57504,274.4825,301.47992,5.601106,97324.24,75799.6,101445.85,5938.3564,-0.8819481,-4.639702,3.3467891,1.4225584,-1.6409252,-5.1929264,4.216945,2.2520857,3,60,0,5.312515944242477,1.7708386480808258,6.802330145612359,0.9717614493731942,12.380547938868403,0.8843248527763146,26.07109812971612,0.8690366043238706,2.13556,3.223823,0.0,69.05469,-178.03906,8.40625,66.02734,-0.12318696507385798,1.0818553802751016,-0.0014902337321213313,0.915915563891066,-2.8898859364645824,1.2691255678283901,-2.879043843064989,1.0840497209762607,4.161912492343357,1.680349567123478,3.91164915902274,1.386212994942426,1.3977250031062536,0.22059974569806345,1.325826713017055,0.2906754365962775,-1.4436464650290353,0.2885576653216322,-1.158910129751478,0.5514537830747023,-5.344815799168178,0.47706620324813465,-4.881265384810312,1.028224290116303,2.537392224584307,1.3887039769258938,2.772650808095932,1.4264353656987763,1.5327743291854858,0.4790726520127074,1.4457611399037498,0.4285316511264121,0.38846982,3.2750864,0.02091005,-0.42854416,62.573526870571975,-8.0,998.0,86.1496837391128,14.45807132835369,556.4395744373328,37.602601419573794,211.39999999999964,2819.03125,0,2819.03125,0,2819.03125,0
2011-03-02,2.6844127,0.0,30.019283,4.9554257,-1.3996207,-4.273649,-0.018652294,0.87602264,-0.0027566073,-0.0071460535,1.3625249e-06,0.0020497197,291.45218,273.15524,302.259,5.950621,97224.23,75685.17,101365.46,5922.323,-0.26054722,-4.289076,3.4358184,1.3926952,-1.0790426,-4.1806006,3.3134995,1.373925,3,61,0,7.667775511741638,2.555925170580546,9.129278222098947,1.3041826031569923,14.990940375253558,1.0707814553752542,28.705572600927553,0.9568524200309184,1.6360719,2.6844127,0.0,54.414062,-194.04688,24.304688,50.524414,-0.2465662040880748,1.0333822772517194,-0.07658121255891663,0.888658417864372,-3.191572529929025,1.321418754625274,-2.9775272522653853,1.1478594269056845,3.9465935741152083,1.6600174587898977,3.9090578045163835,1.3871314948297957,1.3967859404427665,0.22060607055753187,1.3344302262578691,0.2907500826259729,-1.3613724197660173,0.30013670817780336,-1.200290492602757,0.5189625570837973,-5.066589219229562,0.5107852977097345,-4.960859281676156,0.9136686855831071,2.8439158712114607,1.2675401163997173,2.8604850811617717,1.418594995830762,1.551264422280448,0.46847237646425666,1.479288135256086,0.40036740674618543,0.201514,1.8263049,-0.018220386,-0.20987958,62.573526870571975,-8.0,998.0,86.1496837391128,14.45807132835369,556.4395744373328,37.602601419573794,211.39999999999964,2744.65625,0,2744.65625,0,2744.65625,0
2011-03-03,2.4836605,0.0,29.81329,4.925638,-1.4045175,-3.4311268,0.0050656963,0.73167664,-0.0027095326,-0.007694604,4.7066715e-06,0.002085462,291.6622,271.7664,302.64255,6.450177,97154.94,75605.125,101278.21,5914.6704,0.01784421,-3.7046852,3.3476422,1.3487974,-0.8516097,-3.6016743,3.0738628,1.4535863,3,62,0,8.39189624786377,2.7972987492879233,11.289057681336999,1.6127225259052855,16.690196378156543,1.1921568841540389,31.18072848812153,1.0393576162707177,1.124462,2.4836605,0.0,153.17188,-21.734375,54.3125,21.317383,-0.3358025388526065,0.9687628232595795,-0.06732253397681884,0.8889387129490185,-3.4642006840024675,1.1742421990457592,-2.963142386504582,1.1365338793361324,3.5875570944377353,1.4332818119904978,3.904393877301897,1.3890363696405381,1.3486393690109253,0.18006286100102634,1.332063547202519,0.2904684040914505,-1.2875914233071464,0.3564173325897972,-1.22974827672754,0.48288872512998005,-4.76138745035444,0.6593481229873224,-4.991639971733093,0.8540349999976273,3.0384754283087596,1.165224819652122,2.769145884684154,1.354867058419239,1.5833497898919242,0.450050241440833,1.4976896388190133,0.3921803860873141,-0.03896928,0.9269707,0.03114203,-0.18479037,62.573526870571975,-8.0,998.0,86.1496837391128,14.45807132835369,556.4395744373328,37.602601419573794,211.39999999999964,2672.375,0,2692.3125,0,2719.3125,0
2011-03-04,0.94597584,0.0,16.112804,1.9235542,-1.6220886,-3.4763317,-0.09850646,0.67623645,-0.0031858624,-0.006934192,1.2848061e-05,0.0018208158,292.20587,272.342,301.16623,5.6369963,97160.19,75702.664,101302.72,5895.23,0.14403282,-3.9495418,4.068077,1.5210838,-1.1073501,-3.9820888,2.388354,1.5205828,3,63,0,6.114049017429352,2.0380163391431174,11.456764647737145,1.6366806639624494,14.894450111314654,1.0638892936653324,32.04541902289202,1.0681806340964006,0.4240383,0.94597584,0.0,106.890625,-19.859375,65.515625,10.099121,-0.49986183936042444,0.7096528104925773,-0.1262944041352187,0.8409450167571192,-3.798084156853812,0.846458706947944,-3.0346639752388,1.1666311578894546,3.3360943623951504,1.0872782546566353,3.7904092584337508,1.2959005350123862,1.329002124922616,0.1446445824937625,1.309342018195561,0.2584217077657124,-1.3105991056987218,0.33528570119019735,-1.2760310300758906,0.43171414259127805,-4.585404123578753,0.6824126668017804,-5.039176327841623,0.7677948607902166,3.1793141535350253,0.9792710704145118,2.738562775509698,1.358542925874322,1.6480331761496407,0.3924561352501413,1.520763363157,0.3825479406948556,-0.31342638,0.16485357,-0.080046944,-0.19176823,62.573526870571975,-8.0,998.0,86.1496837391128,14.45807132835369,556.4395744373328,37.602601419573794,211.39999999999964,2607.03125,0,2719.3125,0,2719.3125,0
2011-03-05,0.83940053,0.0,15.777588,1.8797821,-1.7725681,-4.179722,-0.0017192252,0.8918774,-0.003373928,-0.0074299425,9.551644e-06,0.0019338744,292.88535,272.6349,301.67566,5.1489644,97337.18,75932.22,101518.88,5890.852,-0.1551641,-3.5889447,2.7460976,1.3728364,-1.5623586,-5.2371483,2.6887143,1.6864274,3,64,0,4.269036829471588,1.4230122764905293,12.26596549153328,1.752280784504754,14.816379947587848,1.058312853399132,32.38146387085726,1.0793821290285754,0.13360065,0.83940053,0.0,129.85938,45.125,126.28906,-0.100097656,-0.5436785186507872,0.6711531174698865,-0.1711192193574139,0.8231150737396233,-4.021529231752668,0.3761130473692114,-3.146351856844766,1.137039651192322,3.042563489505223,0.8843655882146123,3.707872918673924,1.324749823114181,1.3663487774985177,0.10827737264663355,1.3292281542505537,0.2512233539841683,-1.281210252216884,0.29511201744614995,-1.3232118061610632,0.4236919551918764,-4.669426032475063,0.7263414234772992,-5.0883306094578336,0.7559354344789699,3.355458974838257,0.683920837322405,2.769524391208376,1.351602467209207,1.7301821538380213,0.3136808489446913,1.5411204184804643,0.38329142176639236,-0.22940743,0.6974125,0.018232498,0.08209896,62.573526870571975,-8.0,998.0,86.1496837391128,14.45807132835369,556.4395744373328,37.602601419573794,211.39999999999964,2571.3125,0,2719.3125,0,2719.3125,0
2011-03-06,0.5268649,0.0,29.29163,1.8942289,-1.7632074,-4.065168,0.005322743,1.0743531,-0.0036517752,-0.007649858,7.0314854e-08,0.0020419138,294.0997,274.96207,302.16373,5.0582314,97548.88,76170.04,101726.6,5886.8184,-0.42792514,-4.044323,2.1835415,1.4576062,-1.3703773,-4.76042,4.67765,2.1219368,3,65,0,2.31224125623703,0.7707470854123434,12.4636772274971,1.7805253182138716,15.1111102681607,1.0793650191543358,32.68363927349856,1.0894546424499518,-0.6985588,0.5268649,0.0,173.00781,128.6875,139.64844,13.188477,-0.35726351477205753,0.420067924914191,-0.21599712103073085,0.8184174010886026,-4.061366830553327,0.3588418627202718,-3.324498857770647,1.0605411880386302,3.1757634367261613,0.5912059434672957,3.6168841123580933,1.3856252023402373,1.4085626091275896,0.06388018272534762,1.3810773066111974,0.18445286769438626,-1.2607799938746862,0.28097111043329187,-1.2679127965654646,0.3528442350271271,-4.62339905330113,0.7057102519823586,-5.002759626933506,0.7166517504575856,3.4715136119297574,0.8367088114991909,3.05183493239539,1.3036956430031201,1.7650341647011893,0.34484321572359306,1.6107387287276131,0.3946024195801702,-0.14992762,2.0123844,0.029249351,-0.14271307,62.573526870571975,-8.0,998.0,86.1496837391128,14.45807132835369,556.4395744373328,37.602601419573794,211.39999999999964,2590.0625,0,2719.3125,0,2719.3125,0
2011-03-07,0.15877622,0.0,5.560398,0.5476975,-1.7967247,-5.1456203,-0.017415974,1.2148056,-0.0038847567,-0.008233035,-1.2875535e-07,0.0022244828,294.88965,274.34726,303.75574,5.327579,97573.34,76262.875,101781.41,5841.151,1.082546,-3.1398647,6.1133904,1.6196979,-1.6644602,-6.2696757,1.813088,1.5737948,3,66,0,1.52504163980484,0.50834721326828,10.862913727760315,1.5518448182514735,15.245081195607781,1.0889343711148416,32.71856436923554,1.0906188123078513,0.05058387,0.15877622,0.0,23.648438,-8.4765625,56.8125,-0.6850586,-0.06873736291059426,0.6072903035387788,-0.039506575757903714,0.8125589317313049,-3.908019576753889,0.48889009197814676,-3.244716831615993,1.0264759194882431,3.605908053261893,1.2534115517432947,3.9145529185022627,1.4454099892086318,1.4478964805603027,0.09496512235611354,1.3951149071965898,0.19507519345552624,-1.3251605204173498,0.31764888094818294,-1.3044204201017107,0.3662653932917867,-4.746362004961286,0.9106300579146104,-5.033613170896258,0.7631537152570074,3.1674448251724243,1.0068687215356718,2.8005572898047313,1.161932675361549,1.711762683732169,0.34088312991786845,1.5726812822478158,0.3678894153645599,-0.27093506,0.8026571,-0.10325968,-0.011458635,62.573526870571975,-8.0,998.0,86.1496837391128,14.45807132835369,556.4395744373328,37.602601419573794,211.39999999999964,2619.75,0,2719.3125,0,2719.3125,0
2011-03-08,0.040803358,0.0,2.6817322,0.19654581,-1.9257668,-5.6864805,-0.039357923,1.3839928,-0.004293199,-0.008734325,2.405839e-06,0.0022516004,294.28476,272.31454,302.9244,5.6545124,97336.34,76075.195,101560.48,5799.337,2.0376973,-1.7283694,5.6068764,1.4485509,-2.383022,-6.007717,0.37692642,1.0181017,3,67,0,0.7264444679021835,0.2421481559673945,7.6798940151929855,1.0971277164561408,14.482224160805345,1.0344445829146676,31.795902155790827,1.0598634051930276,0.027125236,0.040803358,0.0,-96.49219,-167.86719,-72.67969,-3.7817383,0.34835484118333887,0.891702777280389,0.11258393805474043,0.9833811493518491,-3.492114935602461,0.8601124526941902,-3.1910004360335216,1.0874181849005486,3.9287776606423512,1.4510491159674872,4.045345076492855,1.5131460019601883,1.451609696660723,0.0943152005415186,1.4246673498834883,0.16537139782214744,-1.43117436340877,0.507624544605512,-1.4374104142189026,0.39673995199597945,-4.86276068006243,1.0224349242702822,-5.103788239615304,0.8062788219006277,2.6188707181385587,1.3330238094413018,2.578131471361433,1.308432499643238,1.535479256084987,0.333889589091015,1.5341267926352364,0.39671563055655257,-0.49568212,-0.8519144,-0.09329617,0.3635552,62.573526870571975,-8.0,998.0,86.1496837391128,14.45807132835369,556.4395744373328,37.602601419573794,211.39999999999964,2651.09375,0,2719.3125,0,2719.3125,0
2011-03-09,0.0,0.0,0.0,0.0,-1.9938631,-7.9052,-0.025703805,1.6879922,-0.004205571,-0.008199409,1.043547e-06,0.002146851,293.72614,274.69937,300.98233,4.898852,97262.12,76098.75,101404.586,5808.683,1.0602188,-1.7124296,4.401177,1.1976173,-1.465533,-5.5877247,1.2312044,1.1661127,3,68,0,0.19957958161830902,0.06652652720610301,4.995481297373772,0.7136401853391102,14.124759519472718,1.0089113942480512,31.640575863872073,1.0546858621290691,-0.00013238967,0.0,0.0,-141.05469,-207.35938,-128.57031,16.07373,0.5370357028607812,0.8810588682292947,0.14523474938635314,1.0081961722017359,-3.1240226200648715,1.0018690831685313,-3.1577975749969482,1.1271238269096016,4.066686017172677,1.442236832604109,4.006639795643943,1.4952413736435648,1.4237414257866996,0.13476948270992198,1.410263683114733,0.1761822056599764,-1.4863872868674142,0.4833805449098491,-1.4238798533167158,0.39195106427740056,-5.063778400421143,1.0041258779317703,-5.065183809825352,0.7653581387414025,2.321399995258876,1.3835583232582795,2.5826579332351685,1.3032778033575345,1.5057917833328247,0.35894661118772536,1.5285281028066362,0.401640040361853,-0.59424245,-3.6315508,-0.0070515107,0.8119696,62.573526870571975,-8.0,998.0,86.1496837391128,14.45807132835369,556.4395744373328,37.602601419573794,211.39999999999964,2692.3125,0,2719.3125,0,2719.3125,0
2011-03-10,0.0,0.0,0.0,0.0,-1.7130792,-4.9950757,-0.032914802,1.236481,-0.004380947,-0.008475507,-5.5180863e-08,0.0022783761,294.09705,276.75467,299.83466,4.4563074,97452.04,76317.84,101607.695,5811.545,-0.19637579,-2.6660697,2.375475,1.0266788,-1.398861,-5.2320538,1.8929869,1.3368933,3,69,0,0.04080335795879364,0.01360111931959788,2.511820837855339,0.35883154826504843,13.800878519192338,0.985777037085167,31.64034935645759,1.0546783118819196,-0.010083655,0.0,0.0,-42.632812,-116.5625,-13.6953125,18.360352,0.5064328461885452,0.9054800972286435,0.08531515366796937,1.0012736211982203,-2.975648982184274,0.9781699404205547,-3.2199248330933705,1.0687648055617263,3.9278049809592113,1.5646318949077975,3.757681037698473,1.4523034356566478,1.3777244772229875,0.20256525341274229,1.3631819231169564,0.18474362633560126,-1.5645660502570016,0.4008065493156545,-1.426078736782074,0.3917001928062336,-5.296689748764038,0.7703296964833773,-5.029038599559239,0.742749914367878,2.152703438486372,1.348055984979552,2.5955894333975658,1.2948446588349305,1.4891213519232613,0.3644429488238293,1.5362355709075928,0.3964515482509227,-0.30856168,-1.5639489,-0.037980497,0.5048043,62.573526870571975,-8.0,998.0,86.1496837391128,14.45807132835369,556.4395744373328,37.602601419573794,211.39999999999964,2719.3125,0,2719.3125,0,2719.3125,0
2011-03-11,0.0003030513,0.0,0.04386902,0.0027149734,-1.7798649,-5.890542,-0.041300196,1.3220226,-0.004495147,-0.009355997,3.9115548e-08,0.0023048131,295.03192,279.22263,300.49503,3.9357612,97388.93,76346.71,101566.18,5802.7705,-0.12141787,-2.8549168,3.1918766,1.4030833,-0.9930287,-5.4946446,2.6541183,1.6714026,3,70,0,0.0003030512889381498,0.0001010170963127166,1.5661480490525719,0.22373543557893885,13.022912696789717,0.930208049770694,31.494126324396348,1.0498042108132115,-0.28943875,0.0003030513,0.0,-77.46094,-113.38281,-57.179688,8.494629,0.46851131852184025,0.9284540636562092,-0.015675260419292108,0.9395546147687496,-2.819273982729231,0.8789990172032608,-3.308679069791521,0.9722310756616208,3.802633489881243,1.5864360859485918,3.569363926138197,1.3288377338648136,1.3608672618865967,0.19334688083402335,1.3449346934046065,0.16487391074492755,-1.548234420163291,0.4241887968205581,-1.4294167629310064,0.38747334598222655,-5.512769154139927,0.5073830535352502,-5.0490866388593405,0.7518576130867466,2.190669757979257,1.3594928703934726,2.684991955757141,1.2485104434741423,1.5106670345578874,0.3710119234302117,1.5793501053537642,0.37376186284569324,-0.15777636,-2.4142103,0.057206262,0.6457861,62.573526870571975,-8.0,998.0,86.1496837391128,14.45807132835369,556.4395744373328,37.602601419573794,211.39999999999964,2702.90625,0,2702.90625,0,2702.90625,0
2011-03-12,0.0,0.0,0.0,0.0,-1.6824764,-4.6808066,-0.045203604,1.1789745,-0.004556646,-0.008579411,2.2817403e-08,0.0022253438,296.586,282.2783,301.44528,3.5121357,97253.46,76355.305,101381.09,5761.535,0.60048175,-2.6555645,5.1572204,1.4781736,-0.77616006,-5.423652,1.7339001,1.3737775,3,71,0,0.0003030512889381498,0.0001010170963127166,0.7267475191911217,0.10382107417016025,12.992713010724401,0.9280509293374573,30.812101130228257,1.0270700376742752,-0.13476989,0.0,0.0,-132.22656,-141.26562,-149.82812,-2.4487305,0.5764607244304248,0.8868516736199241,0.016391102889818803,0.9532618544994613,-2.6859339645930698,0.8109445642379216,-3.353731598172869,0.9214497012783394,4.147079604012625,1.5805490758652307,3.5948215467589244,1.3573524204875,1.3759154421942574,0.19846514592911751,1.3711321098463876,0.15367166427468684,-1.435920340674264,0.5143304656690748,-1.358565296445574,0.4107717712462291,-5.5394125665937155,0.4952493060796554,-5.104419299534389,0.7486464927919292,2.0542677300316945,1.349053792552127,2.704863352434976,1.2295092321736314,1.4660027708326067,0.36509858506282183,1.598092462335314,0.3545770528471618,0.090091705,-0.5010848,-0.04348438,0.2870971,62.573526870571975,-8.0,998.0,86.1496837391128,14.45807132835369,556.4395744373328,37.602601419573794,211.39999999999964,2665.96875,0,2665.96875,0,2665.96875,0
2011-03-13,0.0,0.0,0.0,0.0,-1.5057842,-4.5232735,-0.046279278,1.0754582,-0.004548901,-0.0083091315,-9.429641e-08,0.002194998,297.95734,283.83688,303.14694,3.6000297,97198.51,76416.516,101322.31,5724.248,1.0586681,-2.787494,6.277895,1.7194606,-0.6448688,-4.5495396,1.8235887,1.1484889,3,72,0,0.0003030512889381498,0.0001010170963127166,0.19988263290724717,0.028554661843892454,12.663559860404348,0.904539990028882,30.271142427664017,1.009038080922134,-0.0107367905,0.0,0.0,-44.6875,-38.898438,-82.828125,-5.8603516,0.7888311924678939,0.7775023966207151,0.21578383884791816,0.8450383697536985,-2.5063869612557546,0.5605384879594991,-3.283876895904541,0.9248988989351667,4.731987237930298,1.4876651786440473,3.95387533732823,1.3545492218124788,1.4133232150759016,0.2373060594936306,1.4109429121017456,0.1669749828097069,-1.332276267664773,0.5963062656309468,-1.2965281307697296,0.44936250348977574,-5.50928681237357,0.5535186268165665,-5.06634293283735,0.7632546155357227,1.6465446949005127,0.6984612488456612,2.559029153415135,1.2020613361640484,1.3269387824194772,0.23628229374745693,1.5459864735603333,0.3637648721287328,0.25742328,-0.45810556,-0.05160202,0.0011050701,62.573526870571975,-8.0,998.0,86.1496837391128,14.45807132835369,556.4395744373328,37.602601419573794,211.39999999999964,2624.65625,0,2624.65625,0,2624.65625,0
2011-03-14,0.0,0.0,0.0,0.0,-1.5313829,-4.440812,-0.049380817,1.1646755,-0.004646281,-0.008175144,-3.8649887e-08,0.002210715,299.46387,286.5859,304.5985,3.6404734,97060.86,76420.79,101218.836,5695.543,1.2990426,-2.3998039,7.979916,2.2639887,-0.5229082,-3.5496185,1.8802319,0.88416195,3,73,0,0.0,0.0,0.04110640924773179,0.0058723441782473984,10.904020137008047,0.7788585812148605,25.658934538107133,0.8552978179369044,-0.00049870444,0.0,0.0,-0.9296875,27.117188,-40.429688,-7.857422,0.8197592762964112,0.7952369995590788,0.3755109566929085,0.8213596777027258,-2.4006639889308383,0.48597751671259604,-3.1543417828423634,0.9116151790683673,4.998633759362357,1.8895303902313616,4.302270906312125,1.7015172144843138,1.5053647586277552,0.3999218208242521,1.476630619594029,0.2808358586923422,-1.169197414602552,0.644470646713169,-1.247178967509951,0.4947878389595362,-5.120707205363682,0.8209189057285701,-4.933534605162484,0.8552732296076653,1.6561366660254342,0.7015836435126361,2.411790745598929,1.1445593246436252,1.2284197977610998,0.2588910361849724,1.4700912407466344,0.38400986267814385,0.26534176,0.70480824,-0.031964842,-0.05013013,62.573526870571975,-8.0,998.0,86.1496837391128,14.45807132835369,556.4395744373328,37.602601419573794,211.39999999999964,2580.03125,0,2580.03125,0,2580.03125,0
2011-03-15,0.0,0.0,0.0,0.0,-1.4492252,-3.6966581,-0.057377614,1.116179,-0.0048213876,-0.008275205,1.2572855e-07,0.0022689279,300.1629,287.56033,305.61072,3.6729152,97097.84,76498.64,101148.31,5681.48,0.4043995,-3.5542603,6.3527627,2.186818,-0.5647919,-3.3513992,1.3677578,1.0128233,3,74,0,0.0,0.0,0.0003030512889381498,4.329304127687854e-05,7.680197066481924,0.5485855047487088,22.35651678298018,0.7452172260993393,0.0,0.0,0.0,59.0625,63.171875,-11.703125,-2.9526367,0.5864310190081596,0.5919554387205311,0.4673929300957492,0.7375453800488883,-2.661505545888628,0.5506936419450098,-3.0768102407455444,0.8167964328508528,5.105188948767526,1.9496229816314483,4.516983304704938,1.7603155783646398,1.6108314650399345,0.4730949069949856,1.5312205808503287,0.3379821785022822,-0.909450250012534,0.3898097978378278,-1.170312306710652,0.5121968009245101,-4.741233212607248,0.9468463256621682,-4.801996946334839,0.9488064596126984,1.7976840053285872,0.4582305882534572,2.2082773617335727,1.048140593616419,1.2276657479149955,0.2596123896705016,1.3815725019999914,0.3287396852765572,0.47654164,1.9898224,-0.018019691,-0.2678138,62.573526870571975,-8.0,998.0,86.1496837391128,14.45807132835369,556.4395744373328,37.602601419573794,211.39999999999964,2541.90625,0,2541.90625,0,2541.90625,0
2011-03-16,3.9053e-06,0.0,0.002861023,8.8351335e-05,-1.2779318,-3.8875542,-0.034710158,1.0418324,-0.004959028,-0.008987078,-9.778887e-09,0.002381139,300.2046,285.52097,306.40237,4.5192065,96977.49,76365.02,101027.69,5652.017,0.8189472,-2.4844677,4.042713,1.3990515,-0.5285981,-3.767374,2.1554368,1.2154604,3,75,0,3.905300218320917e-06,1.3017667394403058e-06,0.00030695658915647073,4.385094130806725e-05,4.995788253962928,0.35684201814020916,20.821407234415346,0.6940469078138449,-0.0003744423,3.9053e-06,0.0,-53.632812,-43.164062,-69.921875,-25.245605,0.5519636454326766,0.5662361625077166,0.5444996741467288,0.7115588887595031,-2.771796703338623,0.37969928029485606,-2.9479096617017473,0.7504716494947643,5.05397983959743,1.9757295648350477,4.560332928385053,1.7389861809817713,1.6396077871322632,0.44929963839142667,1.5316746064594813,0.33778598960258177,-0.7756024088178363,0.32200508570685515,-1.1309948478426253,0.5401080489148984,-4.481183120182583,0.9253449185009829,-4.772480760301862,0.9756714608417382,1.9297172001429967,0.39684383068015877,2.1255585977009366,0.9987402026399573,1.23471542767116,0.2583292017638279,1.3702536055019923,0.3317376447294518,0.7159313,4.017646,-0.009006353,-0.64615977,62.573526870571975,-8.0,998.0,86.1496837391128,14.45807132835369,556.4395744373328,37.602601419573794,211.39999999999964,2527.90625,0,2527.90625,0,2527.90625,0
2011-03-17,0.0,0.0,0.0,0.0,-1.2961102,-6.513736,-0.03280421,1.0726221,-0.005436436,-0.009205133,2.9336661e-08,0.0026757077,300.34833,282.49075,307.0016,5.196324,96825.81,76149.805,100972.78,5652.4004,2.3675091,-1.5897897,5.262953,1.3883287,-0.39316982,-4.864723,1.9824041,1.3767648,3,76,0,3.905300218320917e-06,1.3017667394403058e-06,0.00030695658915647073,4.385094130806725e-05,2.5121277944444955,0.17943769960317826,20.060748910650545,0.6686916303550182,-0.00082024076,0.0,0.0,-283.67188,-289.29688,-229.82812,-27.958496,0.9182329188500132,0.7874919654339038,0.7123328825192792,0.8427863294341765,-2.6180424179349626,0.5895632354109909,-2.796845700059618,0.7977852051930293,5.466476678848267,1.5863611154550175,4.697140829903739,1.7113641524490424,1.6912720543997628,0.3829699435962948,1.5344982658113753,0.33630163298933685,-0.6319322330611092,0.19809053725639197,-1.0982491416590554,0.5713435538589391,-4.428707327161517,0.8852118043621494,-4.862698537962777,0.9156302526312258,1.942491088594709,0.3969035872564836,2.0475972635405406,0.9609044893489126,1.2404113497052873,0.2613791783964154,1.3647663508142744,0.3308874727724953,0.41696906,-1.5186601,0.00011059269,-0.16385889,62.573526870571975,-8.0,998.0,86.1496837391128,14.45807132835369,556.4395744373328,37.602601419573794,211.39999999999964,2511.34375,0,2511.34375,0,2511.34375,0
2011-03-18,0.0,0.0,0.0,0.0,-1.380792,-5.8507285,-0.039484583,1.1050899,-0.0057091075,-0.01029879,-1.06403604e-07,0.0029282286,299.51144,282.16104,306.61075,4.729783,96616.57,75846.59,100878.69,5707.248,3.138685,-0.89894485,6.8825493,1.8638748,0.061527286,-3.632747,2.9186447,1.3641118,3,77,0,3.905300218320917e-06,1.3017667394403058e-06,3.905300218320917e-06,5.579000311887025e-07,1.5661519543527902,0.11186799673948501,19.986728629216486,0.6662242876405495,-0.00056189025,0.0,0.0,-450.46094,-515.6719,-337.71875,9.294922,1.38396189893995,1.0043298608839666,0.9262366087308952,1.0435666166806912,-2.3386178527559554,0.8600532145960408,-2.578945917742593,0.8718940888650165,5.993715626852853,1.2900154721447141,4.898174558367048,1.7950457353801008,1.7570994070598058,0.36432635209647685,1.5589833344732011,0.3475408042452809,-0.48128137790731024,0.2667910699712091,-1.0147578990353006,0.6499137482723523,-4.162721940449306,0.7856730275210025,-4.837745547294617,0.9457400111231885,1.980280569621495,0.4798716759097616,2.0854751638003757,0.985506850343786,1.1965126650674003,0.19406749232979043,1.353589849812644,0.32784818496280116,0.3990729,0.03981352,0.0018156134,-0.21693265,62.573526870571975,-8.0,998.0,86.1496837391128,14.45807132835369,556.4395744373328,37.602601419573794,211.39999999999964,2482.0,0,2482.0,0,2482.0,0
2011-03-19,0.0,0.0,0.0,0.0,-1.5511131,-4.7003536,-0.030433992,1.299036,-0.0060233837,-0.010298061,1.0221265e-07,0.0029048482,298.44565,280.08673,305.0019,4.8313146,96479.66,75577.42,100806.375,5718.662,4.3067293,-0.45691362,7.653641,1.6712762,-0.27644217,-7.036261,3.507806,1.9985662,3,78,0,0.0,0.0,3.905300218320917e-06,5.579000311887025e-07,0.72675142449134,0.051910816035095717,19.20232417260104,0.6400774724200347,-1.2175966e-05,0.0,0.0,-405.23438,-562.1875,-294.32812,18.713867,1.9134258372443063,1.4153017708487636,1.2449432808373655,1.3299414375917111,-2.0245248632771626,1.0945260740999125,-2.3552294139351164,0.987024568179613,6.350347178322928,1.3632171340894244,5.248713391167777,1.821439330043588,1.784685492515564,0.3465643814130497,1.5803004673549108,0.34438317733595253,-0.4098931077335562,0.24027640935406916,-0.9229067242039102,0.6573942193013478,-4.393094641821725,1.2909604766408722,-4.96625360420772,1.1118336106427804,2.2336957114083424,0.7308393684586882,2.1439817207200185,1.0465001858900593,1.2857681853430611,0.36103422809485214,1.375885478087834,0.36114688193933886,0.13136327,-0.019546986,0.014769612,0.12006152,62.573526870571975,-8.0,998.0,86.1496837391128,14.45807132835369,556.4395744373328,37.602601419573794,211.39999999999964,2440.375,0,2440.375,0,2440.375,0
2011-03-20,3.1242403e-06,0.0,0.0009536743,4.7168527e-05,-1.6327661,-7.337529,-0.031549253,1.5393867,-0.005175311,-0.008794845,1.3271347e-08,0.0024647631,297.39236,280.95102,304.1884,4.5655932,96689.01,75848.9,100864.19,5719.4883,1.8104813,-1.4477686,6.213283,2.0606496,-0.94911826,-5.8945274,2.7134235,1.4820426,3,79,0,3.124240265606204e-06,1.0414134218687348e-06,7.029540483927121e-06,1.004220069132446e-06,0.1998896624477311,0.014277833031980793,16.46060518990771,0.5486868396635903,-9.795755e-05,3.1242403e-06,0.0,-198.17969,-343.1953,-204.32812,16.961426,2.0208277191434587,1.3673401987467704,1.4048294558056764,1.2452101837178742,-1.8331355239663805,1.0553072863306987,-2.1697612426110675,0.8837723964191717,6.341116905212402,1.3640079785018246,5.53655207157135,1.6053884432039243,1.8334267820630754,0.3596093136887809,1.6233749985694885,0.36495549472275607,-0.45335731708577703,0.3078751760729258,-0.8928167923752751,0.6448586335684051,-4.58523576600211,1.4124961151162123,-5.04726128918784,1.1367198102014748,2.360814963068281,0.7249819504527671,2.0036798289843967,0.7778826648561074,1.333418709891183,0.3619065934842422,1.33017874615533,0.2936482971680076,-0.12698197,-2.8142557,0.014730025,0.46392858,62.573526870571975,-8.0,998.0,86.1496837391128,14.45807132835369,556.4395744373328,37.602601419573794,211.39999999999964,2403.875,0,2403.875,0,2403.875,0
2011-03-21,0.00023744225,0.0,0.13065338,0.004904239,-1.4051851,-5.2953835,-0.036451273,1.140353,-0.0051367357,-0.008855103,6.146729e-08,0.002442686,297.5474,282.05838,303.5881,4.1625814,96829.5,75920.9,100975.49,5761.1636,1.4432869,-2.7990754,6.771034,2.3422835,0.6074035,-3.178646,2.413232,0.9991939,3,80,0,0.0002405664877187519,8.018882923958397e-05,0.0002444717879370728,3.4924541133867546e-05,0.04135088103566886,0.002953634359690633,15.543371938566906,0.5181123979522302,-0.019210706,0.00023744225,0.0,-25.359375,-201.71094,-77.609375,42.22705,2.0414340496063232,1.3556869468949826,1.4305966629513673,1.2417557756224211,-1.89017430799348,1.1008476738213515,-2.1454191484621594,0.859352953656258,6.168419429234096,1.186978052559882,5.583526594298227,1.6329502972847423,1.844611746924264,0.37607379141085584,1.6749882527760096,0.412406033389047,-0.291884213153805,0.501096135325461,-0.7305408138781786,0.7175017070419291,-4.532239709581647,1.4638535299505229,-4.826473457472665,1.1803740938676013,2.4369578531810214,0.6933969794107977,2.0465472596032277,0.7830905204327521,1.3498518466949463,0.3400594410038246,1.289135822228023,0.29711433320881514,0.12619781,-0.85457134,0.012929544,-0.02432251,62.573526870571975,-8.0,998.0,86.1496837391128,14.45807132835369,556.4395744373328,37.602601419573794,211.39999999999964,2369.78125,0,2396.15625,0,2396.15625,0
2011-03-22,0.005354948,0.0,0.7100105,0.03581086,-1.4282303,-4.0527353,-0.03681262,1.1780955,-0.005077354,-0.008519997,-3.585592e-08,0.002415868,297.55273,282.60364,303.23657,4.0458336,96845.85,75968.54,101008.57,5761.6504,1.8111521,-4.211718,6.2659836,2.5198774,0.48593152,-3.870097,4.4376016,1.7183838,3,81,0,0.005595514363903931,0.0018651714546346436,0.0055994196641222516,0.0007999170948746073,0.005902470953060401,0.00042160506807574293,15.31659232073207,0.5105530773577357,-0.006586106,0.005354948,0.0,182.13281,13.5234375,127.63281,42.308594,2.242398704801287,1.1631682842823328,1.4144148619047232,1.2346918522858974,-1.9840968549251556,1.279962691723443,-2.322801200406892,1.0097789837373978,6.156022412436349,1.1851836639691182,5.630605680601938,1.6431447081821196,1.8921916825430733,0.44189379095092834,1.751511573791504,0.46339931136119145,-0.14178086551172392,0.5596703805220133,-0.525615557762129,0.6110333412528317,-4.6063393865312845,1.4061067011849018,-4.673786299569266,1.1537767855818595,2.8755069630486623,0.8561449917367809,2.3365954841886247,0.8648572697708695,1.450646196092878,0.32786013654966445,1.3391559720039368,0.3067655272223901,0.020994902,-0.3560772,0.020564996,0.06191647,62.573526870571975,-8.0,998.0,86.1496837391128,14.45807132835369,556.4395744373328,37.602601419573794,211.39999999999964,2315.78125,0,2396.15625,0,2396.15625,0
2011-03-23,0.024905661,0.0,1.6732216,0.1106698,-1.3581061,-5.292812,-0.04064455,1.1296126,-0.00492055,-0.0075101266,1.03376806e-07,0.0022723372,298.02744,284.1476,302.7176,3.5312126,96960.81,76125.1,101072.22,5760.5894,1.1368821,-3.289477,5.454582,2.1572182,0.059726648,-3.8560905,3.2469776,1.2729391,3,82,0,0.030498051244649105,0.010166017081549702,0.03050117548491471,0.004357310783559244,0.03080813207407118,0.002200580862433656,15.316692685640646,0.5105564228546882,-0.24470149,0.024905661,0.0,287.0625,148.53125,263.15625,61.524902,2.2878179720469882,1.102971381894704,1.4198908087398325,1.2331691947470678,-2.0990981927939822,1.3657047254001986,-2.4354474480663026,1.024310542752939,6.357717990875244,0.8335802837643337,5.705848915236337,1.6062197977263115,2.000501206942967,0.3908443711032934,1.8200544970376151,0.44580360771826216,-0.057734468685729165,0.5355552746711434,-0.41666843875178267,0.5647811484132214,-4.619013173239572,1.397658901221682,-4.550098146711077,1.1410107417581876,3.031441364969526,0.8007481940666246,2.480579282556261,0.8339148937976649,1.458857434136527,0.3216491648187517,1.3467864309038435,0.30344074405612537,-0.08017433,-1.4052577,-0.005934391,0.08778012,62.573526870571975,-8.0,998.0,86.1496837391128,14.45807132835369,556.4395744373328,37.602601419573794,211.39999999999964,2242.5,0,2396.15625,0,2396.15625,0
2011-03-24,0.0058579505,0.0,0.7967949,0.042446855,-1.4215382,-4.932628,-0.03898284,1.1567795,-0.0050360067,-0.007925115,2.1683518e-06,0.0023006208,298.9496,284.48352,303.89792,3.4288461,97018.734,76177.54,101186.29,5773.4946,1.3504738,-2.2770214,6.0607877,2.0213907,-0.09832282,-2.9878502,4.8460526,1.3025652,3,83,0,0.036118559539318085,0.012039519846439362,0.03635912602703684,0.0051941608610052625,0.03666608261619331,0.0026190059011566647,14.518890243421538,0.48396300811405124,-0.17690015,0.0058579505,0.0,204.64062,83.859375,251.75781,59.45508,2.1425272056034634,1.156414923862265,1.5303800622267383,1.1432333425772938,-2.197274144206728,1.3475711693405432,-2.4076582810708453,1.0228488865205994,6.47169440133231,0.7033087254289407,5.969085540090289,1.289118000654184,2.0909386362348283,0.2843075186464305,1.8911053453172957,0.3847124076069143,-0.015613469162157603,0.5160148580874757,-0.32377285111163345,0.49322627307542083,-4.350888456617083,1.5175520660932582,-4.3897978918893,1.194235529194002,3.4405340126582553,0.9007426018017556,2.691512550626482,1.025358558743261,1.448257497378758,0.3259986332009094,1.3443344235420227,0.3036654505749765,-0.12542808,1.5811076,-0.0061786287,0.08415747,62.573526870571975,-8.0,998.0,86.1496837391128,14.45807132835369,556.4395744373328,37.602601419573794,211.39999999999964,2167.625,0,2396.15625,0,2396.15625,0
2011-03-25,0.011394885,0.0,1.5501976,0.089218326,-1.348933,-5.844139,-0.04055398,1.1349517,-0.005430979,-0.008429217,-1.6996637e-08,0.0024776608,299.90237,285.15637,304.83524,3.4848385,97041.93,76236.84,101236.93,5765.981,1.6077169,-1.5140362,6.1716733,1.8299763,0.19295903,-3.2882526,5.6905074,1.6282697,3,84,0,0.0421584970317781,0.014052832343926033,0.04775401139568203,0.006822001627954576,0.04775791669590035,0.003411279763992882,14.172820487457557,0.47242734958191857,-0.12531666,0.011394885,0.0,186.08594,121.0625,223.66406,31.279297,1.923817481313433,1.0787822585796905,1.6538896901266915,1.0397763058135427,-2.2851443333285197,1.2664119472903133,-2.3118810930422375,1.0403753935493918,6.37014068875994,0.685185839776081,6.1819281578063965,1.0113833905834424,2.086095997265407,0.2890685542574091,1.9215977021626063,0.35912303084024605,0.0031624936631747653,0.5216499520125336,-0.23905944212206773,0.4707749267197835,-4.301674979073661,1.549962344197363,-4.2321984597614835,1.1827468050108163,3.836514404841832,1.1944616583314394,2.9083974872316634,1.3009377401866293,1.4859943389892578,0.3299005027224153,1.341253502028329,0.3002919013268163,0.03185904,0.0065894127,-0.0010693967,0.029861808,62.573526870571975,-8.0,998.0,86.1496837391128,14.45807132835369,556.4395744373328,37.602601419573794,211.39999999999964,2270.46875,0,2396.15625,0,2396.15625,0
2011-03-26,0.0023279495,0.0,0.85639954,0.031923518,-1.42369,-6.0851216,-0.04445947,1.2098922,-0.0056945602,-0.009094025,1.245644e-07,0.002633315,300.56332,286.05664,305.42667,3.6140509,97040.02,76269.88,101254.71,5748.8164,2.0683947,-0.7476209,6.4256377,1.7406842,0.23963082,-4.6806216,3.037152,1.6550994,3,85,0,0.01958078541792929,0.006526928472643097,0.050081960902844,0.007154565843263429,0.050085866203062324,0.003577561871647309,13.851267436684338,0.4617089145561446,-0.09938681,0.0023279495,0.0,166.125,113.75,193.10156,19.661133,1.6040553876331873,0.3187282380195084,1.7587406124387468,0.9985753704651918,-2.3266739419528415,1.1994632959554044,-2.1755994026150023,1.1142340032326676,6.19471161706107,0.3994071842064091,6.272529397691999,0.9684285771915315,2.0960114172526767,0.2732244053628908,1.9403484548841203,0.34056334402863797,0.07688720630747932,0.5119249948955208,-0.16650295071303844,0.4597777455741271,-3.9651550565447127,1.0236551673463465,-4.179124849183219,1.1411079681124576,3.769278117588588,1.228801440981083,3.0014869144984653,1.2562925193622945,1.436927659170968,0.2588499995196637,1.3613479222570146,0.311826673933307,0.12742317,-1.384768,-0.014025478,-0.08914387,62.573526870571975,-8.0,998.0,86.1496837391128,14.45807132835369,556.4395744373328,37.602601419573794,211.39999999999964,2369.59375,0,2396.15625,0,2396.15625,0
2011-03-27,0.015084222,0.0,2.0327568,0.09792365,-1.4550123,-5.225312,-0.037055466,1.2254372,-0.006050573,-0.009877665,-2.8405339e-08,0.0028510052,300.97174,285.51297,306.45633,3.8050642,96910.57,76100.28,101211.21,5759.472,2.8181486,-2.1421669,7.051274,1.9594604,0.8084328,-3.2808495,4.22619,1.551091,3,86,0,0.02880705683492124,0.00960235227830708,0.06516305862169247,0.009309008374527496,0.0651700881621764,0.004655006297298314,13.088082784951894,0.43626942616506315,-1.7924628,0.015084222,0.0,-14.53125,-92.65625,72.71875,30.216309,1.74800785950252,0.5621210779432805,1.8844177893229894,1.0142865365752876,-2.4258736968040466,1.1419980488746464,-2.1295046103852138,1.1002336454199635,6.314424582890102,0.514812611081018,6.327770744051252,0.9905628710647166,2.0815558092934743,0.2780414934721117,1.957491295678275,0.3345770732229329,0.3279659311686243,0.31978932940046567,-0.06269569295857634,0.5052756368376489,-3.5917724881853377,0.5855359355997445,-4.0885041270937235,1.1596543960587373,3.9853876318250383,1.1421277066906244,3.1731012974466597,1.247078259449355,1.44679171698434,0.26215031974865893,1.3901052134377616,0.30924002015995333,0.1777538,2.112217,-0.0055062138,-0.31394958,62.573526870571975,-8.0,998.0,86.1496837391128,14.45807132835369,556.4395744373328,37.602601419573794,211.39999999999964,2396.15625,0,2396.15625,0,2396.15625,0
2011-03-28,0.00062367646,0.0,0.21076202,0.008625707,-1.553679,-5.2052665,-0.026397174,1.4569168,-0.0061065434,-0.010879896,-2.0954758e-08,0.0029716948,299.87653,280.7681,306.64774,4.8731833,96749.95,75825.65,101072.57,5745.1694,3.38813,-2.0693665,8.727061,2.4893236,0.0018357536,-5.870731,3.9279346,1.8884648,3,87,0,0.01803584792651236,0.006011949308837454,0.06554929283447564,0.009364184690639377,0.06579376462241271,0.004699554615886622,13.058506775346814,0.43528355917822714,-0.3748496,0.00062367646,0.0,-95.8125,-225.54688,-40.148438,15.490723,2.025842581476484,0.8116527698720174,2.0336383155414035,1.0734865815330155,-2.3216295668057034,1.1355400565029503,-2.1059019373995915,1.0975300474783658,6.593857084001813,1.0532440629068323,6.381138256617954,1.1004520019999158,2.1025615419660295,0.30524564125670745,1.9735866444451469,0.3552379188896205,0.24145625071001373,0.31344306925932686,-0.025213981221895665,0.48766677962989696,-3.976356029510498,1.0037231029387832,-4.254297869546073,1.2398351837526553,4.201773711613247,0.9156601838264103,3.319365782397134,1.2030861024693829,1.5738304172243391,0.22139566443979533,1.4618411319596427,0.2991682292481032,-0.14849389,0.09011698,0.010054098,0.31656384,62.573526870571975,-8.0,998.0,86.1496837391128,14.45807132835369,556.4395744373328,37.602601419573794,211.39999999999964,2358.625,0,2358.625,0,2367.0625,0
2011-03-29,0.00034288535,0.0,0.1077652,0.0038870554,-1.5019398,-5.8804226,-0.034637745,1.5200785,-0.0056172665,-0.0106543135,-1.3737008e-08,0.0027073666,299.02182,280.6747,305.783,4.5607557,96920.94,75972.73,101152.81,5764.2476,2.580434,-2.5023003,8.156228,2.7325964,-0.32486355,-3.5523636,2.8426964,1.2598757,3,88,0,0.0160507837717887,0.0053502612572629005,0.060537230310728773,0.008648175758675538,0.06613664997485103,0.004724046426775074,12.729696510379199,0.42432321701264,-0.02798669,0.00034288535,0.0,48.015625,-74.90625,-3.28125,19.3208,2.135740007672991,0.8296202881501004,2.189069356237139,0.9721980627692339,-2.077427021094731,0.79366979275516,-2.030761938009943,1.0243115591431704,6.863892010280064,1.1887674538924957,6.5099572113582065,1.1980993938179096,2.1329499653407504,0.359484951148774,2.012570823941912,0.40666308518471417,0.12562838374703592,0.3550860570769317,-0.008076240882344012,0.4711833898769142,-3.9309655598231723,1.0164330519420535,-4.268652473177228,1.2296993862007308,3.9739301204681396,1.0375201848845055,3.424718541758401,1.0770137239378508,1.508329255240304,0.2386543320200991,1.479487725666591,0.2771190565548508,-0.07370949,-1.8276873,0.002174873,0.34198308,62.573526870571975,-8.0,998.0,86.1496837391128,14.45807132835369,556.4395744373328,37.602601419573794,211.39999999999964,2311.5625,0,2311.5625,0,2367.0625,0
2011-03-30,0.0042173336,0.0,0.51784515,0.027765503,-1.4184004,-5.6770306,-0.045360066,1.3205503,-0.005524318,-0.009843741,9.6077565e-06,0.0026154001,299.03354,283.22574,304.97543,3.851929,97048.64,76108.18,101251.125,5798.5464,1.727418,-3.1898968,6.9375443,2.7296271,0.15828991,-3.084777,3.0064907,1.2405591,3,89,0,0.0051838954386767,0.0017279651462255667,0.039848902815720066,0.005692700402245724,0.07035007830063478,0.005025005592902484,10.9743741206089,0.3658124706869633,0.001495565,0.0042173336,0.0,189.92188,74.14844,118.703125,45.745605,2.220102276120867,0.7358452858977972,2.2539601240839278,0.9014575325336713,-2.063201265675681,0.7688278388612929,-2.0811497292348315,1.0648937801688272,7.075743743351528,1.0152266433834174,6.716730867113386,0.9670617988272568,2.2147226674216136,0.4250497717138966,2.1076119371822903,0.407730841138021,0.13970884965133987,0.3539897756121067,0.04098719048280535,0.4480052201483256,-3.8207779271262035,1.066478340699467,-4.219895550182888,1.264153319892965,3.9395748547145297,1.0691044397226772,3.4855081098420277,1.022499364799563,1.503703543118068,0.2442259487699357,1.4812804886272974,0.27535516965224166,-0.06029427,-0.3842187,-0.004715517,0.19093776,62.573526870571975,-8.0,998.0,86.1496837391128,14.45807132835369,556.4395744373328,37.602601419573794,211.39999999999964,2264.6875,0,2312.46875,0,2367.0625,0
2011-03-31,0.019906487,0.0,0.9918213,0.08618244,-1.4419394,-6.076586,-0.036445677,1.4115814,-0.0053577954,-0.008980395,-7.543713e-08,0.0024396146,298.7475,282.39178,303.56454,3.9047685,97021.13,76075.41,101240.65,5761.693,2.2866786,-2.729081,7.160486,2.665327,-0.35512167,-3.6915042,2.7105548,1.1556178,3,90,0,0.024466706294333562,0.008155568764777854,0.053897439589491114,0.007699634227070159,0.09025656561652795,0.006446897544037711,7.77045753739867,0.25901525124662234,-0.09946445,0.019906487,0.0,180.6875,72.890625,155.69531,24.105957,2.3538458177021573,0.6287258294252384,2.2481865116528104,0.9009330340381142,-2.127781195299966,0.8077809272283675,-2.1625276697533473,1.067983395931423,7.2328435352870395,0.9118108251103179,6.852268968309675,0.876354813932565,2.306713581085205,0.4454276267565932,2.198826108660017,0.37604982371504175,0.10302329986422722,0.39383370608739027,0.04370491535103481,0.4452760009497237,-3.921299934387207,1.0063520473358258,-4.136094195502145,1.2569855376255104,3.6345037392207553,1.0720086546168635,3.5375188759395053,0.956553252911554,1.4827110597065516,0.26941298195130103,1.465484278542655,0.2878708912003484,-0.02040112,-1.1439576,0.002537161,0.25480187,62.573526870571975,-8.0,998.0,86.1496837391128,14.45807132835369,556.4395744373328,37.602601419573794,211.39999999999964,2226.84375,0,2354.5625,0,2367.0625,0
2011-04-01,0.006707353,0.0,2.1629333,0.06987799,-1.545265,-5.425593,-0.030880794,1.4077102,-0.0056372033,-0.008885544,-2.6542693e-08,0.002592929,298.65268,280.29016,304.17258,4.7406406,96963.77,75972.65,101177.19,5735.5,2.6748996,-1.1152769,7.0426006,1.9976152,-0.96859926,-5.3502655,2.0202992,1.2161192,4,91,0,0.0308311739936471,0.010277057997882366,0.049209907272597775,0.007029986753228253,0.0969639186682798,0.006925994190591415,5.092752172631208,0.1697584057543736,-0.0018641124,0.006707353,0.0,176.69531,28.085938,132.98438,-1.1142578,2.506300483431135,0.5409015957762564,2.215058982372284,0.8737882490179364,-2.070815588746752,0.8699450684062322,-2.177979961037636,1.049703280102117,7.357261725834438,0.7947897805250568,6.863701207297189,0.8778229354471613,2.3306619950703213,0.4192619150463532,2.208378996167864,0.3685095698893934,-0.06291359804371106,0.5594895032440524,-0.029875552190268145,0.5208103327200265,-4.215873207364764,1.088595917185633,-4.258774093219212,1.2875233482619952,3.1101882798331126,0.7471472000254972,3.4733513423374722,1.0286746248646108,1.4238324165344238,0.2772234936352398,1.4549133777618408,0.29452015848866653,-0.19633198,0.4185462,0.009673186,0.27275848,62.573526870571975,-8.0,998.0,86.1496837391128,14.45807132835369,556.4395744373328,37.602601419573794,211.39999999999964,2195.0,0,2367.0625,0,2367.0625,0
2011-04-02,0.010448631,0.0,1.4481544,0.08577871,-1.5708039,-6.4444437,-0.03277161,1.4364064,-0.0058463444,-0.009022477,1.3038516e-08,0.002714433,298.07587,280.38217,304.88638,4.723698,97042.34,76065.15,101199.56,5736.505,1.6528801,-2.1155891,5.396292,1.5755758,-2.0815887,-5.548137,1.953043,1.0380464,4,92,0,0.03706247126683593,0.012354157088945309,0.0573305886646267,0.008190084094946672,0.1074125495674707,0.00767232496910505,2.6195403440119662,0.08731801146706554,-0.019648718,0.010448631,0.0,203.03125,80.828125,134.64062,-8.363281,2.4469412565231323,0.6147285961323113,2.02549832207816,0.6423198147576068,-2.2662396260670254,0.6486721163432799,-2.2964567840099335,0.9269349554008199,7.210212366921561,1.0500998629237948,6.702461991991315,0.9274763580164891,2.307075091770717,0.460592044644464,2.201543254511697,0.3799491064206113,-0.39451639282716705,0.9212278361327608,-0.15881459325984387,0.7566191143835831,-4.3398040022168844,1.1945480843759664,-4.152479529380798,1.0862835930488708,2.955315555844988,0.867479649295257,3.362296836716788,1.1057095258253595,1.335681983402797,0.2892721233265404,1.3863048212868827,0.2688962490122559,-0.14711392,-0.35932207,0.01168786,0.22651422,62.573526870571975,-8.0,998.0,86.1496837391128,14.45807132835369,556.4395744373328,37.602601419573794,211.39999999999964,2173.03125,0,2367.0625,0,2367.0625,0
2011-04-03,0.0005654875,0.0,0.23460388,0.009244432,-1.6236359,-5.775206,-0.034473605,1.515054,-0.0057633477,-0.010625366,1.1618249e-07,0.0027466954,297.78485,280.98303,304.48715,4.3458867,97183.03,76191.35,101321.375,5751.548,0.75227576,-2.4609401,4.13045,1.5223777,-1.8512709,-4.3641696,1.370287,1.3583487,4,93,0,0.01772147143492475,0.005907157144974917,0.042811854189494625,0.006115979169927803,0.1079749128111871,0.00771249377222765,1.674129991404243,0.0558043330468081,-0.029018592,0.0005654875,0.0,132.58594,11.609375,127.734375,10.142578,2.15181656394686,0.855545987377818,1.94991221172469,0.7263369318269887,-2.3117786645889282,0.6496987364982226,-2.3688261806964874,0.8945634869486297,6.792951788221087,1.5735940698451578,6.553688185555594,1.1518827707755777,2.244634713445391,0.5385926946936407,2.1630952613694325,0.4203859516650382,-0.7744740687610049,0.8903591448158683,-0.2232540687961903,0.8604040450138692,-4.494564022336688,1.1010014427388828,-4.043168255261013,0.9680651993389073,2.5473293917519704,0.841343202582629,3.2663585117885043,1.2188242996359968,1.3081473793302263,0.2741276597280001,1.3774695481572832,0.26753726801586003,-0.16862357,-0.54989386,0.0025818609,0.28961682,62.573526870571975,-8.0,998.0,86.1496837391128,14.45807132835369,556.4395744373328,37.602601419573794,211.39999999999964,2156.40625,0,2367.0625,0,2388.15625,0
2011-04-04,0.0018417396,0.0,0.5707741,0.022741277,-1.5866507,-5.4219217,-0.03771507,1.4705707,-0.0058910684,-0.011073889,-1.2107193e-07,0.0027365428,298.52563,282.28372,304.2642,4.0251803,97125.96,76136.96,101309.664,5762.71,1.6269906,-2.0000598,5.5121474,1.5443228,-0.7275773,-4.5777683,2.5550034,1.698114,4,94,0,0.012855858018156141,0.004285286006052047,0.044029917364241555,0.00628998819489165,0.10957921019871719,0.007827086442765514,0.836571201177776,0.027885706705925866,-0.02274078,0.0018417396,0.0,17.65625,-112.21094,41.03125,29.404297,1.9002252221107483,0.6702782688923757,1.9630339017936163,0.7180929917791739,-2.3018777200153897,0.6545188350604799,-2.3117536434105466,0.890481383484007,6.3336783817836215,1.3711519284688594,6.463767732892718,1.1823447808929082,2.1096346037728444,0.583592521481004,2.106098072869437,0.4474462489867631,-0.8786759376525879,0.8246183559865023,-0.31860984347128707,0.834860115509947,-4.309855086462838,0.9262371068820989,-4.143105557986668,0.9438679481746426,2.351196357182094,0.5876310005985199,3.27648503439767,1.2117593851415889,1.2809544120516096,0.20856866040551617,1.4273924146379744,0.2565029312229153,-0.03297174,-0.21665525,-0.011317896,0.013653874,62.573526870571975,-8.0,998.0,86.1496837391128,14.45807132835369,556.4395744373328,37.602601419573794,211.39999999999964,2227.46875,0,2367.0625,0,2506.65625,0
2011-04-05,0.004206789,0.0,0.4825592,0.027515018,-1.5512198,-5.148803,-0.046765186,1.4132649,-0.005805974,-0.010366452,9.033829e-08,0.0027116006,298.75778,283.5718,305.05106,3.9628687,97119.71,76146.46,101272.305,5777.594,1.290911,-3.890812,6.5978355,2.2763026,-0.74186546,-4.9221873,2.0983613,1.552665,4,95,0,0.006614016310777515,0.002204672103592505,0.047893821203615516,0.00684197445765936,0.10843105151434429,0.0077450751081674495,0.3139131040857137,0.010463770136190457,-0.02697865,0.004206789,0.0,6.484375,-138.51562,36.367188,48.16211,1.7160076328686305,0.6280478591658581,1.9258738202708108,0.7396931301396137,-2.500236528260367,0.8925141093120859,-2.2888317746775493,0.840542253056041,6.111050878252302,1.1314810562139905,6.487471444266183,1.181400695240289,2.0444497721535817,0.5249499607149354,2.0886998687471663,0.4346726746221994,-0.9382476380893162,0.7923740737227569,-0.40630962717114016,0.8078970492421857,-4.505544185638428,0.8832316587671178,-4.2182548727308005,0.9621649452037165,2.2448627608163014,0.5500100894225223,3.1093964406422208,1.2005644238249187,1.3227814606257848,0.23171143320695553,1.4155553579330444,0.24563487836887254,-0.049280047,0.73161936,-0.01212744,-0.10681367,62.573526870571975,-8.0,998.0,86.1496837391128,14.45807132835369,556.4395744373328,37.602601419573794,211.39999999999964,2312.46875,0,2367.0625,0,2594.59375,0
2011-04-06,0.02105152,0.0,0.95558167,0.0838488,-1.3902378,-5.6692533,-0.041591473,1.2055646,-0.0054748286,-0.009506602,-3.4226105e-08,0.002574047,299.01816,284.66507,305.89383,3.770276,97075.8,76143.28,101148.49,5780.6846,0.6720733,-4.476181,5.373713,2.1982162,-0.7710377,-4.8640847,2.8002217,1.5508541,4,96,0,0.027100049308501184,0.009033349769500395,0.06472800805931911,0.009246858294188445,0.10457691087503918,0.007469779348217084,0.176188400907904,0.005872946696930133,0.014022576,0.02105152,0.0,11.421875,-122.015625,0.3984375,40.49756,1.5652441126959664,0.7413080661570468,1.8926731944084167,0.7867642033662005,-2.683991415160043,1.1526674106189834,-2.373596340417862,0.994881588076078,5.887646402631487,1.0948900276361424,6.481695072991507,1.1870237305289746,1.96853392464774,0.44107224568624914,2.091628296034677,0.4353074374095103,-1.0710087248257227,0.6415250143667937,-0.4656499375871915,0.801518188756341,-4.759730986186436,0.6242708710347283,-4.29025445665632,0.9706562409222064,2.215395757130214,0.5061842323585771,3.077485305922372,1.2025619492327542,1.3671093157359533,0.24277665488457975,1.4354064294270106,0.24444975094729643,0.028162599,0.007777214,0.003768593,-0.114985704,62.573526870571975,-8.0,998.0,86.1496837391128,14.45807132835369,556.4395744373328,37.602601419573794,211.39999999999964,2354.5625,0,2367.0625,0,2662.5625,0
2011-04-07,0.157903,0.0,4.82893,0.48336148,-1.2850462,-4.2128406,-0.049008995,1.1232662,-0.005659141,-0.009461213,-3.3527613e-08,0.0027156465,299.38382,284.0062,306.66434,4.024814,97134.39,76244.4,101223.1,5752.0464,0.4519151,-4.3735967,5.5403028,2.3607757,-1.2874616,-4.6652894,3.1562843,1.5988995,4,97,0,0.18316131038591266,0.06105377012863755,0.20272452145582065,0.02896064592226009,0.25662196104531176,0.018330140074665126,0.29328804366150507,0.00977626812205017,0.10207614,0.157903,0.0,21.28125,-102.953125,0.3125,17.654785,1.3031350459371294,0.7676101034645078,1.8284904318196433,0.8669621843329717,-2.9189222369875227,1.3189793003124988,-2.523351716143744,1.1281012994520192,5.656191621507917,0.9414733340508592,6.444517578397479,1.2091648585628811,1.9250265870775496,0.3702141415553245,2.115870084081377,0.44051395268170573,-1.2042001485824585,0.5596880036303581,-0.5505884243591156,0.822334851380774,-4.898843152182443,0.4224196552933736,-4.4100715432848245,0.8983602348138314,2.279071399143764,0.5984760571821713,2.95678756918226,1.0910279478689788,1.430435265813555,0.23613902261635503,1.4565731627600533,0.24489159489794882,0.15689313,1.8637452,-0.012563318,-0.28831518,62.573526870571975,-8.0,998.0,86.1496837391128,14.45807132835369,556.4395744373328,37.602601419573794,211.39999999999964,2367.0625,0,2367.0625,0,2775.46875,0
2011-04-08,0.23619336,0.0,9.113789,0.7919436,-1.3703929,-5.412334,-0.051894445,1.0853115,-0.0054977904,-0.009647103,-6.216578e-08,0.0026199056,300.23996,284.5055,307.22806,4.242165,97130.5,76242.02,101298.85,5763.677,1.1635989,-2.3419456,6.0143776,2.1425893,-0.6464371,-3.8237412,3.70169,1.5352367,4,98,0,0.4151478800922632,0.13838262669742107,0.43221052730223164,0.06174436104317595,0.4814204345748294,0.0343871738982021,0.5294814025596679,0.017649380085322262,0.15074229,0.23619336,0.0,5.703125,-130.08594,-1.5,22.618164,1.087234948362623,0.4737780891284269,1.796767715896879,0.8836269557113571,-3.094160624912807,1.1032561292295708,-2.5824881068297794,1.0922522170346243,5.509302616119385,0.7498182913602527,6.433282170976911,1.2126209579900742,1.9457371745790755,0.3789047819353276,2.138199584824698,0.4327622578894492,-1.1581769841057914,0.5944561768065489,-0.6105452910747512,0.7940667720069116,-4.680768251419067,0.5306906865414718,-4.448320729391916,0.8573881609562003,2.5192700794764926,0.7854992272989658,2.8147291796548024,0.7977648085000004,1.476023486682347,0.21797315660934377,1.4499279516083854,0.24110716606530638,0.17487204,0.013258934,-0.021013651,-0.32239866,62.573526870571975,-8.0,998.0,86.1496837391128,14.45807132835369,556.4395744373328,37.602601419573794,211.39999999999964,2364.1875,0,2364.1875,0,2923.1875,0
2011-04-09,0.29460296,0.0,11.492252,1.0206286,-1.538533,-7.076936,-0.046925157,1.2212267,-0.005791719,-0.009312231,-3.958121e-09,0.0027198573,300.65265,284.75354,307.08664,4.260205,97048.01,76150.77,101265.16,5797.0503,1.5069555,-3.8354633,7.2119813,2.5098348,0.3977981,-3.6667378,4.5577903,1.7248923,4,99,0,0.6886993199586868,0.22956643998622894,0.71636485675117,0.10233783667873857,0.7736954454157967,0.05526396038684262,0.8240843629077972,0.02746947876359324,0.19299614,0.29460296,0.0,102.07031,-59.851562,87.28125,48.803223,1.0663885814802987,0.447206702385732,1.7566649190017156,0.8830911791654116,-3.3398569311414446,1.0386213043322223,-2.8030482786042348,1.0012049579669065,5.768686771392822,0.982237851123872,6.489449569157192,1.230321773381409,2.0792027371270314,0.39113260303236075,2.193138914448874,0.42720188017320404,-0.80397886463574,0.6844028877451148,-0.5992476287314535,0.8080944603146976,-4.4119969095502585,0.49329813229356506,-4.3759004558835715,0.8788090890432665,2.8913768359592984,1.046244205940928,2.9233461959021434,0.9239212354911872,1.5741443293435233,0.12096251887562061,1.4549131563731603,0.24634041024408565,0.03227091,-0.63249207,-0.014153548,-0.21517968,62.573526870571975,-8.0,998.0,86.1496837391128,14.45807132835369,556.4395744373328,37.602601419573794,211.39999999999964,2351.375,0,2351.375,0,3110.96875,0
2011-04-10,0.79731005,0.0,21.474361,2.7609088,-1.4404607,-5.33619,-0.03708456,1.1572782,-0.005707316,-0.009342423,-1.9557774e-08,0.0028930688,299.34497,282.0845,307.02084,4.695965,97096.74,76135.586,101258.19,5814.3765,1.4204631,-6.0753493,6.539519,2.6082644,-0.085001506,-6.5685325,4.032664,2.206727,4,100,0,1.3281063735485077,0.44270212451616925,1.5131094235694036,0.21615848908134336,1.5559212777588982,0.11113723412563559,1.6210913659210746,0.05403637886403582,0.5238714,0.79731005,0.0,289.0547,64.52344,233.51562,56.348145,1.161843912942069,0.44024289857490567,1.6568302384444646,0.8313472361481217,-3.856201103755406,1.3733505296384414,-3.083989884172167,1.306714703130211,6.112839494432722,0.6916190064541751,6.452895641326904,1.2199036986900424,2.234329410961696,0.34624425079242116,2.2394820622035434,0.4350220798386064,-0.5516546634691102,0.545417143813843,-0.6630643661150576,0.7187106677372473,-4.726905890873501,0.9499335745739919,-4.610734956605094,0.995235087870003,3.271716390337263,0.8702466999249847,2.9095228910446167,0.9041657460627477,1.6953412294387817,0.23754434473678998,1.501744304384504,0.3179449043627236,0.1831752,0.43901587,-0.0026109554,-0.3577758,62.573526870571975,-8.0,998.0,86.1496837391128,14.45807132835369,556.4395744373328,37.602601419573794,211.39999999999964,2332.625,0,2388.15625,0,3254.75,0
2011-04-11,2.262805,0.0,43.222904,4.965281,-1.32588,-4.5439324,-0.027420232,1.0089827,-0.004255198,-0.0098055145,4.4237822e-08,0.0025038435,297.284,280.41257,306.7128,5.149881,97159.41,76128.555,101255.71,5827.1436,1.0498316,-4.553177,5.583664,2.37849,-1.2372572,-5.935335,4.7284017,2.1242523,4,101,0,3.3547179996967316,1.1182393332322438,3.774072668980807,0.5391532384258296,3.8181025863450486,0.2727216133103606,3.8838963509674613,0.12946321169891536,1.4476473,2.262805,0.0,358.35938,70.17969,265.97656,75.72266,1.079392637525286,0.38976076430135814,1.489808929818017,0.6773988671914367,-4.220932109015329,1.1124944923480629,-3.261404914515359,1.3268217526657753,6.123056139264788,0.6817240703190375,6.228367260524204,1.046021692878063,2.3534961427961076,0.16561940709375292,2.231565373284476,0.4311165905627253,-0.6244660796863692,0.6037205148226017,-0.7515710086694786,0.706727160926755,-4.92084400994437,1.0479359158122838,-4.615349548203604,1.0016557560454795,3.5822018555232455,0.9554599082266102,2.96669910635267,0.9943337101902132,1.7562181268419539,0.2876858681527129,1.5185862694467818,0.34509183439015284,0.26077068,0.8779893,0.010294838,-0.46158803,62.573526870571975,-8.0,998.0,86.1496837391128,14.45807132835369,556.4395744373328,37.602601419573794,211.39999999999964,2331.96875,0,2506.65625,0,3258.0,0
2011-04-12,0.66313833,0.0,32.91607,2.303804,-1.5796937,-5.889383,-0.039470147,1.0272018,-0.004832894,-0.010010427,1.0244548e-08,0.0025384256,298.6166,283.6047,307.98825,4.750924,97101.03,76146.164,101238.71,5794.3467,0.9380128,-2.531842,4.665505,1.4130018,-1.0301323,-4.0252404,3.5025508,1.7041031,4,102,0,3.72325336933136,1.2410844564437866,4.433004209771752,0.6332863156816789,4.480898030975368,0.3200641450696691,4.547034680950219,0.15156782269834063,0.42561436,0.66313833,0.0,223.86719,-38.820312,197.85156,83.89258,1.0289786117417472,0.38055616458128744,1.3724931223051888,0.6131654132682002,-4.026793548039028,1.2849177397040201,-3.2635150381496976,1.3255445142392714,5.8470089094979425,0.8320768972284547,5.979029893875122,0.9639510690285571,2.2301674570356096,0.39511175267960047,2.1373086145945956,0.4566460719060288,-0.6656470564859254,0.622599672577898,-0.8019473472876208,0.6990659108261521,-4.792708737509591,1.1012259493476249,-4.649126461574009,0.9705431749152731,3.7828003679003035,0.7071427045869998,3.0138315643583025,1.0035994339681078,1.777852143560137,0.2752528640475306,1.550316802092961,0.3398572785634609,-0.028473854,-0.7405796,0.0072950386,-0.3860631,62.573526870571975,-8.0,998.0,86.1496837391128,14.45807132835369,556.4395744373328,37.602601419573794,211.39999999999964,2329.3125,0,2594.59375,0,3258.0,0
2011-04-13,0.08961102,0.0,6.6013336,0.39173326,-1.5573614,-5.8891,-0.050273497,1.1095347,-0.005273081,-0.010031065,8.614734e-09,0.002601245,300.4621,285.52628,307.74216,4.2867827,97033.766,76237.87,101153.32,5753.855,0.9501797,-3.0835316,5.786667,1.8749638,-0.7973971,-2.9935825,2.8045132,1.2056233,4,103,0,3.0155543386936188,1.0051847795645397,4.501563712954521,0.6430805304220745,4.56629172101384,0.3261636943581315,4.636645704614693,0.15455485682048978,0.057920974,0.08961102,0.0,145.85938,-33.804688,132.38281,58.254395,1.068708096231733,0.35040852675152107,1.3169761044638497,0.6137439181700569,-3.827843632016863,1.3112848700472355,-3.255917523588453,1.326303528566293,5.90600231715611,0.8071949766295138,5.896824359893799,0.9241739224456015,2.183988537107195,0.4177122449325425,2.0762612308774675,0.42757292567313593,-0.6694126820990017,0.6234225071949463,-0.8702107034623623,0.6424554839161791,-4.525494132723127,1.2915189228157884,-4.642612559454782,0.982087480546622,3.783413444246565,0.7061500163587017,2.9994046006883894,1.0051635944551829,1.728533455303737,0.3448372251193302,1.547821385519845,0.34242519971832525,-0.16712356,-0.21984673,-0.008682024,-0.09602988,62.573526870571975,-8.0,998.0,86.1496837391128,14.45807132835369,556.4395744373328,37.602601419573794,211.39999999999964,2309.53125,0,2662.5625,0,3258.0,0
2011-04-14,0.71608096,0.0,18.00108,1.8951615,-1.4958818,-6.190301,-0.047252513,1.0662264,-0.0054385187,-0.009123,-3.306195e-08,0.0026533457,301.409,285.13196,307.94223,4.563593,96871.55,76152.44,101024.09,5729.4854,1.4750811,-1.409818,6.590426,1.9593066,-0.13298061,-3.0819664,3.4701576,1.108622,4,104,0,1.4688303172588348,0.48961010575294495,5.059741675853729,0.7228202394076756,5.26246619730955,0.37589044266496785,5.352726668226296,0.17842422227420987,0.47738588,0.71608096,0.0,73.0,-67.828125,67.375,27.94873,1.2148746677807398,0.24895432508784052,1.2590048568589347,0.550138849030049,-3.404446687017168,1.5604996301550953,-3.1616844620023454,1.41078979278985,6.0560199192592075,0.8252822727569916,5.856105770383563,0.8754909193230884,2.126635806901114,0.41695404172335065,2.025831196989332,0.39298826293046746,-0.5044868215918541,0.5841382269187474,-0.8543434850871563,0.6586936002551492,-4.299305132457188,1.3972727077215947,-4.599074142319815,1.039338426387998,3.8282524858202254,0.6686617957229251,3.0536619424819946,1.008866853534369,1.6584938083376204,0.41765669866727456,1.5444645370755876,0.34676859736349686,-0.21083558,-1.9774604,0.0017564818,-0.057039857,62.573526870571975,-8.0,998.0,86.1496837391128,14.45807132835369,556.4395744373328,37.602601419573794,211.39999999999964,2292.09375,0,2775.46875,0,3258.0,0
2011-04-15,0.41151124,0.0,10.634899,1.0963367,-1.5888853,-6.0600514,-0.053005766,1.0902665,-0.0055898475,-0.009199218,7.147901e-08,0.0027381792,302.03833,285.41464,308.18887,4.684549,96732.6,76055.82,100885.1,5710.1943,1.9269125,-1.1232243,7.448553,2.0373611,0.020670447,-2.696792,2.9657242,0.97990334,4,105,0,1.2172032296657562,0.4057344098885854,5.235059559345245,0.747865651335035,5.667270086647477,0.4048050061891055,5.764234005315757,0.19214113351052522,0.25969684,0.41151124,0.0,-49.226562,-183.71094,-43.945312,25.62793,1.3239194750785828,0.3635479980383744,1.205577211720603,0.4238890843540696,-3.2303436313356673,1.7547002957543194,-3.162252128124237,1.4099043510097746,6.26090213230678,0.9772514573319511,5.885102374213083,0.9232319360252538,2.1116032089505876,0.41817811890428425,2.0286701917648315,0.392912304971685,-0.40918574216110365,0.6109240285587155,-0.7836813631334475,0.697418066357721,-4.138312373842512,1.5206732656395348,-4.4095403126307895,1.1298190134362371,3.7231145245688304,0.7453422664780583,3.1211923020226613,0.9650671499013879,1.5791604689189367,0.4912329672975047,1.5275919778006417,0.36900730458060355,-0.21849239,-0.6477175,-0.0011113212,0.004954934,62.573526870571975,-8.0,998.0,86.1496837391128,14.45807132835369,556.4395744373328,37.602601419573794,211.39999999999964,2306.375,0,2923.1875,0,3258.0,0
2011-04-16,3.3721702,0.0,41.217804,5.8018765,-1.4360912,-5.599507,-0.037797503,1.0177228,-0.0046550906,-0.009742923,-8.218922e-08,0.0031024816,298.77115,279.15506,308.04544,6.3004575,96912.914,76035.57,100971.195,5720.341,1.2286779,-3.664437,7.486035,2.5207262,-1.1931187,-5.4452972,2.8027089,1.8126049,4,106,0,4.499762415885925,1.4999208052953084,8.31262680888176,1.1875181155545371,9.02899166563293,0.6449279761166379,9.1364042152004,0.3045468071733467,2.2390995,3.3721702,0.0,78.33594,-184.78906,26.945312,38.069336,1.2841655271393912,0.3553188760703049,1.175277054309845,0.4041577969932342,-3.2059113127844676,1.7460396857546587,-3.272884121962956,1.3819475607502858,6.300052642822266,1.0259785391291523,6.034369707107544,1.0035614605464385,2.1131591285978044,0.41992339385750155,2.096180932862418,0.39026202706623286,-0.6364595682493278,0.5539439245925712,-0.720219216442534,0.6044569468283529,-4.392392294747489,1.5763149908112688,-4.402194602148874,1.1221551098978826,3.47238860811506,0.7122299643670761,3.1818827220371793,0.9111658694512093,1.5916908468518938,0.49665857591456464,1.5829175880977087,0.3473955419072748,0.10244179,1.4774289,0.009127654,-0.20350385,62.573526870571975,-8.0,998.0,86.1496837391128,14.45807132835369,556.4395744373328,37.602601419573794,211.39999999999964,2388.15625,0,3110.96875,0,3258.0,0
2011-04-17,0.039158445,0.0,3.0517578,0.17877465,-1.9627941,-5.0349503,-0.04601177,1.2279837,-0.00531272,-0.009762901,1.3504177e-08,0.0026105084,299.14963,282.15598,307.84787,4.775551,96998.6,76063.91,101115.51,5748.6035,1.8084577,-0.795016,5.3513465,1.4009544,-1.2419437,-3.6826942,1.674687,1.1480738,4,107,0,3.8228398971259594,1.2742799657086532,7.554475199431181,1.079210742775883,9.067584623000585,0.6476846159286131,9.175562660052037,0.30585208866840125,-0.006306261,0.039158445,0.0,198.14844,-78.015625,119.67969,43.879883,1.3395933338574,0.4066752639411905,1.2507186233997345,0.4174808589355747,-2.451577978474753,1.4075710618349617,-3.15388954111508,1.5218781226471594,6.130313737051828,1.0767862683647638,6.121576615742275,0.8694782621694427,1.9406862599509103,0.43048268567446946,2.0875078354563033,0.40506358415478794,-0.8017370269766876,0.5342302594837967,-0.6766958452228989,0.5346591398240852,-3.9801296847207204,1.2574428963655142,-4.35351778779711,1.1385915746287865,3.13553478036608,0.9280048742577264,3.2036255853516713,0.867181251588626,1.44045467036111,0.43559123911832126,1.567897949899946,0.36208661446516305,-0.5223334,0.30123997,-0.008927207,0.07070553,62.573526870571975,-8.0,998.0,86.1496837391128,14.45807132835369,556.4395744373328,37.602601419573794,211.39999999999964,2506.65625,0,3254.75,0,3258.0,0
2011-04-18,0.11941316,0.0,6.7944527,0.5266923,-1.858395,-6.7076263,-0.05883258,1.3181894,-0.0057279896,-0.009868335,4.4237822e-09,0.0027536582,300.04776,283.495,306.91174,4.4703774,96840.4,75981.28,100936.25,5734.8687,1.5163999,-1.4543616,5.041447,1.7329316,-0.7654557,-3.5691345,2.0587547,1.0139112,4,108,0,3.5307418145239353,1.1769139381746452,5.411083374172449,0.7730119105960641,9.185156043153256,0.6560825745109469,9.294975819839692,0.3098325273279897,0.053914666,0.11941316,0.0,215.03906,-12.234375,59.703125,38.04492,1.406245938369206,0.3891249448219245,1.242819287947246,0.41080650857911866,-2.008890075342996,1.0873095507245207,-3.1149110921791623,1.5602088416218653,6.052854197365897,1.1402935704724644,6.087955168315342,0.9032995884210245,1.8484636374882288,0.3881251676828581,2.100979890142168,0.3884018550152737,-0.7343368099204132,0.4987067894791611,-0.6794014448033912,0.5350321379354714,-3.6421010153634206,0.9158985362414952,-4.281472512653896,1.1551017815858362,2.7541566405977522,0.6796130959761764,3.168179248060499,0.9050487301613922,1.2818345172064645,0.33582633451559957,1.519026322024209,0.38837870554312126,-0.5325149,-2.163694,-0.03141235,0.30920672,62.573526870571975,-8.0,998.0,86.1496837391128,14.45807132835369,556.4395744373328,37.602601419573794,211.39999999999964,2594.59375,0,3258.0,0,3258.0,0
2011-04-19,0.009657026,0.0,1.4896393,0.06627045,-1.7571675,-6.1857424,-0.05491334,1.2756033,-0.0057423143,-0.00955263,-1.6763806e-08,0.00275633,299.82703,283.92206,307.1295,4.662061,96821.07,76047.375,100863.28,5712.114,0.91797084,-2.5996616,5.158273,1.8987938,-0.879934,-3.4587924,2.2333462,1.0340478,4,109,0,0.16822863090783358,0.056076210302611194,4.757602070458233,0.6796574386368904,9.190606280229986,0.6564718771592847,9.304629721867968,0.3101543240622656,-0.006110181,0.009657026,0.0,253.32031,133.14062,75.75,1.300293,1.4033828037125724,0.39319677791828145,1.2161807077271598,0.41944880954518715,-2.018578588962555,1.0930330550000509,-3.0226860685007915,1.5489364780459443,6.123249667031424,1.0521775078443323,5.985129288264683,0.9225240531330604,1.9178625004632133,0.33740172725988554,2.0740149787494113,0.38839805975014907,-0.7128799126616546,0.48695166759534037,-0.68926348457379,0.5375386907482113,-3.5611798763275146,0.9013128742202342,-4.176944306918553,1.1588688984139621,2.572841695376805,0.6126809403159674,3.1778210316385542,0.8934192055035701,1.186112335750035,0.2874091971468001,1.481982239655086,0.4091036275660945,-0.17747378,-0.29635954,-0.015443191,0.24840152,62.573526870571975,-8.0,998.0,86.1496837391128,14.45807132835369,556.4395744373328,37.602601419573794,211.39999999999964,2662.5625,0,3258.0,0,3258.0,0
2011-04-20,0.006665957,0.0,1.004219,0.056309257,-1.8080993,-5.744382,-0.057428375,1.3967574,-0.005874599,-0.010064701,-5.3551048e-08,0.0027782922,300.7367,284.79065,307.57825,4.373699,96843.26,76134.25,100901.49,5693.182,0.87610614,-1.8242575,5.438316,1.8362967,-0.6664752,-3.6124928,1.7577057,1.0000834,4,110,0,0.13573614321649075,0.04524538107216358,4.674657003954053,0.6678081434220076,9.176220716908574,0.655444336922041,9.31105823678081,0.31036860789269366,-0.111385144,0.006665957,0.0,287.5703,231.69531,129.13281,-5.904785,1.3928008675575256,0.4081392767899881,1.2307544818946294,0.4022828381932457,-1.8386822853769575,0.9870346607938713,-2.8332629586969102,1.5193850631732475,6.073485238211496,1.078654709102212,5.989743777683803,0.9193867153849975,1.9123386314937048,0.33853573002195453,2.04816358430045,0.39152734551102275,-0.6941767840513161,0.48567704611398194,-0.6817947330751589,0.5370412751795967,-3.649595635277884,0.8660190700609897,-4.087544884000506,1.150025236131028,2.4232977628707886,0.6716272415784847,3.1033556035586765,0.967673153534855,1.1567495039531164,0.2954699983372877,1.4426414796284266,0.4280160398728848,-0.2507379,0.14471817,-0.007154878,0.28722262,62.573526870571975,-8.0,998.0,86.1496837391128,14.45807132835369,556.4395744373328,37.602601419573794,211.39999999999964,2775.46875,0,3258.0,0,3258.0,0
2011-04-21,0.017909316,0.0,1.1739731,0.09432739,-1.7248452,-5.649237,-0.05581835,1.3625133,-0.006128489,-0.010192677,2.9802322e-08,0.0028746745,301.6078,286.36108,308.1969,4.22075,96853.31,76222.81,100956.57,5677.386,0.97989726,-2.627498,5.6083827,1.9134283,-0.8082407,-3.551263,2.2322655,1.0350345,4,111,0,0.03423229977488518,0.011410766591628393,3.9764853566884995,0.5680693366697857,9.036227032542229,0.6454447880387306,9.323612605250673,0.3107870868416891,-0.02920075,0.017909316,0.0,150.03125,196.40625,91.52344,-11.275391,1.3220603210585458,0.4336196096676908,1.2684674944196428,0.34420879242220537,-2.0126365508352007,1.0059746092466313,-2.7085416189261844,1.4534531336971992,5.933193343026297,1.063978056544184,5.994606631142752,0.917003611040956,1.9057845899036951,0.33791842021464563,2.016210198402405,0.3821951374274149,-0.7906425121639457,0.4179759046381746,-0.6475646668778998,0.5100622682499136,-3.7166380201067244,0.8322597499999124,-4.007971576281956,1.1455068492100546,2.246456027030945,0.487880737079057,3.037354256425585,0.9949138885686069,1.1462370157241821,0.29875848796052845,1.4023654120309013,0.4385804976499821,-0.22896338,0.5410638,-0.008565836,0.29628694,62.573526870571975,-8.0,998.0,86.1496837391128,14.45807132835369,556.4395744373328,37.602601419573794,211.39999999999964,2923.1875,0,3258.0,0,3258.0,0
2011-04-22,0.0,0.0,0.0,0.0,-1.6749375,-5.9129505,-0.0571364,1.3499752,-0.00630675,-0.011376934,4.5169145e-08,0.0029583788,302.28677,288.02963,308.35873,3.8012161,96816.6,76279.914,100934.72,5665.4424,1.1816708,-1.8158302,5.781948,1.9997393,-0.66324013,-3.7699394,1.9009997,1.1591281,4,112,0,0.024575273506343365,0.008191757835447788,3.5649741142988205,0.509282016328403,8.800033673644066,0.6285738338317189,9.298706944129663,0.3099568981376554,-0.0063041574,0.0,0.0,-9.4296875,68.86719,-27.734375,-19.489258,1.2155972123146057,0.3422177786895686,1.2697583436965942,0.34381892860918467,-2.111580261162349,0.9355086837069132,-2.670961946249008,1.470363846279959,5.69510691506522,0.828860641351361,5.978004523686001,0.9187205584741247,1.9004100390842982,0.33576927778511967,2.006006624017443,0.38046455659258965,-0.8883440239088876,0.2378398237718402,-0.6487648830349956,0.5100791800555436,-3.8699448108673096,0.7016850966352383,-4.004128592354911,1.1462624533347476,2.094352517809187,0.38039687376230635,2.9087335211890086,1.0185378326844314,1.1718405485153198,0.2896694398336734,1.3755005087171281,0.44132602519194986,-0.08605218,0.14710093,-0.0041306354,0.25970876,62.573526870571975,-8.0,998.0,86.1496837391128,14.45807132835369,556.4395744373328,37.602601419573794,211.39999999999964,3110.96875,0,3258.0,0,3258.0,0
2011-04-23,0.0,0.0,0.0,0.0,-1.695724,-6.5827975,-0.06157206,1.4370117,-0.006439514,-0.010949902,2.1187589e-08,0.0029823969,303.23914,289.88852,308.39047,3.6716928,96684.88,76214.71,100851.836,5664.035,1.6404636,-1.8620657,6.5844674,2.108695,-0.14167479,-3.5757225,2.6575947,1.1657944,4,113,0,0.01790931634604931,0.00596977211534977,0.19280390441417694,0.02754341491631099,8.505430713295937,0.607530765235424,9.29284899358754,0.30976163311958466,-0.028810928,0.0,0.0,-85.55469,1.1640625,-121.21094,-28.922852,1.2744237439973014,0.37832844159966994,1.2792946355683463,0.3526422941033614,-1.8540986350604467,0.63742643694011,-2.530004973922457,1.4445040028497476,5.5663115637643,0.5146975212973858,5.933182103293283,0.8677818276829925,1.8415484428405762,0.22759017554008715,1.9773537857191903,0.3537709976837755,-0.7381377518177032,0.328151533356789,-0.6872986600335155,0.44057727761627097,-3.602862698691232,0.09972744595128248,-3.9976274967193604,1.1485789388184167,2.073621920176915,0.3368173110968893,2.7730052641459872,0.9018026137720822,1.0794390439987183,0.07432096691914758,1.335564945425306,0.43248537247490526,-0.25963283,-0.9832907,-0.023774557,0.41928887,62.573526870571975,-8.0,998.0,86.1496837391128,14.45807132835369,556.4395744373328,37.602601419573794,211.39999999999964,3254.75,0,3258.0,0,3258.0,0
2011-04-24,0.00021986841,0.0,0.057697296,0.002538101,-1.6988167,-7.3895655,-0.06098091,1.5220073,-0.0068218503,-0.01125806,3.4924597e-09,0.0032234676,303.697,290.40112,308.92398,3.7187827,96634.7,76191.97,100863.81,5675.881,2.3188267,-1.5869726,7.2046533,2.3954427,0.2708191,-2.5563824,2.9381244,1.1415248,4,114,0,0.00021986840874888003,7.328946958296001e-05,0.15386532797128893,0.02198076113875556,7.70834052740247,0.5505957519573192,9.281673976627644,0.3093891325542548,-0.051902756,0.00021986841,0.0,-15.0,43.625,-39.78125,-15.524414,1.3473335930279322,0.5207636569400333,1.343463463442666,0.4489035386180227,-1.9672352927071708,0.46511212377527644,-2.209406635590962,1.0379925492983564,5.831069673810687,0.7891722218816926,5.980691705431257,0.9201581517083222,1.983618208340236,0.21686122071470368,1.9621522341455733,0.32822551147343393,-0.5220287782805306,0.4249220374985815,-0.6618829026286092,0.4859243937677282,-3.441961015973772,0.4014963326565455,-3.7110453503472463,0.939224760624552,2.2541129759379794,0.4165036572063397,2.6948238781520297,0.8286771408649979,1.0785034724644251,0.07334782552775987,1.2594790714127677,0.35401522462303736,0.2639774,-2.3546152,-0.01496914,0.29402363,62.573526870571975,-8.0,998.0,86.1496837391128,14.45807132835369,556.4395744373328,37.602601419573794,211.39999999999964,3258.0,0,3258.0,0,3258.0,0
2011-04-25,0.001378571,0.0,0.36859512,0.017050754,-1.6656398,-5.7210455,-0.051421575,1.5732124,-0.0069157695,-0.010786293,-5.6345016e-08,0.0032566418,303.91156,291.09674,309.3007,3.7578244,96654.61,76214.09,100897.586,5689.131,2.6749425,-2.3325107,7.64572,2.3722298,0.52162015,-2.8407772,4.267092,1.3408152,4,115,0,0.0015984394412953407,0.0005328131470984468,0.03583073921618052,0.005118677030882931,5.44691411338863,0.38906529381347355,9.280724598153029,0.30935748660510093,-0.055928435,0.001378571,0.0,25.765625,63.171875,26.78125,-8.95459,1.5128396834645952,0.726794886955599,1.4595428109169006,0.5627994570449962,-2.092685171536037,0.4199600544340012,-2.050787623439516,0.7930577000064075,6.203108651297433,0.951955696080468,6.127981424331665,1.0121550446830858,2.0749465227127075,0.2280211682791737,1.9617050801004683,0.32761839132911935,-0.33816079582486835,0.5592624309791434,-0.5362488028726408,0.5490020030067331,-3.3379099709647044,0.45399310436646545,-3.4900054931640625,0.7121874145752926,2.569589768137251,0.8522610261394694,2.6618732043675015,0.7467140405096916,1.1252040352140154,0.11665340607462533,1.20351927621024,0.2548287422247698,0.19275522,0.98658085,0.007411003,0.255023,62.573526870571975,-8.0,998.0,86.1496837391128,14.45807132835369,556.4395744373328,37.602601419573794,211.39999999999964,3216.625,0,3216.625,0,3216.625,0
2011-04-26,0.0020534068,0.0,0.30231476,0.01768225,-1.643697,-5.684569,-0.056519862,1.6031696,-0.007021265,-0.011018206,1.3034791e-05,0.00331061,304.06522,291.26193,309.6055,3.7572353,96715.32,76273.45,100940.836,5693.2188,2.6350698,-2.4245155,7.20553,2.2209404,0.60992175,-3.6628945,4.284412,1.5282122,4,116,0,0.003651846229331568,0.0012172820764438559,0.028227119735674933,0.0040324456765249905,4.785829190193908,0.34184494215670774,9.26769378298195,0.30892312609939837,-0.09773106,0.0020534068,0.0,-81.57031,-57.109375,-67.10156,2.5957031,1.7581395421709334,0.780353797555701,1.5807611729417528,0.621525278608084,-2.0676642996924266,0.3887807106064824,-2.0431214443274905,0.7885557941367891,6.495573929377964,0.8899189221169215,6.309411798204694,0.9559283817272685,2.12096745627267,0.21886862763523438,2.0194149783679416,0.2928429732921358,-0.12532425778252737,0.6006792485977029,-0.41910208522209097,0.6073840936691864,-3.367067405155727,0.46934523607168455,-3.464123640741621,0.6976762455727922,2.862599151475089,1.0475898447156653,2.717720423425947,0.8380743654373961,1.1957989420209612,0.18297027892906362,1.190955638885498,0.23152029710811498,0.113470435,0.5011735,-0.001606524,0.32756627,62.573526870571975,-8.0,998.0,86.1496837391128,14.45807132835369,556.4395744373328,37.602601419573794,211.39999999999964,3169.84375,0,3169.84375,0,3169.84375,0
2011-04-27,0.004040033,0.0,0.98228455,0.035398778,-1.6139807,-6.713982,-0.053968042,1.5812745,-0.007014074,-0.0111058075,5.437294e-06,0.0033304102,303.903,290.86777,309.4017,3.6905634,96611.0,76150.4,100844.74,5699.232,2.8232336,-2.7962487,7.373958,2.25275,0.46397606,-4.747484,4.287021,1.7569387,4,117,0,0.007472010911442339,0.002490670303814113,0.025601195666240528,0.00365731366660579,4.7002581996202935,0.3357327285443067,9.271110139612574,0.30903700465375245,-0.18542926,0.004040033,0.0,-179.67188,-128.36719,-165.00781,4.715332,2.036300608089992,0.7603222661268914,1.7145507378237588,0.6746695722289436,-2.2065201827457974,0.4552516281045115,-2.0226012340613773,0.7627135420827964,6.772094249725342,0.8031452626325006,6.422789743968418,0.9829085838443105,2.1804607766015187,0.18210520599944893,2.046399704047612,0.2958983291815719,0.036168775388172696,0.582632517368208,-0.32900400433157173,0.6396497411249918,-3.5292090347834995,0.7051001430354638,-3.589402335030692,0.7612568916465803,3.223929933139256,1.0391451498077289,2.823613848005022,0.9376310704780719,1.3039211205073766,0.2567778442122462,1.2303353122302465,0.27668817267702434,0.19411862,-0.9696002,0.0034603328,0.18451715,62.573526870571975,-8.0,998.0,86.1496837391128,14.45807132835369,556.4395744373328,37.602601419573794,211.39999999999964,3123.0625,0,3123.0625,0,3123.0625,0
2011-04-28,0.05767621,0.0,2.418995,0.22883523,-1.4344023,-4.9975057,-0.03661123,1.4087437,-0.006784522,-0.011191687,1.5744008e-06,0.003260336,303.58035,290.82703,309.68713,3.7419426,96470.45,75914.336,100739.29,5736.2783,3.0984786,-1.4251995,7.626599,2.2353475,1.2882333,-4.265337,5.896935,1.8985398,4,118,0,0.06376965087838471,0.021256550292794902,0.06536809031968005,0.00933829861709715,4.0418534470081795,0.2887038176434414,9.328443465259625,0.31094811550865414,-0.013895772,0.05767621,0.0,-165.375,-188.98438,-132.19531,22.742676,2.338955078806196,0.6879408343739404,1.8305076999323708,0.7639469204324097,-2.0347632680620467,0.4950186785759302,-2.0236999094486237,0.76177343745627,7.060410840170724,0.666373544228961,6.496802091598511,1.0341769500456282,2.2264492341450284,0.1389697101958634,2.066116912024362,0.2988309251407404,0.3356650599411556,0.6142089591281884,-0.227488726111395,0.7721961502714819,-3.6312195914132253,0.7584581047597811,-3.673928805759975,0.7662610022668828,3.747454149382455,1.336784090633446,2.9969550882067,1.2414507544079367,1.4272790125438146,0.3083181091123737,1.2867580141339983,0.32608944704079706,0.29044282,0.6517315,0.01920712,0.046230435,62.573526870571975,-8.0,998.0,86.1496837391128,14.45807132835369,556.4395744373328,37.602601419573794,211.39999999999964,3081.09375,0,3081.09375,0,3081.09375,0
2011-04-29,0.2960147,0.0,5.9871674,0.7481977,-1.3636664,-6.106404,-0.04340568,1.3328856,-0.0064817662,-0.01028101,1.0148622e-05,0.0030863467,302.62726,288.7192,307.7174,3.8450441,96515.98,75967.06,100745.12,5724.012,3.1327527,-2.163108,7.7463565,2.621261,1.2142485,-4.2614255,6.1772137,1.8837088,4,119,0,0.3577309404499829,0.11924364681666096,0.36138278667931445,0.05162611238275921,3.926356900978135,0.28045406435558107,9.620240827993257,0.3206746942664419,0.0021823049,0.2960147,0.0,-92.984375,-132.01562,-32.851562,28.531738,2.6176810605185374,0.5142253069203936,1.9166391364165716,0.8398571745267068,-2.084374393735613,0.4867533307571622,-2.097977327448981,0.716574241740842,7.34104061126709,0.397723762992349,6.518073763166155,1.0580463487595637,2.3152380330221995,0.1659167282088988,2.1078240360532488,0.33327098440067815,0.6038777274744851,0.5056426550601706,-0.14223314821720123,0.8623310894530493,-3.7014318874904086,0.7952945056127558,-3.785688349178859,0.7258162551804554,4.3583418641771585,1.32941094659708,3.226347190993173,1.5041475643811433,1.5307905503681727,0.32449476720327686,1.3513155494417464,0.34930582735353166,0.31127107,-0.19345331,0.01373072,-0.017089605,62.573526870571975,-8.0,998.0,86.1496837391128,14.45807132835369,556.4395744373328,37.602601419573794,211.39999999999964,3059.59375,0,3059.59375,0,3059.59375,0
2011-04-30,0.225196,0.0,3.3159256,0.5171783,-1.5216861,-6.4292893,-0.06518164,1.2223754,-0.006325828,-0.0097437985,1.9845087e-05,0.0030078655,302.92316,288.65164,308.2615,3.998168,96667.875,76129.53,100860.07,5710.697,2.5596182,-2.000388,6.8400254,2.3544354,0.93037355,-2.6546593,4.886926,1.5005496,4,120,0,0.5788869112730026,0.19296230375766754,0.5865787905931938,0.08379697008474198,0.7793826950073708,0.05567019250052648,9.825530344591243,0.32751767815304145,-0.04360327,0.225196,0.0,-91.40625,-63.03125,-36.1875,6.041504,2.7489888668060303,0.2927715622570373,2.011706305401666,0.8312772211506685,-2.1041347129004344,0.47896974523505603,-1.9791166739804404,0.5569946841991809,7.377548898969378,0.3210369589339117,6.471930231366839,1.026191690000126,2.350343806403024,0.1386961198284088,2.0959461246218,0.3201271306223078,0.7570274897984096,0.39170864810967276,0.009444868990353175,0.8499335454641985,-3.569851432527815,0.8901026382773741,-3.586357065609523,0.6087303131420057,4.676817791802542,1.1015801351699679,3.375219855989729,1.561058535903027,1.5786127192633492,0.2838616778129904,1.3290258816310339,0.32683995175218616,0.17403793,0.15350819,-0.0036095828,-0.21463633,62.573526870571975,-8.0,998.0,86.1496837391128,14.45807132835369,556.4395744373328,37.602601419573794,211.39999999999964,3036.21875,0,3036.21875,0,3036.21875,0
2011-05-01,0.10065482,0.0,5.3749084,0.38581622,-1.5858968,-6.3608894,-0.07289765,1.314778,-0.006307314,-0.009928353,8.381903e-09,0.0029542402,303.42218,290.12308,308.47366,3.577257,96706.266,76205.52,100958.87,5698.8228,2.9796786,-0.80904454,8.456784,2.5961459,0.6968886,-2.334226,3.6801784,1.1761674,5,121,0,0.6218655183911324,0.20728850613037744,0.6870137403020635,0.09814482004315193,0.8408790682733525,0.06006279059095375,9.91947780965711,0.33064926032190367,-0.009860933,0.10065482,0.0,-125.4375,-124.58594,-54.929688,12.503906,2.8433962890080045,0.23096899241868296,2.0953649410179684,0.8673993551527303,-1.9930021337100439,0.6707981376904478,-1.9801187132086073,0.5547085395886774,7.556424754006522,0.5048545024483225,6.693747213908604,1.0984254717634099,2.3790156841278076,0.16735684786875693,2.181316946234022,0.2769906545185101,0.8178945652076176,0.332139144143596,0.1479328934635435,0.7858915503882818,-3.5381147861480713,0.9350843782576949,-3.490037901060922,0.6931451182225437,4.7828255040305,0.9284794686518563,3.5184692399842397,1.483075058920793,1.583561658859253,0.27513925940473555,1.3310325656618391,0.32572785882698374,0.11291981,1.028676,-0.011916742,-0.20722938,62.573526870571975,-8.0,998.0,86.1496837391128,14.45807132835369,556.4395744373328,37.602601419573794,211.39999999999964,2995.5,0,2995.5,0,2995.5,0
2011-05-02,0.050640028,0.0,3.7679672,0.2514612,-1.6963098,-6.421536,-0.07115209,1.5508286,-0.0068738484,-0.01115766,1.5657861e-06,0.0032120817,304.13983,291.32462,309.76846,3.6860173,96492.63,76020.99,100843.99,5705.2124,3.8822281,-0.5292161,9.271769,2.5834432,1.584896,-1.7278067,4.663551,1.2692355,5,122,0,0.37649085000157356,0.12549695000052452,0.7362751972395927,0.10518217103422753,0.7721059364557732,0.055150424032555226,9.959669206727995,0.3319889735575998,0.00775915,0.050640028,0.0,-113.36719,-156.63281,-43.679688,25.560547,3.0158656665257046,0.4401997983297308,2.2643526749951497,0.9702832612210536,-1.7353886195591517,0.8428791173105683,-1.9140368955475944,0.6660840102651521,7.788717406136649,0.8252252261499132,6.995913028717041,1.1872022981985813,2.409189019884382,0.1841292221397876,2.2420677712985446,0.2640507681342297,0.9697911100728172,0.4084326076776321,0.3158151571239744,0.825792562367968,-3.379119004522051,1.1445723220704165,-3.3585144877433777,0.8367922672616246,4.839462450572422,0.9035334495178877,3.7045261093548367,1.4488578070878653,1.5733359881809779,0.2867498362377687,1.3492700116974967,0.31352570497392357,-0.030670047,-0.7004905,-0.019730516,-0.02238381,62.573526870571975,-8.0,998.0,86.1496837391128,14.45807132835369,556.4395744373328,37.602601419573794,211.39999999999964,2924.03125,0,2924.03125,0,2924.03125,0
2011-05-03,0.049833585,0.0,1.6870499,0.17347069,-1.6529613,-6.775672,-0.06734814,1.6931254,-0.0069110966,-0.010850528,1.030392e-05,0.0032319673,304.19522,292.50986,310.5482,3.3946514,96387.98,75931.98,100741.195,5722.4824,3.7502286,-1.0884546,9.090582,2.8857355,2.7045174,-1.0781599,6.8475804,1.6173147,5,123,0,0.20112843066453934,0.06704281022151311,0.7840553750284016,0.11200791071834308,0.8122824947640765,0.05802017819743404,10.008937303820858,0.3336312434606953,0.012621395,0.049833585,0.0,-20.242188,-87.22656,25.210938,32.77539,3.1751740659986223,0.4794588160000829,2.466656804084778,0.963205816316509,-1.5445227793284826,0.8115099751071999,-1.8060935395104545,0.6688717802837593,8.058010510035924,0.9067425581733793,7.276792219706944,1.1841600323400137,2.504159757069179,0.23521066231819496,2.3125636066709245,0.29525639169145157,1.2690190545150213,0.7364227561754956,0.5718473983662469,0.9696740398780869,-3.009871210370745,1.4212524649040537,-3.188469307763236,1.0335905692593754,5.20562938281468,1.1316761415208016,4.034114267144885,1.6048742955718032,1.5860649177006312,0.28639035177664846,1.3909319298607963,0.30710330266227637,-0.009264231,-1.0911031,-0.010828275,0.08995581,62.573526870571975,-8.0,998.0,86.1496837391128,14.45807132835369,556.4395744373328,37.602601419573794,211.39999999999964,2844.28125,0,2844.28125,0,2844.28125,0
2011-05-04,0.1264466,0.0,3.929615,0.3919705,-1.3414062,-6.2286015,-0.059163433,1.2153739,-0.0068107606,-0.010351909,1.4171936e-05,0.0031422225,303.80652,291.2639,309.4325,3.3777173,96462.32,75944.555,100805.34,5738.4307,3.529326,-2.286747,8.733924,2.8614445,3.1622386,-0.84896153,7.218706,1.6042298,5,124,0,0.2269202172756195,0.0756400724252065,0.9064619466662407,0.12949456380946295,0.9320631423324812,0.06657593873803437,10.133542168914573,0.3377847389638191,-0.0007354617,0.1264466,0.0,70.078125,-12.8515625,111.546875,37.698242,3.2760444028036937,0.46719414959794475,2.656172505446843,0.8839395340693804,-1.4717368228094918,0.6950162007432311,-1.8391285027776445,0.6811462305590126,8.252291338784355,0.8810796747944113,7.512192794254848,1.1161921607361036,2.591116121837071,0.2392557664202167,2.385788449219295,0.295174799698461,1.6544851320130485,0.9264635435764181,0.8453269537006106,1.1215747683381028,-2.4529393996511186,1.3903699646990006,-2.9910742172173093,1.1973051872675784,5.624441521508353,1.269183268242628,4.424185727323804,1.6713073755220207,1.5642493622643607,0.276862567437081,1.4340852413858687,0.2899236281736477,0.27257442,0.48538065,-0.0051953904,-0.36590064,62.573526870571975,-8.0,998.0,86.1496837391128,14.45807132835369,556.4395744373328,37.602601419573794,211.39999999999964,2764.4375,0,2764.4375,0,2842.75,0
2011-05-05,0.12737294,0.0,5.2132607,0.4900242,-1.4358764,-8.4783325,-0.061233073,1.2675568,-0.0068022176,-0.010876152,2.8298236e-06,0.003130371,303.27866,290.2692,309.06308,3.5089216,96510.4,75984.4,100785.27,5704.0864,2.7620502,-3.1472843,8.098687,2.7224393,1.920589,-2.6586215,6.009144,1.9437727,5,125,0,0.30365312471985817,0.10121770823995273,0.9761586710810661,0.1394512387258666,1.0415267614007462,0.07439476867148187,10.256708315137075,0.3418902771712358,-0.334943,0.12737294,0.0,105.44531,77.953125,129.91406,8.879395,3.227983202253069,0.504333478876975,2.7834691405296326,0.7406851096773044,-1.7177489314760481,0.9380764837725861,-1.8762560997690474,0.7391226193098551,8.319732529776436,0.8424244072010744,7.690071684973581,0.9795216417472735,2.66070066179548,0.18268385343485663,2.443574947970254,0.274019353949245,1.7448216591562544,0.9155648713792943,1.040243359548705,1.046720085973798,-2.2234086224011014,1.1537981704283868,-2.9273141069071635,1.1889172360470186,5.640471356255667,1.2738983147874852,4.693962752819061,1.593282804527707,1.5707112039838518,0.2863310610438012,1.498995108263833,0.29538475234658534,-0.0014740229,-3.4808269,-0.024621844,-0.14118695,62.573526870571975,-8.0,998.0,86.1496837391128,14.45807132835369,556.4395744373328,37.602601419573794,211.39999999999964,2685.4375,0,2759.25,0,2842.75,0
2011-05-06,0.09864671,0.0,2.8676987,0.32082513,-1.3395981,-6.3758645,-0.06526709,1.1389761,-0.0063196197,-0.00950256,6.053597e-08,0.0028277088,303.05228,289.16553,307.76822,3.3425834,96605.8,76079.54,100727.414,5671.25,1.7612021,-3.0169194,8.1729,2.640892,0.8092314,-3.4680512,4.3534007,1.5595466,5,126,0,0.35246624797582626,0.11748874932527542,0.778790682554245,0.11125581179346357,1.1401734692335594,0.08144096208811138,10.334303502488183,0.34447678341627275,-0.23556706,0.09864671,0.0,99.140625,110.27344,66.671875,-19.663086,3.0320474079677036,0.7527456025849752,2.8248642342431203,0.6555836973834686,-1.8397219691957747,1.0539830821373681,-1.9620481814656938,0.7988620120341483,8.380667345864433,0.808793502219101,7.860853978565761,0.8160349653517265,2.6635051114218578,0.18212732402358683,2.4893715722220287,0.24631237043371276,1.686962068080902,0.9660867258777586,1.1454198977776937,0.9298361828522054,-2.1100694366863797,0.9392553142126185,-2.905750662088394,1.175116490134166,5.379926647458758,1.3310506643863818,4.869134255817959,1.383610109587549,1.52440231187003,0.2513491583754947,1.5275964311191015,0.278868917886182,0.024068356,-0.26946068,-0.021861412,-0.19390953,62.573526870571975,-8.0,998.0,86.1496837391128,14.45807132835369,556.4395744373328,37.602601419573794,211.39999999999964,2677.78125,0,2798.28125,0,2842.75,0
2011-05-07,0.0006603863,0.0,0.4014969,0.01287897,-1.3384427,-7.8754816,-0.06286241,1.1452554,-0.0065566353,-0.009712341,-4.8428774e-08,0.0029369532,304.19785,290.2506,309.78992,3.7233605,96542.51,76071.59,100711.19,5663.2676,2.1900122,-1.0388876,7.630383,2.3940086,0.7368695,-2.6798706,4.4817505,1.1278527,5,127,0,0.22668002953287214,0.07556000984429072,0.5542550649261102,0.07917929498944432,1.140833855519304,0.08148813253709315,10.177060888061533,0.3392353629353844,-0.1302581,0.0006603863,0.0,32.53125,81.203125,22.109375,-24.680664,2.9792465482439314,0.8027114547470008,2.8641177075249806,0.5926427321105544,-1.702364785330636,1.0915383001519703,-1.9032497491155351,0.8362082012892047,8.49357557296753,0.5809464620089133,7.935562235968454,0.7339401308687657,2.6691584246499196,0.17122244006759313,2.509751115526472,0.22310261327583036,1.6593186344419206,0.9937170900525212,1.2081730621201652,0.8635752385535023,-2.113671055861882,0.9417366718003349,-2.8417612441948483,1.1601232861191118,5.3220444066183905,1.3644531075729862,4.999431099210467,1.2375029854644204,1.4711599009377616,0.293228515584106,1.5248863101005554,0.2828119605614788,0.1832434,-1.4461923,0.0023192316,-0.07711995,62.573526870571975,-8.0,998.0,86.1496837391128,14.45807132835369,556.4395744373328,37.602601419573794,211.39999999999964,2704.53125,0,2832.59375,0,2842.75,0
2011-05-08,0.007718045,0.0,1.288414,0.06268874,-1.3575774,-6.30134,-0.06654463,1.2630472,-0.007164523,-0.010914722,-1.1315569e-07,0.0033015704,304.72385,291.3092,310.47668,3.7774327,96376.0,75970.41,100658.62,5671.2803,3.1425924,-1.030639,8.565471,2.633725,1.4986608,-2.397216,5.1575933,1.354639,5,128,0,0.10702513891737908,0.035675046305793025,0.46131829160731286,0.06590261308675897,1.1483320319093764,0.08202371656495545,9.948585573962191,0.33161951913207305,-0.17353414,0.007718045,0.0,-91.515625,-18.375,-43.328125,-15.220215,3.0025199481419156,0.8050842823292262,2.92295811857496,0.5749692599683723,-1.734021144253867,1.0641831521733587,-1.8635116389819555,0.8651138018754718,8.50910220827375,0.5812515982161374,8.032763481140137,0.7196670755910599,2.6745268617357527,0.16912800989497742,2.52677127293178,0.2228002875769536,1.7738575169018336,0.9066924559615648,1.2958760410547256,0.8224248294928354,-2.122669654233115,0.9444923041957987,-2.830392220190593,1.1639088078207664,5.533103670392718,1.1683244283024337,5.157964587211609,1.0860141380676631,1.496655855860029,0.27015550523335563,1.540108757359641,0.26581483137476375,0.2283194,0.05954933,0.0063530207,-0.051730752,62.573526870571975,-8.0,998.0,86.1496837391128,14.45807132835369,556.4395744373328,37.602601419573794,211.39999999999964,2720.0625,0,2842.75,0,2842.75,0
2011-05-09,0.075413294,0.0,2.4638176,0.25220573,-1.4808024,-6.1805234,-0.061346922,1.4329026,-0.0072484296,-0.010981816,1.8745195e-06,0.003337881,304.8398,291.4252,311.02206,3.733764,96361.96,75967.11,100673.06,5672.393,3.7349653,-1.3188642,8.506738,2.5956247,1.8177196,-3.1465328,6.7844567,1.9601251,5,129,0,0.08379172522109002,0.027930575073696673,0.48609155777376145,0.06944165111053735,1.2223667550133541,0.08731191107238244,9.729395907750586,0.32431319692501953,0.024716344,0.075413294,0.0,-37.335938,31.390625,12.703125,-11.29541,2.9814824036189487,0.7797922688419796,2.9986740350723267,0.6086080461979863,-1.8468280179159982,0.9510202460716426,-1.791108318737575,0.8652600266033873,8.39981208528791,0.47641995083588823,8.09426474571228,0.7208362843400281,2.676267078944615,0.1680941291360789,2.5427280494144986,0.2188453359522471,1.807118032659803,0.9028677310378935,1.3884545713663101,0.8012409280463153,-2.325344809464046,0.9964296823847411,-2.8522319069930484,1.1669832133759832,5.836090224129813,1.180187007422554,5.337776337351118,1.1344845870706481,1.59535436970847,0.2979927049909534,1.584345178944724,0.2811853422155054,0.21550739,0.24101257,0.009805169,-0.117926,62.573526870571975,-8.0,998.0,86.1496837391128,14.45807132835369,556.4395744373328,37.602601419573794,211.39999999999964,2726.59375,0,2842.75,0,2842.75,0
2011-05-10,0.06738361,0.0,3.686428,0.27566332,-1.4596007,-6.4285655,-0.06904779,1.4755168,-0.006932767,-0.010684775,1.0267831e-06,0.0031601877,304.67252,292.03796,311.43405,3.3920994,96373.58,75998.87,100686.414,5670.768,3.6084569,-1.7968864,9.055938,2.7920058,2.0153627,-2.949508,6.329138,2.1307194,5,130,0,0.15051494864746928,0.05017164954915643,0.5036415829090402,0.07194879755843431,1.2876969579374418,0.0919783541383887,8.999469463160494,0.29998231543868314,-0.018908083,0.06738361,0.0,-27.46875,13.8984375,20.039062,8.27002,2.961229290281023,0.7580359215708787,3.0682016781398227,0.6193792533031771,-1.9480325664792741,0.8927769833658488,-1.7462776729038783,0.8459617016927059,8.394862924303327,0.4681563733922609,8.226436717169625,0.7149641283090976,2.6628771168845042,0.15154603363804334,2.5835184369768416,0.20716228067555298,1.7086673719542367,0.822720427150682,1.488843213234629,0.7840546249111707,-2.592680241380419,0.8456816323672861,-2.801275725875582,1.1442157213245037,5.762026991162982,1.1209099108414868,5.483828186988831,1.1199692148954397,1.6686979021344865,0.3608500338972901,1.627381409917559,0.31589820886507225,0.19336057,0.34710646,-0.0016996488,-0.21760857,62.573526870571975,-8.0,998.0,86.1496837391128,14.45807132835369,556.4395744373328,37.602601419573794,211.39999999999964,2736.59375,0,2842.75,0,2842.75,0
2011-05-11,0.0595734,0.0,2.7074814,0.23858322,-1.3944668,-6.7035937,-0.056513824,1.4084431,-0.0071079666,-0.010671375,5.4570846e-06,0.0032211484,304.81635,291.28683,311.62576,3.6331162,96418.83,76030.46,100710.79,5646.0444,3.8787396,-1.6467718,8.623573,2.523746,1.7313248,-4.9244266,6.212862,2.4793227,5,131,0,0.2023703046143055,0.0674567682047685,0.43676837894599885,0.06239548270657126,1.3432303256122395,0.09594502325801711,6.796237878879765,0.2265412626293255,0.03278452,0.0595734,0.0,-21.046875,-21.976562,26.101562,10.047363,3.011145523616246,0.8113117638972168,3.14359496320997,0.6507145697451028,-1.85660753931318,0.8850447546333796,-1.664172181061336,0.7901581906601411,8.379098551613945,0.4565502556450809,8.31569494519915,0.6773657924342205,2.6146344797951833,0.13002192539740764,2.602875300816127,0.18539563374657508,1.5042511139597212,0.5254133946471312,1.5793681229863847,0.7277657858519109,-3.174889530454363,0.8480150237413732,-2.813914465052741,1.1680947895267053,5.618334974561419,0.9552870861700672,5.621388248034886,1.0791922915220087,1.7937111684254237,0.4698997493619183,1.6789802653448922,0.38918420158196304,-0.05306053,-0.47499228,0.002649609,0.19306922,62.573526870571975,-8.0,998.0,86.1496837391128,14.45807132835369,556.4395744373328,37.602601419573794,211.39999999999964,2759.25,0,2842.75,0,2842.75,0
2011-05-12,0.02404181,0.0,2.6025772,0.13699655,-1.3444216,-6.587959,-0.057942696,1.3602676,-0.007212863,-0.011686802,-8.8941306e-08,0.003293564,305.05737,291.7731,311.67188,3.693895,96404.95,76040.3,100684.79,5640.3984,3.6027102,-1.9780966,8.633272,2.6560712,1.4472042,-6.0783978,5.6589885,2.6351683,5,132,0,0.1509988196194172,0.05033293987313906,0.33343725267332047,0.04763389323904578,1.3095959237543866,0.09354256598245618,6.157141358038643,0.20523804526795478,-0.025523227,0.02404181,0.0,4.0625,-1.328125,35.398438,13.927246,3.131239822932652,0.8302913647310125,3.1796115125928606,0.661883880974867,-1.689580730029515,0.6896197977383955,-1.7036648307527815,0.791111914456918,8.45546783719744,0.44642592294488836,8.387600183486938,0.6515268562285882,2.6051533222198486,0.12308539297327983,2.6329269920076643,0.15240121640031504,1.436624722821372,0.4923175205748742,1.590723190988813,0.7241048680476777,-3.66342898777553,1.3421319254151245,-2.943418805088316,1.4156600858919812,5.568312781197684,0.9404649656244922,5.604392068726676,1.0763889637884831,1.892481974193028,0.5689283221792534,1.73159658908844,0.463794299044513,0.091454744,1.8903737,0.0032903776,0.09271085,62.573526870571975,-8.0,998.0,86.1496837391128,14.45807132835369,556.4395744373328,37.602601419573794,211.39999999999964,2798.28125,0,2842.75,0,2842.75,0
2011-05-13,0.047672,0.0,2.277851,0.19182293,-1.2089772,-6.7576413,-0.07172884,1.1663446,-0.006838118,-0.010152906,4.2375177e-08,0.0031178403,304.96643,293.21017,311.88687,3.414734,96495.164,76155.78,100693.125,5642.2983,2.2482803,-3.2749996,8.355901,3.139762,1.4358749,-3.7387836,5.310411,2.1498828,5,133,0,0.13128720968961716,0.04376240322987238,0.28246254462283105,0.040351792088975866,1.061253227177076,0.07580380194121972,6.115202334156493,0.20384007780521643,-0.014179513,0.047672,0.0,79.50781,101.67969,81.828125,13.98291,3.200822421482631,0.7076986773757183,3.1164349147251675,0.7073502928957794,-1.7264493363244193,0.774129931889798,-1.783085652760097,0.8903695147361209,8.481610774993896,0.43225408962896256,8.431139060429164,0.6252142204563308,2.6764204502105713,0.2380042582951743,2.6699627808162143,0.20371211882907103,1.5261452283178056,0.4091739608302688,1.6065536481993539,0.7176349269361445,-3.7021050453186035,1.339461558782868,-2.9060872410024916,1.3847845626232926,5.705028533935547,0.7923077814789085,5.542477590697152,1.065782640511389,1.9768157175609045,0.5549325130693048,1.7506090147154671,0.4758095590784599,0.13062084,-0.3817768,-0.006461747,0.027368546,62.573526870571975,-8.0,998.0,86.1496837391128,14.45807132835369,556.4395744373328,37.602601419573794,211.39999999999964,2832.59375,0,2842.75,0,2842.75,0
2011-05-14,0.3115332,0.0,4.079342,0.61124676,-1.4466072,-7.3255515,-0.06984873,1.2687627,-0.006816519,-0.010594075,1.4329562e-05,0.0031065003,305.36304,294.25305,310.96887,3.338844,96521.03,76167.32,100738.1,5664.4775,2.5972517,-1.5020403,7.7122746,2.5743053,1.679103,-2.170992,4.773466,1.2210109,5,134,0,0.3832470215857029,0.1277490071952343,0.5933353709988296,0.08476219585697566,1.1475904359249398,0.08197074542320999,5.710654583206633,0.19035515277355444,0.14100659,0.3115332,0.0,147.3125,133.47656,163.74219,26.33545,3.2589994839259555,0.6223467569063532,3.1191230160849437,0.7051395366583105,-1.7926140001841955,0.7237215033061809,-1.7474893927574158,0.89097523374949,8.493309565952845,0.40566675179107314,8.493442569460187,0.4813751199215851,2.702177115849086,0.21051658415246172,2.685667770249503,0.18514484059892422,1.6607500144413538,0.21531015382514734,1.6600343244416373,0.6907632275738146,-3.6294080870492116,1.4158209568835847,-2.8715395714555467,1.3975144766769014,5.746702194213867,0.7217746922351109,5.534373300416129,1.071566637530136,1.9901240382875716,0.5318150413803011,1.7306419696126665,0.49267670933953295,-0.10816455,0.5499301,-0.00698632,0.12350726,62.573526870571975,-8.0,998.0,86.1496837391128,14.45807132835369,556.4395744373328,37.602601419573794,211.39999999999964,2842.75,0,2842.75,0,2842.75,0
2011-05-15,0.18902278,0.0,3.5915375,0.42831734,-1.6064097,-6.9077287,-0.05855854,1.3923318,-0.0070022773,-0.010574795,5.59655e-06,0.0031958772,305.9807,294.64972,311.76584,3.3586338,96623.23,76293.836,100859.086,5666.5894,2.657677,-1.9813198,8.1087675,2.7823427,1.8127713,-1.7603664,5.4359226,1.3109506,5,135,0,0.5482279919087887,0.18274266396959624,0.7746401056647301,0.11066287223781858,1.235958397272043,0.08828274266228878,5.488166120281676,0.18293887067605585,-0.083250165,0.18902278,0.0,184.04688,162.47656,210.8125,19.206543,3.189725841794695,0.6631162866805995,3.0961228949683055,0.7152172682829767,-1.9284255334309168,0.6414212773663822,-1.831223338842392,0.8501455961923108,8.42806625366211,0.4282253334122432,8.468584230967931,0.4922761912723356,2.7234082221984863,0.20995590350343318,2.6989675419671193,0.18490693018260143,1.705622945513044,0.20852389126563797,1.7397402312074388,0.6330473542939439,-3.5384295667920793,1.524487552944789,-2.8305496105125973,1.4226758246250453,5.786463533129011,0.690919687066142,5.659783601760864,0.9314497043535039,1.9838828359331404,0.5406980217422718,1.7402693458965846,0.4822140876074726,-0.24883223,-0.60638857,0.007986091,0.12928462,62.573526870571975,-8.0,998.0,86.1496837391128,14.45807132835369,556.4395744373328,37.602601419573794,211.39999999999964,2828.5625,0,2828.5625,0,2828.5625,0
2011-05-16,0.22861785,0.0,4.076481,0.5364475,-1.4221114,-6.969289,-0.068501815,1.2032189,-0.006929272,-0.0104829455,-3.934838e-08,0.0031653084,306.09116,295.10904,312.21173,3.3962507,96791.13,76485.43,100973.47,5659.6655,2.0067594,-2.5283515,7.440724,2.7692142,1.9260883,-1.3330269,4.478456,1.1747702,5,136,0,0.7291738390922546,0.24305794636408487,0.9278446584939957,0.13254923692771367,1.4139362162677571,0.10099544401912551,2.344613757362822,0.07815379191209407,0.019444823,0.22861785,0.0,271.17188,282.60156,222.125,5.800293,2.9428392818995883,0.7431679869131789,2.9621608427592685,0.7320925936554302,-2.101209436144148,0.6120857543064158,-1.9740187270300729,0.7795963228179938,8.275778566087995,0.5637044988050839,8.337795325687953,0.5055292343187451,2.748206717627389,0.20246550401016908,2.712236898286002,0.1826305834260255,1.7211041961397444,0.22183136518542282,1.7641111143997736,0.6331951999570543,-3.279357297079904,1.740917506960387,-2.8023510532719746,1.4498669610244976,5.457034860338483,0.6854986704766277,5.6465625422341486,0.9478473257923383,1.8716892855507987,0.6218404302091295,1.7335218276296342,0.4899116472323198,0.058691025,-0.78876543,-0.007154893,-0.22968364,62.573526870571975,-8.0,998.0,86.1496837391128,14.45807132835369,556.4395744373328,37.602601419573794,211.39999999999964,2804.34375,0,2804.34375,0,2804.34375,0
2011-05-17,0.109150015,0.0,3.5448074,0.3500423,-1.366993,-7.696718,-0.077456236,1.1802536,-0.0070608743,-0.011833106,5.5180863e-08,0.0032841102,306.57074,295.3888,313.06522,3.5813925,96732.055,76441.086,100905.086,5645.7085,2.2643785,-1.2132136,7.192955,2.0727556,1.7532332,-1.4886385,4.318002,1.1586659,5,137,0,0.5267906412482262,0.17559688041607538,0.9696110635995865,0.13851586622851236,1.4732526465086266,0.10523233189347334,2.4146053273289,0.08048684424429667,0.0424245,0.109150015,0.0,162.09375,222.85156,118.75781,-5.7719727,2.7508280958448137,0.7156554213335813,2.8560286930629184,0.7165959682375744,-2.0178275959832326,0.6946402296824339,-1.9829300812312536,0.7693405995660643,8.009638173239571,0.5736752958413944,8.202250548771449,0.5412972872183948,2.645456688744681,0.3231012718010679,2.6541669028145924,0.2426180826720929,1.6836571182523454,0.18252083174829614,1.6961622451032912,0.5726648789384363,-3.0706616640090942,1.8698377234628292,-2.8316709526947568,1.4160740705793036,5.1697297777448386,0.6804989463140614,5.46587838445391,0.942376824292359,1.7328244958605086,0.6616185781476007,1.7007611989974976,0.5130680049064181,0.09260774,-1.2681527,-0.00840845,-0.29526317,62.573526870571975,-8.0,998.0,86.1496837391128,14.45807132835369,556.4395744373328,37.602601419573794,211.39999999999964,2776.6875,0,2776.6875,0,2776.6875,0
2011-05-18,0.015632916,0.0,2.1123886,0.117627434,-1.4113176,-6.328302,-0.05561415,1.3362334,-0.007529831,-0.012505218,-1.6298145e-09,0.0035063685,306.77438,296.4154,313.50803,3.5918932,96483.836,76211.54,100745.78,5648.459,3.2128615,-1.34489,7.1405025,2.0694933,2.3426564,-5.026088,6.3005314,2.1626904,5,138,0,0.3534007780253887,0.11780025934179623,0.9256705790758133,0.1322386541536876,1.3624389580218121,0.09731706843012944,2.3108250837831292,0.07702750279277097,-0.09685844,0.015632916,0.0,-5.546875,52.929688,42.0625,10.03125,2.655702659061977,0.570222866107711,2.8334240913391113,0.6984859492276386,-1.9747016259602137,0.729987893178637,-1.9156545826366969,0.7818090952253598,7.797770908900669,0.5829360260915217,8.088434730257307,0.5865355702576612,2.5805634430476596,0.3902582481730906,2.5975989614214217,0.2800145782626147,1.7709902014051164,0.31051072557334447,1.6376206576824188,0.43711299089537936,-3.085184761456081,1.8869521740058812,-3.130037145955222,1.4062080006553614,5.182253973824637,0.7033209702915818,5.400294474193028,0.8370730168842377,1.687591314315796,0.6109606837273842,1.74065124137061,0.526518855757978,-0.01685083,0.37529182,0.0008996725,-0.072209716,62.573526870571975,-8.0,998.0,86.1496837391128,14.45807132835369,556.4395744373328,37.602601419573794,211.39999999999964,2746.1875,0,2746.1875,0,2746.1875,0
2011-05-19,0.0059981504,0.0,1.9431114,0.08085799,-1.4315281,-6.4654326,-0.065294094,1.511443,-0.0076681837,-0.012128609,-7.706694e-08,0.003503127,306.65735,296.08035,313.06775,3.3989592,96149.14,75950.375,100479.375,5615.8516,3.9416685,-1.2032541,9.097853,2.5407665,2.7075908,-6.483361,7.8974576,3.0500693,5,139,0,0.1307810815051198,0.043593693835039936,0.9076269203796983,0.1296609886256712,1.2410641730530187,0.08864744093235848,2.3071662079601083,0.07690554026533694,0.0034560289,0.0059981504,0.0,-143.23438,-115.28125,-59.328125,17.68457,2.7041252681187222,0.6697507319807708,2.917682545525687,0.7578406931378113,-1.8640098401478358,0.7859861108594701,-1.7767952850886755,0.7161106001803655,7.864139556884766,0.7071307285496319,8.159803697041102,0.6456851938628279,2.5640913418361118,0.38897130784906825,2.58462233202798,0.2779863659599081,1.9510454280035836,0.4328097414414258,1.6938350754124778,0.519200953894924,-3.1430366209575107,1.997013576385459,-3.4032328043665205,1.6567836479843059,5.502035277230399,1.25147890471788,5.5351740292140414,1.064078412361111,1.7468628883361816,0.7272654358016203,1.8196724312646049,0.6318339553612472,-0.08710647,0.12252617,-0.0073513985,0.15117538,62.573526870571975,-8.0,998.0,86.1496837391128,14.45807132835369,556.4395744373328,37.602601419573794,211.39999999999964,2719.15625,0,2719.15625,0,2719.15625,0
2011-05-20,0.03406086,0.0,3.0374527,0.20173712,-1.5942487,-7.1505065,-0.061114773,1.8377063,-0.0076295617,-0.01262532,-5.9138983e-08,0.003417117,306.8376,295.4056,314.17667,3.5422363,95844.8,75751.12,100195.04,5563.9785,3.697264,-1.8644739,11.724475,3.1860642,2.5652802,-8.337983,8.306752,3.6213691,5,140,0,0.05569192487746477,0.018563974959154923,0.8940157787874341,0.1277165398267763,1.1764783234102651,0.08403416595787608,2.334561108989874,0.0778187036329958,0.022652723,0.03406086,0.0,-213.51562,-190.09375,-114.64844,0.064453125,2.9111229351588657,0.7268642497415589,3.0559726783207486,0.7054052085033352,-1.662506171635219,0.48845452884645074,-1.6944777539798193,0.6227421011003003,8.345364434378487,1.6350087387118244,8.413487604686193,1.1511049464501868,2.5707059587751115,0.40061192111342864,2.6235632044928416,0.32128708319663146,2.1123890365873064,0.41904793574064547,1.819267132452556,0.5008479982520723,-3.8000651257378713,2.814815829937706,-3.7510850855282376,2.118374906244704,5.930084024156843,1.6301499806852973,5.817556279046195,1.2368731788915768,1.9570752211979456,1.0178010686503551,1.966945469379425,0.7876244009987108,-0.38527143,-0.39286518,0.010614067,0.6713617,62.573526870571975,-8.0,998.0,86.1496837391128,14.45807132835369,556.4395744373328,37.602601419573794,211.39999999999964,2695.4375,0,2705.53125,0,2705.53125,0
2011-05-21,0.12897058,0.0,9.086609,0.55998915,-1.4036181,-7.557994,-0.060295913,1.434339,-0.007462422,-0.011619122,-2.3283064e-09,0.003345815,306.5295,295.48978,313.9382,3.3679245,95808.055,75672.51,100150.555,5573.3374,2.8817935,-2.200761,9.935103,2.8666108,2.9328842,-6.7738624,8.386375,3.8195672,5,141,0,0.16902958694845438,0.05634319564948479,0.7114531444385648,0.10163616349122354,1.3047885154373944,0.0931991796740996,2.4456223709566984,0.08152074569855662,0.07909109,0.12897058,0.0,-204.67188,-205.76562,-126.78906,-8.161621,2.9517717702048167,0.7142325211095646,3.105385627065386,0.6630362861939673,-1.7623234306062971,0.5205368388791097,-1.7774687153952462,0.6058433286297275,8.662911415100098,1.7058788590430982,8.578110490526472,1.1944810887111452,2.612463882991246,0.4159888014868407,2.657320499420166,0.3201385656145101,2.2915006365094865,0.46806620670462684,1.9761253254754203,0.47919233592594845,-4.457618049212864,2.9069482402161815,-4.0435130681310385,2.2383053928994308,6.446213926587786,1.7689547611493897,6.096458060400827,1.347749298848781,2.3282975469316756,1.1674728918993624,2.1592107926096236,0.8890438154889668,0.042989135,-0.23244238,0.009552818,0.16557634,62.573526870571975,-8.0,998.0,86.1496837391128,14.45807132835369,556.4395744373328,37.602601419573794,211.39999999999964,2675.625,0,2705.53125,0,2705.53125,0
2011-05-22,0.057371985,0.0,3.180027,0.19364004,-1.1444597,-6.846561,-0.06459514,1.0913781,-0.0070366752,-0.0100021195,7.613562e-08,0.0031584115,305.33487,294.59766,312.13565,2.954651,96151.3,75857.1,100393.15,5636.4653,1.65288,-4.951422,6.8924904,2.768927,3.18354,-4.358703,7.9835415,3.3558385,5,142,0,0.22040342167019844,0.07346780722339948,0.579802350141108,0.08282890716301543,1.354442455805838,0.096745889700417,2.5029943561239634,0.08343314520413211,0.0050610565,0.057371985,0.0,-20.421875,-103.875,-16.085938,15.131348,2.8082293442317416,0.8676756065016119,2.9989775930132185,0.7678588376106932,-2.1866237776620046,1.3221149573312823,-2.057524655546461,1.0072730689027778,8.489157540457589,1.8292128715388727,8.45861189705985,1.2766977385217027,2.6105473722730363,0.4151056735030157,2.6669777972357616,0.3214087631760386,2.4873247487204417,0.5184333643038939,2.096473847116743,0.5555478363875906,-4.828809005873544,2.660583496754709,-4.183619286332812,2.188156545738144,6.810159478868757,1.7884210280347335,6.298311505998884,1.4066533001196768,2.6204243898391724,1.1255692504076555,2.302153612886156,0.9103554231324774,0.46194994,0.061167717,-0.006036602,-0.30095375,62.573526870571975,-8.0,998.0,86.1496837391128,14.45807132835369,556.4395744373328,37.602601419573794,211.39999999999964,2669.375,0,2705.53125,0,2705.53125,0
2011-05-23,0.19727,0.0,3.7851334,0.428178,-1.1971074,-7.916529,-0.07020403,1.1329482,-0.0066102627,-0.009459079,-1.5599653e-08,0.0029799852,305.55267,295.39725,311.87463,2.941093,96445.42,76064.305,100627.63,5684.4478,2.1207151,-1.8067652,6.1122613,2.1081197,2.903413,-0.98414105,6.635244,1.9031979,5,143,0,0.38361256942152977,0.12787085647384325,0.5484545091167092,0.07835064415952989,1.476299167610705,0.10544994054362178,2.7002643620653544,0.09000881206884515,0.12267981,0.19727,0.0,112.359375,-20.351562,67.046875,44.895996,2.8245087351117815,0.8510417473797963,2.883674008505685,0.7700365470545509,-2.0835400138582503,1.3191574709312404,-2.092374725001199,0.9880067405611374,8.299377168927874,2.0155406596360277,8.287577867507935,1.4218879812231537,2.5161053112574985,0.4469712132758383,2.632156014442444,0.3544445269393312,2.6269425664629256,0.47158070014524206,2.174023381301335,0.5884455470527847,-4.778968172413962,2.739094057836604,-4.029162734746933,2.338169811285216,7.118272032056536,1.4787336737294885,6.28765344619751,1.4032476485946361,2.7244854824883595,0.9958358110287275,2.298087384019579,0.9121260724394004,0.22500396,-0.94724035,-0.0017022118,-0.07027078,62.573526870571975,-8.0,998.0,86.1496837391128,14.45807132835369,556.4395744373328,37.602601419573794,211.39999999999964,2678.34375,0,2705.53125,0,2705.53125,0
2011-05-24,0.32580122,0.0,7.189274,0.7405135,-1.3123928,-7.8843803,-0.056204144,1.1643254,-0.0069869016,-0.010898312,1.094304e-08,0.00323905,305.62555,295.4618,312.48376,3.0531132,96378.484,76035.11,100637.94,5699.0444,3.153661,-1.1573442,7.1493373,1.9673208,3.2730858,-0.4888064,7.645878,1.7305702,5,144,0,0.5804432146251202,0.1934810715417067,0.7651057178154588,0.10930081683077983,1.7347167814150453,0.1239083415296461,3.0258457171730697,0.100861523905769,0.21376237,0.32580122,0.0,129.05469,12.15625,82.796875,54.1333,2.951549087251936,0.8192733540684364,2.851188591548375,0.746336708504349,-2.075558679444449,1.3254548401959871,-2.046693137713841,1.0170772062648292,8.293146065303258,2.0195946317023465,8.151392119271415,1.4338896391868114,2.501043200492859,0.4657819543921606,2.57324994461877,0.3923378606627708,2.844064371926444,0.331277840363571,2.263860745089395,0.654643805060693,-4.636135011911392,2.9566937392272084,-3.8533983379602432,2.511626192307307,7.593682834080288,0.813907093457345,6.381706305912563,1.4496036833430206,2.8061860970088413,0.8601826799847893,2.269505296434675,0.9239667101580614,0.05460012,-0.18766212,0.021252092,-0.015928268,62.573526870571975,-8.0,998.0,86.1496837391128,14.45807132835369,556.4395744373328,37.602601419573794,211.39999999999964,2705.53125,0,2705.53125,0,2705.53125,0
2011-05-25,0.39836326,0.0,10.448933,1.0376008,-1.4445615,-7.1853504,-0.053922422,1.3411436,-0.0069126296,-0.010524596,-5.5879354e-08,0.0031750102,305.48172,294.4363,312.30856,3.1895988,96344.1,75987.48,100606.22,5695.896,3.113084,-2.1767814,7.8878345,2.335358,3.177382,-0.30180487,7.7123146,1.6983215,5,145,0,0.9214344918727875,0.3071448306242625,1.1478360639885068,0.16397658056978667,2.07350664306432,0.14810761736173714,3.4228304085554555,0.11409434695184852,0.2639125,0.39836326,0.0,173.55469,23.328125,91.328125,51.799805,2.9372951643807546,0.8148251456805852,2.7964989117213657,0.6912694563723916,-2.1944003105163574,1.2857221828243612,-2.0845509682382857,1.0108914354533896,8.399907793317523,1.967590680688161,8.098839351109095,1.4287260565323818,2.539023859160287,0.4345180388517475,2.5597936511039734,0.39736477503785306,2.963310888835362,0.2641409277268965,2.3671505451202393,0.6778259487416997,-3.9612373879977634,3.3639801288481324,-3.5232110747269223,2.659494509535895,7.795366150992257,0.5819175559365232,6.488810062408447,1.490972164822215,2.7398476770945956,0.9329127590074294,2.2137194957051958,0.9338484114922763,-0.033243895,-0.8570485,0.0016917288,0.0049102306,62.573526870571975,-8.0,998.0,86.1496837391128,14.45807132835369,556.4395744373328,37.602601419573794,211.39999999999964,2573.875,0,2573.875,0,2573.875,0
2011-05-26,0.5553404,0.0,14.935017,1.2669774,-1.6111046,-7.228519,-0.055994608,1.5044415,-0.0067246784,-0.009832678,1.6298145e-08,0.003094883,305.06766,291.94684,310.87018,3.457562,96489.98,76081.31,100723.41,5685.404,3.0198267,-1.9876531,7.9630303,2.4152653,2.2762778,-1.6178869,6.8014655,1.8067629,5,146,0,1.2795048952102661,0.42650163173675537,1.6971783228218555,0.24245404611740792,2.604805243201554,0.18605751737153955,3.976117411046289,0.1325372470348763,0.35837764,0.5553404,0.0,266.6328,112.59375,147.89062,33.74951,2.805603470121111,0.6904451245143761,2.754864369119917,0.6556104299935669,-2.306457315172468,1.2173033977535133,-2.085233577660152,1.010817245919299,8.237790312085833,1.9471448664067177,8.050964934485298,1.4206470381813732,2.5210951226098195,0.43701613590210875,2.542593232222966,0.3980878382244507,2.9016947405678883,0.36484436581331414,2.426370084285736,0.6254649658448201,-3.266169692788805,3.2569547459212465,-3.204603156873158,2.5962690802869925,7.638795852661133,0.6876995784081229,6.570415564945766,1.4732196844661867,2.5622324773243497,0.9811164426506213,2.1545476828302657,0.9313316938733986,-0.17957652,-0.7630863,0.009299487,-0.007001519,62.573526870571975,-8.0,998.0,86.1496837391128,14.45807132835369,556.4395744373328,37.602601419573794,211.39999999999964,2478.40625,0,2478.40625,0,2478.40625,0
2011-05-27,0.39407566,0.0,5.030155,0.7394546,-1.8489124,-7.4763937,-0.053648606,1.7243454,-0.0066724014,-0.010064679,-7.636845e-08,0.003087763,304.97266,292.272,311.17502,3.324588,96543.875,76112.72,100759.18,5684.1235,2.9436228,-1.8693606,8.322167,2.6341057,1.6052672,-2.0161717,6.1295395,1.6410137,5,147,0,1.3477793335914612,0.4492597778638204,2.057193126529455,0.29388473236135076,2.9512089053168893,0.21080063609406352,4.366153039853089,0.1455384346617696,0.2572496,0.39407566,0.0,298.79688,184.17188,173.67188,40.53076,2.6979404517582486,0.5778030895772435,2.804531693458557,0.6404440758966998,-2.3071554047720775,1.2170090539885872,-1.9848307882036482,0.951626033679225,7.751746382032122,1.2209776069177853,8.048555408205305,1.4201185683380577,2.442243899617876,0.3349038334074346,2.506474929196494,0.3609455196547886,2.7645500217165266,0.6102673539467101,2.4384695291519165,0.606171042203961,-2.3630537731306895,2.3726356720182236,-3.0815594494342804,2.6097897767965614,7.327765464782715,0.8156892817406617,6.628924744469779,1.4351018381552234,2.279324565614973,0.9075748052496226,2.118199893406459,0.9414033099065158,-0.2546637,-0.3258872,0.007466167,-0.11336088,62.573526870571975,-8.0,998.0,86.1496837391128,14.45807132835369,556.4395744373328,37.602601419573794,211.39999999999964,2359.59375,0,2359.59375,0,2359.59375,0
2011-05-28,0.12522618,0.0,4.187107,0.38208142,-1.9138732,-7.5311933,-0.05587727,1.9388893,-0.0067842663,-0.010046934,-6.402843e-08,0.0030884664,305.36517,293.92828,311.1144,3.2408361,96498.9,76090.78,100745.91,5679.809,3.270201,-1.552969,8.975881,2.62513,1.5242482,-1.2755705,5.6220126,1.2825651,5,148,0,1.0746422559022903,0.35821408530076343,2.0534487329423428,0.29334981899176327,2.7649018773809075,0.1974929912414934,4.433703013579361,0.14779010045264537,0.082261115,0.12522618,0.0,167.05469,157.09375,82.671875,24.094238,2.7534272330147878,0.6158012581074797,2.8525995016098022,0.6488882590898032,-2.214613676071167,1.2506129055182522,-1.988468553338732,0.9497339737637388,7.614714554377964,0.961312518287886,8.138812984739031,1.4371546392673207,2.407746638570513,0.2938233893873382,2.5101052607808794,0.361934463707739,2.5633163111550465,0.7595069144577836,2.4274084738322665,0.6222918883047693,-1.5775835088321142,1.3653475062490772,-3.0176007790224895,2.6445623113643006,6.932856491633824,0.8840588289045634,6.689535209110805,1.367013567293669,1.9168956960950578,0.6638086294915604,2.1225966215133667,0.9370243117072218,-0.5102551,0.026800632,0.004418645,0.5045502,62.573526870571975,-8.0,998.0,86.1496837391128,14.45807132835369,556.4395744373328,37.602601419573794,211.39999999999964,2145.75,0,2145.75,0,2145.75,0
2011-05-29,0.18651831,0.0,3.8394928,0.4902955,-1.8020341,-7.147321,-0.05517271,1.9110074,-0.007280442,-0.010959225,-9.313226e-10,0.0033329406,306.30734,294.85135,312.6549,3.4499335,96466.55,76129.336,100772.586,5669.4614,3.8006933,-0.1948611,9.7439,2.5113232,1.5578467,-2.7864082,5.9704685,1.7558541,5,149,0,0.70582015812397,0.23527338604132333,2.182595059275627,0.31179929418223246,2.762397409416735,0.19731410067262395,4.324206628720276,0.14414022095734252,0.1216095,0.18651831,0.0,49.359375,56.210938,68.69531,21.32959,3.060257707323347,0.5003023089616492,2.934243525777544,0.6928921653326139,-1.5351049453020096,0.6759376852906029,-1.860864361482007,1.0639168218640842,8.022058827536446,1.1828672253038353,8.255608183997017,1.4996102529362894,2.370946083750044,0.25455514208384467,2.49074672801154,0.3534007274741986,2.331074391092573,0.7863249970291065,2.4091995699065074,0.6449764775057054,-1.3529699444770813,0.8716378090334264,-3.0908894751753127,2.6211542115962425,6.645274639129639,0.8095974789363085,6.727717058999198,1.3364286980553393,1.6883264950343542,0.19728241511172942,2.154375442436763,0.914657633800412,-0.6575744,-0.30076027,0.009422429,0.8196293,62.573526870571975,-8.0,998.0,86.1496837391128,14.45807132835369,556.4395744373328,37.602601419573794,211.39999999999964,1899.0625,0,1899.0625,0,1899.0625,0
2011-05-30,0.0114124585,0.0,1.4882088,0.06520118,-1.6302199,-6.5144916,-0.05176919,1.7680041,-0.0074106986,-0.0113748135,-5.750917e-08,0.003363785,306.35733,295.78903,313.1218,3.334232,96280.08,76021.52,100607.19,5646.5366,4.068121,-2.3699577,9.645505,2.908525,1.9753892,-4.442326,7.2454586,2.4701781,5,150,0,0.32315695472061634,0.10771898490687211,1.9967375118285418,0.285248215975506,2.545192020945251,0.18179943006751792,4.110423083300702,0.13701410277669007,-0.029089274,0.0114124585,0.0,-69.41406,-25.492188,-14.640625,-0.43847656,3.33845853805542,0.4268279477882884,3.081483636583601,0.6996279404956821,-1.6155610148395811,0.7437761846353891,-1.8495505143489157,1.057092961416639,8.526807921273369,0.9660830197299052,8.413092545100621,1.5230374490277088,2.485289692878723,0.2935932792792867,2.500697502068111,0.3636572015371273,2.19849956035614,0.7511934706184283,2.4127210634095326,0.6422647342671248,-1.8469963754926408,1.4293452189903937,-3.3129822739533017,2.592319858575679,6.732448169163296,0.8405964223424295,6.9253601006099155,1.1727857671957882,1.769323672567095,0.35419405446695945,2.246904577527727,0.8724864396320707,-0.4331125,1.4020376,0.018434837,0.6350559,62.573526870571975,-8.0,998.0,86.1496837391128,14.45807132835369,556.4395744373328,37.602601419573794,211.39999999999964,1663.46875,0,1663.46875,0,1663.46875,0
2011-05-31,0.054756608,0.0,3.2334328,0.2524939,-1.4641925,-6.7811723,-0.05970569,1.7359868,-0.007500625,-0.011125172,2.4919864e-06,0.003403414,306.36487,295.87534,314.29285,3.3627346,95933.586,75670.87,100298.99,5644.153,4.2135015,-2.1997128,9.545852,2.936455,3.0510259,-6.0166874,8.773108,3.1555064,5,151,0,0.2526873778551817,0.08422912595172723,1.7256928961724043,0.24652755659605777,2.490798613987863,0.1779141867134188,4.0645248730434105,0.13548416243478034,-0.20743966,0.054756608,0.0,-220.77344,-182.53125,-158.20312,-16.031738,3.489864315305437,0.5266524145778687,3.2207067012786865,0.7182066910257302,-1.7644708050148827,0.7410881438891815,-1.920014742229666,1.044213647905316,8.869167123522077,0.8083372383464817,8.581156594412667,1.5077831488666242,2.6237374373844693,0.23031355675665693,2.562390318938664,0.35870188457419905,2.1667767081941878,0.7012810722973797,2.505420540060316,0.6333522490152518,-2.6366936607020244,1.9762952326283445,-3.636414336306708,2.629402744318855,6.893480982099261,1.1096568512448115,7.243581908089774,1.0030218849932544,1.972885983330863,0.630166368822991,2.389536040169852,0.8436416095686742,-0.15179968,1.1032081,-0.0035015456,0.5716615,62.573526870571975,-8.0,998.0,86.1496837391128,14.45807132835369,556.4395744373328,37.602601419573794,211.39999999999964,1446.5625,0,1520.34375,0,1546.90625,0
2011-06-01,0.17426036,0.0,8.680344,0.7335857,-1.233641,-6.8746967,-0.05926285,1.3095312,-0.007136857,-0.011134499,-3.7951395e-08,0.0032209964,304.80118,293.4253,312.6827,3.2297997,95933.68,75603.83,100158.875,5638.421,2.739175,-5.8131785,8.651381,3.3980715,2.6438143,-6.087581,8.519353,3.4471226,6,152,1,0.24042942933738232,0.08014314311246078,1.501589996740222,0.21451285667717457,2.6494260607287288,0.18924471862348063,4.188145208056085,0.13960484026853617,-0.042016357,0.17426036,0.17426036,-238.875,-226.46094,-235.82812,-26.573242,3.4364487443651472,0.5867672751222014,3.186871954372951,0.7296709035093422,-2.2839561083487103,1.7140716261291264,-2.239178209432534,1.456413119452784,8.97824512209211,0.6978043961227318,8.689076457704816,1.449687595055792,2.7755536692483083,0.33500232755788384,2.657288764204298,0.39242903739220986,2.0905527557645525,0.593905444989482,2.5269318222999573,0.6325125903080092,-3.4632331303187778,2.045694807345968,-3.7122352591582706,2.6872262816582992,7.0087721688406805,1.2428432854494231,7.402069159916469,1.0177380715327327,2.2227147136415755,0.8209491459316028,2.481281195368086,0.8858587773090745,0.21092045,0.3106537,-0.005340427,-0.031612396,62.573526870571975,-8.0,998.0,86.1496837391128,14.45807132835369,556.4395744373328,37.602601419573794,211.39999999999964,1418.84375,0,1525.21875,0,1576.53125,0
2011-06-02,0.24455927,0.0,5.479336,0.60401785,-1.1252483,-7.120063,-0.06178487,1.0027357,-0.006418106,-0.009850187,-1.44355e-08,0.0028966551,304.34167,292.01718,310.2797,3.2360458,96326.734,75931.52,100358.6,5640.813,1.0250165,-5.140862,5.6244373,2.5310779,1.4974355,-4.571873,4.926621,1.9374137,6,153,1,0.47357624396681786,0.15785874798893929,1.1908088605850935,0.1701155515121562,2.887987183406949,0.20628479881478207,4.382870896602981,0.14609569655343269,-0.2208082,0.24455927,0.41881964,-133.4375,-100.35156,-243.49219,-33.308105,3.151475872312273,1.0907749174628072,2.978539671216692,0.8951889941528608,-2.734414515750749,2.011714673013687,-2.5204359154616083,1.6127844222898085,8.644160406930107,1.435134332141853,8.44097535950797,1.656778161217616,2.7920983178274974,0.3165975379239375,2.6565967202186584,0.39265880527828806,1.9792895657675607,0.625430509903106,2.4404921531677246,0.6863256670709409,-3.885231171335493,1.9011578539394323,-3.575700432062149,2.582102040455504,6.740937232971191,1.475250562235607,7.189866542816162,1.199913296305058,2.241379107747759,0.8113453101127633,2.4018057925360545,0.8808011307186564,0.4858563,0.108456135,-0.0057902634,-0.50170577,62.573526870571975,-8.0,998.0,86.1496837391128,14.45807132835369,556.4395744373328,37.602601419573794,211.39999999999964,1436.5625,0,1525.21875,0,1615.15625,0
2011-06-03,0.14113717,0.0,3.8394928,0.40400502,-1.3038172,-7.7939525,-0.063751355,1.1133428,-0.006437483,-0.009231533,-3.934838e-08,0.0028867715,305.46597,293.0014,310.93777,3.592898,96440.69,76097.055,100481.63,5638.353,1.0914361,-2.4681149,5.167017,1.8466008,0.5478694,-1.9962381,3.1363304,0.9811738,6,154,1,0.5599568039178848,0.18665226797262827,0.9378703664988279,0.13398148092840398,2.995063493028283,0.21393310664487736,4.397561459685676,0.14658538198952253,-0.15111338,0.14113717,0.5599568,-105.9375,3.28125,-222.42969,-43.461426,2.8868777751922607,1.3446942174831984,2.7924091134752547,0.9991263216430301,-2.8199508424316133,1.9813024960923267,-2.5635531236018454,1.6019310648321836,8.19342463357108,1.9545831199889385,7.972585507801601,1.582351410203025,2.6795976161956787,0.4798980949702335,2.5609207579067776,0.41620587627803574,1.8282327396529061,0.8262691010932169,2.2963913806847165,0.8503074741936987,-3.8823835168566023,1.904436128078422,-3.122718644993646,2.212150572736817,6.313335929598127,2.016501453415414,6.820550697190421,1.5687206493075458,2.1471162608691623,0.9233244007739975,2.2132204132420674,0.8822391304378413,0.5450952,-0.31755877,-0.010102749,-0.6110027,62.573526870571975,-8.0,998.0,86.1496837391128,14.45807132835369,556.4395744373328,37.602601419573794,211.39999999999964,1447.71875,0,1525.21875,0,1653.5625,0
2011-06-04,0.06691302,0.0,3.018856,0.2658306,-1.4778433,-7.2108297,-0.068806805,1.3861352,-0.0069862423,-0.010195008,8.614734e-09,0.003135576,306.98572,295.1572,312.55948,3.894858,96218.25,75974.9,100379.695,5612.66,2.0936093,-0.9917145,6.964625,2.0342174,0.44790968,-2.449237,2.8652973,1.011508,6,155,1,0.45260946452617645,0.1508698215087255,0.8795572053641081,0.12565102933772973,2.933005938306451,0.20950042416474648,4.337101547862403,0.14457005159541345,-0.15080124,0.06691302,0.6268698,-191.73438,-12.8125,-285.32812,-61.436523,2.7187932559422086,1.3622155081123586,2.7361102444784984,1.0157699608390685,-2.7397716279540743,2.051241969492382,-2.477192652012621,1.654714142210888,7.906102384839739,1.968171908577061,7.760408469608852,1.4957403249090147,2.5951815332685197,0.5393637477194559,2.5014640859195163,0.4284528569486287,1.6744700883116042,0.9784092753095142,2.1188931997333253,0.9595663846937892,-4.050050173486982,1.674460690624577,-2.813816841159548,1.949433338395234,5.919519458498273,2.4056555282934444,6.426187975066049,1.8188418335720293,2.108393813882555,0.970122772984415,2.0126447549888065,0.8047470170761762,0.4360299,0.32036352,-0.012929536,-0.55275404,62.573526870571975,-8.0,998.0,86.1496837391128,14.45807132835369,556.4395744373328,37.602601419573794,211.39999999999964,1470.0625,0,1525.21875,0,1679.40625,0
2011-06-05,0.028908594,0.0,2.0723343,0.17211123,-1.4450176,-7.947242,-0.0710988,1.4503624,-0.007367534,-0.011364383,-4.0745363e-08,0.0033483508,307.88693,296.40906,314.17786,4.164237,96084.54,75971.26,100263.586,5577.3477,2.3084326,-1.1366895,7.6235237,2.4315004,0.4966289,-3.4163551,3.7932396,1.230322,6,156,1,0.23695878498256207,0.07898626166085403,0.7219474874436855,0.10313535534909793,2.9045425467193127,0.20746732476566518,4.267363433609717,0.14224544778699055,-0.55317694,0.028908594,0.6557784,-153.49219,81.50781,-199.32031,-71.24121,2.505613156727382,1.278902817353085,2.7829354320253645,0.9763383682367862,-2.874318548611232,1.8802545996248532,-2.204711746956621,1.5249393543136356,7.603191443852016,1.793612194974978,7.812625135694232,1.4757368972786622,2.583778279168265,0.5422681622722971,2.477362181459154,0.42168707710592657,1.5228675518717085,1.0767647355637286,1.9269709714821406,0.9981740950590595,-4.14004259450095,1.6109520739521246,-2.7465062694890157,1.9078123431348901,5.608486754553659,2.535230166463572,6.126880696841648,1.886374062764007,2.0333177958215987,1.0209554499038103,1.8608221454279763,0.7287602108359541,0.35701656,-0.79992056,-0.015926085,-0.46064496,62.573526870571975,-8.0,998.0,86.1496837391128,14.45807132835369,556.4395744373328,37.602601419573794,211.39999999999964,1500.71875,0,1525.21875,0,1698.96875,0
2011-06-06,0.027736222,0.0,3.4093857,0.1815378,-1.3304627,-6.5451894,-0.06647782,1.3504797,-0.007333548,-0.011183216,1.6065314e-08,0.0033239543,308.21643,296.90677,314.74045,4.2085867,96132.625,76084.13,100276.805,5555.298,2.2392728,-1.5659313,7.8782825,2.6064909,0.48495132,-3.118787,3.9817173,1.2974018,6,157,1,0.12355783954262733,0.041185946514209114,0.7382712513208389,0.1054673216172627,2.7350087631493807,0.19535776879638433,4.294439269695431,0.14314797565651435,-5.042301,0.027736222,0.68351465,24.5,245.67188,-43.664062,-71.490234,2.2443491390773227,1.0774390031443803,2.7914038385663713,0.9706502671414257,-2.7594576392854964,1.9398148629981526,-2.1875093270625388,1.53111966319276,7.350731100354876,1.5684783131063025,7.938769510814121,1.392333186490219,2.5406305449349538,0.5238243829032431,2.5129601189068387,0.4089623944761422,1.3099478483200073,1.118904553806353,1.7542237043380737,1.0250991956630882,-3.9509655918393816,1.6468321258638263,-2.898980983666011,1.8402321228299603,5.142238003867013,2.4835907663617935,5.937343086515154,1.9631145178872436,1.865778318473271,1.0334682121672294,1.817550995520183,0.7438787167578137,0.29975724,-0.030697823,-0.014708631,-0.41752434,62.573526870571975,-8.0,998.0,86.1496837391128,14.45807132835369,556.4395744373328,37.602601419573794,211.39999999999964,1520.34375,0,1525.21875,0,1763.1875,0
2011-06-07,0.01690956,0.0,1.2645721,0.08369871,-1.3426595,-4.9216127,-0.051271863,1.4037975,-0.007631055,-0.011348505,-3.213063e-08,0.0035015333,308.30444,296.3986,314.9227,4.26991,95997.59,75952.56,100187.62,5563.923,3.0114582,-1.5630335,9.032792,2.48846,1.2321216,-3.187727,6.8731046,1.640864,6,158,1,0.07355437614023685,0.024518125380078953,0.7004242036491632,0.10006060052130904,2.4261170998215675,0.1732940785586834,4.303630785085261,0.14345435950284202,-2.1369526,0.01690956,0.7004242,-132.16406,144.0,-114.35156,-85.25244,2.0726286683763777,0.7604525848953593,2.7812464918409074,0.9673061115271478,-2.668503454753331,1.9848382825011543,-2.216487129884107,1.5138649080936837,7.2774368694850375,1.4568182053090737,8.073301996503558,1.4011530540391681,2.4766312667301724,0.4939172168035247,2.550184352057321,0.3780244292005245,1.0501043796539307,0.8178995724776688,1.6084405439240592,0.9335160552686624,-3.5468283891677856,1.3810850071006393,-3.091761024934905,1.7047002927188362,4.870809010096958,2.093892238924708,5.88214499609811,1.9218089412481059,1.649400838783809,0.8629206962596584,1.811143411057336,0.7450709784552786,0.121533036,1.8595595,0.008433826,-0.33218932,62.573526870571975,-8.0,998.0,86.1496837391128,14.45807132835369,556.4395744373328,37.602601419573794,211.39999999999964,1525.21875,0,1546.90625,0,1873.09375,0
2011-06-08,0.029269835,0.0,1.5377998,0.10745198,-1.2233533,-5.9303055,-0.07078166,1.3035545,-0.0076605696,-0.012081648,-4.004687e-08,0.0035657582,307.54306,297.69458,314.3396,3.800201,95823.016,75769.23,100041.0,5587.5293,2.6130114,-3.0915134,8.217976,2.5898173,2.6679451,-3.5901635,7.961716,2.6345007,6,159,1,0.0739156175404787,0.02463853918015957,0.5554336756467819,0.07934766794954028,2.057023672387004,0.14693026231335743,4.257487325929105,0.14191624419763685,-0.1280267,0.029269835,0.729694,-305.53125,-25.726562,-256.29688,-72.09326,2.054605279650007,0.7433240924529064,2.745527012007577,0.9633347134929685,-2.279694148472377,1.4645389110643283,-2.2818251284105435,1.5316546644370148,7.215521880558559,1.3966610998293252,8.096883501325335,1.4005695410190875,2.361166375023978,0.29837315410220244,2.5683600221361433,0.3729845836161912,1.0535516398293632,0.8257494005292045,1.572052197796958,0.8757991559779952,-3.1900544336863925,0.8266210833172041,-3.326643782002585,1.5056358498896596,4.791146618979318,1.9366517526090503,5.89995939391,1.9411376013587702,1.533312005656106,0.5933063894337316,1.8780133596488409,0.7755537059176684,0.010287762,0.94439125,-0.011518814,-0.005976677,62.573526870571975,-8.0,998.0,86.1496837391128,14.45807132835369,556.4395744373328,37.602601419573794,211.39999999999964,1518.3125,0,1576.53125,0,1978.4375,0
2011-06-09,0.06305888,0.0,1.4896393,0.14290096,-1.2392739,-7.131185,-0.060479157,1.3744907,-0.007196244,-0.0110701425,-5.5413693e-08,0.003289675,306.512,297.44357,311.97482,2.929947,95752.336,75591.945,99947.06,5633.4736,2.811673,-2.909109,8.198516,2.5876753,3.282551,-2.3690822,7.86924,2.2283368,6,160,1,0.10923827812075615,0.03641275937358538,0.3739332854747772,0.05341904078211103,1.5647421460598707,0.11176729614713363,4.253162599168718,0.14177208663895727,-0.08544774,0.06305888,0.7927529,-313.6797,-150.3125,-265.60938,-31.079102,2.309841905321394,0.6287901814946107,2.7306588888168335,0.9603772955632932,-1.9608723095485143,0.8531896596318466,-2.3476434126496315,1.537827076710824,7.5832473891122,1.2377497192879257,8.113703898021154,1.400252367999596,2.3692517280578613,0.30444978204344153,2.580675022942679,0.37037811859213526,1.3085681540625436,1.1837330788000133,1.643928859915052,0.9738448458715163,-2.8753700086048672,0.6015539320245212,-3.38030058997018,1.4525038964689945,5.211520739964077,2.262853052819986,5.976228986467634,1.9993866519507941,1.5748724511691503,0.6350518670266094,1.9081257794584547,0.7807413364507751,-0.11402559,-0.011122227,0.0013057142,0.371755,62.573526870571975,-8.0,998.0,86.1496837391128,14.45807132835369,556.4395744373328,37.602601419573794,211.39999999999964,1506.96875,0,1615.15625,0,2112.125,0
2011-06-10,0.090899765,0.0,2.5615692,0.20335057,-1.3200235,-7.1623077,-0.055704504,1.5431238,-0.0070461505,-0.010400898,-3.608875e-08,0.0032006057,306.32526,297.37912,312.60306,2.7440891,95773.32,75558.68,99988.96,5665.289,2.9005966,-2.6624863,7.5545545,2.6700122,3.2078683,-1.1436621,7.61944,1.732503,6,161,1,0.18322848342359066,0.061076161141196884,0.3236958831548691,0.04624226902212415,1.261566249653697,0.09011187497526407,4.284488963894546,0.14281629879648486,-0.01794836,0.090899765,0.8836527,-305.08594,-206.89844,-238.74219,-5.25,2.568293401173183,0.358041167372531,2.727585588182722,0.9597119803593913,-1.9886396612439836,0.8753252353279773,-2.4042952518377985,1.5334550499200401,7.924324171883719,0.6507004574738046,8.0588744027274,1.406476510085605,2.4868819372994557,0.21469855448619488,2.5832397767475674,0.3709005226628583,1.6885680045400346,1.318156754430245,1.7584003720964705,1.05938367328325,-2.7535734346934726,0.845902020316312,-3.3179784757750377,1.5320751605636298,5.85196498462132,2.2114664166842126,6.0826504571097235,2.0472531684323623,1.6822052001953125,0.5790037917230432,1.9146607305322374,0.7787138345495359,-0.016206384,0.6316447,0.008046851,0.42978108,62.573526870571975,-8.0,998.0,86.1496837391128,14.45807132835369,556.4395744373328,37.602601419573794,211.39999999999964,1499.03125,0,1653.5625,0,2291.796875,0
2011-06-11,0.32714894,0.0,5.194187,0.71763253,-1.3214741,-6.7182074,-0.05498901,1.4023,-0.006902643,-0.010300465,-3.562309e-08,0.003168192,305.98764,294.62607,312.84415,2.972886,95814.75,75635.66,100030.82,5654.5503,2.8151588,-3.4685524,7.5727887,2.706583,2.949557,-0.56973904,7.2910194,1.7199426,6,162,1,0.48110759258270264,0.16036919752756754,0.5839318037033081,0.08341882910047259,1.4634890090674162,0.10453492921910115,4.587596098892391,0.15291986996307969,0.14993808,0.32714894,1.2108016,-219.48438,-155.48438,-171.04688,5.4257812,2.6713719027382985,0.29732199299879947,2.6950825793402537,0.947549856409619,-2.342473643166678,0.9052677270342581,-2.5411226355603764,1.537107162086952,8.011204719543457,0.530751566947873,7.958653552191598,1.385947331606577,2.582934175218855,0.09605027705362713,2.5890578542436873,0.3722445888105378,2.0459462021078383,1.2637279167222861,1.8602081452097212,1.1027496579708858,-2.4850737111909047,1.1877968895417574,-3.2675619423389435,1.6138847060599404,6.484211002077375,1.8118154365849277,6.201865230287824,2.0668666376202967,1.7834101404462541,0.4985586933084441,1.9459019771644048,0.7599516254857078,0.15636921,0.49262238,0.013817795,0.01616478,62.573526870571975,-8.0,998.0,86.1496837391128,14.45807132835369,556.4395744373328,37.602601419573794,211.39999999999964,1504.5625,0,1679.40625,0,2484.390625,0
2011-06-12,0.3632851,0.0,18.252373,1.1481099,-1.3564085,-7.0453944,-0.059939224,1.3296858,-0.0066155526,-0.010091316,4.9127266e-08,0.0030627018,305.7052,293.58444,312.9447,3.0866094,96014.18,75778.78,100145.41,5653.0317,1.6103424,-2.9866524,6.993654,2.449629,2.5210838,-2.4722416,8.807828,1.9029593,6,163,1,0.7813338041305542,0.2604446013768514,0.9183083046227694,0.13118690066039562,1.6402557920664549,0.11716112800474678,4.903209193609655,0.16344030645365518,0.21044649,0.3632851,1.5740867,-55.570312,-58.65625,-59.109375,18.895996,2.571644731930324,0.49241620830293864,2.538628944328853,0.9316510332915571,-2.606754047530038,0.7515761176664586,-2.740536298070635,1.3826371621533737,7.921223299843924,0.6478966129490019,7.76220737184797,1.3060478633351742,2.5855239800044467,0.0914194167076902,2.584651129586356,0.3735983325961337,2.335154048034123,1.0662967797049092,1.9290107999529158,1.1124401259754497,-2.350200355052948,1.1158488939514082,-3.245121474776949,1.6232466370165481,7.200580767222813,1.541731719598365,6.404533760888236,2.178525327991312,1.879501189504351,0.43495511673224924,1.9564094926629747,0.7581365984532473,0.0886091,0.90184736,0.011159573,-0.12067664,62.573526870571975,-8.0,998.0,86.1496837391128,14.45807132835369,556.4395744373328,37.602601419573794,211.39999999999964,1523.84375,0,1698.96875,0,2807.25,0
2011-06-13,0.7445935,0.0,56.277752,3.4405305,-1.3829265,-4.9882803,-0.061926194,1.3788134,-0.0064315563,-0.010380447,-9.313226e-10,0.003095388,305.92456,293.8314,313.38657,3.4685967,96127.95,75894.52,100263.4,5643.256,1.8272014,-1.9052277,7.027186,1.8345509,2.510639,-0.68830615,6.7334466,1.5661554,6,164,1,1.435027539730072,0.47834251324335736,1.6351655833423138,0.23359508333461626,2.3734368346631527,0.16953120247593947,5.336269482038915,0.17787564940129716,0.42282638,0.7445935,2.3186803,59.984375,45.640625,50.390625,17.277344,2.5127773795809065,0.5589140694461525,2.378563259329115,0.8362805232410048,-2.65522495337895,0.6808794905546438,-2.707341296332223,1.3977150883065854,7.799638066973005,0.7317329064515076,7.57518458366394,1.1986740981596555,2.4752468381609236,0.2967992428720864,2.5079386915479387,0.41042691189040814,2.6245379958833968,0.6883889714853888,1.967242922101702,1.1233013177441786,-2.002988798277719,1.2109217081815185,-2.97697719505855,1.7175893698308222,7.593684945787702,0.7114581887327314,6.367961474827358,2.167592558153609,1.9178945677621024,0.3838713343352359,1.8918364431176866,0.7494607724812428,-0.05246377,1.5569091,0.0045516267,0.028333664,62.573526870571975,-8.0,998.0,86.1496837391128,14.45807132835369,556.4395744373328,37.602601419573794,211.39999999999964,1546.90625,0,1763.1875,0,3210.03125,0
2011-06-14,0.3658731,0.0,31.398296,1.9191073,-1.5852343,-5.7361083,-0.0601525,1.6603224,-0.007063722,-0.01177519,8.1723556e-08,0.003393906,306.4701,296.1258,313.69205,3.3953624,96056.016,75840.51,100314.68,5650.283,3.5366294,-0.99626416,6.9999924,1.9929721,2.9306846,-2.2515094,7.085079,1.6226683,6,165,1,1.4737516939640045,0.49125056465466815,1.9841291215270758,0.2834470173610108,2.684553325176239,0.19175380894115993,5.513119800947607,0.18377066003158687,0.11548236,0.3658731,2.6845534,13.28125,56.132812,81.578125,3.453125,2.587801848139082,0.6626335645317507,2.33021525825773,0.735534351356076,-2.5742579102516174,0.8460654338064109,-2.621380682502474,1.4666431094139776,7.509238106863839,0.5386770387281381,7.3933374881744385,1.062037764068972,2.404462848390852,0.34782189657240487,2.440547057560512,0.4121085289152052,2.867189850125994,0.31252175023451795,1.9586471148899622,1.114798220951469,-1.8692434344972884,1.1053605370333086,-2.708035911832537,1.4838962684690031,7.623967034476144,0.6794680797766373,6.247388022286551,2.0681828953715966,1.9152951751436507,0.3861149551964142,1.7823480069637299,0.6569012695595468,-0.24257481,-0.81449556,-0.008880638,0.25652492,62.573526870571975,-8.0,998.0,86.1496837391128,14.45807132835369,556.4395744373328,37.602601419573794,211.39999999999964,1576.53125,0,1873.09375,0,3824.671875,0
2011-06-15,0.1024743,0.0,3.0608177,0.26370993,-1.5958599,-5.798118,-0.051843245,1.7697874,-0.007174296,-0.01132357,4.5169145e-08,0.0033134448,306.23602,297.7793,313.69653,2.9714253,95898.695,75721.22,100220.53,5657.173,3.7566452,-2.5750656,8.739673,2.7440815,3.45493,-4.028435,9.278531,2.957926,6,166,1,1.212940901517868,0.40431363383928937,2.0573335886001587,0.2939047983714512,2.6127672642469406,0.18662623316049576,5.386976256035268,0.17956587520117562,-0.28064597,0.1024743,2.7870276,-117.28906,1.1875,32.65625,-4.6640625,2.751178111348833,0.7972051272265887,2.40289169549942,0.8239981475099178,-2.500479655606406,0.815404307613071,-2.390086902039392,1.1445241632000547,7.583766256059919,0.6725346250374832,7.399644068309239,1.0703128233663795,2.4265005929129466,0.3659383724002686,2.393833483968462,0.32255763337116883,2.979616267340524,0.365896452089386,2.0165839535849437,1.1727184408452185,-1.9318536860602242,1.2250193631401909,-2.5609540598733083,1.1975806077691635,7.812083448682513,0.9260898455510063,6.301615033830915,2.1410059125632213,1.9614987884249007,0.49149221713606844,1.7474053970405035,0.5686127620237679,-0.37250662,0.13218737,0.018938418,0.4662329,62.573526870571975,-8.0,998.0,86.1496837391128,14.45807132835369,556.4395744373328,37.602601419573794,211.39999999999964,1615.15625,0,1978.4375,0,4327.375,0
2011-06-16,0.07077106,0.0,1.7867088,0.18269785,-1.4562796,-6.340329,-0.053320542,1.6846907,-0.006929634,-0.011329463,4.02797e-08,0.0031752642,306.10208,298.0538,312.4296,2.8109884,95740.58,75594.266,100022.27,5640.621,3.6720781,-2.4266078,9.979805,2.93231,3.2330897,-5.729185,8.013124,2.948922,6,167,1,0.5391184613108635,0.17970615377028784,2.065045766532421,0.29500653807606014,2.4389790520071983,0.1742127894290856,5.3485973021015525,0.1782865767367184,-0.06800444,0.07077106,2.8577986,-184.46875,-66.015625,-85.05469,-9.188477,2.87409314087459,0.8710010126741105,2.591967523097992,0.7863473120614657,-2.4315509029797147,0.7952490078766815,-2.1962116062641144,0.8291564602789301,7.838236127580915,1.127210201862866,7.710741758346558,1.1450001894287882,2.47573413167681,0.41157496887489636,2.4224929298673357,0.35215670754821543,2.9725503580910817,0.3594929492633306,2.1405592560768127,1.204915694724847,-2.411868384906224,1.8982313249816238,-2.6436191967555454,1.3740119224864307,7.8326383999415805,0.9291615854591093,6.522079569952829,2.1474309051185707,2.064439518111093,0.6163078165498852,1.8196559846401215,0.6526645319791443,-0.21700573,0.7908559,0.0071586147,0.31019998,62.573526870571975,-8.0,998.0,86.1496837391128,14.45807132835369,556.4395744373328,37.602601419573794,211.39999999999964,1653.5625,0,2112.125,0,4881.734375,0
2011-06-17,0.09908958,0.0,2.2716522,0.23580919,-1.4925613,-7.1666155,-0.06326172,1.8141383,-0.0067497287,-0.010906115,-4.33065e-08,0.0031038397,306.0531,297.3511,312.7362,2.7691238,95596.29,75457.52,99903.914,5625.0244,3.4233758,-2.3533428,11.609467,3.378926,3.507719,-5.339,7.1105037,2.8034236,6,168,1,0.2723349407315254,0.09077831357717514,2.0732355788350105,0.29617651126214434,2.3969314619898796,0.17120939014213427,5.432053963653743,0.18106846545512478,0.034741156,0.09908958,2.9568882,-292.1797,-203.07812,-208.10938,-15.705566,2.948775887489319,0.895714151822497,2.758534644331251,0.6844238533938426,-2.3873875396592275,0.7888449822323644,-2.1880136004516055,0.826825420530623,8.417509283338275,1.7989079532083132,8.170916727610997,1.3245665734175502,2.577007532119751,0.5358142180945065,2.5319447347096036,0.39492776882031033,3.015386172703334,0.40693932816376227,2.3519770886216844,1.162900341524373,-3.01120240347726,2.0842679663867894,-2.8823879190853665,1.5339903595508892,7.759933199201312,0.967735348355893,6.805949091911316,1.9155993634639292,2.2174281733376637,0.6520594260393766,1.9498166867664881,0.6542866946251974,-0.1725378,-0.004307747,-0.0075572133,0.27101445,62.573526870571975,-8.0,998.0,86.1496837391128,14.45807132835369,556.4395744373328,37.602601419573794,211.39999999999964,1679.40625,0,2291.796875,0,5564.484375,0
2011-06-18,0.19132808,0.0,4.9295425,0.4298986,-1.3107964,-7.0501165,-0.06847619,1.4255263,-0.0063810092,-0.010035038,5.6577846e-08,0.002911781,305.7366,296.54672,312.78198,2.8810265,95719.22,75537.28,99969.27,5624.2026,2.909561,-3.7221081,10.784809,3.4244604,3.2522845,-3.5805485,6.7773614,2.507134,6,169,1,0.36118871718645096,0.12039623906215031,1.937414713203907,0.276773530457701,2.521346516907215,0.1800961797790868,5.6173838917165995,0.18724612972388666,0.10959795,0.19132808,3.1482162,-287.23438,-256.5,-232.69531,-2.5083008,2.962261898177011,0.8940762684391992,2.816816900457655,0.65766462758554,-2.4236097931861877,0.8501995616612029,-2.383041718176433,0.844763711865043,8.87636934007917,1.9507736382612433,8.443787029811315,1.4449667138435995,2.6795614446912492,0.6258789415928149,2.631247809955052,0.4330908177745674,3.058632952826364,0.41478771112312696,2.552289577467101,1.0452718876922042,-3.4413180436406816,1.7857516230661707,-2.963195877415793,1.53920641746196,7.686553478240967,1.026884071933665,7.085382240159171,1.546278222690918,2.3298840863364085,0.6190048682351624,2.0566471133913313,0.6098918562910622,0.010677695,-0.33190918,-0.013487183,0.023226261,62.573526870571975,-8.0,998.0,86.1496837391128,14.45807132835369,556.4395744373328,37.602601419573794,211.39999999999964,1698.96875,0,2484.390625,0,6280.765625,0
2011-06-19,0.27598563,0.0,7.5416565,0.693489,-1.2991438,-6.6182017,-0.062704556,1.3780171,-0.0063436804,-0.0097447205,-6.07688e-08,0.00292455,305.906,297.20517,313.67514,3.1851041,95715.15,75532.35,99927.73,5624.6255,2.875779,-1.9372438,10.139295,2.8927789,3.184742,-2.3010147,6.599254,2.0486655,6,170,1,0.5664032846689224,0.1888010948896408,1.8501152470707893,0.2643021781529699,2.7684235516935587,0.19774453940668277,5.85930866189301,0.195310288729767,0.17797524,0.27598563,3.424202,-240.71094,-271.5,-234.60156,16.362793,3.1430385453360423,0.6766665601526943,2.857341638633183,0.641202371148516,-2.2736942853246416,0.8265639785599077,-2.4402241664273396,0.7783957291959972,9.325746604374476,1.8013832471453548,8.6234849521092,1.4908157225129022,2.742868559701102,0.6211394013887057,2.6641962698527744,0.4342704406341742,3.1534412588391985,0.34066532824990037,2.7442976534366608,0.8709777435763317,-3.416857046740396,1.802334019166116,-2.883528700896672,1.5428073255091677,7.371042932782855,0.9622093052752384,7.285811850002834,1.2378144939569942,2.350699254444667,0.6045367937029706,2.115100221974509,0.5619335293626484,0.057264686,0.4271927,-0.0027653314,0.04833126,62.573526870571975,-8.0,998.0,86.1496837391128,14.45807132835369,556.4395744373328,37.602601419573794,211.39999999999964,1763.1875,0,2807.25,0,7145.953125,0
2011-06-20,0.38981575,0.0,10.090351,0.97573704,-1.523061,-6.6301827,-0.05201972,1.7745311,-0.0064819893,-0.009934956,3.585592e-08,0.0029907476,305.83463,297.5396,314.00992,2.906792,95851.72,75636.836,100113.75,5651.313,3.3655055,-3.2422645,9.965377,3.42531,3.2073023,-1.5123768,7.299391,2.13028,6,171,1,0.8571294546127319,0.28570981820424396,1.4953374937176704,0.2136196419596672,3.130503077059984,0.22360736264714173,6.120153831318021,0.2040051277106007,0.24298368,0.38981575,3.8140178,-136.79688,-185.49219,-132.8125,19.406738,3.36279627255031,0.3481560082363829,2.9377868260656084,0.6282116052728336,-2.46469954933439,0.8799836753407546,-2.5599622513566698,0.7623273398813408,9.745488166809082,1.4923334293477615,8.772563116891044,1.5147255857848774,2.9701198509761264,0.5154396214429668,2.7226833445685252,0.47876076484229946,3.25296459879194,0.19003909190237572,2.938751297337668,0.5845567274198802,-3.534581422805786,1.611184315155008,-2.7687851105417525,1.5831733850029235,7.451892103467669,0.9226708791368542,7.5227885246276855,0.7949520579931759,2.431288480758667,0.5132253694331813,2.174591524260385,0.5104335616815174,-0.14013457,-1.6419024,0.0099064745,0.39571774,62.573526870571975,-8.0,998.0,86.1496837391128,14.45807132835369,556.4395744373328,37.602601419573794,211.39999999999964,1873.09375,0,3210.03125,0,7754.828125,0
2011-06-21,0.24004005,0.0,2.9959679,0.40190667,-1.5318313,-6.8112316,-0.05233287,1.8479956,-0.0064613377,-0.009960634,-1.3737008e-08,0.0029646477,306.12714,297.47974,313.78174,3.030179,95954.2,75737.09,100233.18,5653.9087,3.6366751,-2.431544,9.763687,3.519931,2.5109425,-0.87685585,6.5725665,1.6946542,6,172,1,0.9058414250612259,0.3019471416870753,1.3695044443011284,0.19564349204301834,3.353633565828204,0.23954525470201457,6.302821895107627,0.21009406317025422,0.084803894,0.24004005,4.0540576,-67.08594,-67.109375,-104.296875,-9.51416,3.3770885126931325,0.35838466595051244,2.982445180416107,0.6554824350017233,-2.669739535876683,0.6050805226231247,-2.62199872306415,0.7083894808622361,10.140301704406738,0.8882374227675036,8.82476990563529,1.5368190629110279,3.1882568427494595,0.3184484566875239,2.7963598455701555,0.5177244988620463,3.1930014405931746,0.3261524471997252,3.030095645359584,0.35036330076450695,-3.338202340262277,1.8584387556660746,-2.6037228873797824,1.6549724628488791,7.378676005772182,0.975454331577631,7.501321520124163,0.8175815676664449,2.4415721893310547,0.49470947197070875,2.1784336822373525,0.5062926758096233,0.05340302,-1.0751233,0.00781963,0.18767321,62.573526870571975,-8.0,998.0,86.1496837391128,14.45807132835369,556.4395744373328,37.602601419573794,211.39999999999964,1978.4375,0,3824.671875,0,8103.203125,0
2011-06-22,0.19203533,0.0,2.5892258,0.34427404,-1.6766279,-7.3028307,-0.049034134,2.113342,-0.0067083826,-0.010377864,1.8626451e-08,0.0031031256,306.30243,298.05493,314.9244,3.2582986,95776.586,75611.03,100084.99,5649.7773,3.862855,-2.3841336,10.355083,3.710882,2.68184,-1.5334435,7.062504,1.73053,6,173,1,0.8218911290168762,0.27396370967229206,1.4590654745697975,0.2084379249385425,3.516399063169956,0.25117136165499687,6.297587221488357,0.2099195740496119,-0.046864912,0.19203533,4.2460933,-95.65625,-53.9375,-128.53906,-22.68164,3.392261334827968,0.37879890643710035,3.0717197230884006,0.6857115734968809,-2.6424635308129445,0.6142928701384075,-2.5714715932096754,0.697467808130922,10.371074676513672,0.6384056508020888,8.977420466286796,1.577510121597752,3.326371192932129,0.3029776572744555,2.8764358929225375,0.5676146416188246,3.0825599942888533,0.3525031424873465,3.0310881308146884,0.3492765063894927,-2.9817749432155063,1.9414005868622892,-2.456814314637865,1.6519550965730656,7.062100682939802,0.4996737176938233,7.437092065811157,0.8139437174980431,2.266229901994978,0.4986932947662125,2.1138643452099393,0.5012730939258812,-0.08076799,-1.5047126,0.002809111,0.34355462,62.573526870571975,-8.0,998.0,86.1496837391128,14.45807132835369,556.4395744373328,37.602601419573794,211.39999999999964,2112.125,0,4327.375,0,8212.875,0
2011-06-23,0.3433247,0.0,8.387089,0.73636603,-1.6532778,-7.0448985,-0.04933937,2.1189675,-0.0061460934,-0.010108074,-3.3993274e-08,0.0031167693,305.97046,297.68887,314.26904,3.3545969,95765.46,75592.34,100062.34,5654.9844,3.7625477,-2.207389,10.158984,3.5678558,2.7918615,-0.59992665,7.13925,1.846178,6,174,1,0.7754000723361969,0.2584666907787323,1.7316191047430038,0.24737415782042912,3.796664871275425,0.27119034794824465,6.315110689029098,0.21050368963430324,0.048407793,0.3433247,4.589418,-62.679688,-25.585938,-83.1875,-14.208496,3.4051855632237027,0.3912750512756114,3.1396393520491466,0.7047989698515125,-2.611146569252014,0.63245094503846,-2.5213487361158644,0.6965509648456705,10.39667170388358,0.6235215321858885,9.117453915732247,1.5900136848713473,3.417163440159389,0.2569373563621356,2.9464487859180997,0.5892940078953202,3.019527401242937,0.3604593007782642,2.9960388796670094,0.346712081567934,-2.249023735523224,1.6822943559900156,-2.3304460602147237,1.7252244694406544,6.9372614451817105,0.28590640910813925,7.3849499225616455,0.8074866980983413,2.1086950642721995,0.4140902885069479,2.086567291191646,0.5049517484517675,-0.19699812,-0.70456934,0.003981173,0.43427682,62.573526870571975,-8.0,998.0,86.1496837391128,14.45807132835369,556.4395744373328,37.602601419573794,211.39999999999964,2291.796875,0,4881.734375,0,8212.875,0
2011-06-24,0.22887129,0.0,10.210514,0.7171579,-1.5985876,-7.119923,-0.03448082,2.028009,-0.006324529,-0.010663206,2.0954758e-08,0.0032550127,305.7397,298.25818,313.97702,3.2755435,95765.14,75573.35,100108.63,5666.3896,4.3206277,-2.1618392,10.227769,3.3399646,3.1753929,-1.6059653,7.6799235,1.8700275,6,175,1,0.7642313092947006,0.2547437697649002,1.8614008128643036,0.26591440183775766,3.934636391699314,0.281045456549951,6.14561871252954,0.204853957084318,-0.14895779,0.22887129,4.8182893,6.203125,20.804688,70.00781,2.7695312,3.533364398138864,0.5230155667570632,3.2410701428140913,0.7671725206042748,-2.5837889228548323,0.6493766720863577,-2.48558823125703,0.7015809658348484,10.199286324637276,0.3208334208089965,9.308397803987775,1.5478415848999727,3.411597524370466,0.2583219994289935,2.9943025282451083,0.5923132216660185,2.9720522335597446,0.3027020458454566,2.9937192031315396,0.34529154662049066,-1.715733025755201,0.9878817772187228,-2.3634677146162306,1.7050680868190924,7.018607139587402,0.4011793247595532,7.389270169394357,0.808998168380156,1.9753527641296387,0.28245288900376,2.0963904687336514,0.4988346836270907,-0.10602629,0.04669237,0.028780896,0.21387064,62.573526870571975,-8.0,998.0,86.1496837391128,14.45807132835369,556.4395744373328,37.602601419573794,211.39999999999964,2484.390625,0,5564.484375,0,8212.875,0
2011-06-25,0.15826464,0.0,2.6040077,0.32322603,-1.5612035,-6.8638287,-0.04592166,1.9711584,-0.0067318017,-0.011218875,-5.9837475e-08,0.0032418584,305.9293,299.90237,314.08157,3.1897542,95608.07,75448.23,99946.27,5653.1865,4.207327,-2.8397522,10.98235,3.5107894,3.418915,-4.073709,8.442283,2.5312414,6,176,1,0.7304606139659882,0.24348687132199606,1.8283373713493347,0.261191053049905,3.7657520845532417,0.268982291753803,5.748542940244079,0.19161809800813595,-0.1322974,0.15826464,4.976554,-115.16406,-87.03906,-1.6015625,5.591797,3.718759536743164,0.49426154594645516,3.3405107174600874,0.7973519379108301,-2.457738075937544,0.4450964786334153,-2.4406739345618655,0.652202045649206,10.227506501334053,0.383488849597451,9.551937920706612,1.5217649068619457,3.4239302362714494,0.2610844164491506,3.0517458404813493,0.6011933181231196,2.995856591633388,0.33340687424182863,3.0272447722298756,0.3630052960918056,-1.7861845237868172,1.1476956943669363,-2.6137512837137495,1.6784796230933425,7.256453037261963,0.6504263897767243,7.471503257751465,0.855422732963096,1.9787966864449638,0.2900619865061335,2.154340386390686,0.49886302773692104,-0.2504071,0.18628788,0.022554532,0.5456321,62.573526870571975,-8.0,998.0,86.1496837391128,14.45807132835369,556.4395744373328,37.602601419573794,211.39999999999964,2807.25,0,6280.765625,0,8212.875,0
2011-06-26,0.24474049,0.0,10.790348,0.74912226,-1.3481714,-6.1363697,-0.05133077,1.6322414,-0.006320267,-0.010592693,-4.02797e-08,0.0030108343,305.3052,298.05893,312.2701,2.8170092,95619.23,75462.336,99883.87,5635.1016,3.4202497,-3.193884,11.415207,3.6127832,3.5874348,-4.577282,7.67284,2.399868,6,177,1,0.6318764090538025,0.21062546968460083,1.797092229127884,0.25672746130398344,3.6472074761986732,0.2605148197284767,5.599207764491439,0.1866402588163813,0.048118666,0.24474049,5.2212944,-154.17969,-153.96875,-78.72656,11.544922,3.79654107775007,0.36558374988908243,3.469789811543056,0.622890540478062,-2.637258086885725,0.45351766014618033,-2.4554761861051833,0.6677138323369336,10.409779684884208,0.5849029144588561,9.867763144629341,1.404265621196475,3.5267879962921143,0.12143315908604944,3.134828277996608,0.5918819333426638,3.0533841337476457,0.3996002143740965,3.103412696293422,0.36049529839911154,-2.111365565231868,1.564619669198243,-2.7641113059861318,1.7572647842234033,7.409822463989258,0.5937366788815429,7.390432698386056,0.7683890955552867,2.028968470437186,0.331565651392328,2.189833862440927,0.4972764698888426,-0.049027562,0.48183203,0.011373784,0.2542243,62.573526870571975,-8.0,998.0,86.1496837391128,14.45807132835369,556.4395744373328,37.602601419573794,211.39999999999964,3210.03125,0,7145.953125,0,8212.875,0
2011-06-27,0.3071304,0.0,4.536152,0.48442876,-1.4476483,-6.64833,-0.056175508,1.6912984,-0.005850586,-0.009600284,-7.497147e-08,0.002819279,305.38293,297.04236,312.7983,3.0643687,95676.18,75477.04,99937.25,5650.1235,3.361187,-2.7939923,11.594151,3.5818136,3.2828703,-1.5213629,7.2635083,1.6893626,6,178,1,0.7101355195045471,0.23671183983484903,1.7144068777561188,0.24491526825087412,3.209744371473789,0.22926745510527066,5.781111976131797,0.19270373253772657,0.11155178,0.3071304,5.5284247,-126.13281,-161.29688,-95.875,16.458984,3.7959241526467458,0.3664350073985533,3.579360212598528,0.410395914483221,-2.573219197137015,0.3794503896283008,-2.5189593732357025,0.6534724407813188,10.64246164049421,0.6926907345873398,10.193974903651647,1.2107607923730406,3.549145664487566,0.11380321092733872,3.2596327577318465,0.46782830261981784,3.0641795567103793,0.40542966617164916,3.1585720777511597,0.31957516226498034,-2.1126492960112437,1.564049887594357,-2.8236153594085147,1.6945528136207253,7.40469639641898,0.595002549279838,7.428294249943325,0.746267302637379,1.9659802743366785,0.3504545106223029,2.198634377547673,0.48636033709148685,0.07541275,-0.018147469,-0.0041557886,-0.08323276,62.573526870571975,-8.0,998.0,86.1496837391128,14.45807132835369,556.4395744373328,37.602601419573794,211.39999999999964,3824.671875,0,7754.828125,0,8212.875,0
2011-06-28,0.8117534,0.0,15.625477,1.9018844,-1.659935,-7.5850964,-0.049191758,1.9978404,-0.0062072026,-0.0102216415,-3.981404e-08,0.0029700233,305.1686,297.37183,313.78458,3.0069447,95614.914,75385.1,99926.78,5676.8257,3.6107726,-3.7434666,11.39545,3.735816,3.6703937,-2.7336586,7.622502,2.2047017,6,179,1,1.3636242747306824,0.4545414249102275,2.286120221018791,0.32658860300268444,3.6556246653199196,0.2611160475228514,6.406347056850791,0.21354490189502637,0.476573,0.8117534,6.340178,-124.13281,-145.33594,-104.171875,17.096191,3.792223794119699,0.3684364890027524,3.584656153406416,0.4102804526644343,-2.760636704308646,0.5726292449222442,-2.7151881200926646,0.5679299915746601,10.875570569719587,0.618235473452719,10.507936137063163,0.8283094917723338,3.579986367906843,0.13231358256873416,3.384121605328151,0.3101587552891955,3.2298154490334645,0.37762787047572444,3.2114084448133196,0.33952600597207133,-2.377906824861254,1.474417877479987,-2.8580545825617656,1.6869134829192747,7.55468715940203,0.46934114557460727,7.466681582587106,0.7410586671079058,2.0388441937310353,0.33742065868964105,2.2402081915310452,0.45735068264856527,-0.12810373,-0.77386475,0.0031411126,0.14984477,62.573526870571975,-8.0,998.0,86.1496837391128,14.45807132835369,556.4395744373328,37.602601419573794,211.39999999999964,4327.375,0,8103.203125,0,8554.9375,0
2011-06-29,0.8680331,0.0,25.52557,1.9729822,-1.5969572,-7.301379,-0.052888174,1.8347658,-0.005574637,-0.010216008,3.0267984e-09,0.002734977,304.6126,296.31085,312.22916,2.6801913,95739.555,75419.08,100044.164,5698.331,3.230607,-3.134739,10.099189,3.465422,3.675052,-1.8998305,8.645661,2.370996,6,180,1,1.9869168996810913,0.6623056332270304,2.962117999792099,0.4231597142560141,4.4211834743618965,0.31579881959727835,7.262967709451914,0.24209892364839714,0.52724314,0.8680331,7.208211,-47.476562,-78.96875,-18.71875,24.8667,3.7019026620047435,0.42185936748258723,3.5470819984163557,0.4173446975029712,-2.867866039276123,0.5605260127262948,-2.755164785044534,0.576934396040471,10.839014189583915,0.6602774468485436,10.605044433048793,0.6695322332895577,3.5449206488473073,0.12411381407606968,3.4356459208897183,0.24967235827024845,3.3717028754098073,0.31954418722710176,3.2271314348493303,0.3563505553939836,-2.430247826235635,1.4456665142084024,-2.7060113847255707,1.6691445302335264,7.780852522168841,0.5644483317043932,7.421476602554321,0.6335352083161356,2.130339332989284,0.3265434824854288,2.198284617492131,0.4110573376434921,0.07967067,0.0014514923,-0.00385404,-0.27857625,62.573526870571975,-8.0,998.0,86.1496837391128,14.45807132835369,556.4395744373328,37.602601419573794,211.39999999999964,4881.734375,0,8212.875,0,8838.40625,0
2011-06-30,0.7611149,0.0,40.963173,1.8928823,-1.7843568,-7.4507113,-0.047426905,1.9639541,-0.0057827183,-0.010547888,-7.124618e-08,0.0027782058,304.55984,295.4813,311.92,2.8304844,95817.02,75428.52,100137.31,5723.2065,3.3877773,-2.3736298,9.463447,2.955254,4.100242,-0.41724142,8.484288,2.0229802,6,181,1,2.4409013986587524,0.8136337995529175,3.3799082040786743,0.48284402915409635,5.111527308821678,0.3651090934872627,7.969325996935368,0.2656441998978456,0.36494818,0.7611149,7.969326,-27.882812,-94.39844,48.609375,42.769043,3.6483640330178395,0.43641038842534485,3.5267747981207713,0.41771137862790547,-2.891614709581648,0.5306015699738402,-2.7513806394168308,0.5794235640652082,10.739651679992676,0.8140877124095945,10.568161691938128,0.7190180725027874,3.4574061121259416,0.25363836336453527,3.4372847761426653,0.24616496986496791,3.5586143902369907,0.3062278565739549,3.289070895739964,0.4260182536641816,-2.4041499367782047,1.4853204755690923,-2.3265868361507143,1.5267353751903496,7.973000867026193,0.5379486242218604,7.455131156103952,0.6783142967509546,2.1555967841829573,0.3071635428750513,2.1321459242275784,0.3511103764981611,-0.13107908,-0.40581274,0.0019124635,-0.15501344,62.573526870571975,-8.0,998.0,86.1496837391128,14.45807132835369,556.4395744373328,37.602601419573794,211.39999999999964,5564.484375,0,8212.875,0,8838.40625,0
2011-07-01,0.5252035,0.0,9.264946,1.010365,-1.6911597,-6.7206798,-0.049578726,1.8743342,-0.005980871,-0.009542944,1.1641532e-08,0.0028477372,304.3332,296.00354,311.67728,2.6352355,95859.6,75448.086,100172.836,5726.3677,3.178505,-3.3397663,8.645057,2.764783,4.1197925,-2.0481727,7.9040165,2.185096,7,182,1,2.154351532459259,0.7181171774864197,3.6762404441833496,0.5251772063119071,5.537641257047653,0.39554580407483236,8.320269159972668,0.27734230533242227,-0.07520604,0.5252035,8.49453,-14.9609375,-101.49219,77.40625,41.39209,3.485203640801566,0.34765982120251404,3.509284019470215,0.4273886639553873,-3.059889997754778,0.43956033670513495,-2.821839460304805,0.5872211566384129,10.513549940926689,1.1360665246806516,10.356418132781982,0.8184014938269775,3.3752372946058,0.36621189638391327,3.393417409488133,0.30504421908110047,3.693528618131365,0.3170967648438242,3.332790425845555,0.47837239502871415,-2.467322430440358,1.4548050925572478,-2.0915277280977795,1.2567146666811664,8.005014147077288,0.5240901487070629,7.511810643332345,0.6804516459962002,2.200606567519052,0.2802486697792477,2.0879796658243452,0.2945010349090356,-0.09257209,0.39924335,-0.015097905,-0.15367472,62.573526870571975,-8.0,998.0,86.1496837391128,14.45807132835369,556.4395744373328,37.602601419573794,211.39999999999964,6280.765625,0,8212.875,0,8838.40625,0
2011-07-02,0.56999344,0.0,22.490501,1.418161,-1.3933933,-4.985253,-0.053921945,1.3989229,-0.0057261353,-0.009182289,-2.8405339e-08,0.0027138754,304.29575,295.94144,310.73587,2.7344666,95898.3,75485.82,100152.16,5713.2773,2.4082496,-2.9312966,8.091287,2.2920082,3.6114728,-1.2678629,6.7551675,1.7661287,7,183,1,1.856311857700348,0.6187706192334493,4.087969243526459,0.5839956062180656,5.9163066148757935,0.42259332963398527,8.645703323185444,0.2881901107728481,-0.23093706,0.56999344,9.064523,-70.4375,-155.38281,37.328125,37.131836,3.2281926018851146,0.3875541625261149,3.473476069314139,0.4968556468643175,-3.072967767715454,0.4332355316383541,-2.7653529218264987,0.5291211810273441,10.100540842328753,1.4257999430215615,10.164023671831403,1.005226190646284,3.2011256899152483,0.5396718053691573,3.312527963093349,0.42337571155102616,3.721036876950945,0.297020130760883,3.3584467342921664,0.48332893505195645,-2.066487273999623,1.3186034699545808,-1.92633589889322,1.1964857779310603,7.763997691018241,0.659837516955653,7.510225364140102,0.6823176419239947,2.091304744992937,0.27900398197726733,2.0350507157189504,0.27958462172741944,0.1678102,1.8785758,-0.008000284,-0.57223547,62.573526870571975,-8.0,998.0,86.1496837391128,14.45807132835369,556.4395744373328,37.602601419573794,211.39999999999964,7145.953125,0,8212.875,0,8838.40625,0
2011-07-03,1.2682732,0.0,51.9104,3.6700718,-1.4263775,-5.4256287,-0.05708215,1.4796137,-0.005918374,-0.009589697,2.0256266e-08,0.0028380884,304.0097,293.7119,310.44003,2.9409373,95970.21,75565.71,100208.41,5711.161,1.9050223,-2.1575787,7.0915666,1.9889106,3.6584203,-1.7463112,6.9730086,1.9604352,7,184,1,2.363470196723938,0.7878233989079794,5.11150199174881,0.7302145702498299,6.908594220876694,0.4934710157769067,9.77283938974142,0.32576131299138067,0.36487943,1.2682732,10.332796,-66.42969,-173.58594,25.375,52.80078,3.011731539453779,0.6173998498637132,3.4041363086019243,0.6351708042040178,-2.924924169267927,0.547122202811672,-2.781091128076826,0.5053374386395183,9.482877935682025,1.6759305847704455,9.946328810283116,1.2982871097134638,2.969143884522574,0.6671792200228286,3.247965940407344,0.5440325984580041,3.73117767061506,0.2928814344627318,3.3922809021813527,0.4868006598070889,-1.6620628791196006,0.7171471070910681,-1.8867142221757345,1.1923010480006042,7.66402176448277,0.7256836981868968,7.536922114236014,0.650502819557602,2.028528622218541,0.24542106726845608,2.0287485463278636,0.2802477428423365,-0.07820618,0.71074104,-0.005751379,-0.1526277,62.573526870571975,-8.0,998.0,86.1496837391128,14.45807132835369,556.4395744373328,37.602601419573794,211.39999999999964,7754.828125,0,8212.875,0,8838.40625,0
2011-07-04,0.6659006,0.0,22.90821,1.6507149,-1.4991727,-5.4345007,-0.054555714,1.4406108,-0.0054372572,-0.009099785,2.6775524e-08,0.0025836923,304.17096,293.7118,309.0676,2.9920216,96276.87,75871.85,100382.6,5693.11,1.4805653,-2.4160721,6.159286,1.8096471,2.4225485,-1.5331465,5.5569005,1.4962323,7,185,1,2.5041672587394714,0.8347224195798238,5.470272183418274,0.7814674547740391,7.184679061174393,0.5131913615124566,10.371826954185963,0.34572756513953207,-1.139812,0.6659006,10.998697,124.61719,-9.796875,146.75,50.46045,2.743071300642831,0.8169249351637319,3.2694977266447887,0.8175758131838285,-2.8709355763026645,0.5798620654875349,-2.72207738671984,0.4954840933226923,8.70646871839251,1.789859036587018,9.67446517944336,1.64594455062009,2.7159772430147444,0.7292900560426552,3.1325614537511552,0.6620762566379661,3.6082745620182584,0.5657549094253264,3.336227059364319,0.5507232169757103,-1.6637462505272456,0.7167755287647094,-1.8881977732692445,1.191812261350682,7.420220647539411,1.081910122973882,7.412458521979196,0.8388723564479229,2.0009385687964305,0.29562543010044995,1.9834594215665544,0.3120100888230554,-0.0515244,1.2138295,0.0016197935,-0.2506876,62.573526870571975,-8.0,998.0,86.1496837391128,14.45807132835369,556.4395744373328,37.602601419573794,211.39999999999964,8103.203125,0,8212.875,0,8838.40625,0
2011-07-05,0.34960598,0.0,5.956173,0.8125409,-1.5272808,-5.9018607,-0.059651442,1.3815014,-0.0060307207,-0.009492466,-2.3515895e-08,0.0028406053,305.07373,295.61465,310.90366,3.3468683,96265.59,75936.06,100347.68,5661.5303,1.4108431,-2.1405556,4.8600545,1.443654,1.8674532,-0.28223482,4.622062,0.9345963,7,186,1,2.283779799938202,0.761259933312734,5.008124768733978,0.7154463955334255,7.2942449897527695,0.521017499268055,10.692524338141084,0.35641747793803613,-2.9529927,0.34960598,11.348303,87.15625,45.929688,129.79688,15.591797,2.4287956612450734,0.8499745272610726,3.1105097276823863,0.9468770457841226,-2.6419482912336076,0.48691859663608766,-2.701292497771127,0.5143530753237988,7.7728408404759,1.8567098646911926,9.324205705097743,2.087909903343229,2.388525520052229,0.7093831815159886,2.984255943979536,0.7890069038401256,3.350711635180882,0.8643592271931313,3.2902635421071733,0.6438749102445263,-1.3135428598948888,0.7056873190785321,-1.8457248423780714,1.240237672419812,6.991586412702288,1.5014359189220199,7.2731367860521585,1.1079202330221973,1.8194949456623621,0.4812276465245923,1.9291695696966988,0.4151918756004277,0.13265419,1.6832356,-0.010459684,-0.61633897,62.573526870571975,-8.0,998.0,86.1496837391128,14.45807132835369,556.4395744373328,37.602601419573794,211.39999999999964,8212.875,0,8554.9375,0,9252.65625,0
2011-07-06,1.1661254,0.0,29.283047,3.272957,-1.4186804,-4.8969088,-0.064402595,1.207727,-0.005494851,-0.009963695,2.6077032e-08,0.0030086315,305.16486,296.1517,312.34195,3.5411155,96175.055,75910.72,100257.72,5640.425,1.3510969,-2.8148754,4.4864755,1.5733101,1.1136916,-2.149664,4.571487,1.1721352,7,187,1,2.1816319823265076,0.7272106607755026,5.306217074394226,0.7580310106277466,8.268335074186325,0.5905953624418804,11.830913532525301,0.39436378441751,-2.0920281,1.1661254,12.514428,8.328125,22.578125,55.09375,-3.765625,2.1602942092078075,0.8513344609169958,2.9310984356062755,1.0278567064804303,-2.5962534972599576,0.4462778256195481,-2.7320597682680403,0.5067488117649174,6.971024649483817,1.8961437715392315,8.905019419533867,2.426657496087262,2.1182238374437605,0.5791914288457585,2.831572243145534,0.8425841647710921,2.984803012439183,1.1863487088861762,3.178252943924495,0.8584920027351465,-1.3492333548409599,0.7454770462553092,-1.8897405905382973,1.2392367125514239,6.409561497824533,1.5424820581948502,7.095207009996686,1.3234178847900129,1.6482291221618652,0.4653095019932216,1.8892842275755746,0.46013103195949706,0.17827678,2.4044704,-0.011514422,-0.62703884,62.573526870571975,-8.0,998.0,86.1496837391128,14.45807132835369,556.4395744373328,37.602601419573794,211.39999999999964,8138.90625,0,8838.40625,0,9355.78125,0
2011-07-07,0.9239655,0.0,14.046669,2.4135356,-1.5981479,-4.8004155,-0.058181353,1.3681148,-0.0061698337,-0.01044616,4.5401976e-08,0.0030705584,306.02344,296.67734,313.52768,3.7519512,96057.984,75806.95,100230.32,5654.315,1.9228928,-4.11476,7.1901307,2.5462046,1.4742143,-1.4680678,4.2874255,1.0834081,7,188,1,2.4396969079971313,0.8132323026657104,5.469067692756653,0.7812953846795219,8.848975896835327,0.6320697069168091,12.737969486042857,0.4245989828680952,-2.7466977,0.9239655,13.438394,-119.203125,-144.59375,-19.335938,27.98291,1.9510249921253748,0.6572304981608561,2.7996945125716075,1.0309739643848446,-2.8449863706316267,0.7092493150036258,-2.8683005401066373,0.602242310569888,6.646265234266009,1.56363501020884,8.692958457129341,2.438339655318547,2.0597881930215016,0.49521393981006107,2.7585971525737216,0.8177874023438984,2.609656180654253,1.1900327240330908,3.084135285445622,0.969200550764936,-1.4993514035429274,0.622117461802877,-1.951750670160566,1.1904929056311537,5.810009683881487,1.4117506223957716,6.89150527545384,1.5208658782996063,1.5140045370374406,0.47461358114428986,1.834800660610199,0.5082690914692871,0.18620896,2.6502957,-0.010754447,-0.59583926,62.573526870571975,-8.0,998.0,86.1496837391128,14.45807132835369,556.4395744373328,37.602601419573794,211.39999999999964,7961.75,0,8838.40625,0,9355.78125,0
2011-07-08,3.922142,0.0,125.268456,8.86939,-1.7864085,-5.2555423,-0.052310064,1.474736,-0.00580818,-0.010318104,8.638017e-08,0.0030350706,304.56323,294.75302,312.41797,3.2422745,96213.375,75844.27,100439.74,5708.6206,2.529468,-4.266888,8.32857,3.2019553,2.1635334,-4.5236735,6.5531087,1.92673,7,189,1,6.012232959270477,2.004077653090159,8.866006195545197,1.2665723136493139,12.542246639728546,0.8958747599806104,16.630841679871082,0.5543613893290361,-1.5291772,3.922142,17.360535,-104.16406,-172.28906,-17.507812,43.739258,1.8583054372242518,0.4759941360998824,2.671754539012909,0.934320764804826,-2.9774323531559537,0.8824597706148093,-3.018661175455366,0.6711350110179017,6.601052897317069,1.4994666116842175,8.55730141912188,2.3988939681448347,2.1222413948604038,0.6125964492540387,2.748739344733102,0.8110443842960551,2.3301906074796404,0.9890124843013052,3.0118596128055026,0.9991378273205563,-1.8529943781239646,1.3097109646510827,-2.160158404282161,1.367527256234248,5.617022854941232,1.1449063366456764,6.81101850100926,1.5056724657004743,1.4770951100758143,0.42071184123018246,1.838850838797433,0.5087970370065671,-0.09524882,1.4651375,-0.0027313381,-0.39959824,62.573526870571975,-8.0,998.0,86.1496837391128,14.45807132835369,556.4395744373328,37.602601419573794,211.39999999999964,7802.359375,0,8838.40625,0,9355.78125,0
2011-07-09,4.978262,0.0,62.762737,9.6881,-2.3326936,-7.5607514,-0.04651305,1.8598953,-0.0044309986,-0.009480709,2.188608e-08,0.0026566887,302.8753,295.06702,309.73254,2.6506526,96207.79,75751.27,100443.02,5725.0615,2.920922,-3.283348,9.313739,3.4077818,2.0194478,-1.9938742,5.4154277,1.6852452,7,190,1,9.824369490146637,3.274789830048879,13.274274706840515,1.8963249581200736,17.362243950366974,1.2401602821690696,21.546044744551182,0.7182014914850394,-0.6259351,4.978262,22.338799,-40.679688,-114.66406,-2.4140625,26.319336,1.9315443549837386,0.5984132321012602,2.5798684784344266,0.8290085885304729,-3.0277254240853444,0.8893969543822512,-3.0503465959003995,0.6725087276431294,6.775688920702253,1.7518934898449818,8.438114881515503,2.3089034812803293,2.281637634549822,0.785025456980364,2.741381662232535,0.8040363437807756,2.102758458682469,0.8125754740658996,2.911897667816707,1.024953537085808,-1.95671027473041,1.2841486316590198,-2.0115987743650163,1.2517278943216457,5.42563145501273,1.0290542468461523,6.594814573015485,1.4703185797727105,1.4655403239386422,0.4124807425242082,1.7784225344657898,0.4689132605352865,-0.9393003,-2.5754986,0.0074088946,0.46097243,62.573526870571975,-8.0,998.0,86.1496837391128,14.45807132835369,556.4395744373328,37.602601419573794,211.39999999999964,7749.5,0,8838.40625,0,9355.78125,0
2011-07-10,3.5216668,0.0,46.274662,6.8187785,-2.5832906,-7.8834524,-0.03962964,2.0220397,-0.004720084,-0.009240942,-4.6333298e-08,0.002666253,303.3492,295.79895,310.52682,2.8055081,96143.71,75700.84,100403.77,5723.7617,3.3066673,-2.9685287,9.877011,3.4081483,2.329023,-1.1218325,6.0153337,1.4570832,7,191,1,12.422070741653442,4.140690247217814,15.527668237686157,2.218238319669451,20.639170229434967,1.4742264449596405,24.97681174427271,0.832560391475757,1.6641876,3.5216668,25.860464,-20.867188,-75.3125,-53.03125,7.734375,2.131779364177159,0.7914324286834385,2.571755451815469,0.8206654237409243,-3.143575429916382,0.8060771287162332,-3.0342497995921542,0.671505058216499,7.173609597342355,2.114427446321916,8.32824376651219,2.1898683031875588,2.4843858821051463,0.8749456132431025,2.72676488331386,0.7886899434533924,1.9128445386886597,0.4726369426567794,2.82201110465186,1.0162966371403397,-1.8674990321908678,1.322325531545875,-1.7647809556552343,1.0274981846505904,5.288820743560791,0.8342729583446039,6.476421254021781,1.4433214580717983,1.393632905823844,0.35114053973763704,1.7110807640211922,0.4395811879921492,-1.156913,-2.4578238,0.017452512,0.542426,62.573526870571975,-8.0,998.0,86.1496837391128,14.45807132835369,556.4395744373328,37.602601419573794,211.39999999999964,8023.078125,0,8838.40625,0,9355.78125,0
2011-07-11,0.8967886,0.0,14.308929,1.8842298,-2.5775638,-7.7594104,-0.043067854,2.0946608,-0.005190292,-0.009411824,-5.6810677e-08,0.0026398788,304.04,296.53613,310.8434,2.8026748,96090.02,75698.94,100361.23,5701.212,3.6722434,-1.6783657,10.2352495,3.2157016,2.0322568,-0.49846458,5.4809055,1.216638,7,192,1,9.396717309951782,3.1322391033172607,15.758556246757507,2.251222320965358,21.22882843017578,1.5163448878696986,25.546451397240162,0.8515483799080054,0.29954034,0.8967886,26.757254,32.539062,8.84375,-56.6875,-16.525879,2.4448762280600413,0.9147799169849841,2.593973764351436,0.8474556004644974,-3.038188798086984,0.9520500782809428,-2.954562187194824,0.7622710975442774,7.755890096936907,2.3379568427012725,8.231179407664708,2.0602543610625346,2.6852508102144514,0.8554045947980794,2.700614026614598,0.7638359891273637,1.8570885828563146,0.422889687727215,2.7326815724372864,1.0275725316266262,-1.719687329871314,1.4201405139899599,-1.6917167901992798,1.081108773575431,5.277964319501605,0.8306897726522987,6.349092483520508,1.4471687926658745,1.3536908626556396,0.3534192699134822,1.677314715726035,0.45910037678010607,-1.0783911,-2.3249097,0.01148786,0.65405,62.573526870571975,-8.0,998.0,86.1496837391128,14.45807132835369,556.4395744373328,37.602601419573794,211.39999999999964,8554.9375,0,8838.40625,0,9355.78125,0
2011-07-12,0.32180223,0.0,4.354954,0.50975245,-2.2982464,-6.9983263,-0.048990827,1.9719067,-0.0057670735,-0.0097104125,-2.6309863e-08,0.0027909577,304.80927,297.7894,312.71112,3.1225684,95936.39,75666.74,100184.28,5664.581,3.4777606,-1.8992062,9.705449,3.2108877,2.1140642,-1.5636152,6.2255287,1.4962648,7,193,1,4.74025759100914,1.5800858636697133,15.730752497911453,2.2472503568444933,20.73887726664543,1.4813483761889594,25.504968531429768,0.8501656177143256,-0.25525776,0.32180223,27.079056,36.03125,86.32031,-49.625,-33.191406,2.740150145121983,0.8571515391225857,2.5844729031835283,0.8358454218189197,-3.0037103039877757,0.9934460954873803,-2.8228292976106917,0.7747059156612468,8.448089327131,2.035402959610355,8.110465083803449,1.9041913727626196,2.9377127715519498,0.6681908603338977,2.663119145802089,0.7207818604470307,1.8923187255859375,0.43402285614018393,2.6215151803834096,1.0021953155012662,-1.9027416706085205,1.2796041718312676,-1.6081422652517046,1.0387615373114525,5.507030963897705,0.8406984202287676,6.249308688299997,1.400004642751642,1.4339292219706945,0.30250366432402204,1.6267120838165283,0.4349044398799548,-0.7709656,-1.0964656,0.010660615,0.5904052,62.573526870571975,-8.0,998.0,86.1496837391128,14.45807132835369,556.4395744373328,37.602601419573794,211.39999999999964,8838.40625,0,9252.65625,0,9355.78125,0
2011-07-13,0.39163914,0.0,7.472992,0.86449325,-2.1204998,-6.4802923,-0.050590143,1.9353125,-0.0058155153,-0.009633973,4.656613e-10,0.002857052,305.25522,297.9491,313.2581,3.2679398,95878.055,75675.164,100094.125,5649.164,3.2085252,-1.7830156,9.400415,3.0090544,1.9956231,-1.2577782,6.4246354,1.440985,7,194,1,1.6102299690246582,0.5367433230082194,14.956266224384308,2.1366094606263295,20.262483298778534,1.447320235627038,25.152014173567295,0.8384004724522431,-0.63889015,0.39163914,27.470694,-144.94531,-20.679688,-149.67188,-35.703125,3.0054970468793596,0.6062584552022136,2.5828956280435835,0.8345521830908573,-2.8563017674854825,1.097264996543904,-2.72627763237272,0.815975776490321,9.150080748966761,1.0504116788526456,8.060552699225289,1.8566171590977238,3.1428190980638777,0.29661675615376154,2.630521467753819,0.691428250684244,2.0183089460645403,0.26569149859920516,2.5015559792518616,0.9662568188714997,-1.7753294195447649,1.2952278543184397,-1.5622813871928625,1.0390661422576832,5.771766458238874,0.7870624866010351,6.090663978031704,1.2221056337267318,1.4723363263266427,0.27995200577408896,1.560282724244254,0.38004051542982736,-0.7018194,-1.5833836,0.013812453,0.72758555,62.573526870571975,-8.0,998.0,86.1496837391128,14.45807132835369,556.4395744373328,37.602601419573794,211.39999999999964,8774.96875,0,9355.78125,0,9355.78125,0
2011-07-14,0.7816591,0.0,27.046204,1.9610167,-1.7955723,-6.114896,-0.050033905,1.69434,-0.0056381826,-0.010210961,-6.07688e-08,0.0030178418,305.01602,297.8652,313.12643,3.2068632,95743.29,75551.93,99904.52,5646.763,2.4176102,-3.2490807,8.688827,2.6532996,2.3598497,-1.5898863,6.4622784,1.5086288,7,195,1,1.495100498199463,0.4983668327331543,14.813959836959839,2.1162799767085483,20.28302752971649,1.4487876806940352,25.56780020147562,0.852260006715854,-0.06727272,0.7816591,28.252354,-305.51562,-189.13281,-303.08594,-26.607422,3.076170955385481,0.47327076876092006,2.5135979737554277,0.8022305406657793,-2.7326333011899675,0.9736053220735666,-2.788809835910797,0.8204048122146261,9.364180156162806,0.667166839496476,8.005222695214409,1.8228277177250694,3.1581183842250278,0.26138445268487204,2.608953288623265,0.6852009419426064,2.1448282854897633,0.14838741267542968,2.377242233072008,0.8496790187382325,-1.7927320684705461,1.2912236203050858,-1.6460417360067368,0.9855488199444082,6.082459722246442,0.4680866523963724,5.946234703063965,1.0202816800290107,1.5330821446010046,0.22153267904270102,1.5235433408192225,0.355969155819048,-0.19742441,-1.3144803,0.008147448,0.32622516,62.573526870571975,-8.0,998.0,86.1496837391128,14.45807132835369,556.4395744373328,37.602601419573794,211.39999999999964,8585.21875,0,9355.78125,0,9355.78125,0
2011-07-15,1.7859932,0.0,64.394,4.873602,-1.4942778,-5.704151,-0.056491233,1.2407024,-0.0056390706,-0.010151649,-8.242205e-08,0.0028140591,304.50937,295.43066,312.60458,3.010156,95690.02,75485.62,99810.44,5630.0156,1.3410587,-2.2854092,6.378653,1.7457204,2.5626667,-2.2945297,6.3638363,1.6644806,7,196,1,2.959291487932205,0.9864304959774017,12.677811026573181,1.8111158609390259,21.543817222118378,1.5388440872941698,27.251319117844105,0.9083773039281369,0.9951938,1.7859932,30.038347,-289.6328,-251.21094,-301.46875,-10.083984,2.90639819417681,0.8014447542671276,2.382351815700531,0.8347293050665802,-2.44956488268716,0.7038727752673367,-2.7134986179215566,0.8143089101725592,9.085620539528984,1.2889521453061057,7.843336718423026,1.8618550262741709,2.950084822518485,0.5915983547727447,2.5361631086894443,0.7205881535010739,2.2018473148345947,0.2174065994982331,2.2660189611571178,0.6911595576854813,-1.474282945905413,0.58983631475605,-1.6636386620146888,0.9954309602424253,6.055420807429722,0.44105466094143103,5.836221831185477,0.8640118000613732,1.4956179346357072,0.15649402572519763,1.4863565223557609,0.30510197957626656,0.2921307,-0.44860888,-0.004181169,-0.23403358,62.573526870571975,-8.0,998.0,86.1496837391128,14.45807132835369,556.4395744373328,37.602601419573794,211.39999999999964,8421.109375,0,9355.78125,0,9355.78125,0
2011-07-16,2.304329,0.0,21.055698,3.4441845,-1.6851737,-4.603277,-0.056932908,1.2004117,-0.005027414,-0.009316743,-4.6333298e-08,0.002545229,303.82404,294.93097,310.70505,2.794484,95760.27,75506.59,99732.38,5622.3896,0.4981873,-2.8530693,5.4937325,1.3276987,1.665079,-2.952956,4.480475,1.3850379,7,197,1,4.871981263160706,1.6239937543869019,10.003877997398376,1.429125428199768,23.27815270423889,1.6627251931599207,29.484876975417137,0.9828292325139045,1.0745468,2.304329,32.342674,-133.03906,-187.0,-189.08594,5.5424805,2.560293231691633,1.2120664448988077,2.245918793337686,0.9745554727900774,-2.3880964858191356,0.6342704666378912,-2.70791095495224,0.8129667383307277,8.53990534373692,1.858914214991914,7.657797132219587,1.9619802732939244,2.6529300894056047,0.8066882172445468,2.4672838619777133,0.7885999469510365,2.151223199708121,0.2945348916636307,2.1269908291952953,0.5877204417652674,-1.6112946271896362,0.8033818816465639,-1.784002450960023,1.0445592677215632,5.921856130872454,0.720319591591285,5.6737437929425925,0.8913565285630787,1.4527311835970198,0.13560778475025367,1.459135753767831,0.29505583105264044,0.6475198,2.9574742,-0.010419857,-0.6594837,62.573526870571975,-8.0,998.0,86.1496837391128,14.45807132835369,556.4395744373328,37.602601419573794,211.39999999999964,8440.125,0,9355.78125,0,9719.09375,0
2011-07-17,1.6011395,0.0,16.683102,2.4125268,-2.0875096,-4.9010563,-0.062887564,1.2283102,-0.0050532217,-0.008641982,-6.868504e-08,0.0024326842,304.38696,293.9442,310.41727,3.0227134,95770.25,75558.44,99762.78,5602.721,0.9221243,-2.4756877,5.6920776,1.594218,0.6552153,-2.451891,3.0296764,1.0673386,7,198,1,5.691461682319641,1.8971538941065471,8.083350777626038,1.1547643968037196,23.611019015312195,1.6865013582365853,30.986926943063736,1.0328975647687912,-0.6678653,1.6011395,33.943817,-95.97656,-158.40625,-128.59375,-1.1538086,2.219644231455667,1.2992857834805192,2.1757117978164127,1.0345595064163873,-2.3176906279155185,0.5845034749022033,-2.73063302891595,0.800755790549874,7.9420576776777,2.022938862250111,7.5578336375100275,2.027603814653467,2.3937971932547435,0.8149583834426067,2.439091537679945,0.8136737223698187,1.912107833794185,0.6227223225916674,1.9124761862414223,0.5311101959594383,-1.8013029779706682,0.8253122095561638,-1.834401005080768,1.0595153841153875,5.495333671569824,1.30356417554383,5.392077207565308,1.0568826488870247,1.3970533779689245,0.19880694805144986,1.3953431418963842,0.2741398065766561,0.49578094,2.9823961,-0.023257926,-0.7937294,62.573526870571975,-8.0,998.0,86.1496837391128,14.45807132835369,556.4395744373328,37.602601419573794,211.39999999999964,8763.9375,0,9355.78125,0,10140.40625,0
2011-07-18,2.2467809,0.0,49.88861,6.054093,-2.1418805,-5.84864,-0.057690777,1.4884219,-0.0053112926,-0.009056751,4.1909516e-08,0.0026756905,304.39078,294.70355,311.73007,3.2335212,95805.38,75573.22,99963.195,5620.8276,2.3651347,-2.7225316,8.684044,2.8803604,0.79681545,-3.371505,3.9418495,1.3497443,7,199,1,6.152249336242676,2.0507497787475586,9.433343052864075,1.3476204361234392,25.191899299621582,1.7994213785443987,33.04237973690033,1.1014126578966776,0.819641,2.2467809,36.190598,-57.046875,-112.53125,-41.742188,0.51708984,2.0329144256455556,1.1398763385203154,2.2388953268527985,1.0156784782406205,-2.4668571778706143,0.5242885782327384,-2.752522987978799,0.7956679129379333,7.720456872667585,1.8028568131821114,7.738173484802246,2.0058070238466144,2.345891305378505,0.7670392298522014,2.5155710577964783,0.8001670144381012,1.7356162071228027,0.7458881498503275,1.7963523949895586,0.585908453315897,-2.2117373262132918,0.7827082853007313,-1.9657123280423028,1.1308262545003498,5.275468519755772,1.4300581314875127,5.276716419628689,1.1235483745189179,1.4160685709544591,0.18452759495436336,1.3848797168050493,0.2727850811676068,0.43568325,1.9107704,-0.014622923,-0.60623884,62.573526870571975,-8.0,998.0,86.1496837391128,14.45807132835369,556.4395744373328,37.602601419573794,211.39999999999964,9252.65625,0,9355.78125,0,10272.09375,0
2011-07-19,0.9851338,0.0,24.771214,3.195885,-2.1196873,-7.20595,-0.04647765,1.8431536,-0.005375534,-0.009292827,1.17579475e-07,0.0029493836,304.38428,295.3876,311.96695,3.3553975,95776.86,75507.48,100074.91,5661.8203,3.8565733,-0.85829735,10.059752,3.1666384,2.064103,-1.9260172,5.405933,1.5832585,7,200,1,4.83305424451828,1.6110180815060933,10.096674650907516,1.442382092986788,25.82742714881897,1.8448162249156408,33.751527935266495,1.1250509311755499,0.28470868,0.9851338,37.17573,70.078125,22.554688,108.46875,0.9980469,2.0870305384908403,1.225667168124482,2.4135903418064117,1.0711169899549577,-2.318155918802534,0.7915937171582221,-2.660933111395155,0.9334090289308203,7.771071638379778,1.8715382646722265,8.109580482755389,1.9110480296830943,2.3395699773515974,0.7588612527953562,2.6386413744517734,0.7537755414147136,1.7284788744790214,0.7418915919906501,1.8103988000324793,0.5900864397141483,-2.2635090351104736,0.7437075045642206,-2.083125352859497,1.0227587862470664,5.1583834035055975,1.37166818523865,5.332707183701651,1.1078366857498567,1.428496241569519,0.19353832902198181,1.4312127317701067,0.2439887482977265,0.17855906,-0.20762348,0.0025131777,-0.12875307,62.573526870571975,-8.0,998.0,86.1496837391128,14.45807132835369,556.4395744373328,37.602601419573794,211.39999999999964,9355.78125,0,9355.78125,0,10272.09375,0
2011-07-20,0.19808151,0.0,2.5072098,0.3876594,-2.3097823,-7.993267,-0.04345318,2.338385,-0.0062164115,-0.010365207,1.5832484e-07,0.0030236228,304.64294,296.69653,312.82657,3.1019406,95643.01,75390.086,99992.625,5672.6953,4.387544,-1.9370226,10.76004,3.2498338,3.5245795,-1.9678713,8.305444,2.283848,7,201,1,3.429996207356453,1.1433320691188176,9.903117015957832,1.4147310022796904,24.85938324034214,1.77567023145301,33.55979369580746,1.1186597898602486,-0.44737118,0.19808151,37.37381,-25.375,-25.726562,68.90625,-4.442383,2.2554618205342973,1.4634200258440662,2.6304794337068285,1.144344618007939,-2.34015691280365,0.7762326597865975,-2.598229340144566,0.9515810720589071,7.965303761618478,2.1225386699346442,8.55769225529262,1.7223451897999515,2.373967034476144,0.7986771509178866,2.7583930662700107,0.7029699295170555,1.9469012192317419,1.010203945091773,1.982605082648141,0.7106048680645447,-2.3649509123393466,0.6221574051591169,-2.070140165942056,1.0230030248492177,5.427070311137608,1.7834464690698466,5.599418384688241,1.3363770199687262,1.5489052534103394,0.3774309961593588,1.5106207898684911,0.32171218580902383,-0.18928242,-1.5129747,0.0071369633,0.4030726,62.573526870571975,-8.0,998.0,86.1496837391128,14.45807132835369,556.4395744373328,37.602601419573794,211.39999999999964,9111.484375,0,9111.484375,0,10272.09375,0
2011-07-21,0.2161732,0.0,2.7737617,0.41945806,-2.042192,-7.904651,-0.0462844,2.1479535,-0.0058967625,-0.009398915,9.6159056e-08,0.0028117292,304.18628,296.7289,311.4283,2.6605341,95727.42,75453.76,100052.625,5679.7334,3.4851148,-3.2031262,9.664956,3.0367572,3.7240903,-2.0275161,8.524893,2.3275487,7,202,1,1.399388536810875,0.466462845603625,9.337631091475487,1.3339472987822123,24.151590928435326,1.7251136377453804,33.53592684864998,1.1178642282883327,-1.0772685,0.2161732,37.589985,-50.9375,-27.648438,46.078125,-5.526367,2.4079624840191434,1.5369096839916934,2.742066719702312,1.1462050611301964,-2.3335919891084944,0.7674084926604379,-2.533112645149231,0.8672794597644476,8.104750837598528,2.2083265469970854,8.734465496880668,1.6980186215564146,2.4287467002868652,0.8334236262474665,2.7934325422559465,0.7038051152903256,2.1417927401406422,1.2141573107819374,2.143310512815203,0.8309962995506345,-2.427469457898821,0.5489772512377555,-2.1101007631846835,1.008499540347158,5.721729516983032,2.121366226985867,5.902094619614737,1.4876734722985365,1.6658938101359777,0.47672217242018483,1.5994879773684911,0.36371806813294355,-0.2466197,-1.7897553,0.0037495047,0.45361352,62.573526870571975,-8.0,998.0,86.1496837391128,14.45807132835369,556.4395744373328,37.602601419573794,211.39999999999964,8857.796875,0,8857.796875,0,10272.09375,0
2011-07-22,0.21974461,0.0,2.3822784,0.41618448,-1.6915648,-6.1597743,-0.046960775,1.6948744,-0.0056877416,-0.009044033,1.0733493e-07,0.0027664914,304.2082,296.29565,311.36118,2.7916625,95776.81,75523.03,100007.414,5664.506,2.847923,-2.9560974,9.163003,2.7077239,3.144291,-1.9754467,6.8975186,1.7695132,7,203,1,0.6339993178844452,0.21133310596148172,7.7713824808597565,1.1101974972656794,20.449193507432938,1.4606566791023528,33.563636124134064,1.1187878708044687,-3.0988848,0.21974461,37.80973,-72.55469,-37.21875,17.328125,0.9399414,2.623228813920702,1.466484048332626,2.7648135040487563,1.1448205130277778,-2.429404582296099,0.8015012745727619,-2.4394847324916293,0.7247529867488224,8.50251511165074,2.0933707229414216,8.794067825589861,1.697319912038184,2.5661757673536028,0.7796009356798176,2.758130294936044,0.6940654459790621,2.2248819214957103,1.266531281655303,2.2133646181651523,0.873104971104017,-2.3818861757005965,0.5745089021883532,-1.9280845608030046,0.7312216764252017,5.797969852175031,2.157570347891637,5.926695329802377,1.502045210845272,1.6808984790529524,0.47832053206568004,1.5882582068443298,0.3551637270750591,-0.19728696,-0.45562315,0.009530459,0.45417202,62.573526870571975,-8.0,998.0,86.1496837391128,14.45807132835369,556.4395744373328,37.602601419573794,211.39999999999964,8690.125,0,9158.09375,0,10272.09375,0
2011-07-23,0.9057793,0.0,20.096302,2.30899,-1.4431713,-4.9341407,-0.054547563,1.4267412,-0.0051700473,-0.009221546,6.589107e-08,0.0028216229,304.11826,296.17105,312.1852,3.0588167,95788.19,75578.37,99955.65,5649.4224,2.1745915,-2.505537,8.271604,2.482088,2.9525263,-1.8651282,6.304224,1.6737827,7,204,1,1.3416971117258072,0.44723237057526904,6.372832864522934,0.9104046949318477,16.37671086192131,1.169765061565808,34.12609073519707,1.1375363578399023,-2.3959467,0.9057793,38.715508,-89.64844,-41.179688,-35.523438,2.4926758,2.8627151335988725,1.1681503102810735,2.711504182645253,1.1543292361031652,-2.379757114819118,0.7813957612402483,-2.3839268003191267,0.6837404799551058,8.899353844778878,1.6427307592364926,8.7196295942579,1.695627175172772,2.731088536126273,0.5670886871286605,2.692009312765939,0.671129550330069,2.408802969115121,1.2651684561870824,2.280013084411621,0.8925601824680409,-2.2264822040285384,0.5404054432590414,-1.9188884156090873,0.7311402099887377,6.058505432946341,2.080705319962563,5.990180781909397,1.497549928959734,1.7221477372305733,0.4606788162909825,1.5874394604137965,0.35493608700787105,0.24200249,-0.33086348,0.0023853444,0.22632957,62.573526870571975,-8.0,998.0,86.1496837391128,14.45807132835369,556.4395744373328,37.602601419573794,211.39999999999964,8614.015625,0,9719.09375,0,10272.09375,0
2011-07-24,3.0257978,0.0,25.868416,4.176101,-1.5988294,-4.1895885,-0.04971725,1.1926904,-0.004512512,-0.009137619,9.080395e-09,0.002527004,304.1505,296.36984,312.15784,3.0540197,95996.38,75809.72,100036.63,5625.3223,1.0708915,-3.4330375,7.3010936,2.4356744,1.757577,-2.5296173,4.2020316,1.243621,7,205,1,4.15132175385952,1.3837739179531734,7.797491163015366,1.113927309002195,15.880841940641403,1.1343458529029573,36.9230172932148,1.23076724310716,-0.76195216,3.0257978,41.741306,103.39844,140.89062,18.304688,-11.238281,2.8839675869260515,1.1276101920322106,2.551805909190859,1.2185277710972862,-2.5165213687079295,0.8787056495803721,-2.417105998311724,0.7243551724893809,9.12921326501029,1.161131188185292,8.535635471343994,1.7001295882586083,2.851296595164708,0.32227900610479043,2.6225468942097256,0.6409545469744262,2.566283200468336,1.0629622819759705,2.2391955171312605,0.9031500582370522,-2.2375859703336443,0.5465721963215332,-2.019444474152156,0.7095767116979675,6.2259847436632425,1.8281298502608048,5.860659207616534,1.571782631210733,1.747330938066755,0.42212227630145743,1.5721921580178397,0.3653974447659162,0.48868024,0.71146774,0.013170313,-0.035619855,62.573526870571975,-8.0,998.0,86.1496837391128,14.45807132835369,556.4395744373328,37.602601419573794,211.39999999999964,8436.953125,0,10140.40625,0,10272.09375,0
2011-07-25,5.021362,0.0,43.405056,5.8596954,-2.086833,-5.391948,-0.045351457,1.2100419,-0.0042231674,-0.008282733,7.846393e-08,0.002422098,304.4461,296.61594,311.45926,3.1203713,96254.78,76063.62,100234.46,5612.325,0.013682572,-5.1555676,5.9888005,2.568951,0.78282505,-2.548116,3.3197224,0.93327916,7,206,1,8.952938973903656,2.9843129913012185,10.572072118520737,1.5102960169315338,20.00541517138481,1.4289582265274865,41.78611448407173,1.392870482802391,-0.22237396,5.021362,46.76267,297.45312,269.71875,189.6875,-2.4384766,2.5480458520885025,1.5710120467130084,2.290480138867029,1.3454522505604791,-2.8640979528427124,1.3359890465413233,-2.6654775653566634,0.9965622559970762,8.74417849949428,1.6691119304571298,8.232317686080933,1.7516011322326221,2.806809527533395,0.3386746831447461,2.57635041645595,0.6178036751336955,2.5642845715795244,1.0668498627665126,2.149950389351164,0.9833430411107575,-2.119958962712969,0.2904739427048512,-2.1658481444631303,0.5691779271381769,6.137109449931553,1.9674919547738514,5.706288984843662,1.7118373604706358,1.6878359147480555,0.5080929829830965,1.5519522428512573,0.39338322360419403,0.055047512,0.45669174,0.01233932,-0.27838004,62.573526870571975,-8.0,998.0,86.1496837391128,14.45807132835369,556.4395744373328,37.602601419573794,211.39999999999964,8211.390625,0,10272.09375,0,10272.09375,0
2011-07-26,6.0000076,0.0,63.230038,8.45844,-2.514183,-5.2331834,-0.062421434,1.1483645,-0.004251116,-0.009075187,-2.2584572e-08,0.0022456497,304.36377,297.3388,310.83197,3.082325,96350.01,76071.21,100360.02,5636.7554,0.44299108,-3.3788776,6.376697,2.1309474,1.0303557,-1.9492384,4.320537,1.2832259,7,207,1,14.047167301177979,4.682389100392659,15.586945921182632,2.2267065601689473,25.68362057209015,1.8345443265778678,47.54138162732124,1.5847127209107081,-1.4849434,6.0000076,52.762676,337.9375,224.29688,306.40625,29.60498,2.0603912427489246,1.625978443203329,2.0737108906198825,1.3833871256102097,-3.224180851663862,1.0036055497125074,-2.771168385233198,0.9874657696552569,8.218027727944511,1.7631410829691603,7.994549683162144,1.7621474189293336,2.658853667122977,0.37909532039606525,2.4992118222372874,0.5996344552232182,2.416606400694166,1.20962156440358,2.0725426375865936,1.0280243563109874,-2.1232762847627913,0.2880120712166164,-2.1933926599366322,0.5466780178788133,5.982052905218942,2.074574889128066,5.57021815436227,1.742820824767537,1.6449741125106812,0.5305443388246426,1.5367351770401,0.3997716292009918,-0.39449573,1.9727664,-0.015943784,-0.69478905,62.573526870571975,-8.0,998.0,86.1496837391128,14.45807132835369,556.4395744373328,37.602601419573794,211.39999999999964,8379.875,0,10272.09375,0,10272.09375,0
2011-07-27,2.408019,0.0,34.532547,3.8859391,-2.4589841,-5.2005405,-0.06711995,1.3232371,-0.0048377053,-0.009505346,-5.820766e-08,0.0025356382,304.61963,296.44504,311.75208,3.2646933,96151.02,75807.586,100282.664,5672.987,1.7493652,-3.0735092,5.379087,1.638777,2.6109905,-0.66865855,5.1022153,1.0550464,7,208,1,13.429388523101807,4.4764628410339355,17.79688347876072,2.5424119255372455,27.70000049471855,1.978571463908468,49.64227029681206,1.6547423432270685,-6.8180103,2.408019,55.170696,190.34375,80.78906,227.39844,39.640137,1.6835085363792521,1.2615894657932252,1.9694851784567748,1.3457681212671662,-3.386536087308611,0.8391221136887258,-2.8633465000561307,0.9475539847310823,7.449320111955915,1.6387686366756908,7.707311936787197,1.8413255100822299,2.4287026950291226,0.4439955159586032,2.4013348647526334,0.6214492510634037,2.2860936863081798,1.1157995442314441,2.1164974527699605,1.037593523330326,-1.9376744627952576,0.6256105683133303,-2.151312687567302,0.6390972355927734,5.524448837552752,1.8135289994923014,5.47575957434518,1.7287301133212303,1.469431025641305,0.485285294198928,1.5091681395258223,0.41969241272110963,-0.14920187,2.7927265,-0.02366677,-1.015148,62.573526870571975,-8.0,998.0,86.1496837391128,14.45807132835369,556.4395744373328,37.602601419573794,211.39999999999964,8664.734375,0,10272.09375,0,10272.09375,0
2011-07-28,1.85836,0.0,29.894829,3.652287,-2.4923768,-5.357709,-0.06040674,1.5187353,-0.005056856,-0.009639396,-1.4901161e-08,0.0026935271,303.9739,296.29422,310.8074,2.9579504,96056.88,75686.125,100257.38,5691.6245,2.6499,-2.174998,7.7814636,2.2908146,2.7501493,-1.6878529,6.7996554,1.5242928,7,209,1,10.26638674736023,3.422128915786743,19.43907032907009,2.777010047010013,28.776701420545578,2.0554786728961125,50.68887695670128,1.6896292318900425,-4.2990475,1.85836,57.029057,72.65625,44.84375,99.35156,18.990723,1.5641921287668603,1.090727605217969,1.9860773063930017,1.3531299316940044,-3.2396606377192905,0.9581174236160965,-2.7866263134138927,0.9573517213265007,7.180249759129116,1.3421289304754562,7.642500298363822,1.8199652380337306,2.322139467511858,0.35416212312719936,2.375443083899362,0.6176837850919884,2.1469592452049255,0.9558640232087648,2.144375992672784,1.049806482601275,-1.8891511389187403,0.6306331761683639,-2.158310298408781,0.6329842928837325,5.277986356190273,1.4101776582875196,5.499857936586652,1.745807112356375,1.3546801805496216,0.31291117137457963,1.5102869953427995,0.4197117432448535,-0.45018482,2.5469422,-0.014122341,-0.6292182,62.573526870571975,-8.0,998.0,86.1496837391128,14.45807132835369,556.4395744373328,37.602601419573794,211.39999999999964,9158.09375,0,10272.09375,0,15518.375,1
2011-07-29,1.8968191,0.0,18.662453,2.9621165,-2.2946467,-5.107226,-0.06018742,1.4385878,-0.004743064,-0.0096710585,3.236346e-08,0.0024602723,303.6774,294.14542,310.28214,3.0372343,96096.62,75722.97,100277.055,5687.893,2.4314024,-1.7790266,7.9341893,2.4460177,2.2975125,-1.9353441,5.945637,1.4442706,7,210,1,6.163198232650757,2.0543994108835855,21.116144835948944,3.016592119421278,28.8875273168087,2.0633948083434785,51.71766296029091,1.7239220986763637,-0.38001943,1.8968191,58.925873,40.335938,18.546875,88.00781,13.883301,1.5046891865453549,1.0179574917960312,2.063959000233029,1.3444997828113734,-3.0715076753071378,1.107779282692354,-2.7504561288016185,0.9868564205057748,7.00470495223999,1.0976689783174283,7.753610031945365,1.7839992341213051,2.2847528798239574,0.31871383833564165,2.42546432358878,0.5905234134383952,2.025990903377533,0.8570899040156764,2.1254364124366214,1.044055674748555,-1.8834221959114075,0.6299003012910218,-2.1326541858060017,0.6343161912688938,5.142003297805786,1.2665595988791616,5.469986574990409,1.7334208189691496,1.3082169464656286,0.2608666812632502,1.4945577127592904,0.41760968870410975,-0.60308194,1.0525484,-0.013226647,-0.25628662,62.573526870571975,-8.0,998.0,86.1496837391128,14.45807132835369,556.4395744373328,37.602601419573794,211.39999999999964,9719.09375,0,10272.09375,0,21929.546875,1
2011-07-30,3.3076887,0.0,184.69476,9.637524,-2.1838977,-6.08872,-0.050366152,1.4094394,-0.004588981,-0.009191727,-9.452924e-08,0.002509787,303.87128,294.9316,311.17654,3.2063699,95993.48,75637.43,100187.94,5684.7036,2.6835954,-1.2118365,9.109859,2.746639,2.0841124,-1.6516705,5.804954,1.415342,7,211,1,7.062867879867554,2.3542892932891846,23.518054246902466,3.3597220352717807,29.8908871114254,2.1350633651018143,54.26423677802086,1.8088078926006952,1.4730037,3.3076887,62.233562,-49.507812,-77.63281,48.453125,20.230957,1.5774040262081794,1.0894542467931938,2.220059579903526,1.2737286412289304,-2.88669330733163,1.3077977323285395,-2.633225211075374,1.067885420520537,7.124455792563302,1.2881203783483566,8.01190481867109,1.690990414700168,2.3225458690098355,0.3591356544470975,2.526817202568054,0.5028826803216833,1.9019317712102617,0.7577152228875464,2.155367370162691,1.0358168804819399,-1.8529282382556371,0.6360701434643241,-2.039705221142088,0.5992391715764047,5.0706790174756735,1.2026481851153303,5.564592225211007,1.711263305481699,1.271296841757638,0.21471079000949767,1.4967222894941057,0.4170765494740328,-0.7407265,-1.1545792,0.004181411,-0.017301798,62.573526870571975,-8.0,998.0,86.1496837391128,14.45807132835369,556.4395744373328,37.602601419573794,211.39999999999964,10140.40625,0,10272.09375,0,21929.546875,1
2011-07-31,3.1852636,0.0,69.927216,8.933498,-2.0651314,-6.6337085,-0.054160368,1.4965241,-0.004588716,-0.009167066,-7.21775e-09,0.0026107577,303.87064,295.0884,311.36,3.3556693,95889.47,75586.44,100093.06,5672.3687,2.7273405,-1.44424,10.320531,2.975961,2.3818197,-1.1994337,6.0039353,1.50496,7,212,1,8.389771461486816,2.796590487162272,23.677520036697388,3.382502862385341,31.475011199712753,2.248215085693768,56.924296885728836,1.8974765628576278,0.29182553,3.1852636,65.41882,-114.734375,-117.265625,-34.671875,14.51123,1.814039591965931,1.1398309421377197,2.3490035894459913,1.2225737867106057,-2.6025793722697665,1.3831813556726946,-2.559550370488848,1.1141677341485343,7.555803980146136,1.771853594983671,8.342508622578212,1.654616002659411,2.3997296605791365,0.4370969322388768,2.625513127871922,0.43705301149417136,1.991109311580658,0.7744438703210428,2.2786962560244968,0.9420027860358986,-1.6629020060811723,0.5977581192517365,-1.9502439882074083,0.6258687141289057,5.328093835285732,1.178329203270119,5.777039289474487,1.5493134721764594,1.3086309773581368,0.2311853396236356,1.527980957712446,0.39840113712196457,-0.46630204,-2.44412,-0.0044431165,0.30383372,62.573526870571975,-8.0,998.0,86.1496837391128,14.45807132835369,556.4395744373328,37.602601419573794,211.39999999999964,10272.09375,0,10272.09375,0,21929.546875,1
2011-08-01,0.8359928,0.0,18.642426,1.9781804,-1.9157301,-6.215776,-0.051865816,1.5467887,-0.0047641513,-0.008835939,3.259629e-09,0.0026222994,304.06128,295.6121,312.28006,3.3685706,95887.66,75612.75,100068.46,5661.7354,2.4157634,-1.3426749,9.353126,2.6242476,2.3928084,-0.8539346,5.839018,1.47008,8,213,1,7.328945159912109,2.442981719970703,19.492151021957397,2.784593003136771,30.064223140478134,2.1474445100341524,57.19029626250267,1.9063432087500891,-4.2230988,0.8359928,66.25482,-133.14062,-119.921875,-83.50781,13.609375,2.157193992819105,0.8258116185789723,2.352619922453804,1.222700044901095,-2.057880401611328,0.8633148779899396,-2.4609891772270203,1.1587801761375054,8.036421843937465,1.7317958566324843,8.390300171715873,1.6747796030628221,2.4076291833605086,0.44114585832901176,2.6072193554469516,0.4308817945216941,2.221106937953404,0.5671123977635317,2.3926957547664642,0.839913398331893,-1.4208760942731584,0.5171520324390217,-1.7704175284930639,0.5421777323967057,5.68799318586077,0.7801231816560178,5.9125513178961615,1.4566470875379631,1.3853168146950858,0.16567626437342317,1.5365763647215707,0.3955478133346124,0.17110288,-0.82382774,-0.0065143593,0.3367468,62.573526870571975,-8.0,998.0,86.1496837391128,14.45807132835369,556.4395744373328,37.602601419573794,211.39999999999964,10126.40625,0,10126.40625,0,21929.546875,1
2011-08-02,0.19284686,0.0,5.9747696,0.4173352,-1.8852223,-5.335712,-0.044697195,1.5902343,-0.0054551833,-0.010192417,-2.4680048e-08,0.0028269389,304.70166,297.42392,312.71884,3.3197322,95898.68,75644.12,100031.125,5655.916,2.1485403,-1.6409779,7.3099904,2.0096145,2.6858027,-1.2759756,5.7247567,1.5005453,8,214,1,4.214103311300278,1.4047011037667592,13.684990257024765,1.954998608146395,29.271936178207397,2.090852584157671,56.1148698925972,1.8704956630865732,-5.0862193,0.19284686,66.44766,-60.679688,-51.210938,-37.765625,20.715332,2.4008438757487705,0.35066968591551567,2.2306175592488477,1.1437565886115395,-1.8096090044294084,0.6415058704770645,-2.5168949280466353,1.0924943434488579,8.169749464307513,1.6146869583511447,8.193888596126012,1.62441564591762,2.390295914241246,0.4559637763820777,2.5245747906821117,0.42626542806528117,2.457599367414202,0.23673183330982916,2.437102884054184,0.8376358315317393,-1.324695689337594,0.4621962185620673,-1.7239859870501928,0.5554981251495767,5.888595989772251,0.5002129647747396,5.935324447495597,1.4505970539225361,1.4163624388831002,0.16370704080964255,1.5306682756968908,0.3954146105071644,0.6289607,-0.10252857,0.017724238,0.44186974,62.573526870571975,-8.0,998.0,86.1496837391128,14.45807132835369,556.4395744373328,37.602601419573794,211.39999999999964,9874.234375,0,9911.46875,0,21929.546875,1
2011-08-03,0.26088303,0.0,6.709099,0.5877499,-1.7778022,-5.194243,-0.05396828,1.532168,-0.005570451,-0.01000236,7.357448e-08,0.0028673687,304.50598,296.82236,311.40952,3.0685427,95885.56,75635.62,100040.625,5658.7334,2.0088298,-1.9093233,7.8282256,1.8946301,2.8648932,-1.2720991,6.2794957,1.5252682,8,215,1,1.2897227108478546,0.4299075702826182,11.537854224443436,1.648264889206205,29.334737703204155,2.095338407371725,55.70985233783722,1.8569950779279074,-5.099638,0.26088303,66.70855,11.09375,13.7109375,36.171875,18.479004,2.43791025025504,0.2761184884827461,2.060709393317146,0.9607298191375219,-1.6432967356273107,0.3386393110504541,-2.514916411467961,1.0936497491074715,8.519626413072858,1.0889772018701591,7.984473262514387,1.4474924861823064,2.426846350942339,0.3913587918907008,2.427774522985731,0.4020882408067298,2.493871177945818,0.27970272110894506,2.389982432126999,0.7888918036239924,-1.4109014868736267,0.36563042932428824,-1.6742879748344421,0.5630725703169702,6.056778907775879,0.3736503701298899,5.7906138726643155,1.2878970858732253,1.4835369757243566,0.04188129053443093,1.4764840006828308,0.3309928628062128,0.6811819,0.0062975883,0.013151668,0.20893097,62.573526870571975,-8.0,998.0,86.1496837391128,14.45807132835369,556.4395744373328,37.602601419573794,211.39999999999964,9911.46875,0,9911.46875,0,21929.546875,1
2011-08-04,0.43674338,0.0,6.96373,0.863578,-1.7527162,-5.5939903,-0.054646976,1.5155557,-0.005441442,-0.009076127,2.0721927e-08,0.0027770943,304.49176,296.6324,311.50137,2.917823,95859.83,75594.42,100050.4,5668.4756,1.8691256,-2.5747693,8.549091,2.154008,3.0585527,-1.0005869,6.2308993,1.5251012,8,216,1,0.8904732763767242,0.2968244254589081,10.116237550973892,1.4451767929962702,29.555307880043983,2.1110934200031415,55.79698973894119,1.8598996579647065,-3.9028845,0.43674338,67.145294,-8.3203125,20.640625,34.585938,11.930664,2.326371056692941,0.3288712798940663,1.9452815927299005,0.8691404542045286,-1.7004069089889526,0.45646527307371515,-2.4700337733541216,1.0759845009853846,8.62928751536778,1.0397942947966141,7.904768637248448,1.376838069792286,2.407302532877241,0.4025404089898671,2.3647210001945496,0.3669208842542075,2.537928819656372,0.343754020868365,2.342444032430649,0.7192975940715103,-1.3127206308501107,0.3711004639069715,-1.6009358848844255,0.5801481906434828,5.975528035845075,0.2121037677275755,5.626757196017674,1.034203878103636,1.4836524554661341,0.04201330290698425,1.419166318007878,0.2246860338840277,0.7396606,-0.2362814,0.0057597645,-0.0031795502,62.573526870571975,-8.0,998.0,86.1496837391128,14.45807132835369,556.4395744373328,37.602601419573794,211.39999999999964,9819.84375,0,15518.375,1,21929.546875,1
2011-08-05,0.83025634,0.0,21.217823,1.7775537,-1.8150896,-5.7381635,-0.05217828,1.5943861,-0.0052849716,-0.009720777,-3.5390258e-08,0.0026600412,304.19052,295.24988,311.2533,2.88705,95812.53,75520.32,100009.82,5676.831,2.1747217,-2.2856407,8.853072,2.3839786,3.0087194,-1.5022787,6.144287,1.650331,8,217,1,1.5278827548027039,0.5092942516009012,9.049674779176712,1.2928106827395303,30.165819615125656,2.154701401080404,55.461120665073395,1.8487040221691131,-0.8364717,0.83025634,67.97555,-204.75781,-150.86719,-156.49219,1.890625,2.2897023814065114,0.32951775361487506,1.8971957839759332,0.8332409586242531,-1.7727803502764021,0.5082347583347542,-2.4221440127917697,1.067574150881229,8.760556493486677,0.9944286725675533,7.882630722863333,1.357405461982311,2.3984397990362987,0.40222878792835154,2.341596339430128,0.3536007696769339,2.6395298072269986,0.3652819588947707,2.3327603553022658,0.7085037881249664,-1.2508541430745805,0.27318289401022683,-1.567138169492994,0.5703519759440069,6.00390659059797,0.22055869117164853,5.572954944201878,0.9812467197015945,1.513089656829834,0.07159571479605788,1.4106533016477312,0.21230767345541096,0.47955716,-0.6309376,0.008009143,0.15579832,62.573526870571975,-8.0,998.0,86.1496837391128,14.45807132835369,556.4395744373328,37.602601419573794,211.39999999999964,9598.28125,0,21929.546875,1,21929.546875,1
2011-08-06,0.42435774,0.0,10.577679,0.7265021,-2.0502625,-6.8859177,-0.052066296,1.9062049,-0.005354458,-0.00959448,-6.845221e-08,0.002648996,304.51984,297.16028,311.6951,2.856594,95780.06,75513.52,100012.27,5673.8105,3.1242955,-2.104086,10.1639805,2.9982653,3.0269082,-0.9339568,6.5904164,1.61936,8,218,1,1.6913574635982513,0.5637858211994171,6.166343808174133,0.8809062583105904,29.6843980550766,2.1203141467911855,54.96151289343834,1.832050429781278,-1.1284724,0.42435774,68.39991,-313.70312,-263.66406,-221.64062,-0.7705078,2.3526595320020403,0.4406700170757963,1.9650317791051097,0.8940047137311129,-1.9002445595605033,0.45298838760551924,-2.3934689334460666,1.0705492583738376,8.911145210266113,1.1271038038395944,8.017800501414708,1.4871399842582163,2.4343864066260203,0.4472565958825065,2.3784661378179277,0.3939816820832764,2.7742149148668562,0.29302400561827685,2.338073343038559,0.7137681777645241,-1.148323621068682,0.22874877561607188,-1.5006259296621596,0.5869808155349826,6.116115501948765,0.2910190771999155,5.593397259712219,1.0004464239477933,1.542235084942409,0.06651848897158696,1.4067659633500236,0.20756443985488424,0.13363528,-0.7971978,-0.0017001443,0.4967655,62.573526870571975,-8.0,998.0,86.1496837391128,14.45807132835369,556.4395744373328,37.602601419573794,211.39999999999964,9158.78125,0,21929.546875,1,21929.546875,1
2011-08-07,1.7598876,0.0,37.688732,4.829306,-1.9155374,-6.400289,-0.048669294,1.7518274,-0.005349788,-0.009011742,1.0733493e-07,0.0026939823,304.54337,297.32736,312.3281,3.0333464,95747.05,75537.125,99960.125,5661.562,2.931766,-1.9675719,10.166055,3.1173267,2.7671769,-1.2777075,6.5571313,1.6665652,8,219,1,3.0145016610622406,1.004833887020747,4.740967750549316,0.677281107221331,28.418487787246704,2.029891984803336,52.799258440732956,1.7599752813577652,-4.849781,1.7598876,70.1598,-262.92188,-219.6875,-177.70312,9.600098,2.3818631853376115,0.4750699864485354,2.0979513886517713,0.8891620570573545,-1.9750062567847115,0.4059266105372846,-2.288792814527239,1.032035721967316,8.889077186584473,1.0959926108061258,8.222440583365303,1.575427923320419,2.45458151612963,0.4779261387696078,2.4271555883543834,0.4409197794603514,2.829265935080392,0.23806149504840385,2.410187623330525,0.7015034591461887,-1.1595055886677332,0.23352683566403615,-1.411203797374453,0.5082417011593907,6.195143495287214,0.3282136473777111,5.7616186652864725,0.9449589471264175,1.5653215476444788,0.07840695022400963,1.4369762625013078,0.21270800456180866,0.14959407,0.23341942,0.005491074,0.25530326,62.573526870571975,-8.0,998.0,86.1496837391128,14.45807132835369,556.4395744373328,37.602601419573794,211.39999999999964,8650.84375,0,21929.546875,1,21929.546875,1
2011-08-08,2.1011841,0.0,40.21883,4.1793056,-1.817214,-5.2297087,-0.05379017,1.425832,-0.0048333323,-0.008946575,-6.7520887e-09,0.0025712328,303.77148,295.80283,311.65775,2.9526463,95798.2,75611.94,99895.81,5641.6294,1.4346055,-4.366028,8.2977495,2.9571679,1.6980355,-4.0067277,5.7569847,2.0066254,8,220,1,4.285429447889328,1.428476482629776,6.006159067153931,0.8580227238791329,25.498310089111328,1.821307863507952,49.922180622816086,1.664072687427203,-13.735626,2.1011841,72.26098,-170.09375,-119.859375,-126.171875,2.3012695,2.241697771208627,0.5934043713477744,2.199445882013866,0.6922402080789514,-2.4069138254438127,0.912870072069353,-2.2323971135275706,0.8725846329049832,8.738309179033552,1.0941061327849744,8.387365511485509,1.4385187660113938,2.5021415608269826,0.5129088829555442,2.4548853720937456,0.46221666634760794,2.7300126552581787,0.4761421979513417,2.475559796605791,0.5681559095388917,-1.609904604298728,1.0739719016091278,-1.515390349285943,0.815722070043044,6.183424472808838,0.34412727773090573,5.935708829334804,0.6337420690639032,1.641970889908927,0.17389565874406834,1.5136438523020064,0.21061805539778872,0.09851611,0.9860673,-0.0019243546,-0.12095666,62.573526870571975,-8.0,998.0,86.1496837391128,14.45807132835369,556.4395744373328,37.602601419573794,211.39999999999964,8160.25,0,21929.546875,1,21929.546875,1
2011-08-09,9.238041,0.0,70.68539,14.106574,-2.1816523,-5.3072624,-0.057881698,1.3279023,-0.0036768508,-0.008897589,4.400499e-08,0.0022042247,303.04053,295.57632,310.93408,2.5628426,95880.84,75676.586,99960.96,5636.4707,1.4042552,-3.813628,8.453788,3.2887685,0.64624816,-4.574613,5.929212,2.2751148,8,221,1,13.099112629890442,4.366370876630147,15.051353126764297,2.150193303823471,28.736343383789062,2.052595955984933,55.63855478167534,1.8546184927225113,1.5883269,9.238041,81.49902,-148.4375,-83.80469,-143.71875,-12.455566,2.1353713274002075,0.674075554337689,2.268107601574489,0.5342678202058737,-2.717292410986764,0.9762029582327394,-2.263450707708086,0.9228144270487841,8.901708807264056,0.916185134584267,8.535729135785784,1.3171890444575811,2.6848778554371426,0.5355533447801984,2.537586884839194,0.5016930507440003,2.4386477214949474,0.9225086835679888,2.4481235444545746,0.6471025641007085,-2.0811385342053006,1.5299265666871669,-1.7029171117714472,1.1545403375996013,6.212632383619036,0.3051823524738639,6.050614186695644,0.4321319435455271,1.7526236772537231,0.2818391670021896,1.5844930580684118,0.28190976994962785,-0.29643,0.028449535,-0.013184503,-0.26233196,62.573526870571975,-8.0,998.0,86.1496837391128,14.45807132835369,556.4395744373328,37.602601419573794,211.39999999999964,7761.359375,0,21929.546875,1,21929.546875,1
2011-08-10,23.608318,0.0,517.436,49.85048,-2.36695,-6.9986324,-0.032652866,1.5462384,-0.0030750132,-0.009230076,-7.357448e-08,0.0024704381,302.56104,295.64456,310.15506,2.8528914,95870.28,75661.71,100046.75,5629.5913,2.0152578,-5.6057663,11.428169,4.035377,1.002948,-5.6946425,6.3578887,2.3782046,8,222,1,34.94754338264465,11.649181127548218,38.398788422346115,5.4855412031923025,49.93664264678955,3.5669030461992537,78.35008451342583,2.6116694837808607,12.998086,23.608318,105.10734,-208.67188,-130.98438,-164.95312,-23.846191,2.1362896135875156,0.6738787868145649,2.287099931921278,0.5189143077046031,-3.245355691228594,1.3818070811313086,-2.4443262134279524,1.2748296868148592,9.415986469813756,1.18431673745198,8.967806441443306,1.1878545499678534,2.990698848451887,0.6144883244889575,2.708772599697113,0.5749447709835623,2.172655556883131,1.0400656356566658,2.3332633674144745,0.7504331567255238,-2.712930449417659,1.9854802571589034,-2.061915968145643,1.528910691713244,6.223831381116595,0.3094533832851817,6.140305144446237,0.3408054739675867,1.874471732548305,0.34456064123966035,1.6790043541363306,0.31104803144497456,-0.5891478,-1.8043895,0.021315414,0.014070392,62.573526870571975,-8.0,998.0,86.1496837391128,14.45807132835369,556.4395744373328,37.602601419573794,211.39999999999964,15518.375,1,21929.546875,1,21929.546875,1
2011-08-11,12.484066,0.0,208.93384,27.147799,-2.458413,-8.191409,-0.020611333,1.6172538,-0.003267097,-0.008451977,3.608875e-08,0.002277932,302.2244,295.08557,310.87137,2.9544652,95848.35,75605.43,100037.27,5641.9863,2.3105462,-3.3646889,11.230525,4.213602,1.3031158,-4.488701,7.1868362,1.919513,8,223,1,45.33042526245117,15.11014175415039,50.44611105322838,7.20658729331834,60.56234860420227,4.325882043157305,90.51234829425812,3.0170782764752704,7.314682,12.484066,117.5914,-234.02344,-171.99219,-198.10156,-22.481445,2.1993496928896223,0.6653105085718584,2.2628603747912814,0.5084846902884413,-3.3582013504845754,1.3497999914603198,-2.529304129736764,1.2949877282073587,9.79904842376709,1.2864372348010453,9.214167969567436,1.2771889098060432,3.2849265847887312,0.6396647866532582,2.846114558832986,0.6862967982446223,1.9218788572720118,1.0017885651656626,2.229903838464192,0.7873418954107745,-3.211232449327196,1.9207592665138842,-2.2619765400886536,1.6543045302019126,6.360393796648298,0.47807805022440525,6.167960916246686,0.4075919500581742,1.9308162757328577,0.30824184096651797,1.707234365599496,0.31384870049188407,-0.7056967,-2.5974188,0.034035645,0.10169804,62.573526870571975,-8.0,998.0,86.1496837391128,14.45807132835369,556.4395744373328,37.602601419573794,211.39999999999964,21929.546875,1,21929.546875,1,21929.546875,1
2011-08-12,9.251884,0.0,61.45811,11.123367,-2.0352461,-5.805861,-0.049125865,1.1670972,-0.0029475533,-0.0097488975,3.8184226e-08,0.0023071137,301.68576,294.29965,308.55508,2.2365737,95753.09,75449.66,99879.12,5666.2744,2.0418105,-3.2364933,9.471393,3.2459729,1.3498099,-3.1025631,5.703874,1.5769671,8,224,1,45.344268798828125,15.114756266276041,58.86773917078972,8.409677024398531,67.91741394996643,4.851243853569031,99.3725936114788,3.3124197870492935,5.247433,9.251884,126.84329,-269.67188,-230.73438,-260.85156,-13.140625,2.180362377847944,0.668021564791447,2.235032379627228,0.5092114486874314,-3.4940374408449446,1.2693191430654014,-2.6334088955606734,1.2886003987811125,9.887379918779645,1.2306769561358073,9.323968206133161,1.2236384440357335,3.4080686228615895,0.5064070554535377,2.903254210948944,0.683719628128962,1.6848917773791723,0.8920372087697218,2.1622107923030853,0.8210985107231599,-3.439844514642443,1.7730077399748951,-2.3453493288585117,1.665948286236879,6.297477654048374,0.5366498925074664,6.150692122323172,0.4225817492884315,1.9203357185636247,0.32037648347748543,1.7167126876967294,0.3072301776853161,-0.22015655,-0.067697525,0.0030524135,-0.4272889,62.573526870571975,-8.0,998.0,86.1496837391128,14.45807132835369,556.4395744373328,37.602601419573794,211.39999999999964,19472.078125,1,19472.078125,1,19472.078125,1
2011-08-13,7.2271566,0.0,109.264854,12.864516,-2.1284003,-4.17339,-0.049106307,1.0390235,-0.003011343,-0.008690712,-1.0221265e-07,0.0020069748,301.34796,293.23538,308.44382,2.015842,95924.75,75611.34,99914.18,5656.922,0.536712,-4.466785,7.5586467,2.7494729,0.36100346,-4.0190034,4.7051177,1.7329309,8,225,1,28.963107109069824,9.654369036356607,65.67053806781769,9.38150543825967,71.83688187599182,5.13120584828513,105.81809112429619,3.5272697041432064,3.761027,7.2271566,134.07045,-186.32812,-140.32812,-226.67188,-12.634766,1.8107075946671622,0.7672006649157653,2.081683563334601,0.6635981872462327,-3.831565873963492,1.1462853716816634,-2.865905216761998,1.3059043098398082,9.515189375196185,1.4980100492971975,9.213167292731148,1.3115881533087987,3.3725268500191823,0.5470611946345915,2.9034566283226013,0.6836701127437266,1.3040482486997331,0.7864224955728589,2.0391315817832947,0.9523576230577708,-3.8805654559816634,1.3879028432960452,-2.5144445385251726,1.709692074934517,6.028149264199393,0.7820902824879764,6.072132383074079,0.5687521486675732,1.936560136931283,0.30510601711698654,1.739397610936846,0.2947370679002069,-0.078137875,2.7125278,0.002959989,-0.8671814,62.573526870571975,-8.0,998.0,86.1496837391128,14.45807132835369,556.4395744373328,37.602601419573794,211.39999999999964,12811.65625,0,12811.65625,0,12811.65625,0
2011-08-14,8.250499,0.0,131.09113,14.177554,-2.2733967,-4.60127,-0.04906929,1.0753026,-0.0030515334,-0.009049679,-2.561137e-08,0.0020643733,301.69165,294.01865,308.51334,2.178988,96183.29,75836.15,100252.73,5665.711,1.0606714,-3.5477638,7.976691,2.851399,0.017085996,-3.2421863,3.860963,1.7315487,8,226,1,24.72953987121582,8.24317995707194,72.16114926338196,10.308735609054565,76.90211701393127,5.493008358137948,112.28259667754173,3.7427532225847244,4.239574,8.250499,142.32094,-29.882812,-10.1015625,-27.914062,-4.4179688,1.5434083683150155,0.6241288895099594,1.9626357768263136,0.6879117148817596,-4.057307583945138,0.8299774677318913,-3.0161569203649248,1.2495463767777375,9.202423095703125,1.5664608561927775,9.045750141143799,1.308952790687099,3.3345371655055454,0.5761944675656386,2.8945593408175876,0.6834644528753632,0.9111781242702689,0.5980328858504995,1.8702220296753305,1.0870783929988528,-4.161205291748047,0.8792982968727431,-2.66035544020789,1.6756607317552417,5.642982380730765,1.0838504219112008,5.91906293800899,0.8209667026842485,1.9458434922354562,0.2963857990427722,1.7555825199399675,0.28699269307361264,-0.35785937,1.7990189,-0.0003999956,-0.67652476,62.573526870571975,-8.0,998.0,86.1496837391128,14.45807132835369,556.4395744373328,37.602601419573794,211.39999999999964,8117.140625,0,8150.765625,0,8150.765625,0
2011-08-15,6.6555147,0.0,64.42308,12.647494,-2.4737668,-5.307129,-0.05294918,1.3272082,-0.0032206788,-0.008023577,1.3154931e-07,0.002262988,301.8551,294.1762,308.44656,2.35123,96116.76,75674.84,100300.65,5713.915,2.0882084,-2.256693,8.282084,2.8201208,1.4606597,-0.9711997,4.430371,1.1079698,8,227,1,22.133170127868652,7.377723375956218,76.71547985076904,10.959354264395577,82.72163891792297,5.908688494137356,116.63378247618675,3.887792749206225,2.2849555,6.6555147,148.97646,-118.64844,-142.39062,-36.492188,19.694336,1.636780219418662,0.6533455125234312,1.9392389953136444,0.6767952193205774,-3.7559740202767506,1.052336072991289,-3.0814439228602817,1.1771651020233433,9.200185230800084,1.5679791422395766,8.969247204916817,1.3208509531871007,3.3149590151650563,0.5932304013332581,2.9085502879960194,0.679498669096589,0.8772673048079014,0.5508472175021437,1.80363998003304,1.0811387502874992,-3.727558434009552,1.4986059183943272,-2.66873151915414,1.6662028264028161,5.4534661088671,1.172917004544147,5.818445290837969,0.912725611425368,1.8174641132354736,0.43012330484961897,1.7297175015722002,0.328079152626556,-0.6565528,-0.077420235,0.00084099174,-0.09862387,62.573526870571975,-8.0,998.0,86.1496837391128,14.45807132835369,556.4395744373328,37.602601419573794,211.39999999999964,8041.4375,0,8150.765625,0,8150.765625,0
2011-08-16,1.0788087,0.0,14.50634,1.7427549,-2.9319584,-6.428848,-0.039274797,1.5419285,-0.00399568,-0.00837223,-8.591451e-08,0.0022149433,302.47568,295.4154,308.56116,2.2822611,96062.97,75588.586,100303.96,5737.11,2.434376,-2.4133682,7.874514,2.278158,3.1746256,-0.6978569,6.587747,1.4518713,8,228,1,15.984822154045105,5.328274051348369,68.55624759197235,9.79374965599605,83.60760071873665,5.971971479909761,116.11145159602165,3.8703817198673884,-1.746631,1.0788087,150.05527,-170.375,-206.96094,-54.1875,30.655762,1.7839403407914298,0.7061232856735459,1.9596558340958186,0.6878165435960447,-3.5559369155338834,1.1664497206533855,-3.136614663260324,1.1212321215922387,9.117431844983782,1.6280719426639951,9.009570326123919,1.2740896662518335,3.1705860751015797,0.7117934557618119,2.9277319652693614,0.6555383878859322,1.2384640867156642,1.0109269334703739,1.8385559041053057,1.1190489047750507,-3.1737361209733144,1.816107278399377,-2.6274373275893077,1.7099644368726927,5.547542537961688,1.2418207260600922,5.880087460790362,0.9347865105257256,1.6998578991208757,0.395270326870757,1.7262407881872994,0.3309399759499528,-0.7503061,-1.1215854,0.018606901,0.21402621,62.573526870571975,-8.0,998.0,86.1496837391128,14.45807132835369,556.4395744373328,37.602601419573794,211.39999999999964,8150.765625,0,8150.765625,0,8150.765625,0
2011-08-17,0.64873517,0.0,10.360241,0.9074542,-2.6324248,-5.0234184,-0.05125813,1.3490292,-0.0041610296,-0.008483486,2.6775524e-08,0.0021488175,302.31613,294.89694,308.45975,2.1393309,96130.01,75656.59,100318.47,5730.328,2.043646,-2.6911728,6.5914607,1.8345174,3.119751,-0.9737517,6.602135,1.403147,8,229,1,8.383058547973633,2.7943528493245444,45.59666442871094,6.5138092041015625,83.99545285105705,5.999675203646932,114.51340588927269,3.817113529642423,-1.4305371,0.64873517,150.70401,-14.7421875,-67.3125,23.0625,27.921875,1.7879958067621504,0.7077528684022014,1.962142710174833,0.6880709080105776,-3.139566421508789,0.7633364707684873,-3.1924610563686917,1.0738718608552356,8.426473481314522,1.5056985158884966,8.92122997556414,1.399048599050713,2.8561775514057706,0.7511265680848772,2.9234381999288286,0.6629803373957285,1.540864505405937,1.223076043743452,1.8567600311445338,1.1389255725011413,-2.499323146683829,1.5859069968550745,-2.6061267980507443,1.7298976271329785,5.582434892654419,1.2714620654157833,5.903133136885507,0.9492558289867326,1.5605639559882027,0.2675491583633169,1.717517844268254,0.3381750625889507,-0.2654748,1.975214,-0.018605266,-0.19720924,62.573526870571975,-8.0,998.0,86.1496837391128,14.45807132835369,556.4395744373328,37.602601419573794,211.39999999999964,8135.4375,0,8135.4375,0,8135.4375,0
2011-08-18,0.4492425,0.0,11.527538,0.7938031,-2.4514277,-4.460753,-0.048787326,1.3499396,-0.004400909,-0.008488512,-6.0535967e-09,0.0022291385,302.6727,294.9303,309.1899,2.4042497,96203.98,75747.02,100336.69,5717.653,1.9155601,-2.4854507,5.6695786,1.6502131,2.646346,-0.8665695,6.1426673,1.2424028,8,230,1,2.176786333322525,0.7255954444408417,33.561840921640396,4.794548703091485,84.00795197486877,6.000567998204913,113.977514564991,3.7992504854997,-1.691331,0.4492425,151.15324,54.023438,-5.28125,33.984375,17.964355,1.731569230556488,0.6740933183533538,1.9654594617230552,0.6876998568964878,-3.013960974557059,0.7919222928995535,-3.1860811625208174,1.078080938772897,7.632052557809012,1.2194808003764135,8.71555049078805,1.647559357637175,2.4899791308811734,0.585688574316517,2.887452857834952,0.7192414788069736,1.732754540762731,1.2834395626680541,1.8273166990173715,1.1104390215219613,-1.9818758113043649,1.4097638394121736,-2.5965541303157806,1.7398079814242142,5.433267899921963,1.1017936748595882,5.89683084828513,0.947203009827191,1.4638339281082153,0.23677716110030902,1.6973251019205366,0.35838446638753363,0.0069851875,3.7306561,-0.028175993,-0.2673142,62.573526870571975,-8.0,998.0,86.1496837391128,14.45807132835369,556.4395744373328,37.602601419573794,211.39999999999964,8082.640625,0,8082.640625,0,8082.640625,0
2011-08-19,0.52874875,0.0,13.915539,0.9369882,-2.2478878,-5.314772,-0.05385816,1.2862514,-0.0043546744,-0.008047545,-3.9115548e-08,0.002217969,302.95233,293.87192,309.61777,2.6635828,96296.766,75870.336,100378.82,5704.867,1.522151,-2.1597252,4.933577,1.6432526,1.9921902,-1.559527,5.385175,1.0672408,8,231,1,1.6267264187335968,0.5422421395778656,24.838705211877823,3.548386458839689,83.70644438266754,5.97903174161911,114.3081818073988,3.810272726913293,-0.40051,0.52874875,151.68199,-13.421875,-37.367188,-70.109375,-1.6708984,1.6573321563856942,0.6627517325325193,1.918847267116819,0.6945069177247346,-2.8601369517190114,0.8443351247375717,-3.177087196281978,1.086661851880005,6.983793190547398,1.2832067374306875,8.435586554663521,1.9310214000604426,2.261019093649728,0.5532701282505338,2.834543858255659,0.7835012553322069,1.8245231631611074,1.2744287988057525,1.7547074702701397,1.0593043473454602,-1.7614420822688512,1.323310601314521,-2.600643298455647,1.7371033780597342,5.387739488056728,1.095313588374499,5.842608571052551,0.9536533857246465,1.391015887260437,0.2719528873300063,1.6556758029120309,0.39615701800529446,-0.21264172,0.49108887,-0.004732296,0.119154215,62.573526870571975,-8.0,998.0,86.1496837391128,14.45807132835369,556.4395744373328,37.602601419573794,211.39999999999964,7844.46875,0,7844.46875,0,7844.46875,0
2011-08-20,2.3230112,0.0,42.72127,4.9292865,-2.1048164,-5.052899,-0.048522834,1.2717603,-0.004196276,-0.0078357905,2.9569492e-08,0.0022173796,302.9098,294.6818,309.41895,2.6622982,96477.22,76079.45,100501.16,5684.193,0.76302385,-3.2500336,4.674608,1.8400439,0.95048046,-2.9316368,3.7951698,1.1309755,8,232,1,3.301002413034439,1.1003341376781464,19.934559732675552,2.847794247525079,85.60509780049324,6.114649842892375,116.41501976549625,3.880500658849875,0.8518183,2.3230112,154.005,-17.875,-3.8125,-99.078125,-19.046387,1.6896624224526542,0.6016810085977355,1.7501850085599082,0.6653502921326979,-2.6863153321402415,0.5222730344869976,-3.2589406030518666,1.0418560164700994,6.5717876979282925,1.5107038177880932,8.043488536562238,2.102749259263836,2.131100671631949,0.5255359910630112,2.751813760825566,0.824936851607141,1.9087341635354929,1.1773864312056537,1.6063912061176129,1.0117750051721437,-1.6061039992741175,1.0496641433292695,-2.7433347276278903,1.6704335436897573,5.257746934890747,1.2349284936596399,5.6429480995450705,1.0704995486652369,1.3050222567149572,0.2389912975975251,1.6207911968231201,0.420364261597416,0.023583889,-0.879509,0.0005834736,0.23273683,62.573526870571975,-8.0,998.0,86.1496837391128,14.45807132835369,556.4395744373328,37.602601419573794,211.39999999999964,7552.078125,0,7552.078125,0,7623.6484375,0
2011-08-21,4.8706417,0.0,46.717644,7.521232,-2.061625,-4.0229344,-0.05140249,0.9799574,-0.003680544,-0.007610556,-1.1664815e-07,0.0020281426,302.63342,294.97446,309.1765,2.617897,96457.29,76090.73,100484.63,5666.6724,0.6592566,-3.4359856,5.158049,2.0002804,0.20245118,-2.7504947,3.6074562,0.9532493,8,233,1,7.7224016189575195,2.57413387298584,16.554702669382095,2.3649575241974423,88.71585193276405,6.336846566626003,121.06591686606407,4.035530562202136,2.5729609,4.8706417,158.87564,60.78125,96.41406,-51.132812,-32.788574,1.6323174408503942,0.6849826820822049,1.5878629045827048,0.6312439339521289,-2.6703470093863353,0.49239919059332443,-3.3638272966657365,0.9735235796942523,6.169124603271484,1.4481768619455961,7.685773849487305,2.1395406431757116,2.0095123052597046,0.41871364474737316,2.672024735382625,0.8407343477556016,1.935214904802186,1.1288336942832309,1.4231965145362275,1.0176039995625696,-1.5358623436519079,0.931763243283207,-2.8485338176999773,1.6165390142907838,5.221531663622175,1.285402913943072,5.43225702217647,1.1630075998108806,1.1938366293907166,0.18165204258481285,1.5698400608130865,0.4560998680178109,0.21177173,0.57833576,-0.0023332015,-0.0953452,62.573526870571975,-8.0,998.0,86.1496837391128,14.45807132835369,556.4395744373328,37.602601419573794,211.39999999999964,7328.921875,0,7328.921875,0,7623.6484375,0
2011-08-22,3.188238,0.0,39.928436,5.4125395,-2.483512,-4.4129066,-0.057162017,1.1459068,-0.0038176666,-0.007706611,3.1432137e-08,0.0020104996,303.36304,295.0057,309.548,2.9189475,96443.88,76057.47,100519.63,5681.0723,1.2907057,-2.1066685,5.9826465,1.8836843,1.4191289,-0.46016884,5.040279,0.9125729,8,234,1,10.381890773773193,3.460630257924398,13.087425857782364,1.8696322653974806,89.8029057085514,6.414493264896529,123.34837546944618,4.111612515648206,0.36996555,3.188238,162.06389,112.9375,137.3125,3.4921875,-28.44873,1.5183884756905692,0.6624715061836932,1.5775843475546156,0.6350912259655316,-2.6489149502345493,0.5160991837727719,-3.20244448525565,0.9818407639196938,5.840633460453579,1.110414865641841,7.520409345626831,2.17772882623076,1.8757356575557165,0.218097799057521,2.5953473363603865,0.8614257997389914,1.9292819265808379,1.131848695865137,1.4032746156943696,1.0145349991935735,-1.4628579361098153,1.0008381113360032,-2.5952081850596835,1.6969660472250536,5.30866139275687,1.242801931070757,5.381063750811985,1.1633881241660975,1.165922795023237,0.20986768345050877,1.4916934541293554,0.4690476705535199,-0.009745121,0.89422226,-0.0042128377,-0.18130136,62.573526870571975,-8.0,998.0,86.1496837391128,14.45807132835369,556.4395744373328,37.602601419573794,211.39999999999964,7178.953125,0,7178.953125,0,7623.6484375,0
2011-08-23,0.44850147,0.0,7.660866,0.8311824,-2.782149,-5.3303275,-0.054332897,1.4781688,-0.0047612707,-0.008625245,6.7055225e-08,0.0024167276,303.88965,296.45963,310.68478,3.034583,96323.74,75911.305,100527.13,5710.1987,2.7709737,-1.1871763,7.3120914,1.9347135,2.440596,-1.0149931,5.9518037,1.310651,8,235,1,8.507381081581116,2.835793693860372,12.457118660211563,1.7795883800302232,81.01336625218391,5.786669018013137,120.77107909321785,4.025702636440595,-1.130117,0.44850147,162.51239,92.25781,93.08594,51.75,-4.7973633,1.566473858697074,0.7468781809993519,1.6752070997442519,0.7073321229945984,-2.473744681903294,0.7598854441849187,-3.0148407987185886,1.0999012242866688,5.760287352970669,0.9470530096564326,7.438859598977225,2.1614032641287197,1.8266721623284476,0.13545232657082298,2.4986291187150136,0.8535604009964931,1.8244205649409975,1.0263266797223909,1.531442325828331,1.0248311602129618,-1.508163103035518,0.9670444663960848,-2.340949612004416,1.6434015159264863,5.21781233378819,1.1537718395823555,5.382677435874939,1.1642222913344011,1.145748461995806,0.1828466319735931,1.422803180558341,0.41255858062921325,0.14980936,1.0985203,-0.0150581,-0.063759685,62.573526870571975,-8.0,998.0,86.1496837391128,14.45807132835369,556.4395744373328,37.602601419573794,211.39999999999964,7022.609375,0,7022.609375,0,7623.6484375,0
2011-08-24,1.9274952,0.0,34.090042,3.5528827,-2.428059,-5.3898215,-0.06484637,1.4537805,-0.0041838028,-0.009193826,5.727634e-08,0.0022425002,302.9461,296.67322,310.06033,2.4812195,96215.36,75807.02,100395.6,5722.508,2.2777705,-2.6409519,7.6394844,2.636906,2.5569181,-0.7881114,6.91009,1.4701447,8,236,1,5.564234614372253,1.8547448714574177,13.735878735780716,1.9622683908258165,59.33254316449165,4.238038797463689,117.67721250653267,3.922573750217756,-1.0590119,1.9274952,164.43988,91.234375,98.625,77.86719,10.493164,1.5999202047075545,0.7764643253479698,1.6939580057348524,0.7203988927044015,-2.466570258140564,0.7577244732786226,-2.8030683398246765,0.809853125133153,5.910005024501255,1.1593878537055726,7.168239252907889,1.8362167738186412,1.9412990978785925,0.33529236809470164,2.3987383246421814,0.7332321285745734,1.7440158746072225,0.924977130334691,1.6424401900065797,1.047099763021557,-1.481643055166517,0.9864925881120491,-1.990483100925173,1.3743380634604427,5.261805874960763,1.219360664140411,5.422120383807591,1.2083220298834327,1.1553195714950562,0.1995557794222834,1.3579417637416296,0.30924360655312516,0.20436573,-0.3664031,-0.013588235,0.10475135,62.573526870571975,-8.0,998.0,86.1496837391128,14.45807132835369,556.4395744373328,37.602601419573794,211.39999999999964,6813.234375,0,6813.234375,0,7623.6484375,0
2011-08-25,3.8985806,0.0,45.899868,5.1854277,-2.2576854,-4.348889,-0.041559335,1.1104461,-0.0031198903,-0.008214437,-5.3551048e-08,0.0017720854,301.8592,294.44772,308.62222,2.3452473,96394.82,75927.72,100517.18,5723.7603,1.8177719,-2.3082497,7.0723653,2.4144945,1.7549492,-1.4552784,4.5382113,1.1351984,8,237,1,6.274577260017395,2.091525753339132,17.185216784477234,2.4550309692110335,50.74705770611763,3.624789836151259,115.5757854282856,3.8525261809428533,-2.8526554,3.8985806,168.33846,92.35156,107.84375,132.75,14.622559,1.585950459752764,0.770697283948016,1.658759845154626,0.6996962816073675,-2.4412558249064853,0.7599453317274124,-2.727608399731772,0.8026837729076526,6.11040312903268,1.2299892854576429,6.871227843420846,1.4170392164731322,2.050482153892517,0.3488701075642146,2.2702306423868452,0.5162364040272013,1.616673463157245,0.8372477966348576,1.674714001959988,1.0427909209266726,-1.5657443233898707,0.9497257705573118,-1.7738100673471178,1.1748177497404453,5.032597882407052,1.1762199803199624,5.232932891164507,1.1144689692564098,1.1400046518870763,0.1958377744213257,1.3019192899976457,0.267973025039801,0.19374228,0.11186409,0.007227991,-0.23949349,62.573526870571975,-8.0,998.0,86.1496837391128,14.45807132835369,556.4395744373328,37.602601419573794,211.39999999999964,6570.484375,0,7014.6640625,0,8099.1328125,0
2011-08-26,4.4410357,0.0,61.018944,7.509749,-2.6387627,-4.728081,-0.055702634,1.1668354,-0.003784735,-0.00782898,-4.284084e-08,0.0020076574,302.62048,294.37973,308.76358,2.8217835,96402.484,75966.23,100514.68,5699.9043,1.8469882,-1.5789446,8.150507,2.396243,1.529564,-0.29369673,4.550867,0.98944944,8,238,1,10.267111539840698,3.422370513280233,21.097503781318665,3.013929111616952,45.93620899319649,3.2811577852283205,117.60880210995674,3.920293403665225,-7.851003,4.4410357,172.7795,-14.828125,-1.9453125,49.085938,17.000488,1.632355775151934,0.7759770162343336,1.644843965768814,0.6934010106747072,-2.3582871641431535,0.8247460280479554,-2.6092120579310825,0.8430773809906049,6.5699645451137,1.3150392318698012,6.776878867830549,1.2665846198855881,2.158052223069327,0.3170114617878159,2.2095356583595276,0.43648352051410866,1.550584003329277,0.8207622193654283,1.6875535832451922,1.0395844445402864,-1.3849114222185952,1.0646624574946493,-1.5731767522437232,1.1702779505002605,4.913411004202707,1.1768089514789482,5.150575246129717,1.1195810781797648,1.1288915957723344,0.2027405573074733,1.2599537415163857,0.26758961743761184,-0.39087486,0.5866909,-0.0018444732,-0.119416,62.573526870571975,-8.0,998.0,86.1496837391128,14.45807132835369,556.4395744373328,37.602601419573794,211.39999999999964,6355.640625,0,7372.6171875,0,12039.3671875,0
2011-08-27,3.4843695,0.0,28.061867,4.566228,-2.4529002,-4.4323397,-0.05959347,1.1002393,-0.004047545,-0.008430414,1.2596138e-07,0.0021828797,303.38278,294.83435,309.84152,3.0729868,96232.56,75862.305,100323.44,5672.965,1.7114881,-2.2375584,8.675813,2.3691204,1.351632,-1.1031069,4.246462,1.0179521,8,239,1,11.823985815048218,3.9413286050160727,22.258862137794495,3.1798374482563565,42.19342187047005,3.0138158478907178,119.23481157422066,3.9744937191406886,-5.1112766,3.4843695,176.26387,-74.296875,-75.234375,-56.8125,17.276855,1.76785067149571,0.6751362638597465,1.7287565469741821,0.6157154046200501,-2.2136478424072266,0.7250466694974689,-2.449981587273734,0.6547296399446448,7.141565186636789,1.2200477460847037,6.856676442282541,1.3519421221131769,2.2336345740727017,0.29051942709362394,2.1823676228523254,0.4114078919769823,1.6078913658857346,0.7851085303375461,1.7583127647106136,0.9739916931377732,-1.123692857367652,0.8175619555762853,-1.3648984283208847,0.9379083100341925,4.977881295340402,1.1161346056478874,5.117814115115574,1.1401405369166138,1.11274539572852,0.20700271157305342,1.2088838262217385,0.23683784569639899,-0.34808373,0.6205592,-0.011070635,-0.17152107,62.573526870571975,-8.0,998.0,86.1496837391128,14.45807132835369,556.4395744373328,37.602601419573794,211.39999999999964,6381.546875,0,7623.6484375,0,12834.0390625,0
2011-08-28,4.376542,0.0,41.724205,5.354853,-2.2588146,-4.33449,-0.05594874,1.0755405,-0.0037232586,-0.009011513,-3.4924597e-08,0.0020200922,302.29028,294.29626,308.98743,2.4750345,96222.45,75844.04,100219.03,5653.245,0.50764215,-3.7310543,6.2924647,2.198104,0.23563944,-2.4372208,3.0718124,1.0887111,8,240,1,12.301947355270386,4.100649118423462,21.7647625207901,3.1092517886843,38.319465190172195,2.737104656440871,121.71453455090523,4.057151151696841,-1.9623895,4.376542,180.64041,-23.453125,-64.75,-65.1875,9.818359,1.7461914675576347,0.7177179870305117,1.6892544542040144,0.6766039536261408,-2.255800519670759,0.8113908806909855,-2.463073764528547,0.6797252565710205,7.303624561854771,0.9603724858155352,6.736374582563128,1.3191490484400745,2.261895077569144,0.27313820720073717,2.1357036914144243,0.36400478677513537,1.6126325449773244,0.775244942446847,1.7739237248897552,0.9452646844169758,-1.0789394421236855,0.7159255805879475,-1.3074008928877967,0.8327488287702238,4.901360750198364,1.23750991482698,5.0614462069102695,1.2235173630882548,1.1320970909936088,0.19562632399609062,1.1629668601921626,0.1841704762938493,-0.19718957,-0.3115554,-0.004546251,0.09558314,62.573526870571975,-8.0,998.0,86.1496837391128,14.45807132835369,556.4395744373328,37.602601419573794,211.39999999999964,6582.0234375,0,7623.6484375,0,12834.0390625,0
2011-08-29,9.616819,0.0,128.90482,15.940792,-2.5020692,-4.488243,-0.05860441,1.1302218,-0.0034096595,-0.00814416,3.958121e-08,0.0018931632,302.17102,294.74347,307.11856,2.3596911,96263.45,75957.734,100222.69,5614.5645,0.17057636,-3.7932103,5.997724,2.362969,-0.7633675,-3.3943722,2.197506,1.0617391,8,241,1,17.477730989456177,5.825910329818726,28.193343997001648,4.027620571000235,41.28076985478401,2.948626418198858,128.02366521954536,4.267455507318179,3.0854993,9.616819,190.25723,23.515625,14.375,-62.09375,-11.132324,1.586172993694033,0.9297462846467935,1.552280734692301,0.7763752807364703,-2.496735061917986,0.9903848712193525,-2.572825006076268,0.762807510663214,7.305778503417969,0.9569267119099324,6.573205981935773,1.2528630112377575,2.330364312444414,0.21678835347825845,2.1030499850000655,0.3151053901115835,1.3008473494223185,1.1925805839643295,1.6150646380015783,1.1636228102740647,-1.4981113544532232,1.0664358777613336,-1.4804846452815192,0.9937545065651967,4.49525032724653,1.5982092857494123,4.9019558600017,1.438714940247943,1.1534065433910914,0.17473727407802922,1.1596646692071642,0.1856410214524514,-0.01855731,-0.07533646,-0.0014423952,-0.015684962,62.573526870571975,-8.0,998.0,86.1496837391128,14.45807132835369,556.4395744373328,37.602601419573794,211.39999999999964,6605.953125,0,7623.6484375,0,12834.0390625,0
2011-08-30,15.953921,0.0,99.950294,17.285332,-2.4788926,-4.7363687,-0.05521299,1.0152179,-0.0031050437,-0.009243885,-1.8952414e-07,0.0018373189,301.08527,292.56168,305.78497,2.3095615,96232.55,76011.16,100134.53,5578.532,-1.5038742,-3.9388382,6.0416713,1.4051521,-1.5194975,-6.1211276,3.6415272,1.8298347,8,242,1,29.947282791137695,9.982427597045898,43.698763847351074,6.242680549621582,56.15588250756264,4.011134464825902,140.79232290387154,4.693077430129051,7.8077297,15.953921,206.21115,107.671875,120.65625,5.75,-26.120117,0.9754804415362222,1.3366992961795239,1.270977150116648,1.0845065670228706,-2.889829618590219,0.9281008748452497,-2.6817871502467563,0.8430131896914111,7.124289921351841,1.0693933548197105,6.442288637161255,1.2011158217871536,2.2547126838139127,0.3961058466311118,2.0406924230711803,0.36084819471416046,0.7351196897881371,1.469040169969394,1.2797701273645674,1.3422590096003508,-2.2275591450078145,2.0098893135297553,-1.8678611240216665,1.5605802087682545,4.165210826056344,1.4815785814067222,4.691511579922268,1.3877342372885288,1.227575651236943,0.31024735900312256,1.1866620566163744,0.2483101036857937,0.3032565,0.59395885,-0.0008800924,-0.46295094,62.573526870571975,-8.0,998.0,86.1496837391128,14.45807132835369,556.4395744373328,37.602601419573794,211.39999999999964,6593.1875,0,7623.6484375,0,12834.0390625,0
2011-08-31,17.175985,0.0,95.52671,17.187586,-2.5945823,-4.8365736,-0.03994885,1.1087887,-0.002555605,-0.0075131585,6.7288056e-08,0.0015784933,300.2301,290.38156,304.4158,2.449107,96173.79,75919.664,100078.79,5580.7803,-2.0969892,-7.341116,2.7969456,1.817816,-0.8692676,-8.088714,5.3264065,2.2402306,8,243,1,42.74672603607178,14.248908678690592,58.947253942489624,8.421036277498517,72.68313267827034,5.191652334162167,157.1323154270649,5.23774384756883,4.8207045,17.175985,223.38713,72.0625,45.59375,15.046875,-8.322754,0.35051477381161283,1.6191883472683481,0.9752174892595836,1.381514087804754,-3.5612816299710954,1.90456918415058,-3.01392594405583,1.50393218915208,6.43249865940639,1.913638358184472,6.171251841953823,1.5440369256798168,2.137699842453003,0.3852189960967344,2.0394994701657976,0.3616090394101483,0.24566458591393062,1.3245514301763088,0.9948402302605766,1.3450139588093781,-3.270502324615206,2.8549646590098585,-2.3760726898908615,2.2522468471112824,3.9389703273773193,1.0508862169528526,4.600388101169041,1.2911486306098139,1.3375879100390844,0.4931922986726689,1.2464537407670702,0.3736146750895773,-0.16652322,0.5532479,0.024897516,-0.3449918,62.573526870571975,-8.0,998.0,86.1496837391128,14.45807132835369,556.4395744373328,37.602601419573794,211.39999999999964,7014.6640625,0,7623.6484375,0,12834.0390625,0
2011-09-01,12.860873,0.0,77.60143,11.2688055,-2.6196136,-4.2534475,-0.029371353,0.7995179,-0.0023924795,-0.0053785825,3.632158e-08,0.0012879826,300.06845,289.37094,302.8195,2.4357445,96102.33,75778.88,100019.305,5605.762,-1.6889379,-6.9213543,1.5693684,1.6267861,-1.0814316,-6.2760887,3.778843,1.6387357,9,244,1,45.990779876708984,15.330259958902994,67.90954661369324,9.701363801956177,85.09476339817047,6.078197385583605,169.80034178495407,5.6600113928318025,0.97587776,12.860873,236.248,-88.52344,-113.38281,-172.50781,-7.491699,-0.1504437710557665,1.6319943263845536,0.7177533443484988,1.5215631119084108,-4.220296570232937,2.1773147507027164,-3.330776197569711,1.8184259781134544,5.646356242043631,2.6104449901956945,5.878379685538156,1.975181947445782,2.0251700707844327,0.4054090427886181,2.037826112338475,0.36359778274152893,-0.15953267685004643,1.2152207941443738,0.7285703931535993,1.3618045604226667,-3.9591895128999437,2.924705699179058,-2.762466918144907,2.4303422417996985,3.830489124570574,1.0173777431062851,4.431543503488813,1.2269108993875164,1.4095218096460616,0.4954692876118787,1.2747632307665688,0.3880217814350299,-0.36192822,0.09544134,0.012187982,-0.31092817,62.573526870571975,-8.0,998.0,86.1496837391128,14.45807132835369,556.4395744373328,37.602601419573794,211.39999999999964,7372.6171875,0,8099.1328125,0,12834.0390625,0
2011-09-02,10.74189,0.026226044,43.694973,7.5751185,-2.6926484,-4.355062,-0.046628997,0.86461276,-0.0025274232,-0.0057158936,5.7742e-08,0.0013870104,300.31735,290.204,304.36008,2.1577718,96108.875,75788.57,100077.21,5607.54,-1.3919013,-4.151249,1.3360558,1.1391479,-1.4832485,-5.41777,3.0136673,1.535721,9,245,1,40.778748512268066,13.592916170756022,74.21040081977844,10.60148583139692,95.3079046010971,6.807707471506936,180.28134870529175,6.009378290176391,6.018315,10.74189,246.9899,-130.54688,-108.890625,-218.52344,-27.719238,-0.6131422647408077,1.4161735896260512,0.5096067552055631,1.6003375331265655,-4.587768622807094,1.8496384480318204,-3.4730278934751238,1.7975467664003488,4.672863210950579,2.7856967084417703,5.621413878032139,2.3127253844257085,1.8455850396837508,0.4843765073327237,2.001818631376539,0.42538907972939316,-0.5899344618831363,1.037868443862888,0.4803247707230704,1.4288590584187197,-4.691199966839382,2.458460387721951,-3.0380556945289885,2.501162891834916,3.610889162336077,1.0017509045797381,4.2621500832693915,1.248638523738568,1.4875605957848685,0.46003151194297653,1.3082260957786016,0.3889481311911609,-0.0538857,0.37301922,0.009073637,-0.30222267,62.573526870571975,-8.0,998.0,86.1496837391128,14.45807132835369,556.4395744373328,37.602601419573794,211.39999999999964,7623.6484375,0,12039.3671875,0,12834.0390625,0
2011-09-03,7.668407,0.0,47.750473,8.94665,-3.3211694,-4.921807,-0.07481687,0.872564,-0.0032949308,-0.005852718,1.010485e-07,0.0015809593,301.6545,291.6775,305.70786,2.3880076,96076.21,75850.875,100105.62,5576.9893,-0.25770572,-4.949182,4.640621,1.6371224,-1.7948419,-5.658665,2.6477718,1.8077514,9,246,1,31.271170139312744,10.423723379770914,78.39443826675415,11.199205466679164,100.65330040454865,7.189521457467761,187.51301229000092,6.2504337430000305,4.174319,7.668407,254.65831,-70.27344,-1.1875,-111.296875,-46.44629,-0.8944556713104248,1.0166738139457077,0.43669750009264263,1.6111193059188715,-4.9751434326171875,1.5320841482891256,-3.594395637512207,1.838233886808638,4.096407277243478,2.1684080785293816,5.618986231940133,2.313813269716972,1.7410139015742712,0.42828051338089784,1.9873242378234863,0.434680904923669,-1.0394307311092104,0.6746380197089981,0.28423031738826204,1.5431808102499047,-5.34199401310512,1.8868408960883618,-3.232843435236386,2.59660552011037,3.382504871913365,1.014852688916877,4.180193083626883,1.3174096200864807,1.600389071873256,0.42084282597124467,1.356567233800888,0.40686796976926815,-0.8682692,-0.48946714,-0.015223399,-0.22767526,62.573526870571975,-8.0,998.0,86.1496837391128,14.45807132835369,556.4395744373328,37.602601419573794,211.39999999999964,7612.6875,0,12834.0390625,0,12834.0390625,0
2011-09-04,9.168696,0.0,71.64812,10.527686,-3.2451382,-5.3515377,-0.058168314,0.9963398,-0.003198633,-0.0065021897,6.7520887e-09,0.0017166081,301.8003,291.4773,307.13452,2.4199183,96105.445,75954.79,100140.79,5559.8745,-0.13274132,-6.2094455,7.890571,2.9587018,-1.625973,-5.1767387,5.041767,1.9714855,9,247,1,27.578993320465088,9.192997773488363,83.18659257888794,11.883798939841133,104.95135509967804,7.496525364262717,195.85145235061646,6.528381745020549,4.829081,9.168696,263.827,-13.6171875,108.77344,-55.492188,-62.686523,-0.985939023750169,0.8904586734166737,0.38012622190373285,1.6165988542708791,-5.329199314117432,1.4822250073666805,-3.792499916894095,1.9649291889054008,4.324708189283099,2.497336024698933,5.814166375568935,2.3860623312565234,1.84967075075422,0.6180255764693519,2.055782914161682,0.5064288009097541,-1.3053753631455558,0.39873984740555446,0.1536285909158843,1.625794117245893,-5.73335371698652,1.4070344957275531,-3.4061465795551027,2.6424970111591968,3.663926976067679,1.1748608760095505,4.282643863133022,1.3251914640300524,1.7264996937343053,0.3713092006035892,1.429298392363957,0.4200221309247843,-0.9863236,-1.0170479,-0.0022195727,-0.079200745,62.573526870571975,-8.0,998.0,86.1496837391128,14.45807132835369,556.4395744373328,37.602601419573794,211.39999999999964,7574.4296875,0,12834.0390625,0,12834.0390625,0
2011-09-05,15.028215,0.0,193.12238,26.269062,-2.8335884,-8.178105,-0.059446096,1.1022606,-0.0025019443,-0.007287996,1.3504177e-08,0.0016170408,301.24075,291.64725,307.7637,2.224441,96087.234,75912.45,100154.04,5576.761,0.08321466,-5.1780734,12.574532,3.7159538,-1.1466337,-6.198007,7.915966,2.339724,9,248,1,31.865318775177002,10.621772925059,88.59798860549927,12.656855515071324,116.79133260250092,8.34223804303578,210.4553100168705,7.01517700056235,7.785831,15.028215,278.85522,-122.046875,8.65625,-126.07031,-52.7334,-0.9984192667262894,0.8719682107455985,0.2938768634838717,1.5963648686548035,-5.527036905288696,1.3273748866167145,-4.011885983603341,1.933435963279662,5.264252117701939,4.010434873445352,6.285015310559954,2.994651444713121,2.042954308646066,0.9353930948029189,2.1866593105452403,0.6691475850803048,-1.3601276874542236,0.33276679173664475,-0.029640169015952518,1.616754860721578,-6.133872985839844,0.9574823751064332,-3.8159921701465334,2.594970705936967,4.4808498450687955,1.8046095227338343,4.488050086157663,1.6376826148834143,1.9090689761298043,0.2966591193615835,1.5312377597604478,0.45656143585246806,-0.33151913,-3.6898623,-0.00084168464,-0.027961254,62.573526870571975,-8.0,998.0,86.1496837391128,14.45807132835369,556.4395744373328,37.602601419573794,211.39999999999964,7456.4140625,0,12834.0390625,0,12834.0390625,0
2011-09-06,16.359497,0.0,220.03363,31.20485,-2.6910348,-8.1578865,-0.0601781,0.91470796,-0.0023224666,-0.0075928504,-8.242205e-08,0.0014891004,300.89093,292.4788,307.9487,2.047362,95976.28,75743.49,100113.65,5613.9233,1.0806456,-3.8547428,12.423047,3.8425124,-0.14328903,-4.6323094,6.8771305,2.4572227,9,249,1,40.55640888214111,13.518802960713705,89.00356435775757,12.714794908251081,132.70232820510864,9.478737728936332,225.0549195110798,7.501830650369326,9.921072,16.359497,295.21472,-160.86719,-68.671875,-147.78906,-24.67627,-0.6292021604520934,1.130983963123838,0.1731391405420644,1.451997570601768,-5.515023265566144,1.344416040877294,-4.202426442078182,1.7570451647706211,6.175877230507987,4.853316209578395,6.650083575929914,3.4119460438229776,2.391148635319301,1.0979301708468279,2.3229306595666066,0.7961085498930983,-1.163526475429535,0.5551479904526447,-0.21420339282069886,1.452176358387097,-5.92118467603411,1.1134414682288631,-4.074371910520962,2.4717867285232633,4.943078892571585,1.9613686465217748,4.554144859313965,1.7180048337402967,1.9986958333424159,0.357305522491278,1.6131357422896795,0.5132637749212483,-0.21214223,-3.4215178,-0.0049651116,-0.10050994,62.573526870571975,-8.0,998.0,86.1496837391128,14.45807132835369,556.4395744373328,37.602601419573794,211.39999999999964,7211.9375,0,12834.0390625,0,12834.0390625,0
2011-09-07,13.827759,0.0,237.25601,28.81094,-2.486286,-5.3187356,-0.055883773,0.97422904,-0.0022648417,-0.008798973,1.44355e-08,0.0016716662,300.90915,292.9927,307.96823,1.9999976,95924.22,75637.52,100080.98,5642.239,1.9840049,-3.310571,10.846778,3.7783854,1.005869,-4.188174,6.384295,2.52585,9,250,1,45.215471267700195,15.071823755900065,85.65533781051636,12.236476830073766,144.60259175300598,10.32875655378614,236.78149417042732,7.892716472347577,8.704193,13.827759,309.04248,-109.390625,-74.69531,-89.57031,-1.8193359,-0.04620301617043359,1.2890555055949524,0.15215587882058962,1.4210358496997426,-4.93923112324306,1.2941513498726485,-4.250256376607077,1.719992750042606,7.325853279658726,4.872902780433758,6.879175969532558,3.58668958482057,2.671229975564139,1.1746843983822643,2.404464909008571,0.8843055978397931,-0.8956498163087028,0.9972060121144508,-0.32499261519738604,1.2725574766284606,-5.363964693886893,0.7713837805570618,-4.317233509251049,2.28396051540467,5.094205822263445,2.0351941002774687,4.516588074820382,1.6675466288249474,2.0394986186708723,0.4028858190624084,1.6885432643549783,0.5655296367226559,0.108296394,-0.482162,-0.015934922,-0.13455969,62.573526870571975,-8.0,998.0,86.1496837391128,14.45807132835369,556.4395744373328,37.602601419573794,211.39999999999964,8099.1328125,0,12834.0390625,0,12834.0390625,0
2011-09-08,6.787957,0.0,145.54643,16.32999,-2.4391632,-4.4019017,-0.0481694,0.96549284,-0.0025987204,-0.007595973,5.0654635e-06,0.0017397193,301.05978,293.9153,306.05164,1.846883,95978.34,75646.88,100141.22,5644.958,1.7451062,-3.0029342,8.5262,2.8506563,1.6443776,-2.996827,6.1257725,1.8181878,9,251,1,36.975213050842285,12.325071016947428,79.58242177963257,11.368917397090367,147.4919683933258,10.535140599523272,234.33141043782234,7.811047014594078,3.969823,6.787957,315.83044,-126.47656,-135.95312,-62.25,10.141602,0.4443747156432697,1.2107525122992955,0.1469654722937516,1.4146022647525267,-4.37945682661874,1.1310738923810215,-4.299876698425838,1.6689201482756653,8.31968641281128,4.160546304737675,6.983021327427456,3.6136582924638057,2.846068569592067,1.0806365169099208,2.4356193201882497,0.892332761777114,-0.5062484996659415,1.3736999687791007,-0.33289058825799395,1.2589256901371813,-4.895498718534197,1.0649997025046685,-4.42734411571707,2.169670818860929,5.4294814722878595,1.9748068275587813,4.629985298429217,1.7222131271274026,2.065134644508362,0.37808045151657377,1.7373282270772117,0.5431394861954222,0.18045044,-0.14845419,-0.018798048,0.16597492,62.573526870571975,-8.0,998.0,86.1496837391128,14.45807132835369,556.4395744373328,37.602601419573794,211.39999999999964,12039.3671875,0,12834.0390625,0,12834.0390625,0
2011-09-09,4.259424,0.0,62.408924,7.5409584,-2.4994576,-4.2342157,-0.047078356,0.9655001,-0.002862916,-0.0071979985,7.786555e-06,0.0017641259,301.18298,292.82764,305.79135,1.9988842,96264.67,75884.29,100347.414,5657.4614,1.0843965,-3.2083824,6.8147297,2.4513464,1.5961766,-2.8433552,5.5810833,1.6813335,9,252,1,24.87514019012451,8.29171339670817,73.09995603561401,10.442850862230573,147.31035685539246,10.522168346813746,214.98251631855965,7.166083877285321,-0.28793764,4.259424,320.08984,-14.3671875,-65.86719,16.195312,25.675781,0.7981315350958279,0.9089592112930883,0.09249463517751012,1.3576409116796306,-4.244761603219168,1.2157511958945244,-4.416265113013131,1.5142164388209303,9.10235411780221,2.9739617165181436,6.887608664376395,3.5980624121774687,3.0335255009787425,0.8167923366221861,2.4395552703312466,0.8922672426792463,-0.06633062873567853,1.4962886279453953,-0.3281325453094074,1.2666086396544318,-4.527725185666766,1.2778282689072913,-4.609462576253073,1.8842417244728384,5.79625517981393,1.6655497883787218,4.703572171075003,1.7404851675628752,2.0859364441462924,0.3468103188020318,1.7867485199655806,0.49958645443440786,0.19319081,0.12084627,-0.00044935942,0.10088736,62.573526870571975,-8.0,998.0,86.1496837391128,14.45807132835369,556.4395744373328,37.602601419573794,211.39999999999964,12834.0390625,0,12834.0390625,0,12834.0390625,0
2011-09-10,3.418675,0.0,22.417068,4.291275,-2.3858075,-4.1472034,-0.050605975,0.9370061,-0.0028677217,-0.006971741,9.299256e-07,0.0015993225,301.48984,293.01938,305.4794,2.0122576,96443.57,76044.914,100405.164,5652.0586,0.41239154,-2.7662766,5.908691,1.873589,0.30896777,-2.2398045,3.3939846,1.1836137,9,253,1,14.46605634689331,4.8220187822977705,68.85022401809692,9.83574628829956,147.24466228485107,10.517475877489362,205.91712525486946,6.8639041751623155,-1.5300498,3.418675,323.5085,150.39844,93.796875,112.296875,18.979492,0.8938597153340068,0.8090217272436648,-0.00029797798820904324,1.2806879918493792,-3.932917969567435,1.28304913046001,-4.454030701092312,1.4613692251046948,9.283506938389369,2.6810880607497602,6.689957107816424,3.568153700967519,3.0673064504350935,0.7517115154106317,2.4041601760046825,0.9050137330589776,0.23421360765184676,1.2880274198034296,-0.4026085617286818,1.1884864714487697,-4.039316517966134,1.419085684864983,-4.690655265535627,1.7405398540513997,5.902856997081211,1.4389084828365817,4.642680934497288,1.7723281849029606,1.9967739071164812,0.48353113973240275,1.7985814894948686,0.4816150365985737,0.93536186,0.77460337,0.024210893,0.0644421,62.573526870571975,-8.0,998.0,86.1496837391128,14.45807132835369,556.4395744373328,37.602601419573794,211.39999999999964,10208.2734375,0,10208.2734375,0,10208.2734375,0
2011-09-11,6.361877,0.0,143.26953,13.719948,-2.6760235,-4.2723064,-0.05588914,1.1145287,-0.003261441,-0.006948935,5.844049e-08,0.0017365013,302.2144,293.5309,306.43784,2.3772001,96274.305,75924.15,100282.49,5644.928,0.7771641,-1.9375,7.162435,1.939178,0.36871552,-3.219333,4.295112,1.0752012,9,254,1,14.039976119995117,4.679992039998372,66.0434045791626,9.434772082737513,149.22999715805054,10.659285511289324,203.02711775898933,6.767570591966311,1.5734138,6.361877,329.8704,-7.0390625,23.320312,-37.234375,-7.0112305,1.0238462037273817,0.6792802204197845,0.018953589988606318,1.290895870005178,-3.3226400443485806,1.005761054151326,-4.325919679233006,1.6015199027053557,9.17948750087193,2.757182576693987,6.752097845077515,3.56827415150314,2.9216601848602295,0.8662957766214058,2.385665467807225,0.9121660033001872,0.5191691092082432,0.9952794366055471,-0.3931031269686563,1.1945007517665862,-3.7596871171678816,1.3487105350036828,-4.746520417077201,1.6739257529192477,5.796191998890468,1.5376644384209923,4.730059487479074,1.718254916733206,1.868733286857605,0.5967565404572149,1.797616490295955,0.48315785991207666,0.5691147,1.0792313,0.0022791736,0.11818886,62.573526870571975,-8.0,998.0,86.1496837391128,14.45807132835369,556.4395744373328,37.602601419573794,211.39999999999964,7380.765625,0,8088.0390625,0,8088.0390625,0
2011-09-12,13.768861,0.0,100.000854,19.664795,-2.352667,-4.632404,-0.05609286,1.254165,-0.0029029443,-0.006809921,3.0035153e-08,0.0019826505,301.99866,293.6838,307.01233,2.4069204,96195.16,75925.76,100184.27,5619.4463,0.25196123,-4.359148,6.1390615,2.4576387,-0.16820234,-3.3049767,4.6708126,1.3484662,9,255,1,23.549412727355957,7.849804242451985,64.78404998779297,9.254864283970424,153.38203859329224,10.955859899520874,209.56882193684578,6.985627397894859,8.167978,13.768861,343.63928,-112.38281,-2.953125,-165.35156,-32.32715,1.0479528563363212,0.6423239716732578,0.024766794805015837,1.2918141061191373,-3.205650704247611,0.7751604224371932,-4.366343804768154,1.5941649671209868,8.260134628840856,2.497122780271212,6.762193373271397,3.566174985948835,2.7419008868081227,0.8021876245510384,2.3924275977270946,0.9123356955412001,0.6589450240135193,0.7642323120318559,-0.3505913317203522,1.190894936149208,-3.3463970593043735,0.8144340703859607,-4.740135022572109,1.6796411994466274,5.332598652158465,1.2553271040936378,4.90672424861363,1.5574618432962262,1.7271250145775932,0.5838358024664797,1.8180969953536987,0.45481085519662584,0.48092127,3.5457015,0.003353238,0.15190446,62.573526870571975,-8.0,998.0,86.1496837391128,14.45807132835369,556.4395744373328,37.602601419573794,211.39999999999964,6227.5234375,0,8088.0390625,0,8088.0390625,0
2011-09-13,12.939639,0.0,167.9659,22.729563,-2.4127057,-6.223612,-0.05219224,1.1430058,-0.002597182,-0.0071061617,-2.142042e-08,0.0015809141,301.0771,291.38467,305.76334,2.0706737,96266.664,75922.24,100282.625,5647.679,0.42994103,-4.0378094,7.520581,2.7363539,0.7132384,-4.3538995,5.4998193,2.1082144,9,256,1,33.07037687301636,11.02345895767212,61.36419200897217,8.76631314413888,150.36775636672974,10.740554026194982,214.25796225667,7.141932075222333,7.5040565,12.939639,356.57892,-50.835938,47.367188,-86.875,-15.32373,0.9549950659275055,0.682625111671019,0.16289645273770606,1.2170106373912133,-3.2318030766078403,0.8032872049025829,-4.373413171086993,1.592341755369307,7.559782300676618,1.6929943565821122,6.867829765592303,3.5650938608939122,2.5838782446725026,0.6422508539215083,2.487513439995902,0.8699083671742429,0.7813060879707336,0.6780940011752881,-0.19111019372940063,1.1716626103769272,-3.306624208177839,0.7450094468248829,-4.613904442105975,1.6336483101057553,5.135839905057635,1.0666507457644412,5.03945939881461,1.520078781201366,1.6772666828972953,0.522808276767125,1.8379812581198556,0.4614011127991083,0.27832913,1.9342747,0.00798586,0.22829789,62.573526870571975,-8.0,998.0,86.1496837391128,14.45807132835369,556.4395744373328,37.602601419573794,211.39999999999964,7912.09375,0,8088.0390625,0,8088.0390625,0
2011-09-14,2.750474,0.0,79.2756,6.582375,-2.842761,-4.8364377,-0.035431936,1.1505837,-0.0031239763,-0.00717784,-2.4680048e-08,0.0014818738,301.44907,293.1257,304.74216,1.9555461,96302.99,75826.734,100346.41,5692.665,1.0354924,-3.0152485,7.4859314,1.4024266,1.6738822,-4.951937,5.2647376,1.5123435,9,257,1,29.45897388458252,9.819657961527506,50.28690719604492,7.183843885149274,135.94224500656128,9.71016035761152,210.3529215157032,7.01176405052344,0.93543637,2.750474,359.32938,-49.757812,-8.09375,-41.140625,5.2436523,0.8194932895047324,0.5188056502396474,0.3866451366671494,1.0454276167107617,-3.1896141597202847,0.8062107001575818,-4.064422641481672,1.3773686946554125,7.0796613693237305,0.8930173914548079,7.202757324491229,3.368041042282567,2.244455558913095,0.5224052195643903,2.457842767238617,0.9010345039437156,0.876736547265734,0.7573400514523975,-0.009456634521484375,1.2527704584711177,-3.41573326928275,0.9288726275867852,-4.389848981584821,1.301822499553584,4.975903136389596,0.9224405145423804,5.03505447932652,1.5192724349614468,1.532480035509382,0.36522473825434393,1.785989327090127,0.45353093429021046,-0.3564751,0.4822979,0.020451836,0.1763547,62.573526870571975,-8.0,998.0,86.1496837391128,14.45807132835369,556.4395744373328,37.602601419573794,211.39999999999964,8088.0390625,0,8088.0390625,0,8088.0390625,0
2011-09-15,1.5999762,0.0,42.042255,4.618726,-2.999005,-4.848203,-0.041044086,1.3366488,-0.0036791272,-0.0074317157,-5.9371814e-08,0.0017685477,301.3016,291.6841,304.51166,2.0518014,96198.4,75667.805,100307.43,5715.0806,1.5044442,-1.6043733,7.0515513,1.2996609,2.210336,-2.063198,6.674513,1.6948148,9,258,1,17.2900892496109,5.763363083203633,45.098926186561584,6.442703740937369,124.68134796619415,8.905810569013868,210.87408903241158,7.029136301080386,0.20303154,1.5999762,360.92935,-138.49219,-122.49219,-105.28125,10.802246,0.7851130068302155,0.4507549775253988,0.6147438612367425,0.8953284406209349,-2.989819748061044,1.008180587216124,-3.6846382873398915,1.2567772189260864,6.868997233254569,0.63015077992825,7.5943418230329245,2.956208072602363,2.022884794643947,0.5505975026962376,2.434476682118007,0.9280793938024571,0.9575877445084708,0.8741510128261472,0.22566962242126465,1.3418416594897187,-3.282357726778303,1.0572110919446034,-4.08892822265625,1.3190702279981779,5.054294620241437,1.0508280821397136,5.241888046264648,1.5321500251691806,1.5148553167070662,0.3518721056277946,1.789994980607714,0.45237650455434225,-0.5598419,-0.44630146,0.0071253143,0.37115598,62.573526870571975,-8.0,998.0,86.1496837391128,14.45807132835369,556.4395744373328,37.602601419573794,211.39999999999964,7439.1484375,0,7439.1484375,0,7439.1484375,0
2011-09-16,1.7669042,0.0,30.6139,3.4813578,-2.901354,-4.6326103,-0.038016826,1.2193496,-0.0035084104,-0.007804096,-5.9604645e-08,0.001827728,300.7011,290.73694,304.43533,2.159409,96241.38,75667.86,100392.6,5719.959,1.6507719,-2.4095905,6.836951,2.0471709,2.2505844,-3.9275315,6.1193027,1.829753,9,259,1,6.117354393005371,2.0391181310017905,42.60640621185303,6.086629458836147,115.70636224746704,8.26474016053336,211.99225810170174,7.066408603390058,0.54065514,1.7669042,362.69626,-118.16406,-123.171875,-100.16406,9.625,0.8660237746579307,0.5527279435657634,0.8320776548768792,0.7235820569613025,-2.8757066215787614,1.0243951321538114,-3.560234112398965,1.2927224861995341,6.872171674455915,0.6298877548378867,7.987262896129063,2.3673295456012373,1.965145434652056,0.5184302095088391,2.499335467815399,0.8598096167270142,1.0510745644569397,0.9821495101124662,0.4923719678606306,1.3471069910740014,-3.4372400556291853,1.0615851310512283,-3.9824826206479753,1.262503642573308,5.131183113370623,1.1136120712642723,5.463719146592276,1.404203870922391,1.5360581023352486,0.3676915697892957,1.8109972732407706,0.44644997946234233,-0.40189648,-0.39839458,0.00906153,0.2538495,62.573526870571975,-8.0,998.0,86.1496837391128,14.45807132835369,556.4395744373328,37.602601419573794,211.39999999999964,6926.4921875,0,6926.4921875,0,6926.4921875,0
2011-09-17,1.7347133,0.0,77.897545,5.8841333,-2.690419,-4.8843784,-0.040785864,1.2149837,-0.0031635126,-0.006998453,1.9944273e-06,0.0016881684,300.46683,290.6666,303.6208,2.1351953,96375.86,75748.414,100492.875,5729.1543,1.9143684,-1.5705662,5.7303777,1.7860196,1.7666824,-1.5920067,4.1278014,1.3263562,9,260,1,5.101593732833862,1.700531244277954,40.922444581985474,5.84606351171221,109.7726686000824,7.840904900005886,213.27772891521454,7.109257630507151,0.75817484,1.7347133,364.43097,-6.4296875,-17.625,-19.875,24.929688,1.0805918957505907,0.6329845918227818,0.9872258055422988,0.7045541452706746,-2.7048908472061157,1.1389675711149947,-3.3189044083867754,1.328357874096008,6.846698352268764,0.6771764497208465,8.065102645329066,2.264507640494881,1.952635509627206,0.522051611315112,2.5099709800311496,0.8491791554948915,1.259319509778704,0.9526731093522619,0.7467665587152753,1.2114057794309798,-3.344697509493147,1.2022800135768712,-3.6920070137296404,1.3139612146386963,5.2360140936715265,0.944526365392441,5.569435545376369,1.2194546121367504,1.5564498901367188,0.3483364228420136,1.7766118986266,0.46487732866339776,-0.30461144,-0.737175,0.009820111,0.2779776,62.573526870571975,-8.0,998.0,86.1496837391128,14.45807132835369,556.4395744373328,37.602601419573794,211.39999999999964,6449.4921875,0,6449.4921875,0,6449.4921875,0
2011-09-18,0.3757684,0.0,3.4871101,0.5343806,-3.1813974,-5.6659894,-0.04133746,1.4149221,-0.0037305178,-0.0073262923,1.2044329e-06,0.0017933118,300.89465,290.95535,304.93753,2.2578766,96459.914,75808.77,100647.76,5739.65,2.6649988,-1.1539192,6.422497,1.8430811,2.1246648,-2.9163425,5.1057115,1.6009868,9,261,1,3.8773859441280365,1.292461981376012,34.936336010694504,4.9909051443849295,100.9797405898571,7.212838613561222,213.12474855780602,7.1041582852602,0.10332197,0.3757684,364.80673,16.992188,-13.7578125,119.53125,41.038574,1.350282562630517,0.8478563445970978,1.1870643831789494,0.7572548819463927,-2.592950735773359,1.2591262131990608,-2.9577953900609697,1.1584235779563363,6.740992886679513,0.6774276642162809,7.960240193775722,2.3068073166655125,1.9389073848724365,0.5237253000658655,2.430283784866333,0.8561474579012643,1.510169403893607,0.9092747676475672,1.0146692565509252,1.0503280111944229,-3.3014131614140103,1.2129523474195203,-3.5305501392909457,1.2550419420166012,5.351813997541155,0.8554331536460544,5.5740029982158115,1.2174443017283108,1.6315621307918005,0.2765621791096131,1.7501477088247026,0.46347397200153334,-0.50537395,-1.393683,0.014551681,0.30039346,62.573526870571975,-8.0,998.0,86.1496837391128,14.45807132835369,556.4395744373328,37.602601419573794,211.39999999999964,6199.0,0,6357.53125,0,6357.53125,0
2011-09-19,0.33904415,0.0,7.947445,0.9720286,-3.0645533,-5.619863,-0.039049894,1.4501184,-0.003850094,-0.007955599,1.1115102e-05,0.0018655428,301.04208,291.08896,305.1487,2.0438712,96715.46,76025.93,100862.19,5745.918,2.3838718,-1.2699496,6.314116,1.8180429,1.9177992,-2.8524067,5.5205994,1.6623672,9,262,1,2.449525862932205,0.8165086209774017,21.506519347429276,3.0723599067756107,86.29056933522224,6.163612095373018,211.1407815515995,7.038026051719983,0.16847254,0.33904415,365.14578,60.257812,-14.9453125,147.26562,52.265625,1.6548412144184113,0.7665797883525066,1.351397035377366,0.7488681262203752,-2.1516366686139787,1.0630118720311748,-2.678643686430795,1.0478372260242281,6.76600067956107,0.6543411617353786,7.513067654200962,1.9174549261277174,1.8475365468433924,0.4713128366302099,2.294718716825758,0.7841433912156499,1.8081696288926261,0.5304534295885487,1.2335573264530726,0.8689118473436239,-3.236760309764317,1.2247349721171048,-3.2915786845343455,1.0008358968138935,5.473212105887277,0.801265497337652,5.4029053790228705,1.0143750525766568,1.6764051403318132,0.24686338627572693,1.7017650774547033,0.4314410935906801,-0.71188617,-0.9874592,0.017042965,0.19595337,62.573526870571975,-8.0,998.0,86.1496837391128,14.45807132835369,556.4395744373328,37.602601419573794,211.39999999999964,6353.140625,0,6357.53125,0,6357.53125,0
2011-09-20,0.12467593,0.0,4.066944,0.27712983,-2.9249446,-5.70689,-0.039143953,1.5254148,-0.0038456467,-0.0074378448,4.0042214e-06,0.0018183285,300.78244,290.3372,304.70047,2.3429523,96817.16,76118.07,100958.31,5743.3286,2.2355442,-1.3504435,5.926005,1.7584178,1.4233649,-2.9145439,4.4764476,1.3259085,9,263,1,0.8394884765148163,0.2798294921716054,8.691556185483932,1.2416508836405618,70.0557481944561,5.003982013889721,206.39481577277184,6.8798271924257275,0.03598491,0.12467593,365.27048,65.890625,0.609375,113.359375,39.40918,1.91278452532632,0.5622810191665625,1.4338897956269128,0.7797230373895259,-1.767727255821228,0.6870860492802505,-2.499765166214534,1.045372898781785,6.53820412499564,0.6247582285891319,7.0489932128361295,1.3356644357843273,1.7078313997813634,0.26272226928291437,2.145854822226933,0.6548727510800708,1.909616265978132,0.30698681967329927,1.345461176974433,0.7736083183856527,-3.03113807950701,1.1224760215107388,-3.1688811438424245,0.926348210537746,5.327016149248395,0.8846258298593161,5.231428027153015,0.9466442464331486,1.5646471636635917,0.18912470272343715,1.6209569232804435,0.3821971834026634,-0.512239,0.5167217,0.0130482875,0.38240898,62.573526870571975,-8.0,998.0,86.1496837391128,14.45807132835369,556.4395744373328,37.602601419573794,211.39999999999964,6357.53125,0,6357.53125,0,6357.53125,0
2011-09-21,0.09226467,0.0,3.6907196,0.2452617,-2.9405282,-6.3347163,-0.03837957,1.6862363,-0.004035493,-0.008133731,-8.1257895e-08,0.0019156482,300.8404,290.05048,305.3707,2.494405,96621.33,75951.305,100795.4,5737.575,2.5730603,-0.88554573,7.213413,2.0499744,1.6347805,-4.8596387,4.928854,1.6184659,9,264,1,0.5559847503900528,0.1853282501300176,6.033346876502037,0.8619066966431481,56.32025407254696,4.022875290896211,203.29884253442287,6.7766280844807625,0.009682342,0.09226467,365.36273,-61.804688,-95.50781,-28.125,22.606445,2.1324370758874074,0.45194977468767783,1.47596518269607,0.8261999320833089,-1.4634839977536882,0.48416777574886766,-2.3265490787369862,1.1001644438240616,6.499272891453335,0.5611071348182811,6.789467130388532,0.7772191759711067,1.8003382342202323,0.2510063456378215,2.0223968965666637,0.4562227093793407,1.9040303059986659,0.3123009178635297,1.3903834266322,0.7706260459250415,-3.0179525784083774,1.0963912578020716,-3.216842923845564,0.9978080616994827,5.27903277533395,0.8975814552740718,5.127467955861773,0.8884255889947893,1.5798075028828211,0.1884855669921626,1.5561437691961015,0.2802931326132249,-0.097767115,-1.4982786,-0.0029476322,0.5356525,62.573526870571975,-8.0,998.0,86.1496837391128,14.45807132835369,556.4395744373328,37.602601419573794,211.39999999999964,6276.3359375,0,6276.3359375,0,6276.3359375,0
2011-09-22,0.15050754,0.0,1.9259453,0.26785138,-2.5024893,-5.483733,-0.036763035,1.4198248,-0.003915345,-0.0074633444,6.130431e-06,0.0018412466,300.89722,290.8367,304.85608,2.4293191,96642.5,75986.305,100736.48,5730.6797,1.814627,-1.2808622,6.3213515,1.6884936,1.8392049,-2.9875515,4.6003394,1.3765135,9,265,1,0.3674481362104416,0.1224827120701472,4.583878234028816,0.6548397477184024,49.6828044205904,3.548771744327886,203.00084860622883,6.766694953540961,0.060399435,0.15050754,365.51324,-45.453125,-66.80469,-90.38281,10.6640625,2.176748905863081,0.3912448161090158,1.4809309563466482,0.8281486302658736,-1.417268122945513,0.48391806672745724,-2.2035439355032787,1.1148937133976073,6.394958632332938,0.5065441034494766,6.631977932793753,0.6018277090646207,1.8558857611247472,0.14039104156165158,1.939385277884347,0.39563132579399707,1.8510115827832903,0.2816302118199874,1.4042996636458807,0.7772958529118091,-3.150003058569772,1.014868590064458,-3.2161803926740373,0.9979684534041595,4.982722282409668,0.67485497955408,5.018508451325553,0.8492504617536201,1.5343358857291085,0.19441748833653147,1.5245956012180872,0.27329908313238993,0.49651575,-0.63553,0.0042810515,0.08317602,62.573526870571975,-8.0,998.0,86.1496837391128,14.45807132835369,556.4395744373328,37.602601419573794,211.39999999999964,6185.359375,0,6185.359375,0,6185.359375,0
2011-09-23,0.14462498,0.0,2.4342537,0.31602472,-2.3437717,-4.5342517,-0.044546787,1.3664134,-0.004078049,-0.0067777336,3.933208e-06,0.0019037932,301.01755,291.19513,304.92462,2.3258903,96662.37,76014.87,100752.16,5736.722,1.7489927,-0.8001239,4.0537987,1.1590778,1.4033812,-2.7189758,4.0277286,1.1518593,9,266,1,0.3873971849679947,0.12913239498933157,2.961598977446556,0.4230855682066509,45.56800518929958,3.2548575135213986,201.21797834336758,6.70726594477892,0.078355186,0.14462498,365.65787,-15.953125,-28.320312,-29.78125,14.463379,2.190780452319554,0.37044576245859906,1.5284021134887422,0.8227000737563691,-1.1873443211827959,0.26806990764342853,-2.0315254713807787,1.1335603059482977,5.997365474700928,0.9762711564151657,6.434768574578421,0.9105232786366716,1.729015316282,0.2752382267013044,1.847080375467028,0.41716135931936466,1.7299825634275163,0.2627012940137977,1.390528563942228,0.7753403237524932,-2.9773522445133755,0.9619706744390497,-3.20729615007128,1.002087905308156,4.68392596926008,0.5366281548221619,4.907554541315351,0.8712831415717437,1.437493920326233,0.19155393073996807,1.4867760113307409,0.28626804762308367,0.5575824,0.09835863,-0.006529961,0.14706373,62.573526870571975,-8.0,998.0,86.1496837391128,14.45807132835369,556.4395744373328,37.602601419573794,211.39999999999964,6107.0390625,0,6107.0390625,0,6107.0390625,0
2011-09-24,0.11007713,0.0,2.4585724,0.28540567,-2.4614193,-4.874645,-0.04030648,1.5325913,-0.004372268,-0.0073806,-6.891787e-08,0.002033922,301.25812,291.2718,305.3315,2.1722825,96692.734,76052.54,100844.836,5741.547,2.2175055,-1.0192947,5.001213,1.4107963,1.7960682,-2.785511,5.468477,1.5111663,9,267,1,0.40520964562892914,0.13506988187630972,1.3369627892971039,0.19099468418530055,42.25940737128258,3.0185290979487553,197.4294749200344,6.58098249733448,0.06607327,0.11007713,365.76794,-17.390625,-15.53125,12.4921875,14.611816,2.234085747173854,0.34989606450844213,1.6573388214622224,0.7743731323370182,-1.1085912585258484,0.21179243346962254,-1.906741052865982,1.1425754409171913,5.893199103219168,1.0459218354117472,6.369948727743966,0.980470273423306,1.6754119907106673,0.297891798280184,1.8140237501689367,0.43293715374417313,1.7341805355889457,0.2636186929710712,1.4967500226838248,0.715311158212215,-3.1478528635842458,0.7600935223111641,-3.2462751865386963,0.9717127509005399,4.875451019832066,0.5442565557251604,5.055732556751797,0.7638511522332837,1.4638953719820296,0.1863483383906001,1.5101726310593742,0.27264600691171775,0.22899961,0.0097332,0.00047938526,0.31760764,62.573526870571975,-8.0,998.0,86.1496837391128,14.45807132835369,556.4395744373328,37.602601419573794,211.39999999999964,6097.0390625,0,6097.0390625,0,6097.0390625,0
2011-09-25,0.10671975,0.0,4.7745705,0.2913668,-2.4630246,-5.95679,-0.04086504,1.739079,-0.004251527,-0.0074684992,2.1187589e-08,0.0019999887,300.82495,290.0964,304.964,2.445956,96812.24,76110.5,100992.414,5758.948,2.2611308,-1.2406324,5.564055,1.5353608,2.3696544,-3.0618408,6.1570315,1.7769425,9,268,1,0.3614218533039093,0.1204739511013031,1.067914143204689,0.1525591633149556,36.00425015389919,2.5717321538499425,193.09515891969204,6.436505297323068,0.06627447,0.10671975,365.87466,-31.304688,-44.921875,16.898438,20.091309,2.176390324320112,0.29617213615289534,1.7633364434753145,0.745657119107025,-1.1209788577897208,0.2173485234239481,-1.85696479678154,1.1562302619324552,5.770564556121826,1.0236063782545601,6.255778721400669,0.9741319036302571,1.6314519473484583,0.2916650874848749,1.7851796661104475,0.43738657785502183,1.7691790546689714,0.33159808088825937,1.6396742292812891,0.6711200935266447,-3.1686383315495084,0.7546776084419399,-3.2350257464817593,0.9729594893465785,5.025639602116176,0.7313029090014802,5.1887267998286655,0.7830798675856315,1.4890318938664027,0.21723095816368493,1.5602970123291016,0.2501011500180246,0.7183728,-0.29080057,0.00047241896,0.32415688,62.573526870571975,-8.0,998.0,86.1496837391128,14.45807132835369,556.4395744373328,37.602601419573794,211.39999999999964,6056.6484375,0,6056.6484375,0,6056.6484375,0
2011-09-26,0.083025515,0.0,2.0198822,0.1814078,-2.3603768,-6.43263,-0.041850604,1.6854693,-0.0043032067,-0.007005209,8.1025064e-08,0.0019861006,300.94205,290.51614,305.186,2.3069973,96871.16,76163.875,101061.96,5765.2764,2.3823721,-0.7548351,5.8461986,1.5568675,2.1035898,-3.744376,5.808399,1.7971823,9,269,1,0.2998223900794983,0.09994079669316609,0.8118955045938492,0.11598507208483559,22.318414852023125,1.5941724894302232,189.69381491839886,6.323127163946628,0.051988713,0.083025515,365.95767,-58.421875,-71.359375,2.8828125,22.910156,2.1761760881968906,0.2959975317239442,1.915508651307651,0.6203485274328384,-1.0473910825593131,0.24406458185910854,-1.599513875586646,0.9366521668362795,5.7037192072187155,0.997130410220861,6.234859943389893,0.9799582097940527,1.5941411767687117,0.2803013714530009,1.7208388618060522,0.3950618394026316,1.7957205602100916,0.3522676855535049,1.8019450945513589,0.43264682764029355,-3.296062503542219,0.767576564912759,-3.266411406653268,0.9824304960827257,5.06675386428833,0.770791629005275,5.269982985087803,0.784224548542802,1.5082911934171404,0.23994820272361156,1.5923481668744768,0.24961787347526945,0.7041764,-0.812767,-0.0028007105,0.23535085,62.573526870571975,-8.0,998.0,86.1496837391128,14.45807132835369,556.4395744373328,37.602601419573794,211.39999999999964,5958.7265625,0,5958.7265625,0,5958.7265625,0
2011-09-27,0.062674604,0.0,2.6612282,0.15713044,-2.4020853,-6.386259,-0.0416881,1.7683877,-0.0043786517,-0.007021374,8.265488e-08,0.0020079038,300.99768,291.6022,305.2215,2.0618792,96782.984,76102.6,100978.305,5764.0444,2.5047348,-1.0425669,6.802892,1.7344117,2.150229,-3.30737,6.4131703,1.8003063,9,270,1,0.2524198666214943,0.0841399555404981,0.7498941794037819,0.10712773991482598,9.441450364887714,0.6743893117776939,185.37994743138552,6.179331581046184,0.03824412,0.062674604,366.02036,-109.171875,-112.30469,-70.17969,23.090332,2.214631881032671,0.3213931965383755,2.0637082031794955,0.46703751943591926,-1.0034087130001612,0.2049579203220534,-1.3855679844106947,0.628135816490748,5.828988824571882,1.081244449180015,6.183596474783761,0.9247422350486713,1.5907117298671178,0.2780946559307597,1.6492715648242406,0.26691504416044515,1.8995582887104578,0.33068279869401734,1.904587277344295,0.3065824264878188,-3.3521805150168285,0.7491739303926411,-3.191659297261919,0.93183123430621,5.343428543635777,0.8653758410767699,5.3352223464420865,0.8407675986609352,1.5760623046330042,0.24674878518554236,1.570354734148298,0.2112917716691757,0.52285933,-0.679369,-0.002544146,0.24297285,62.573526870571975,-8.0,998.0,86.1496837391128,14.45807132835369,556.4395744373328,37.602601419573794,211.39999999999964,5820.96875,0,5820.96875,0,5820.96875,0
2011-09-28,0.086393826,0.0,2.272606,0.21574211,-2.3408074,-6.6369123,-0.04024291,1.8169352,-0.0043141283,-0.006947533,5.9138983e-08,0.0019871716,300.7804,290.5717,304.94638,2.2664933,96781.76,76087.05,100970.164,5762.181,2.4968069,-0.82815236,6.8399386,1.7716838,2.2743218,-3.1155083,6.176728,1.7377082,9,271,1,0.232093945145607,0.077364648381869,0.7440233379602432,0.10628904828003474,6.77737021446228,0.48409787246159147,175.84952187538147,5.861650729179383,0.05170119,0.086393826,366.10675,-75.19531,-96.71094,-41.570312,24.822754,2.2037385361535207,0.30824305120919726,2.168087806020464,0.3734895641195091,-0.9952096598488944,0.21150217905397098,-1.2293468288012914,0.433447063159443,5.775635378701346,1.008298989622881,6.13745413507734,0.8692095343483317,1.5509559256689889,0.21400343237578465,1.6756470799446106,0.258766348882024,1.9909213270459856,0.3336706630880807,1.9474758165223258,0.3137408315068175,-3.1030190331595287,0.3455871661083865,-3.060485805783953,0.7822232975217484,5.52169622693743,0.8938038609873014,5.40036450113569,0.8697181812434659,1.5930969204221452,0.25416853499511094,1.5864522116524833,0.21508296235501562,0.5997207,-0.30219603,-0.0018633418,0.13069892,62.573526870571975,-8.0,998.0,86.1496837391128,14.45807132835369,556.4395744373328,37.602601419573794,211.39999999999964,5660.546875,0,5660.546875,0,5660.546875,0
2011-09-29,0.062402397,0.0,2.0866394,0.15658315,-2.2103784,-6.269546,-0.034035884,1.7350668,-0.004301794,-0.0070797,7.450581e-09,0.0019654003,300.72455,289.7239,305.3184,2.5544493,96843.57,76162.98,100994.77,5743.631,2.3016071,-0.7731088,6.4991894,1.6879227,1.9188685,-3.661092,5.31132,1.622566,9,272,1,0.211470827460289,0.07049027582009633,0.6559181958436966,0.09370259940624237,5.239796429872513,0.37427117356232237,159.95800295472145,5.331933431824049,-0.12304498,0.062402397,366.16916,-82.265625,-112.17969,-49.304688,17.608887,2.2733071190970287,0.25637689444272843,2.2250280124800548,0.32170721504044186,-0.9226734553064618,0.18225437520430465,-1.1699707891259874,0.435054701593149,5.80104078565325,1.0264183150119213,6.097999708993094,0.8364445517924833,1.5508743694850378,0.21394238129694848,1.7033800653048925,0.23509372010058405,2.0023018462317332,0.3289589099983757,1.9266567145075117,0.30449047571472515,-3.199239117758615,0.39788765691363337,-3.1746210881641934,0.741003566848947,5.623264857700893,0.8079251815878814,5.30299357005528,0.7886242072065931,1.6282472780772619,0.23555645861311322,1.5812915819031852,0.21314093449338067,0.29211092,-0.78581285,0.002727151,0.31524193,62.573526870571975,-8.0,998.0,86.1496837391128,14.45807132835369,556.4395744373328,37.602601419573794,211.39999999999964,5488.7265625,0,5488.7265625,0,5488.7265625,0
2011-09-30,0.049090013,0.0,1.5816689,0.1255616,-2.1578484,-5.8865604,-0.03761612,1.6556869,-0.0043507284,-0.007003839,-3.981404e-08,0.0019818041,300.74835,289.19144,305.6645,2.6207757,96920.34,76240.01,101061.414,5742.854,2.163233,-0.7748763,6.2779393,1.6521473,1.5585825,-4.3836083,5.0611343,1.7408867,9,273,1,0.19788623601198196,0.06596207867066066,0.5603832304477692,0.08005474720682416,3.5219822078943253,0.2515701577067375,142.83110763132572,4.761036921044191,-0.007135723,0.049090013,366.21823,-28.414062,-85.125,2.828125,27.33545,2.332484313419887,0.13358627846248874,2.2616323828697205,0.2774516014869328,-0.9190666590418134,0.185308067916406,-1.0532054901123047,0.2615204796403345,6.118775163378034,0.6817989221124222,6.058070319039481,0.8114242909854689,1.621312873704093,0.12691768959513353,1.6751640949930464,0.21335857227092384,2.0244734627859935,0.2840257133942967,1.877228013106755,0.30402841071587905,-3.437043769018991,0.5363624002168371,-3.207198006766183,0.7853485389420977,5.770894254956927,0.5056599907537718,5.227410112108503,0.7543321552701794,1.712394050189427,0.10731451568508764,1.57494398525783,0.20638857430504315,0.18592334,-1.3523088,0.006930668,0.2892735,62.573526870571975,-8.0,998.0,86.1496837391128,14.45807132835369,556.4395744373328,37.602601419573794,211.39999999999964,5312.546875,0,5312.546875,0,5312.546875,0
