timestamp,flood_probability,risk_class,risk_label,forecast_horizon
2010-01-31,2.2326436010189354e-05,1,Low,1day
2010-02-01,1.4743774954695255e-05,1,Low,1day
2010-02-02,1.4450903108809143e-05,1,Low,1day
2010-02-03,3.326995647512376e-05,1,Low,1day
2010-02-04,1.7674181435722858e-05,1,Low,1day
2010-02-05,4.1678933484945446e-05,1,Low,1day
2010-02-06,3.778947575483471e-05,1,Low,1day
2010-02-07,7.800934690749273e-05,1,Low,1day
2010-02-08,0.0001494918979005888,1,Low,1day
2010-02-09,9.129180398304015e-05,1,Low,1day
2010-02-10,4.9391452193958685e-05,1,Low,1day
2010-02-11,5.5411248467862606e-05,1,Low,1day
2010-02-12,5.858975782757625e-05,1,Low,1day
2010-02-13,5.3818075684830546e-05,1,Low,1day
2010-02-14,6.295718776527792e-05,1,Low,1day
2010-02-15,7.813107367837802e-05,1,Low,1day
2010-02-16,3.133926657028496e-05,1,Low,1day
2010-02-17,3.165220550727099e-05,1,Low,1day
2010-02-18,2.07488101295894e-05,1,Low,1day
2010-02-19,2.1669522539013997e-05,1,Low,1day
2010-02-20,2.0933708583470434e-05,1,Low,1day
2010-02-21,1.4700504834763706e-05,1,Low,1day
2010-02-22,2.1628666218020953e-05,1,Low,1day
2010-02-23,1.961532143468503e-05,1,Low,1day
2010-02-24,1.5505847841268405e-05,1,Low,1day
2010-02-25,1.4482082406175323e-05,1,Low,1day
2010-02-26,1.2269496437511407e-05,1,Low,1day
2010-02-27,1.7346193999401294e-05,1,Low,1day
2010-02-28,2.317733014933765e-05,1,Low,1day
2010-03-01,2.3439260985469446e-05,1,Low,1day
2010-03-02,2.8172753445687704e-05,1,Low,1day
2010-03-03,4.5600059820571914e-05,1,Low,1day
2010-03-04,3.6460765841184184e-05,1,Low,1day
2010-03-05,3.551131521817297e-05,1,Low,1day
2010-03-06,4.837723827222362e-05,1,Low,1day
2010-03-07,2.477972157066688e-05,1,Low,1day
2010-03-08,1.766953027981799e-05,1,Low,1day
2010-03-09,1.8294605979463086e-05,1,Low,1day
2010-03-10,1.6083269656519406e-05,1,Low,1day
2010-03-11,1.5140102732402738e-05,1,Low,1day
2010-03-12,1.797462027752772e-05,1,Low,1day
2010-03-13,1.908665944938548e-05,1,Low,1day
2010-03-14,1.7293818018515594e-05,1,Low,1day
2010-03-15,1.8601440388010815e-05,1,Low,1day
2010-03-16,1.4006142009748146e-05,1,Low,1day
2010-03-17,2.355129436182324e-05,1,Low,1day
2010-03-18,2.1162251869100146e-05,1,Low,1day
2010-03-19,3.753068085643463e-05,1,Low,1day
2010-03-20,4.466492828214541e-05,1,Low,1day
2010-03-21,4.196993540972471e-05,1,Low,1day
2010-03-22,4.455287489690818e-05,1,Low,1day
2010-03-23,2.7701753424480557e-05,1,Low,1day
2010-03-24,3.1095361919142306e-05,1,Low,1day
2010-03-25,2.2730133423465304e-05,1,Low,1day
2010-03-26,2.4290116925840266e-05,1,Low,1day
2010-03-27,2.940036756626796e-05,1,Low,1day
2010-03-28,2.7078700441052206e-05,1,Low,1day
2010-03-29,3.6427991290111095e-05,1,Low,1day
2010-03-30,3.337084490340203e-05,1,Low,1day
2010-03-31,3.5652032238431275e-05,1,Low,1day
2010-04-01,3.723915870068595e-05,1,Low,1day
2010-04-02,5.174326724954881e-05,1,Low,1day
2010-04-03,3.829661727650091e-05,1,Low,1day
2010-04-04,3.7350942875491455e-05,1,Low,1day
2010-04-05,3.1738713005324826e-05,1,Low,1day
2010-04-06,3.1782994483364746e-05,1,Low,1day
2010-04-07,3.105470386799425e-05,1,Low,1day
2010-04-08,2.5686751541798003e-05,1,Low,1day
2010-04-09,2.0699913875432685e-05,1,Low,1day
2010-04-10,2.6620533390087076e-05,1,Low,1day
2010-04-11,2.7667618269333616e-05,1,Low,1day
2010-04-12,2.313985169166699e-05,1,Low,1day
2010-04-13,2.031161420745775e-05,1,Low,1day
2010-04-14,2.3065669665811583e-05,1,Low,1day
2010-04-15,2.1354011551011354e-05,1,Low,1day
2010-04-16,3.7471243558684364e-05,1,Low,1day
2010-04-17,2.720309203141369e-05,1,Low,1day
2010-04-18,3.371705679455772e-05,1,Low,1day
2010-04-19,1.9783308744081296e-05,1,Low,1day
2010-04-20,2.6518293452681974e-05,1,Low,1day
2010-04-21,2.100912570313085e-05,1,Low,1day
2010-04-22,1.8189895854447968e-05,1,Low,1day
2010-04-23,2.429143751214724e-05,1,Low,1day
2010-04-24,1.6322368537657894e-05,1,Low,1day
2010-04-25,1.915673965413589e-05,1,Low,1day
2010-04-26,3.336938243592158e-05,1,Low,1day
2010-04-27,3.8063993997639045e-05,1,Low,1day
2010-04-28,2.719380790949799e-05,1,Low,1day
2010-04-29,2.422076795483008e-05,1,Low,1day
2010-04-30,3.350100450916216e-05,1,Low,1day
2010-05-01,2.8860862585133873e-05,1,Low,1day
2010-05-02,2.5476289010839537e-05,1,Low,1day
2010-05-03,2.907634188886732e-05,1,Low,1day
2010-05-04,3.6649777030106634e-05,1,Low,1day
2010-05-05,3.161262793582864e-05,1,Low,1day
2010-05-06,4.7193760110531e-05,1,Low,1day
2010-05-07,2.2460335458163172e-05,1,Low,1day
2010-05-08,3.6907636967953295e-05,1,Low,1day
2010-05-09,2.0241324818925932e-05,1,Low,1day
2010-05-10,2.647920155141037e-05,1,Low,1day
2010-05-11,2.353515083086677e-05,1,Low,1day
2010-05-12,2.475010660418775e-05,1,Low,1day
2010-05-13,2.7565143682295457e-05,1,Low,1day
2010-05-14,3.699379522004165e-05,1,Low,1day
2010-05-15,2.1349123926484026e-05,1,Low,1day
2010-05-16,2.837684405676555e-05,1,Low,1day
2010-05-17,3.510541137075052e-05,1,Low,1day
2010-05-18,3.389104313100688e-05,1,Low,1day
2010-05-19,2.0212100935168564e-05,1,Low,1day
2010-05-20,2.7687465262715705e-05,1,Low,1day
2010-05-21,2.9294100386323407e-05,1,Low,1day
2010-05-22,2.5557079425198026e-05,1,Low,1day
2010-05-23,4.6752487833146006e-05,1,Low,1day
2010-05-24,5.465147114591673e-05,1,Low,1day
2010-05-25,4.632073250832036e-05,1,Low,1day
2010-05-26,5.104405136080459e-05,1,Low,1day
2010-05-27,5.042554039391689e-05,1,Low,1day
2010-05-28,4.196057125227526e-05,1,Low,1day
2010-05-29,0.00010575459600659087,1,Low,1day
2010-05-30,3.456103877397254e-05,1,Low,1day
2010-05-31,4.65107113996055e-05,1,Low,1day
2010-06-01,5.8842844737228006e-05,1,Low,1day
2010-06-02,0.0001703163143247366,1,Low,1day
2010-06-03,9.95066948235035e-05,1,Low,1day
2010-06-04,5.4346706747310236e-05,1,Low,1day
2010-06-05,0.00010632124758558348,1,Low,1day
2010-06-06,0.001070315600372851,1,Low,1day
2010-06-07,0.00034240458626300097,1,Low,1day
2010-06-08,0.00035279543953947723,1,Low,1day
2010-06-09,0.00020624639000743628,1,Low,1day
2010-06-10,0.0002544927119743079,1,Low,1day
2010-06-11,0.00011443361290730536,1,Low,1day
2010-06-12,8.963359141489491e-05,1,Low,1day
2010-06-13,8.359562343684956e-05,1,Low,1day
2010-06-14,5.8200170315103605e-05,1,Low,1day
2010-06-15,3.919130176655017e-05,1,Low,1day
2010-06-16,4.8251680709654465e-05,1,Low,1day
2010-06-17,5.2507119107758626e-05,1,Low,1day
2010-06-18,5.0573915359564126e-05,1,Low,1day
2010-06-19,3.8653179217362776e-05,1,Low,1day
2010-06-20,8.316316962009296e-05,1,Low,1day
2010-06-21,3.96876857848838e-05,1,Low,1day
2010-06-22,3.573348658392206e-05,1,Low,1day
2010-06-23,7.822171755833551e-05,1,Low,1day
2010-06-24,0.0002326821704627946,1,Low,1day
2010-06-25,0.00013181944086682051,1,Low,1day
2010-06-26,0.00015285256085917354,1,Low,1day
2010-06-27,0.00011345410894136876,1,Low,1day
2010-06-28,0.0001055396132869646,1,Low,1day
2010-06-29,0.00010737884440459311,1,Low,1day
2010-06-30,0.00017106042650993913,1,Low,1day
2010-07-01,0.00011669367813738063,1,Low,1day
2010-07-02,4.926294059259817e-05,1,Low,1day
2010-07-03,7.748954521957785e-05,1,Low,1day
2010-07-04,9.881501318886876e-05,1,Low,1day
2010-07-05,0.00010009559628088027,1,Low,1day
2010-07-06,0.00020664538897108287,1,Low,1day
2010-07-07,0.0008618186693638563,1,Low,1day
2010-07-08,0.00014163198648020625,1,Low,1day
2010-07-09,0.0006555091822519898,1,Low,1day
2010-07-10,0.0002766248653642833,1,Low,1day
2010-07-11,0.0003766219306271523,1,Low,1day
2010-07-12,0.006533220876008272,1,Low,1day
2010-07-13,0.0016036930028349161,1,Low,1day
2010-07-14,0.00032309532980434597,1,Low,1day
2010-07-15,0.00020401593064889312,1,Low,1day
2010-07-16,0.000514334358740598,1,Low,1day
2010-07-17,0.00018557716975919902,1,Low,1day
2010-07-18,0.0003346739977132529,1,Low,1day
2010-07-19,0.00042576726991683245,1,Low,1day
2010-07-20,0.0025347808841615915,1,Low,1day
2010-07-21,0.004144149366766214,1,Low,1day
2010-07-22,0.9981598258018494,4,Very High,1day
2010-07-23,0.9986369013786316,4,Very High,1day
2010-07-24,0.999809205532074,4,Very High,1day
2010-07-25,0.9998641014099121,4,Very High,1day
2010-07-26,0.9998217225074768,4,Very High,1day
2010-07-27,0.9998321533203125,4,Very High,1day
2010-07-28,0.9997950196266174,4,Very High,1day
2010-07-29,0.9998584985733032,4,Very High,1day
2010-07-30,0.9999145269393921,4,Very High,1day
2010-07-31,0.9999375343322754,4,Very High,1day
2010-08-01,0.9999334812164307,4,Very High,1day
2010-08-02,0.9998995065689087,4,Very High,1day
2010-08-03,0.9998984336853027,4,Very High,1day
2010-08-04,0.9998738765716553,4,Very High,1day
2010-08-05,0.9998564720153809,4,Very High,1day
2010-08-06,0.9995483756065369,4,Very High,1day
2010-08-07,0.9997559189796448,4,Very High,1day
2010-08-08,0.9999109506607056,4,Very High,1day
2010-08-09,0.9999023675918579,4,Very High,1day
2010-08-10,0.9999169111251831,4,Very High,1day
2010-08-11,0.9999111890792847,4,Very High,1day
2010-08-12,0.9999183416366577,4,Very High,1day
2010-08-13,0.9999161958694458,4,Very High,1day
2010-08-14,0.9998776912689209,4,Very High,1day
2010-08-15,0.999687671661377,4,Very High,1day
2010-08-16,0.9997830986976624,4,Very High,1day
2010-08-17,0.9997360110282898,4,Very High,1day
2010-08-18,0.9998507499694824,4,Very High,1day
2010-08-19,0.9998589754104614,4,Very High,1day
2010-08-20,0.9997244477272034,4,Very High,1day
2010-08-21,0.9997079968452454,4,Very High,1day
2010-08-22,0.9997395873069763,4,Very High,1day
2010-08-23,0.9995520710945129,4,Very High,1day
2010-08-24,0.9997496008872986,4,Very High,1day
2010-08-25,0.9998960494995117,4,Very High,1day
2010-08-26,0.9998325109481812,4,Very High,1day
2010-08-27,0.9998165965080261,4,Very High,1day
2010-08-28,0.9999330043792725,4,Very High,1day
2010-08-29,0.9999023675918579,4,Very High,1day
2010-08-30,0.9998311996459961,4,Very High,1day
2010-08-31,0.9996360540390015,4,Very High,1day
2010-09-01,0.9997537732124329,4,Very High,1day
2010-09-02,0.9998030066490173,4,Very High,1day
2010-09-03,0.9997723698616028,4,Very High,1day
2010-09-04,0.9997851252555847,4,Very High,1day
2010-09-05,0.9994775652885437,4,Very High,1day
2010-09-06,0.9998182654380798,4,Very High,1day
2010-09-07,0.9993096590042114,4,Very High,1day
2010-09-08,0.024913707748055458,1,Low,1day
2010-09-09,0.015634965151548386,1,Low,1day
2010-09-10,0.018793538212776184,1,Low,1day
2010-09-11,0.011169563978910446,1,Low,1day
2010-09-12,0.002288083080202341,1,Low,1day
2010-09-13,0.00027604945353232324,1,Low,1day
2010-09-14,9.176897583529353e-05,1,Low,1day
2010-09-15,0.0002952035574708134,1,Low,1day
2010-09-16,0.00015394666115753353,1,Low,1day
2010-09-17,0.00017671193927526474,1,Low,1day
2010-09-18,0.00011614838149398565,1,Low,1day
2010-09-19,3.705936615006067e-05,1,Low,1day
2010-09-20,4.037797771161422e-05,1,Low,1day
2010-09-21,4.780229937750846e-05,1,Low,1day
2010-09-22,4.1626935853855684e-05,1,Low,1day
2010-09-23,3.565720180631615e-05,1,Low,1day
2010-09-24,2.7149524612468667e-05,1,Low,1day
2010-09-25,1.690248063823674e-05,1,Low,1day
2010-09-26,1.3861965271644294e-05,1,Low,1day
2010-09-27,1.3111043699609581e-05,1,Low,1day
2010-09-28,1.3754629435425159e-05,1,Low,1day
2010-09-29,2.023491651925724e-05,1,Low,1day
2010-09-30,2.182640128012281e-05,1,Low,1day
2010-10-01,1.856798007793259e-05,1,Low,1day
2010-10-02,1.459775467083091e-05,1,Low,1day
2010-10-03,2.2935817469260655e-05,1,Low,1day
2010-10-04,1.9387040083529428e-05,1,Low,1day
2010-10-05,1.9382288883207366e-05,1,Low,1day
2010-10-06,2.5294219085481018e-05,1,Low,1day
2010-10-07,2.382942329859361e-05,1,Low,1day
2010-10-08,3.032348286069464e-05,1,Low,1day
2010-10-09,2.943706203950569e-05,1,Low,1day
2010-10-10,2.3309505195356905e-05,1,Low,1day
2010-10-11,1.3547742128139362e-05,1,Low,1day
2010-10-12,1.6834834241308272e-05,1,Low,1day
2010-10-13,1.3279235645313747e-05,1,Low,1day
2010-10-14,1.5808440366527066e-05,1,Low,1day
2010-10-15,1.9267548850621097e-05,1,Low,1day
2010-10-16,2.094970659527462e-05,1,Low,1day
2010-10-17,1.2989637070859317e-05,1,Low,1day
2010-10-18,1.2753775081364438e-05,1,Low,1day
2010-10-19,2.2739368432667106e-05,1,Low,1day
2010-10-20,2.145341750292573e-05,1,Low,1day
2010-10-21,2.21135178435361e-05,1,Low,1day
2010-10-22,3.375811138539575e-05,1,Low,1day
2010-10-23,1.667999822529964e-05,1,Low,1day
2010-10-24,1.4006609490024857e-05,1,Low,1day
2010-10-25,1.1929117135878187e-05,1,Low,1day
2010-10-26,1.3397289876593277e-05,1,Low,1day
2010-10-27,1.2529339073807932e-05,1,Low,1day
2010-10-28,1.891650572360959e-05,1,Low,1day
2010-10-29,2.557229163357988e-05,1,Low,1day
2010-10-30,2.1712156012654305e-05,1,Low,1day
2010-10-31,1.7752019630279392e-05,1,Low,1day
2010-11-01,1.767756839399226e-05,1,Low,1day
2010-11-02,1.4899668713042047e-05,1,Low,1day
2010-11-03,1.621106275706552e-05,1,Low,1day
2010-11-04,1.6889171092770994e-05,1,Low,1day
2010-11-05,1.724804678815417e-05,1,Low,1day
2010-11-06,1.945115400303621e-05,1,Low,1day
2010-11-07,1.2914772014482878e-05,1,Low,1day
2010-11-08,1.2493210306274705e-05,1,Low,1day
2010-11-09,2.7544592740014195e-05,1,Low,1day
2010-11-10,3.3965166949201375e-05,1,Low,1day
2010-11-11,2.752083310042508e-05,1,Low,1day
2010-11-12,2.9047852876828983e-05,1,Low,1day
2010-11-13,1.735676960379351e-05,1,Low,1day
2010-11-14,2.4641580239403993e-05,1,Low,1day
2010-11-15,2.639320882735774e-05,1,Low,1day
2010-11-16,2.2082140276324935e-05,1,Low,1day
2010-11-17,2.5881272449623793e-05,1,Low,1day
2010-11-18,2.1792788174934685e-05,1,Low,1day
2010-11-19,1.4747390196134802e-05,1,Low,1day
2010-11-20,1.3438738278637175e-05,1,Low,1day
2010-11-21,1.6500693163834512e-05,1,Low,1day
2010-11-22,3.784183718380518e-05,1,Low,1day
2010-11-23,3.438184648985043e-05,1,Low,1day
2010-11-24,3.427440606174059e-05,1,Low,1day
2010-11-25,3.655114414868876e-05,1,Low,1day
2010-11-26,5.321612479747273e-05,1,Low,1day
2010-11-27,3.6687964893644676e-05,1,Low,1day
2010-11-28,4.2207026126561686e-05,1,Low,1day
2010-11-29,2.764941928035114e-05,1,Low,1day
2010-11-30,2.4228784241131507e-05,1,Low,1day
2010-12-01,2.7939899155171588e-05,1,Low,1day
2010-12-02,1.9980379875050858e-05,1,Low,1day
2010-12-03,1.8483864550944418e-05,1,Low,1day
2010-12-04,1.6951731595327146e-05,1,Low,1day
2010-12-05,1.702078770904336e-05,1,Low,1day
2010-12-06,1.3503317859431263e-05,1,Low,1day
2010-12-07,1.770182825566735e-05,1,Low,1day
2010-12-08,2.156895243388135e-05,1,Low,1day
2010-12-09,2.5506749807391316e-05,1,Low,1day
2010-12-10,2.8077189199393615e-05,1,Low,1day
2010-12-11,3.45266489603091e-05,1,Low,1day
2010-12-12,3.4842261811718345e-05,1,Low,1day
2010-12-13,2.256331754324492e-05,1,Low,1day
2010-12-14,1.4992529941082466e-05,1,Low,1day
2010-12-15,1.5898080164333805e-05,1,Low,1day
2010-12-16,2.121195757354144e-05,1,Low,1day
2010-12-17,1.9683850041474216e-05,1,Low,1day
2010-12-18,1.697972220426891e-05,1,Low,1day
2010-12-19,1.5752097169752233e-05,1,Low,1day
2010-12-20,2.6573481591185555e-05,1,Low,1day
2010-12-21,3.6412431654753163e-05,1,Low,1day
2010-12-22,4.8645553761161864e-05,1,Low,1day
2010-12-23,2.998485251737293e-05,1,Low,1day
2010-12-24,2.616515484987758e-05,1,Low,1day
2010-12-25,2.734247209446039e-05,1,Low,1day
2010-12-26,2.8129396014264785e-05,1,Low,1day
2010-12-27,2.4686176402610727e-05,1,Low,1day
2010-12-28,4.579179949359968e-05,1,Low,1day
2010-12-29,4.100638398085721e-05,1,Low,1day
2010-12-30,6.440031575039029e-05,1,Low,1day
2010-12-31,3.9778129576006904e-05,1,Low,1day
2011-01-01,2.225885327789001e-05,1,Low,1day
2011-01-02,2.5407625798834488e-05,1,Low,1day
2011-01-03,2.6618656193022616e-05,1,Low,1day
2011-01-04,2.5646682843216695e-05,1,Low,1day
2011-01-05,2.9967726732138544e-05,1,Low,1day
2011-01-06,2.5594028556952253e-05,1,Low,1day
2011-01-07,3.734520942089148e-05,1,Low,1day
2011-01-08,3.62414721166715e-05,1,Low,1day
2011-01-09,2.6402623916510493e-05,1,Low,1day
2011-01-10,2.583784589660354e-05,1,Low,1day
2011-01-11,3.6523684684652835e-05,1,Low,1day
2011-01-12,4.204592914902605e-05,1,Low,1day
2011-01-13,4.788168371305801e-05,1,Low,1day
2011-01-14,6.26495893811807e-05,1,Low,1day
2011-01-15,2.4881757781258784e-05,1,Low,1day
2011-01-16,1.9186632925993763e-05,1,Low,1day
2011-01-17,3.4481799957575276e-05,1,Low,1day
2011-01-18,2.487286110408604e-05,1,Low,1day
2011-01-19,1.9888995666406117e-05,1,Low,1day
2011-01-20,3.7104451621416956e-05,1,Low,1day
2011-01-21,3.720593304024078e-05,1,Low,1day
2011-01-22,2.1852434656466357e-05,1,Low,1day
2011-01-23,2.4050719730439596e-05,1,Low,1day
2011-01-24,2.1266645489959046e-05,1,Low,1day
2011-01-25,1.656957101658918e-05,1,Low,1day
2011-01-26,2.684469654923305e-05,1,Low,1day
2011-01-27,3.367672979948111e-05,1,Low,1day
2011-01-28,1.5616375094396062e-05,1,Low,1day
2011-01-29,2.1845226001460105e-05,1,Low,1day
2011-01-30,3.566152372513898e-05,1,Low,1day
2011-01-31,2.4768334697000682e-05,1,Low,1day
2011-02-01,2.01648726942949e-05,1,Low,1day
2011-02-02,2.4425562514807098e-05,1,Low,1day
2011-02-03,5.514625081559643e-05,1,Low,1day
2011-02-04,5.764483648817986e-05,1,Low,1day
2011-02-05,4.4765263737645e-05,1,Low,1day
2011-02-06,0.0002372981543885544,1,Low,1day
2011-02-07,4.02129371650517e-05,1,Low,1day
2011-02-08,2.4973851395770907e-05,1,Low,1day
2011-02-09,2.1938734789728187e-05,1,Low,1day
2011-02-10,1.8362268747296184e-05,1,Low,1day
2011-02-11,4.910202187602408e-05,1,Low,1day
2011-02-12,0.0001063376766978763,1,Low,1day
2011-02-13,0.0001401822519255802,1,Low,1day
2011-02-14,7.237066893139854e-05,1,Low,1day
2011-02-15,4.071736475452781e-05,1,Low,1day
2011-02-16,2.9189386623329483e-05,1,Low,1day
2011-02-17,3.973828279413283e-05,1,Low,1day
2011-02-18,3.311797991045751e-05,1,Low,1day
2011-02-19,2.6821257051778957e-05,1,Low,1day
2011-02-20,5.067882375442423e-05,1,Low,1day
2011-02-21,5.418251021183096e-05,1,Low,1day
2011-02-22,3.527794615365565e-05,1,Low,1day
2011-02-23,3.17899975925684e-05,1,Low,1day
2011-02-24,3.889867366524413e-05,1,Low,1day
2011-02-25,2.497218520147726e-05,1,Low,1day
2011-02-26,1.6185465938178822e-05,1,Low,1day
2011-02-27,2.1197416572249494e-05,1,Low,1day
2011-02-28,3.7657988286809996e-05,1,Low,1day
2011-03-01,5.340111238183454e-05,1,Low,1day
2011-03-02,2.2327945771394297e-05,1,Low,1day
2011-03-03,1.701003020571079e-05,1,Low,1day
2011-03-04,1.5274104953277856e-05,1,Low,1day
2011-03-05,1.6724516171962023e-05,1,Low,1day
2011-03-06,3.337568341521546e-05,1,Low,1day
2011-03-07,4.4046526454621926e-05,1,Low,1day
2011-03-08,3.3940461435122415e-05,1,Low,1day
2011-03-09,4.1447143303230405e-05,1,Low,1day
2011-03-10,2.9952814657008275e-05,1,Low,1day
2011-03-11,2.319033046660479e-05,1,Low,1day
2011-03-12,2.4463444788125344e-05,1,Low,1day
2011-03-13,2.2183219698490575e-05,1,Low,1day
2011-03-14,1.710467040538788e-05,1,Low,1day
2011-03-15,1.472361236665165e-05,1,Low,1day
2011-03-16,2.130314169335179e-05,1,Low,1day
2011-03-17,2.9267685022205114e-05,1,Low,1day
2011-03-18,2.0161316570010968e-05,1,Low,1day
2011-03-19,2.2095369786256924e-05,1,Low,1day
2011-03-20,2.565847353253048e-05,1,Low,1day
2011-03-21,1.788290865079034e-05,1,Low,1day
2011-03-22,2.9717091820202768e-05,1,Low,1day
2011-03-23,2.3494314518757164e-05,1,Low,1day
2011-03-24,1.8286285921931267e-05,1,Low,1day
2011-03-25,1.7929012756212614e-05,1,Low,1day
2011-03-26,1.7621890947339125e-05,1,Low,1day
2011-03-27,1.2842652722611092e-05,1,Low,1day
2011-03-28,2.5817746063694358e-05,1,Low,1day
2011-03-29,1.1931984772672877e-05,1,Low,1day
2011-03-30,1.450901254429482e-05,1,Low,1day
2011-03-31,1.8935203115688637e-05,1,Low,1day
2011-04-01,1.9109389540972188e-05,1,Low,1day
2011-04-02,1.8613116480992176e-05,1,Low,1day
2011-04-03,1.4026726603333373e-05,1,Low,1day
2011-04-04,1.4575705790775828e-05,1,Low,1day
2011-04-05,1.4057111911824904e-05,1,Low,1day
2011-04-06,1.2836408131988719e-05,1,Low,1day
2011-04-07,1.642768256715499e-05,1,Low,1day
2011-04-08,2.4949689759523608e-05,1,Low,1day
2011-04-09,2.836531712091528e-05,1,Low,1day
2011-04-10,0.00011151019134558737,1,Low,1day
2011-04-11,7.73356223362498e-05,1,Low,1day
2011-04-12,3.64191691915039e-05,1,Low,1day
2011-04-13,2.3239035726874135e-05,1,Low,1day
2011-04-14,8.942886051954702e-05,1,Low,1day
2011-04-15,5.219400190981105e-05,1,Low,1day
2011-04-16,0.00016240280820056796,1,Low,1day
2011-04-17,8.607243944425136e-05,1,Low,1day
2011-04-18,4.6195051254471764e-05,1,Low,1day
2011-04-19,3.140230182907544e-05,1,Low,1day
2011-04-20,3.5121051041642204e-05,1,Low,1day
2011-04-21,2.2574015019927174e-05,1,Low,1day
2011-04-22,1.992860052268952e-05,1,Low,1day
2011-04-23,3.8045993278501555e-05,1,Low,1day
2011-04-24,3.747188748093322e-05,1,Low,1day
2011-04-25,2.654625495779328e-05,1,Low,1day
2011-04-26,2.3524738935520872e-05,1,Low,1day
2011-04-27,2.6717763830674812e-05,1,Low,1day
2011-04-28,2.349781061639078e-05,1,Low,1day
2011-04-29,1.5998337403289042e-05,1,Low,1day
2011-04-30,1.4853318134555593e-05,1,Low,1day
2011-05-01,1.4113528777670581e-05,1,Low,1day
2011-05-02,1.4047570402908605e-05,1,Low,1day
2011-05-03,1.5898624042165466e-05,1,Low,1day
2011-05-04,1.593184788362123e-05,1,Low,1day
2011-05-05,1.4769134395464789e-05,1,Low,1day
2011-05-06,1.577621151227504e-05,1,Low,1day
2011-05-07,2.244804272777401e-05,1,Low,1day
2011-05-08,1.8723316316027194e-05,1,Low,1day
2011-05-09,2.7523561584530398e-05,1,Low,1day
2011-05-10,2.8089936677133664e-05,1,Low,1day
2011-05-11,2.8235610443516634e-05,1,Low,1day
2011-05-12,2.2329992134473287e-05,1,Low,1day
2011-05-13,2.4376160581596196e-05,1,Low,1day
2011-05-14,2.445639984216541e-05,1,Low,1day
2011-05-15,3.074013511650264e-05,1,Low,1day
2011-05-16,3.5286357160657644e-05,1,Low,1day
2011-05-17,3.2315154385287315e-05,1,Low,1day
2011-05-18,4.0356731915380806e-05,1,Low,1day
2011-05-19,2.629189293656964e-05,1,Low,1day
2011-05-20,3.805818414548412e-05,1,Low,1day
2011-05-21,3.915540219168179e-05,1,Low,1day
2011-05-22,5.303460420691408e-05,1,Low,1day
2011-05-23,6.093558840802871e-05,1,Low,1day
2011-05-24,6.631747965002432e-05,1,Low,1day
2011-05-25,4.40229669038672e-05,1,Low,1day
2011-05-26,4.911569703835994e-05,1,Low,1day
2011-05-27,3.311734690214507e-05,1,Low,1day
2011-05-28,3.953232226194814e-05,1,Low,1day
2011-05-29,2.6374687877250835e-05,1,Low,1day
2011-05-30,2.89091494778404e-05,1,Low,1day
2011-05-31,5.933560532866977e-05,1,Low,1day
2011-06-01,7.604741404065862e-05,1,Low,1day
2011-06-02,6.100553582655266e-05,1,Low,1day
2011-06-03,4.033522418467328e-05,1,Low,1day
2011-06-04,5.8341873227618635e-05,1,Low,1day
2011-06-05,4.408762470120564e-05,1,Low,1day
2011-06-06,4.712724330602214e-05,1,Low,1day
2011-06-07,5.4721142078051344e-05,1,Low,1day
2011-06-08,7.162444671848789e-05,1,Low,1day
2011-06-09,5.689168756362051e-05,1,Low,1day
2011-06-10,3.709755401359871e-05,1,Low,1day
2011-06-11,6.29218338872306e-05,1,Low,1day
2011-06-12,9.081122698262334e-05,1,Low,1day
2011-06-13,0.0001516801567049697,1,Low,1day
2011-06-14,9.672317537479103e-05,1,Low,1day
2011-06-15,8.407625136896968e-05,1,Low,1day
2011-06-16,7.29594612494111e-05,1,Low,1day
2011-06-17,0.00012445216998457909,1,Low,1day
2011-06-18,9.057798160938546e-05,1,Low,1day
2011-06-19,6.35121323284693e-05,1,Low,1day
2011-06-20,0.00011762934445869178,1,Low,1day
2011-06-21,0.00010269149061059579,1,Low,1day
2011-06-22,0.0001259403652511537,1,Low,1day
2011-06-23,0.00023124084691517055,1,Low,1day
2011-06-24,0.00015863349835854024,1,Low,1day
2011-06-25,0.00014885395648889244,1,Low,1day
2011-06-26,0.0003614563320297748,1,Low,1day
2011-06-27,0.00013303192099556327,1,Low,1day
2011-06-28,0.0006532322149723768,1,Low,1day
2011-06-29,0.0006669234135188162,1,Low,1day
2011-06-30,0.0012413569493219256,1,Low,1day
2011-07-01,0.00037514648283831775,1,Low,1day
2011-07-02,0.000914964999537915,1,Low,1day
2011-07-03,0.0014992536744102836,1,Low,1day
2011-07-04,0.0008082734420895576,1,Low,1day
2011-07-05,0.00018987178918905556,1,Low,1day
2011-07-06,0.00030158288427628577,1,Low,1day
2011-07-07,0.00013854018470738083,1,Low,1day
2011-07-08,0.00021665391977876425,1,Low,1day
2011-07-09,0.00038075668271631,1,Low,1day
2011-07-10,0.0015940130688250065,1,Low,1day
2011-07-11,0.0012973740231245756,1,Low,1day
2011-07-12,0.0005773643497377634,1,Low,1day
2011-07-13,0.0001558169024065137,1,Low,1day
2011-07-14,0.00017978269897866994,1,Low,1day
2011-07-15,0.00030173503910191357,1,Low,1day
2011-07-16,0.00013829614908900112,1,Low,1day
2011-07-17,0.00016439537284895778,1,Low,1day
2011-07-18,0.0004318805004004389,1,Low,1day
2011-07-19,0.00044539477676153183,1,Low,1day
2011-07-20,0.0003449569339863956,1,Low,1day
2011-07-21,0.00022222535335458815,1,Low,1day
2011-07-22,0.00017418753122910857,1,Low,1day
2011-07-23,0.00029384673689492047,1,Low,1day
2011-07-24,0.00020369754929561168,1,Low,1day
2011-07-25,0.00040180498035624623,1,Low,1day
2011-07-26,0.00028986085089854896,1,Low,1day
2011-07-27,0.003287865547463298,1,Low,1day
2011-07-28,0.0009442236041650176,1,Low,1day
2011-07-29,0.001983321039006114,1,Low,1day
2011-07-30,0.0026413288433104753,1,Low,1day
2011-07-31,0.0006258159410208464,1,Low,1day
2011-08-01,0.00043144618393853307,1,Low,1day
2011-08-02,0.00011937070667045191,1,Low,1day
2011-08-03,0.0001489404239691794,1,Low,1day
2011-08-04,0.0002477323869243264,1,Low,1day
2011-08-05,0.00035244497121311724,1,Low,1day
2011-08-06,0.00020348108955658972,1,Low,1day
2011-08-07,0.00035615466185845435,1,Low,1day
2011-08-08,0.0011827885173261166,1,Low,1day
2011-08-09,0.002749345963820815,1,Low,1day
2011-08-10,0.9919833540916443,4,Very High,1day
2011-08-11,0.9993465542793274,4,Very High,1day
2011-08-12,0.9994908571243286,4,Very High,1day
2011-08-13,0.16948756575584412,1,Low,1day
2011-08-14,0.0015951062086969614,1,Low,1day
2011-08-15,0.00917930155992508,1,Low,1day
2011-08-16,0.008737467229366302,1,Low,1day
2011-08-17,0.000746053468901664,1,Low,1day
2011-08-18,0.000533381593413651,1,Low,1day
2011-08-19,0.0005058344686403871,1,Low,1day
2011-08-20,0.00013316275726538152,1,Low,1day
2011-08-21,6.855695392005146e-05,1,Low,1day
2011-08-22,0.0006791661726310849,1,Low,1day
2011-08-23,0.0003375271917320788,1,Low,1day
2011-08-24,0.00019475426233839244,1,Low,1day
2011-08-25,0.0002496073138900101,1,Low,1day
2011-08-26,0.0003083986521232873,1,Low,1day
2011-08-27,0.0002200047456426546,1,Low,1day
2011-08-28,9.75069051492028e-05,1,Low,1day
2011-08-29,0.00019866552611347288,1,Low,1day
2011-08-30,0.000463515316369012,1,Low,1day
2011-08-31,0.0012956742430105805,1,Low,1day
2011-09-01,0.00044474523747339845,1,Low,1day
2011-09-02,0.00024620702606625855,1,Low,1day
2011-09-03,0.0002334018499823287,1,Low,1day
2011-09-04,0.0004976352211087942,1,Low,1day
2011-09-05,0.0015677798073738813,1,Low,1day
2011-09-06,0.0015969793312251568,1,Low,1day
2011-09-07,0.009450732730329037,1,Low,1day
2011-09-08,0.002374473726376891,1,Low,1day
2011-09-09,0.1833745837211609,1,Low,1day
2011-09-10,0.017278779298067093,1,Low,1day
2011-09-11,0.00010855788423214108,1,Low,1day
2011-09-12,0.00042407974251545966,1,Low,1day
2011-09-13,0.003920326009392738,1,Low,1day
2011-09-14,0.005206914618611336,1,Low,1day
2011-09-15,0.0007782825268805027,1,Low,1day
2011-09-16,0.00035811078851111233,1,Low,1day
2011-09-17,0.0007016953895799816,1,Low,1day
2011-09-18,0.0003072107210755348,1,Low,1day
2011-09-19,0.0005657983128912747,1,Low,1day
2011-09-20,0.0029828869737684727,1,Low,1day
2011-09-21,0.00012275029439479113,1,Low,1day
2011-09-22,7.710403588134795e-05,1,Low,1day
2011-09-23,3.5760658647632226e-05,1,Low,1day
2011-09-24,2.4455046514049172e-05,1,Low,1day
2011-09-25,5.6995952036231756e-05,1,Low,1day
2011-09-26,4.118560173083097e-05,1,Low,1day
2011-09-27,2.356540244363714e-05,1,Low,1day
2011-09-28,3.0381721444427967e-05,1,Low,1day
2011-09-29,2.5296702006016858e-05,1,Low,1day
2011-09-30,2.1695308532798663e-05,1,Low,1day
2011-10-01,3.175775782437995e-05,1,Low,1day
2011-10-02,2.6089530365425162e-05,1,Low,1day
2011-10-03,2.3377046090899967e-05,1,Low,1day
2011-10-04,2.9030818041064776e-05,1,Low,1day
2011-10-05,3.4171403967775404e-05,1,Low,1day
2011-10-06,7.340644515352324e-05,1,Low,1day
2011-10-07,6.603709334740415e-05,1,Low,1day
2011-10-08,2.0899738956359215e-05,1,Low,1day
2011-10-09,2.2016682123648934e-05,1,Low,1day
2011-10-10,2.4206867237808183e-05,1,Low,1day
2011-10-11,1.9251092453487217e-05,1,Low,1day
2011-10-12,1.6592515748925507e-05,1,Low,1day
2011-10-13,1.7920363461598754e-05,1,Low,1day
2011-10-14,1.4092991477809846e-05,1,Low,1day
2011-10-15,1.3491141544363927e-05,1,Low,1day
2011-10-16,1.312660697294632e-05,1,Low,1day
2011-10-17,1.483913274569204e-05,1,Low,1day
2011-10-18,1.2444123967725318e-05,1,Low,1day
2011-10-19,2.4533674150006846e-05,1,Low,1day
2011-10-20,1.691575198492501e-05,1,Low,1day
2011-10-21,7.435810857714387e-06,1,Low,1day
2011-10-22,1.086419706552988e-05,1,Low,1day
2011-10-23,8.971244824351743e-06,1,Low,1day
2011-10-24,1.190933835459873e-05,1,Low,1day
2011-10-25,1.4980180822021794e-05,1,Low,1day
2011-10-26,1.437965238437755e-05,1,Low,1day
2011-10-27,1.657289067225065e-05,1,Low,1day
2011-10-28,1.2129608876421116e-05,1,Low,1day
2011-10-29,1.018780949380016e-05,1,Low,1day
2011-10-30,1.3031924027018249e-05,1,Low,1day
2011-10-31,1.0940793799818493e-05,1,Low,1day
2011-11-01,8.64440698933322e-06,1,Low,1day
2011-11-02,1.3711502106161788e-05,1,Low,1day
2011-11-03,2.5005665520438924e-05,1,Low,1day
2011-11-04,2.5474491849308833e-05,1,Low,1day
2011-11-05,3.6636254662880674e-05,1,Low,1day
2011-11-06,3.6056972021469846e-05,1,Low,1day
2011-11-07,1.8632332285051234e-05,1,Low,1day
2011-11-08,3.057739741052501e-05,1,Low,1day
2011-11-09,3.4196084016002715e-05,1,Low,1day
2011-11-10,4.600745887728408e-05,1,Low,1day
2011-11-11,3.755427314899862e-05,1,Low,1day
2011-11-12,3.185074820066802e-05,1,Low,1day
2011-11-13,2.073249197565019e-05,1,Low,1day
2011-11-14,1.6228139429586008e-05,1,Low,1day
2011-11-15,2.0144652808085084e-05,1,Low,1day
2011-11-16,1.77695674210554e-05,1,Low,1day
2011-11-17,1.1892859220097307e-05,1,Low,1day
2011-11-18,1.534462171548512e-05,1,Low,1day
2011-11-19,1.2846205208916217e-05,1,Low,1day
2011-11-20,2.320243038411718e-05,1,Low,1day
2011-11-21,2.0134455553488806e-05,1,Low,1day
2011-11-22,2.0048539226991124e-05,1,Low,1day
2011-11-23,1.7724092685966752e-05,1,Low,1day
2011-11-24,1.57412559929071e-05,1,Low,1day
2011-11-25,2.7256692192167975e-05,1,Low,1day
2011-11-26,2.3023430912871845e-05,1,Low,1day
2011-11-27,1.8761889805318788e-05,1,Low,1day
2011-11-28,2.280943408550229e-05,1,Low,1day
2011-11-29,3.215330798411742e-05,1,Low,1day
2011-11-30,3.8404614315368235e-05,1,Low,1day
2011-12-01,1.950863043020945e-05,1,Low,1day
2011-12-02,2.6646643163985573e-05,1,Low,1day
2011-12-03,2.443383345962502e-05,1,Low,1day
2011-12-04,2.540123023209162e-05,1,Low,1day
2011-12-05,2.6696141503634863e-05,1,Low,1day
2011-12-06,1.9166662241332233e-05,1,Low,1day
2011-12-07,1.881288153526839e-05,1,Low,1day
2011-12-08,1.2967890143045224e-05,1,Low,1day
2011-12-09,2.6958268790622242e-05,1,Low,1day
2011-12-10,2.758047412498854e-05,1,Low,1day
2011-12-11,2.1292966266628355e-05,1,Low,1day
2011-12-12,2.111912726832088e-05,1,Low,1day
2011-12-13,1.9997823983430862e-05,1,Low,1day
2011-12-14,1.941692244145088e-05,1,Low,1day
2011-12-15,1.9904080545529723e-05,1,Low,1day
2011-12-16,2.051711817330215e-05,1,Low,1day
2011-12-17,2.0093790226383135e-05,1,Low,1day
2011-12-18,1.445651378162438e-05,1,Low,1day
2011-12-19,2.2598032956011593e-05,1,Low,1day
2011-12-20,2.1503252355614677e-05,1,Low,1day
2011-12-21,3.095881038461812e-05,1,Low,1day
2011-12-22,3.920778908650391e-05,1,Low,1day
2011-12-23,4.6896406274754554e-05,1,Low,1day
2011-12-24,2.6007133783423342e-05,1,Low,1day
2011-12-25,2.32617421715986e-05,1,Low,1day
2011-12-26,2.509726255084388e-05,1,Low,1day
2011-12-27,2.0105251678614877e-05,1,Low,1day
2011-12-28,2.3945171051309444e-05,1,Low,1day
2011-12-29,2.4180817490560003e-05,1,Low,1day
2011-12-30,2.5230374376405962e-05,1,Low,1day
2011-12-31,2.1865962480660528e-05,1,Low,1day
2012-01-01,1.8977831132360734e-05,1,Low,1day
2012-01-02,1.4310975529951975e-05,1,Low,1day
2012-01-03,2.225757998530753e-05,1,Low,1day
2012-01-04,4.859389810007997e-05,1,Low,1day
2012-01-05,2.6762007109937258e-05,1,Low,1day
2012-01-06,2.6558333047432825e-05,1,Low,1day
2012-01-07,1.937698652909603e-05,1,Low,1day
2012-01-08,2.402992504357826e-05,1,Low,1day
2012-01-09,2.4859013137756847e-05,1,Low,1day
2012-01-10,3.407596159377135e-05,1,Low,1day
2012-01-11,2.630902235978283e-05,1,Low,1day
2012-01-12,2.2406806237995625e-05,1,Low,1day
2012-01-13,3.159108018735424e-05,1,Low,1day
2012-01-14,3.764352004509419e-05,1,Low,1day
2012-01-15,6.0263570048846304e-05,1,Low,1day
2012-01-16,4.5398388465400785e-05,1,Low,1day
2012-01-17,2.0366311218822375e-05,1,Low,1day
2012-01-18,2.2994334358372726e-05,1,Low,1day
2012-01-19,1.4887780707795173e-05,1,Low,1day
2012-01-20,1.1703635209414642e-05,1,Low,1day
2012-01-21,5.394710024120286e-05,1,Low,1day
2012-01-22,2.5882656700559892e-05,1,Low,1day
2012-01-23,1.9831682948279195e-05,1,Low,1day
2012-01-24,3.763400673051365e-05,1,Low,1day
2012-01-25,2.4822435079840943e-05,1,Low,1day
2012-01-26,3.0181254260241985e-05,1,Low,1day
2012-01-27,2.8842810934293084e-05,1,Low,1day
2012-01-28,2.8212652978254482e-05,1,Low,1day
2012-01-29,3.91256544389762e-05,1,Low,1day
2012-01-30,3.351678969920613e-05,1,Low,1day
2012-01-31,3.1747644243296236e-05,1,Low,1day
2012-02-01,2.859380947484169e-05,1,Low,1day
2012-02-02,3.6685902159661055e-05,1,Low,1day
2012-02-03,3.709921656991355e-05,1,Low,1day
2012-02-04,7.36725123715587e-05,1,Low,1day
2012-02-05,2.3491693355026655e-05,1,Low,1day
2012-02-06,3.515345451887697e-05,1,Low,1day
2012-02-07,5.464521746034734e-05,1,Low,1day
2012-02-08,3.463002576609142e-05,1,Low,1day
2012-02-09,3.0168304874678142e-05,1,Low,1day
2012-02-10,2.5912268029060215e-05,1,Low,1day
2012-02-11,2.2279367840383202e-05,1,Low,1day
2012-02-12,4.2761454096762463e-05,1,Low,1day
2012-02-13,3.135283986921422e-05,1,Low,1day
2012-02-14,2.1011992430430837e-05,1,Low,1day
2012-02-15,2.007291368499864e-05,1,Low,1day
2012-02-16,1.2027998309349641e-05,1,Low,1day
2012-02-17,3.236560951336287e-05,1,Low,1day
2012-02-18,5.786188194178976e-05,1,Low,1day
2012-02-19,4.536225605988875e-05,1,Low,1day
2012-02-20,7.193451892817393e-05,1,Low,1day
2012-02-21,6.330932228593156e-05,1,Low,1day
2012-02-22,2.8852440664195456e-05,1,Low,1day
2012-02-23,4.3719315726775676e-05,1,Low,1day
2012-02-24,2.4424536604783498e-05,1,Low,1day
2012-02-25,2.1853622456546873e-05,1,Low,1day
2012-02-26,3.5412907891441137e-05,1,Low,1day
2012-02-27,5.852905451320112e-05,1,Low,1day
2012-02-28,5.83959772484377e-05,1,Low,1day
2012-02-29,5.2192008297424763e-05,1,Low,1day
2012-03-01,5.049666287959553e-05,1,Low,1day
2012-03-02,3.886756530846469e-05,1,Low,1day
2012-03-03,2.4499795472365804e-05,1,Low,1day
2012-03-04,3.699263106682338e-05,1,Low,1day
2012-03-05,3.692961035994813e-05,1,Low,1day
2012-03-06,3.653719977592118e-05,1,Low,1day
2012-03-07,5.1992014050483704e-05,1,Low,1day
2012-03-08,3.642211959231645e-05,1,Low,1day
2012-03-09,1.971962228708435e-05,1,Low,1day
2012-03-10,2.444814526825212e-05,1,Low,1day
2012-03-11,5.6621072872076184e-05,1,Low,1day
2012-03-12,5.314238660503179e-05,1,Low,1day
2012-03-13,4.045857713208534e-05,1,Low,1day
2012-03-14,3.764064604183659e-05,1,Low,1day
2012-03-15,3.83773040084634e-05,1,Low,1day
2012-03-16,2.234179191873409e-05,1,Low,1day
2012-03-17,2.2073718355386518e-05,1,Low,1day
2012-03-18,2.1885050955461338e-05,1,Low,1day
2012-03-19,3.5665125324158e-05,1,Low,1day
2012-03-20,3.374182779225521e-05,1,Low,1day
2012-03-21,2.8701942937914282e-05,1,Low,1day
2012-03-22,1.784854248398915e-05,1,Low,1day
2012-03-23,2.0610426872735843e-05,1,Low,1day
2012-03-24,2.351067632844206e-05,1,Low,1day
2012-03-25,2.3998572942218743e-05,1,Low,1day
2012-03-26,2.715736991376616e-05,1,Low,1day
2012-03-27,2.655172283994034e-05,1,Low,1day
2012-03-28,2.5142824597423896e-05,1,Low,1day
2012-03-29,3.4351007343502715e-05,1,Low,1day
2012-03-30,3.556415322236717e-05,1,Low,1day
2012-03-31,3.473623291938566e-05,1,Low,1day
2012-04-01,2.6932393666356802e-05,1,Low,1day
2012-04-02,2.1422769350465387e-05,1,Low,1day
2012-04-03,3.6300134524935856e-05,1,Low,1day
2012-04-04,5.231888280832209e-05,1,Low,1day
2012-04-05,5.096530367154628e-05,1,Low,1day
2012-04-06,4.038718543597497e-05,1,Low,1day
2012-04-07,3.2188650948228315e-05,1,Low,1day
2012-04-08,2.997418778249994e-05,1,Low,1day
2012-04-09,3.1033592676976696e-05,1,Low,1day
2012-04-10,2.3248745492310263e-05,1,Low,1day
2012-04-11,2.1635722077917308e-05,1,Low,1day
2012-04-12,2.2247306333156303e-05,1,Low,1day
2012-04-13,3.9232061681104824e-05,1,Low,1day
2012-04-14,5.1060604164376855e-05,1,Low,1day
2012-04-15,8.64417597767897e-05,1,Low,1day
2012-04-16,7.45838915463537e-05,1,Low,1day
2012-04-17,8.705563959665596e-05,1,Low,1day
2012-04-18,0.0001239313423866406,1,Low,1day
2012-04-19,0.0002924930886365473,1,Low,1day
2012-04-20,9.034454706124961e-05,1,Low,1day
2012-04-21,8.010029705474153e-05,1,Low,1day
2012-04-22,3.92909932998009e-05,1,Low,1day
2012-04-23,5.2527448133332655e-05,1,Low,1day
2012-04-24,6.94496848154813e-05,1,Low,1day
2012-04-25,3.4752996725728735e-05,1,Low,1day
2012-04-26,3.4200322261312976e-05,1,Low,1day
2012-04-27,1.813836206565611e-05,1,Low,1day
2012-04-28,1.6096588296932168e-05,1,Low,1day
2012-04-29,1.9235860236221924e-05,1,Low,1day
2012-04-30,1.9845174392685294e-05,1,Low,1day
2012-05-01,1.62859996635234e-05,1,Low,1day
2012-05-02,1.9337001504027285e-05,1,Low,1day
2012-05-03,1.99055048142327e-05,1,Low,1day
2012-05-04,1.9913612050004303e-05,1,Low,1day
2012-05-05,1.9092503862339072e-05,1,Low,1day
2012-05-06,2.1890185962547548e-05,1,Low,1day
2012-05-07,1.6644435163470916e-05,1,Low,1day
2012-05-08,2.041996776824817e-05,1,Low,1day
2012-05-09,2.2551357687916607e-05,1,Low,1day
2012-05-10,2.3619490093551576e-05,1,Low,1day
2012-05-11,2.4940007278928533e-05,1,Low,1day
2012-05-12,1.8309739971300587e-05,1,Low,1day
2012-05-13,2.1329018636606634e-05,1,Low,1day
2012-05-14,1.575133137521334e-05,1,Low,1day
2012-05-15,1.767507455952e-05,1,Low,1day
2012-05-16,2.177012720494531e-05,1,Low,1day
2012-05-17,1.8303664546692744e-05,1,Low,1day
2012-05-18,2.3083583073457703e-05,1,Low,1day
2012-05-19,2.5247511075576767e-05,1,Low,1day
2012-05-20,2.2635624191025272e-05,1,Low,1day
2012-05-21,2.965605199278798e-05,1,Low,1day
2012-05-22,1.7883674445329234e-05,1,Low,1day
2012-05-23,2.5559273126418702e-05,1,Low,1day
2012-05-24,1.7659507648204453e-05,1,Low,1day
2012-05-25,3.429206117289141e-05,1,Low,1day
2012-05-26,2.2432184778153896e-05,1,Low,1day
2012-05-27,1.8837512470781803e-05,1,Low,1day
2012-05-28,2.1790752725792117e-05,1,Low,1day
2012-05-29,1.875341149570886e-05,1,Low,1day
2012-05-30,2.241370930278208e-05,1,Low,1day
2012-05-31,2.6071351385326125e-05,1,Low,1day
2012-06-01,2.8739628760376945e-05,1,Low,1day
2012-06-02,6.31426737527363e-05,1,Low,1day
2012-06-03,2.9458236895152368e-05,1,Low,1day
2012-06-04,4.687168257078156e-05,1,Low,1day
2012-06-05,5.427683936432004e-05,1,Low,1day
2012-06-06,0.00010529944847803563,1,Low,1day
2012-06-07,6.166971434140578e-05,1,Low,1day
2012-06-08,4.249291669111699e-05,1,Low,1day
2012-06-09,3.184716479154304e-05,1,Low,1day
2012-06-10,4.208660902804695e-05,1,Low,1day
2012-06-11,4.748588980874047e-05,1,Low,1day
2012-06-12,6.239065987756476e-05,1,Low,1day
2012-06-13,3.779217877308838e-05,1,Low,1day
2012-06-14,2.9564198484877124e-05,1,Low,1day
2012-06-15,3.477713107713498e-05,1,Low,1day
2012-06-16,6.407711043721065e-05,1,Low,1day
2012-06-17,6.297099753282964e-05,1,Low,1day
2012-06-18,5.200401210458949e-05,1,Low,1day
2012-06-19,3.806261156569235e-05,1,Low,1day
2012-06-20,7.145028212107718e-05,1,Low,1day
2012-06-21,5.5490832892246544e-05,1,Low,1day
2012-06-22,3.138032843708061e-05,1,Low,1day
2012-06-23,5.116940155858174e-05,1,Low,1day
2012-06-24,3.443073728703894e-05,1,Low,1day
2012-06-25,3.394887608010322e-05,1,Low,1day
2012-06-26,3.665785334305838e-05,1,Low,1day
2012-06-27,0.00022115919273346663,1,Low,1day
2012-06-28,0.00025099096819758415,1,Low,1day
2012-06-29,0.0001338442089036107,1,Low,1day
2012-06-30,0.00012888982018921524,1,Low,1day
2012-07-01,0.00010209491301793605,1,Low,1day
2012-07-02,7.427344098687172e-05,1,Low,1day
2012-07-03,8.344629168277606e-05,1,Low,1day
2012-07-04,0.00017332436982542276,1,Low,1day
2012-07-05,9.399868577020243e-05,1,Low,1day
2012-07-06,0.0001485085958847776,1,Low,1day
2012-07-07,0.0001736952835926786,1,Low,1day
2012-07-08,0.0001461382198613137,1,Low,1day
2012-07-09,0.0001674110535532236,1,Low,1day
2012-07-10,0.0003075002459809184,1,Low,1day
2012-07-11,0.00029387700487859547,1,Low,1day
2012-07-12,0.0002467957674525678,1,Low,1day
2012-07-13,0.00046422609011642635,1,Low,1day
2012-07-14,0.0005859673256054521,1,Low,1day
2012-07-15,0.0010662325657904148,1,Low,1day
2012-07-16,0.00045941362623125315,1,Low,1day
2012-07-17,0.0002605972986202687,1,Low,1day
2012-07-18,0.0002920052211266011,1,Low,1day
2012-07-19,0.0004136274801567197,1,Low,1day
2012-07-20,0.0009228099370375276,1,Low,1day
2012-07-21,0.0005041929543949664,1,Low,1day
2012-07-22,0.0001345355558441952,1,Low,1day
2012-07-23,0.00016495876479893923,1,Low,1day
2012-07-24,0.0001073772000381723,1,Low,1day
2012-07-25,0.00012603742652572691,1,Low,1day
2012-07-26,0.00019501347560435534,1,Low,1day
2012-07-27,0.0006766316946595907,1,Low,1day
2012-07-28,0.00044326024362817407,1,Low,1day
2012-07-29,9.585164661984891e-05,1,Low,1day
2012-07-30,0.00015913828974589705,1,Low,1day
2012-07-31,0.00018532431568019092,1,Low,1day
2012-08-01,0.00011674889537971467,1,Low,1day
2012-08-02,0.00013281415158417076,1,Low,1day
2012-08-03,0.00015762327529955655,1,Low,1day
2012-08-04,0.00045514904195442796,1,Low,1day
2012-08-05,0.0005047351005487144,1,Low,1day
2012-08-06,0.00061393016949296,1,Low,1day
2012-08-07,0.0067649660632014275,1,Low,1day
2012-08-08,0.036392081528902054,1,Low,1day
2012-08-09,0.0007371443207375705,1,Low,1day
2012-08-10,0.0026689539663493633,1,Low,1day
2012-08-11,0.001083475654013455,1,Low,1day
2012-08-12,0.0007590196910314262,1,Low,1day
2012-08-13,0.0002556591061875224,1,Low,1day
2012-08-14,0.0007018265314400196,1,Low,1day
2012-08-15,0.0008439054945483804,1,Low,1day
2012-08-16,0.00021492339146789163,1,Low,1day
2012-08-17,0.0006436834810301661,1,Low,1day
2012-08-18,0.00019043585052713752,1,Low,1day
2012-08-19,0.00016089431301224977,1,Low,1day
2012-08-20,0.00016166429850272834,1,Low,1day
2012-08-21,0.00014630846271757036,1,Low,1day
2012-08-22,0.00022739607084076852,1,Low,1day
2012-08-23,0.0003488311485853046,1,Low,1day
2012-08-24,0.00031725584995001554,1,Low,1day
2012-08-25,0.00024435462546534836,1,Low,1day
2012-08-26,0.00042730665882118046,1,Low,1day
2012-08-27,0.0003009177162311971,1,Low,1day
2012-08-28,0.00015710799198132008,1,Low,1day
2012-08-29,0.0001573957415530458,1,Low,1day
2012-08-30,8.611948578618467e-05,1,Low,1day
2012-08-31,0.00016483297804370522,1,Low,1day
2012-09-01,0.00013857414887752384,1,Low,1day
2012-09-02,0.00020220867008902133,1,Low,1day
2012-09-03,0.00027646348462440073,1,Low,1day
2012-09-04,3.592866414692253e-05,1,Low,1day
2012-09-05,6.294433842413127e-05,1,Low,1day
2012-09-06,0.00024532104725949466,1,Low,1day
2012-09-07,0.00045602803584188223,1,Low,1day
2012-09-08,0.00036452332278713584,1,Low,1day
2012-09-09,0.0007511098519898951,1,Low,1day
2012-09-10,0.025937840342521667,1,Low,1day
2012-09-11,0.9944275617599487,4,Very High,1day
2012-09-12,0.9998063445091248,4,Very High,1day
2012-09-13,0.9998911619186401,4,Very High,1day
2012-09-14,0.9998966455459595,4,Very High,1day
2012-09-15,0.995226263999939,4,Very High,1day
2012-09-16,0.019301045686006546,1,Low,1day
2012-09-17,0.00307075516320765,1,Low,1day
2012-09-18,0.0008019984234124422,1,Low,1day
2012-09-19,0.0005448581650853157,1,Low,1day
2012-09-20,0.0005007251747883856,1,Low,1day
2012-09-21,0.00024093902902677655,1,Low,1day
2012-09-22,0.0002699577307794243,1,Low,1day
2012-09-23,3.2643689337419346e-05,1,Low,1day
2012-09-24,3.0634604627266526e-05,1,Low,1day
2012-09-25,2.5127388653345406e-05,1,Low,1day
2012-09-26,4.092890958418138e-05,1,Low,1day
2012-09-27,4.517730849329382e-05,1,Low,1day
2012-09-28,2.2051541236578487e-05,1,Low,1day
2012-09-29,2.0101399059058167e-05,1,Low,1day
2012-09-30,2.6129346224479377e-05,1,Low,1day
2012-10-01,1.735377372824587e-05,1,Low,1day
2012-10-02,2.035821307799779e-05,1,Low,1day
2012-10-03,1.6434876670246013e-05,1,Low,1day
2012-10-04,2.107267573592253e-05,1,Low,1day
2012-10-05,1.018098191707395e-05,1,Low,1day
2012-10-06,1.5147945305216126e-05,1,Low,1day
2012-10-07,1.491479360993253e-05,1,Low,1day
2012-10-08,1.431414329999825e-05,1,Low,1day
2012-10-09,1.5186014024948236e-05,1,Low,1day
2012-10-10,1.7476790162618272e-05,1,Low,1day
2012-10-11,1.4636212654295377e-05,1,Low,1day
2012-10-12,1.4489169188891537e-05,1,Low,1day
2012-10-13,1.5346846339525655e-05,1,Low,1day
2012-10-14,1.7510623365524225e-05,1,Low,1day
2012-10-15,3.0776507628615946e-05,1,Low,1day
2012-10-16,1.4975096746638883e-05,1,Low,1day
2012-10-17,1.9939132471336052e-05,1,Low,1day
2012-10-18,1.6431820768048055e-05,1,Low,1day
2012-10-19,2.7203637728234753e-05,1,Low,1day
2012-10-20,2.259092070744373e-05,1,Low,1day
2012-10-21,2.1222174837021157e-05,1,Low,1day
2012-10-22,1.1317245480313431e-05,1,Low,1day
2012-10-23,1.1696839465002995e-05,1,Low,1day
2012-10-24,1.4600454960600473e-05,1,Low,1day
2012-10-25,8.733901267987676e-06,1,Low,1day
2012-10-26,9.95565642369911e-06,1,Low,1day
2012-10-27,1.7210699297720566e-05,1,Low,1day
2012-10-28,1.5134270142880268e-05,1,Low,1day
2012-10-29,1.7585643945494667e-05,1,Low,1day
2012-10-30,1.8502310922485776e-05,1,Low,1day
2012-10-31,2.699135075090453e-05,1,Low,1day
2012-11-01,2.6816296667675488e-05,1,Low,1day
2012-11-02,1.900733695947565e-05,1,Low,1day
2012-11-03,1.4090371223574039e-05,1,Low,1day
2012-11-04,1.530103327240795e-05,1,Low,1day
2012-11-05,2.1876934624742717e-05,1,Low,1day
2012-11-06,1.7390137145412154e-05,1,Low,1day
2012-11-07,1.8221320715383627e-05,1,Low,1day
2012-11-08,2.1382560589700006e-05,1,Low,1day
2012-11-09,2.234511703136377e-05,1,Low,1day
2012-11-10,1.992578836507164e-05,1,Low,1day
2012-11-11,2.1563400878221728e-05,1,Low,1day
2012-11-12,1.7734846551320516e-05,1,Low,1day
2012-11-13,1.8793371054925956e-05,1,Low,1day
2012-11-14,1.847707972046919e-05,1,Low,1day
2012-11-15,1.921116745506879e-05,1,Low,1day
2012-11-16,1.757922291290015e-05,1,Low,1day
2012-11-17,2.0595827663782984e-05,1,Low,1day
2012-11-18,1.6399695596192032e-05,1,Low,1day
2012-11-19,1.5936742784106173e-05,1,Low,1day
2012-11-20,2.223685078206472e-05,1,Low,1day
2012-11-21,2.2571734007215127e-05,1,Low,1day
2012-11-22,1.6235120710916817e-05,1,Low,1day
2012-11-23,2.3721862817183137e-05,1,Low,1day
2012-11-24,1.902180702018086e-05,1,Low,1day
2012-11-25,1.7583128283149563e-05,1,Low,1day
2012-11-26,1.953652099473402e-05,1,Low,1day
2012-11-27,1.3283122825669125e-05,1,Low,1day
2012-11-28,2.1784062482765876e-05,1,Low,1day
2012-11-29,1.8915619875770062e-05,1,Low,1day
2012-11-30,1.1509481737448368e-05,1,Low,1day
2012-12-01,2.0110430341446772e-05,1,Low,1day
2012-12-02,1.4804514648858458e-05,1,Low,1day
2012-12-03,2.604438668640796e-05,1,Low,1day
2012-12-04,3.1709369068266824e-05,1,Low,1day
2012-12-05,1.9384397091926076e-05,1,Low,1day
2012-12-06,1.900226197903976e-05,1,Low,1day
2012-12-07,2.3008682546787895e-05,1,Low,1day
2012-12-08,2.2553595044882968e-05,1,Low,1day
2012-12-09,2.1790567188872956e-05,1,Low,1day
2012-12-10,2.9331476980587468e-05,1,Low,1day
2012-12-11,4.070113573106937e-05,1,Low,1day
2012-12-12,3.534034112817608e-05,1,Low,1day
2012-12-13,5.23423332197126e-05,1,Low,1day
2012-12-14,2.1480869691004045e-05,1,Low,1day
2012-12-15,7.25702557247132e-05,1,Low,1day
2012-12-16,5.897912706132047e-05,1,Low,1day
2012-12-17,7.141655805753544e-05,1,Low,1day
2012-12-18,4.7178597014863044e-05,1,Low,1day
2012-12-19,4.280482608010061e-05,1,Low,1day
2012-12-20,3.043168362637516e-05,1,Low,1day
2012-12-21,2.3000235159997828e-05,1,Low,1day
2012-12-22,2.1765436031273566e-05,1,Low,1day
2012-12-23,2.6739608074421994e-05,1,Low,1day
2012-12-24,1.5998230082914233e-05,1,Low,1day
2012-12-25,1.3277348443807568e-05,1,Low,1day
2012-12-26,1.5834952137083746e-05,1,Low,1day
2012-12-27,3.664275209303014e-05,1,Low,1day
2012-12-28,6.714344635838643e-05,1,Low,1day
2012-12-29,1.728183269733563e-05,1,Low,1day
2012-12-30,4.4392691052053124e-05,1,Low,1day
2012-12-31,3.2079158700071275e-05,1,Low,1day
2013-01-01,5.1159200666006655e-05,1,Low,1day
2013-01-02,3.0202301786630414e-05,1,Low,1day
2013-01-03,2.745406709436793e-05,1,Low,1day
2013-01-04,2.4296325136674568e-05,1,Low,1day
2013-01-05,3.167476461385377e-05,1,Low,1day
2013-01-06,1.9002933186129667e-05,1,Low,1day
2013-01-07,1.876709757198114e-05,1,Low,1day
2013-01-08,2.0884555851807818e-05,1,Low,1day
2013-01-09,1.830542714742478e-05,1,Low,1day
2013-01-10,2.303726796526462e-05,1,Low,1day
2013-01-11,4.3357806134736165e-05,1,Low,1day
2013-01-12,3.572227797121741e-05,1,Low,1day
2013-01-13,2.2800300939707085e-05,1,Low,1day
2013-01-14,1.3481263522407971e-05,1,Low,1day
2013-01-15,1.2456971489882562e-05,1,Low,1day
2013-01-16,1.6407095245085657e-05,1,Low,1day
2013-01-17,6.96685747243464e-05,1,Low,1day
2013-01-18,2.1699197532143444e-05,1,Low,1day
2013-01-19,1.4898530935170129e-05,1,Low,1day
2013-01-20,1.7520727851660922e-05,1,Low,1day
2013-01-21,1.5948357031447813e-05,1,Low,1day
2013-01-22,2.4648372345836833e-05,1,Low,1day
2013-01-23,1.62602991622407e-05,1,Low,1day
2013-01-24,2.2339767383527942e-05,1,Low,1day
2013-01-25,2.779651913442649e-05,1,Low,1day
2013-01-26,2.714522634050809e-05,1,Low,1day
2013-01-27,2.580361979198642e-05,1,Low,1day
2013-01-28,2.8031357942381874e-05,1,Low,1day
2013-01-29,2.5826440833043307e-05,1,Low,1day
2013-01-30,1.981635250558611e-05,1,Low,1day
2013-01-31,1.7217233107658103e-05,1,Low,1day
2013-02-01,3.911490784958005e-05,1,Low,1day
2013-02-02,5.4080453992355615e-05,1,Low,1day
2013-02-03,8.293334394693375e-05,1,Low,1day
2013-02-04,0.0001341447205049917,1,Low,1day
2013-02-05,0.00027630117256194353,1,Low,1day
2013-02-06,5.089264232083224e-05,1,Low,1day
2013-02-07,7.212244236143306e-05,1,Low,1day
2013-02-08,6.208121340023354e-05,1,Low,1day
2013-02-09,4.13523921451997e-05,1,Low,1day
2013-02-10,2.885197136492934e-05,1,Low,1day
2013-02-11,5.726901508751325e-05,1,Low,1day
2013-02-12,3.0234865334932692e-05,1,Low,1day
2013-02-13,3.130789991701022e-05,1,Low,1day
2013-02-14,2.3808208425180055e-05,1,Low,1day
2013-02-15,8.006746065802872e-05,1,Low,1day
2013-02-16,5.618946670438163e-05,1,Low,1day
2013-02-17,3.923509211745113e-05,1,Low,1day
2013-02-18,2.2673650164506398e-05,1,Low,1day
2013-02-19,4.3693475163308904e-05,1,Low,1day
2013-02-20,2.413119909761008e-05,1,Low,1day
2013-02-21,4.269642158760689e-05,1,Low,1day
2013-02-22,4.999241718905978e-05,1,Low,1day
2013-02-23,2.3063470507622696e-05,1,Low,1day
2013-02-24,2.7667721951729618e-05,1,Low,1day
2013-02-25,3.481446037767455e-05,1,Low,1day
2013-02-26,0.00010598204244161025,1,Low,1day
2013-02-27,8.648991206428036e-05,1,Low,1day
2013-02-28,3.2322921470040455e-05,1,Low,1day
2013-03-01,5.8793146308744326e-05,1,Low,1day
2013-03-02,4.0716317016631365e-05,1,Low,1day
2013-03-03,2.8265785658732057e-05,1,Low,1day
2013-03-04,3.8274782127700746e-05,1,Low,1day
2013-03-05,4.942919986206107e-05,1,Low,1day
2013-03-06,2.429400774417445e-05,1,Low,1day
2013-03-07,1.8623273717821576e-05,1,Low,1day
2013-03-08,1.5312723917304538e-05,1,Low,1day
2013-03-09,2.125713581335731e-05,1,Low,1day
2013-03-10,1.6670741388224997e-05,1,Low,1day
2013-03-11,1.595689172972925e-05,1,Low,1day
2013-03-12,3.5450648283585906e-05,1,Low,1day
2013-03-13,3.5897945053875446e-05,1,Low,1day
2013-03-14,1.668768163654022e-05,1,Low,1day
2013-03-15,1.4740023289050441e-05,1,Low,1day
2013-03-16,1.9923716536141e-05,1,Low,1day
2013-03-17,2.166061858588364e-05,1,Low,1day
2013-03-18,2.551091165514663e-05,1,Low,1day
2013-03-19,3.7400805013021454e-05,1,Low,1day
2013-03-20,3.443819150561467e-05,1,Low,1day
2013-03-21,1.6457099263789132e-05,1,Low,1day
2013-03-22,4.581490793498233e-05,1,Low,1day
2013-03-23,8.155150862876326e-05,1,Low,1day
2013-03-24,2.0825884348596446e-05,1,Low,1day
2013-03-25,1.2546831385407131e-05,1,Low,1day
2013-03-26,2.2453759811469354e-05,1,Low,1day
2013-03-27,5.6270542700076476e-05,1,Low,1day
2013-03-28,5.825047992402688e-05,1,Low,1day
2013-03-29,5.38513450010214e-05,1,Low,1day
2013-03-30,3.2508116419194266e-05,1,Low,1day
2013-03-31,2.7776832212111913e-05,1,Low,1day
2013-04-01,2.730541928031016e-05,1,Low,1day
2013-04-02,3.7353682273533195e-05,1,Low,1day
2013-04-03,2.4267981643788517e-05,1,Low,1day
2013-04-04,1.6305410099448636e-05,1,Low,1day
2013-04-05,1.4349814591696486e-05,1,Low,1day
2013-04-06,1.689361670287326e-05,1,Low,1day
2013-04-07,1.5329307643696666e-05,1,Low,1day
2013-04-08,3.555960938683711e-05,1,Low,1day
2013-04-09,4.568785516312346e-05,1,Low,1day
2013-04-10,3.502358958940022e-05,1,Low,1day
2013-04-11,2.5460771212237887e-05,1,Low,1day
2013-04-12,1.9173992768628523e-05,1,Low,1day
2013-04-13,2.561178189353086e-05,1,Low,1day
2013-04-14,2.138739546353463e-05,1,Low,1day
2013-04-15,2.14217507163994e-05,1,Low,1day
2013-04-16,3.546826701494865e-05,1,Low,1day
2013-04-17,2.0372041035443544e-05,1,Low,1day
2013-04-18,1.6257059542112984e-05,1,Low,1day
2013-04-19,4.385222200653516e-05,1,Low,1day
2013-04-20,2.200150629505515e-05,1,Low,1day
2013-04-21,2.3489990780944936e-05,1,Low,1day
2013-04-22,9.43952618399635e-05,1,Low,1day
2013-04-23,0.00012250310101080686,1,Low,1day
2013-04-24,0.00010977602505590767,1,Low,1day
2013-04-25,0.00011967924365308136,1,Low,1day
2013-04-26,3.551914051058702e-05,1,Low,1day
2013-04-27,5.013430563849397e-05,1,Low,1day
2013-04-28,3.992337951785885e-05,1,Low,1day
2013-04-29,3.204717722837813e-05,1,Low,1day
2013-04-30,2.9087323127896525e-05,1,Low,1day
2013-05-01,3.677767745102756e-05,1,Low,1day
2013-05-02,3.8587546441704035e-05,1,Low,1day
2013-05-03,4.572930993163027e-05,1,Low,1day
2013-05-04,3.2823056244524196e-05,1,Low,1day
2013-05-05,2.80092608591076e-05,1,Low,1day
2013-05-06,2.0850646251346916e-05,1,Low,1day
2013-05-07,1.9220475223846734e-05,1,Low,1day
2013-05-08,1.2360786968201865e-05,1,Low,1day
2013-05-09,1.6079740817076527e-05,1,Low,1day
2013-05-10,2.1444722733576782e-05,1,Low,1day
2013-05-11,2.8057942472514696e-05,1,Low,1day
2013-05-12,1.9005452486453578e-05,1,Low,1day
2013-05-13,1.5887408153503202e-05,1,Low,1day
2013-05-14,1.9405260900384746e-05,1,Low,1day
2013-05-15,2.5404404368600808e-05,1,Low,1day
2013-05-16,2.6829980924958363e-05,1,Low,1day
2013-05-17,2.8000955353491008e-05,1,Low,1day
2013-05-18,2.8378090064506978e-05,1,Low,1day
2013-05-19,3.223217572667636e-05,1,Low,1day
2013-05-20,2.2051499399822205e-05,1,Low,1day
2013-05-21,2.3611855795024894e-05,1,Low,1day
2013-05-22,2.299315201526042e-05,1,Low,1day
2013-05-23,2.5777080736588687e-05,1,Low,1day
2013-05-24,1.6175930795725435e-05,1,Low,1day
2013-05-25,2.0307506929384544e-05,1,Low,1day
2013-05-26,2.1299261788954027e-05,1,Low,1day
2013-05-27,2.1732872482971288e-05,1,Low,1day
2013-05-28,1.5413950677611865e-05,1,Low,1day
2013-05-29,1.890043859020807e-05,1,Low,1day
2013-05-30,1.718998100841418e-05,1,Low,1day
2013-05-31,2.2733082005288452e-05,1,Low,1day
2013-06-01,3.0720293580088764e-05,1,Low,1day
2013-06-02,1.742837230267469e-05,1,Low,1day
2013-06-03,3.077078508795239e-05,1,Low,1day
2013-06-04,3.276982533861883e-05,1,Low,1day
2013-06-05,5.555531970458105e-05,1,Low,1day
2013-06-06,6.306119757937267e-05,1,Low,1day
2013-06-07,3.526845830492675e-05,1,Low,1day
2013-06-08,7.785305933794007e-05,1,Low,1day
2013-06-09,0.00028145653777755797,1,Low,1day
2013-06-10,0.00014749982801731676,1,Low,1day
2013-06-11,0.000507434131577611,1,Low,1day
2013-06-12,0.000659786572214216,1,Low,1day
2013-06-13,0.00044877800974063575,1,Low,1day
2013-06-14,0.00040074612479656935,1,Low,1day
2013-06-15,0.0002639475278556347,1,Low,1day
2013-06-16,0.001198535319417715,1,Low,1day
2013-06-17,0.0003918973670806736,1,Low,1day
2013-06-18,0.009594582952558994,1,Low,1day
2013-06-19,0.040890734642744064,1,Low,1day
2013-06-20,0.00019425242498982698,1,Low,1day
2013-06-21,0.00014338204346131533,1,Low,1day
2013-06-22,0.0001578683004481718,1,Low,1day
2013-06-23,0.00013870290422346443,1,Low,1day
2013-06-24,8.503285062033683e-05,1,Low,1day
2013-06-25,0.00010019223554991186,1,Low,1day
2013-06-26,7.708705379627645e-05,1,Low,1day
2013-06-27,5.133454760652967e-05,1,Low,1day
2013-06-28,0.00011767926480388269,1,Low,1day
2013-06-29,0.0017848960123956203,1,Low,1day
2013-06-30,0.0006557150627486408,1,Low,1day
2013-07-01,0.0005047680460847914,1,Low,1day
2013-07-02,0.0002143481106031686,1,Low,1day
2013-07-03,0.00014681436005048454,1,Low,1day
2013-07-04,0.000324121123412624,1,Low,1day
2013-07-05,0.00021542560716625303,1,Low,1day
2013-07-06,0.00021304756228346378,1,Low,1day
2013-07-07,0.00037328782491385937,1,Low,1day
2013-07-08,0.0012780243996530771,1,Low,1day
2013-07-09,0.0003982992493547499,1,Low,1day
2013-07-10,0.0007281933212652802,1,Low,1day
2013-07-11,0.0003147835086565465,1,Low,1day
2013-07-12,0.031102031469345093,1,Low,1day
2013-07-13,0.018330106511712074,1,Low,1day
2013-07-14,0.002120161894708872,1,Low,1day
2013-07-15,0.0016808105865493417,1,Low,1day
2013-07-16,0.0015349691966548562,1,Low,1day
2013-07-17,0.000589320610743016,1,Low,1day
2013-07-18,0.00010082325752591714,1,Low,1day
2013-07-19,0.00016113581659737974,1,Low,1day
2013-07-20,0.0017358108889311552,1,Low,1day
2013-07-21,0.0005420790403150022,1,Low,1day
2013-07-22,7.652995554963127e-05,1,Low,1day
2013-07-23,0.0004886143142357469,1,Low,1day
2013-07-24,0.00026044604601338506,1,Low,1day
2013-07-25,0.0006991115515120327,1,Low,1day
2013-07-26,0.0027102178428322077,1,Low,1day
2013-07-27,0.026219001039862633,1,Low,1day
2013-07-28,0.014070346020162106,1,Low,1day
2013-07-29,0.0005078681278973818,1,Low,1day
2013-07-30,0.000382391270250082,1,Low,1day
2013-07-31,0.0009877444244921207,1,Low,1day
2013-08-01,0.00043342960998415947,1,Low,1day
2013-08-02,0.0005449051386676729,1,Low,1day
2013-08-03,0.013599589467048645,1,Low,1day
2013-08-04,0.013498073443770409,1,Low,1day
2013-08-05,0.9958556294441223,4,Very High,1day
2013-08-06,0.9993149042129517,4,Very High,1day
2013-08-07,0.9978179931640625,4,Very High,1day
2013-08-08,0.05231873691082001,1,Low,1day
2013-08-09,0.03332305699586868,1,Low,1day
2013-08-10,0.019034696742892265,1,Low,1day
2013-08-11,0.006257608998566866,1,Low,1day
2013-08-12,0.01774257980287075,1,Low,1day
2013-08-13,0.040043510496616364,1,Low,1day
2013-08-14,0.9921358823776245,4,Very High,1day
2013-08-15,0.998688280582428,4,Very High,1day
2013-08-16,0.9998927116394043,4,Very High,1day
2013-08-17,0.9999188184738159,4,Very High,1day
2013-08-18,0.9998455047607422,4,Very High,1day
2013-08-19,0.9998185038566589,4,Very High,1day
2013-08-20,0.9998595714569092,4,Very High,1day
2013-08-21,0.9997678399085999,4,Very High,1day
2013-08-22,0.9996330738067627,4,Very High,1day
2013-08-23,0.9990830421447754,4,Very High,1day
2013-08-24,0.9995014667510986,4,Very High,1day
2013-08-25,0.9994012117385864,4,Very High,1day
2013-08-26,0.99891197681427,4,Very High,1day
2013-08-27,0.14232324063777924,1,Low,1day
2013-08-28,0.0007023330545052886,1,Low,1day
2013-08-29,6.0616825066972524e-05,1,Low,1day
2013-08-30,6.138994649518281e-05,1,Low,1day
2013-08-31,4.17828414356336e-05,1,Low,1day
2013-09-01,3.094954081461765e-05,1,Low,1day
2013-09-02,2.8381038646330126e-05,1,Low,1day
2013-09-03,2.6604569939081557e-05,1,Low,1day
2013-09-04,3.816674870904535e-05,1,Low,1day
2013-09-05,2.950887574115768e-05,1,Low,1day
2013-09-06,5.413690450950526e-05,1,Low,1day
2013-09-07,4.940196231473237e-05,1,Low,1day
2013-09-08,5.443892951007001e-05,1,Low,1day
2013-09-09,4.964522668160498e-05,1,Low,1day
2013-09-10,3.6863530112896115e-05,1,Low,1day
2013-09-11,4.334283948992379e-05,1,Low,1day
2013-09-12,6.254727486521006e-05,1,Low,1day
2013-09-13,5.269517350825481e-05,1,Low,1day
2013-09-14,2.8227024813531898e-05,1,Low,1day
2013-09-15,2.0468962247832678e-05,1,Low,1day
2013-09-16,1.945748044818174e-05,1,Low,1day
2013-09-17,1.908629565150477e-05,1,Low,1day
2013-09-18,2.061972554656677e-05,1,Low,1day
2013-09-19,1.828056701924652e-05,1,Low,1day
2013-09-20,1.7059854144463316e-05,1,Low,1day
2013-09-21,3.5846871469402686e-05,1,Low,1day
2013-09-22,4.447294486453757e-05,1,Low,1day
2013-09-23,7.17697330401279e-05,1,Low,1day
2013-09-24,8.116453682305291e-05,1,Low,1day
2013-09-25,6.907676288392395e-05,1,Low,1day
2013-09-26,0.0007407324737869203,1,Low,1day
2013-09-27,0.00047841010382398963,1,Low,1day
2013-09-28,0.0003139212785754353,1,Low,1day
2013-09-29,0.00012368235911708325,1,Low,1day
2013-09-30,0.0001441335043637082,1,Low,1day
2013-10-01,5.787981717730872e-05,1,Low,1day
2013-10-02,0.00015262055967468768,1,Low,1day
2013-10-03,0.00010797561117215082,1,Low,1day
2013-10-04,6.708988075843081e-05,1,Low,1day
2013-10-05,9.938162111211568e-05,1,Low,1day
2013-10-06,6.1591956182383e-05,1,Low,1day
2013-10-07,4.1532330214977264e-05,1,Low,1day
2013-10-08,5.162148590898141e-05,1,Low,1day
2013-10-09,4.298321437090635e-05,1,Low,1day
2013-10-10,3.195038152625784e-05,1,Low,1day
2013-10-11,2.3832333681639284e-05,1,Low,1day
2013-10-12,2.8707252567983232e-05,1,Low,1day
2013-10-13,5.2314146159915254e-05,1,Low,1day
2013-10-14,5.745478119933978e-05,1,Low,1day
2013-10-15,6.500162999145687e-05,1,Low,1day
2013-10-16,5.070991028333083e-05,1,Low,1day
2013-10-17,3.300413300166838e-05,1,Low,1day
2013-10-18,2.274869621032849e-05,1,Low,1day
2013-10-19,1.8578499293653294e-05,1,Low,1day
2013-10-20,1.8356087821302935e-05,1,Low,1day
2013-10-21,1.6103773305076174e-05,1,Low,1day
2013-10-22,1.5339237506850623e-05,1,Low,1day
2013-10-23,2.0092198610655032e-05,1,Low,1day
2013-10-24,2.6497767976252362e-05,1,Low,1day
2013-10-25,2.0408053387654945e-05,1,Low,1day
2013-10-26,1.9289813280920498e-05,1,Low,1day
2013-10-27,2.0731067706947215e-05,1,Low,1day
2013-10-28,2.2153348254505545e-05,1,Low,1day
2013-10-29,2.1827003365615383e-05,1,Low,1day
2013-10-30,2.2815069314674474e-05,1,Low,1day
2013-10-31,2.2235451979213394e-05,1,Low,1day
2013-11-01,2.1110890884301625e-05,1,Low,1day
2013-11-02,1.7663043763604946e-05,1,Low,1day
2013-11-03,1.9130122382193804e-05,1,Low,1day
2013-11-04,1.5734440239612013e-05,1,Low,1day
2013-11-05,2.4222777938121e-05,1,Low,1day
2013-11-06,3.6016383091919124e-05,1,Low,1day
2013-11-07,1.9586048438213766e-05,1,Low,1day
2013-11-08,1.738604078127537e-05,1,Low,1day
2013-11-09,1.9498420442687348e-05,1,Low,1day
2013-11-10,2.0142175344517455e-05,1,Low,1day
2013-11-11,1.7878899598144926e-05,1,Low,1day
2013-11-12,2.2224108761292882e-05,1,Low,1day
2013-11-13,2.437220791762229e-05,1,Low,1day
2013-11-14,2.2936561435926706e-05,1,Low,1day
2013-11-15,3.2012598239816725e-05,1,Low,1day
2013-11-16,4.008360338048078e-05,1,Low,1day
2013-11-17,3.0032644644961692e-05,1,Low,1day
2013-11-18,2.2299263946479186e-05,1,Low,1day
2013-11-19,2.6381077987025492e-05,1,Low,1day
2013-11-20,3.199520142516121e-05,1,Low,1day
2013-11-21,3.227859633625485e-05,1,Low,1day
2013-11-22,1.9280176275060512e-05,1,Low,1day
2013-11-23,2.6998714020010084e-05,1,Low,1day
2013-11-24,4.7423935029655695e-05,1,Low,1day
2013-11-25,2.0312969354563393e-05,1,Low,1day
2013-11-26,1.9050890841754153e-05,1,Low,1day
2013-11-27,2.4006241801544093e-05,1,Low,1day
2013-11-28,2.029196184594184e-05,1,Low,1day
2013-11-29,1.693844751571305e-05,1,Low,1day
2013-11-30,1.751927447912749e-05,1,Low,1day
2013-12-01,1.8094184270012192e-05,1,Low,1day
2013-12-02,2.3482733013224788e-05,1,Low,1day
2013-12-03,1.2723611689580139e-05,1,Low,1day
2013-12-04,1.956853702722583e-05,1,Low,1day
2013-12-05,1.9278686522739008e-05,1,Low,1day
2013-12-06,2.365988984820433e-05,1,Low,1day
2013-12-07,3.26197587128263e-05,1,Low,1day
2013-12-08,2.6924921257887036e-05,1,Low,1day
2013-12-09,1.9369243091205135e-05,1,Low,1day
2013-12-10,1.86422676051734e-05,1,Low,1day
2013-12-11,1.7403310266672634e-05,1,Low,1day
2013-12-12,1.5687364793848246e-05,1,Low,1day
2013-12-13,1.4688664123241324e-05,1,Low,1day
2013-12-14,2.158520874218084e-05,1,Low,1day
2013-12-15,1.3788552678306587e-05,1,Low,1day
2013-12-16,1.3237181519798469e-05,1,Low,1day
2013-12-17,1.1157259905303363e-05,1,Low,1day
2013-12-18,1.6811780369607732e-05,1,Low,1day
2013-12-19,1.7034039046848193e-05,1,Low,1day
2013-12-20,1.5623287254129536e-05,1,Low,1day
2013-12-21,1.4310907317849342e-05,1,Low,1day
2013-12-22,2.196446257585194e-05,1,Low,1day
2013-12-23,2.772522384475451e-05,1,Low,1day
2013-12-24,5.119873458170332e-05,1,Low,1day
2013-12-25,2.5670491595519707e-05,1,Low,1day
2013-12-26,2.3778959075571038e-05,1,Low,1day
2013-12-27,3.491607276373543e-05,1,Low,1day
2013-12-28,2.707598832785152e-05,1,Low,1day
2013-12-29,2.9354448997764848e-05,1,Low,1day
2013-12-30,2.9993459975230508e-05,1,Low,1day
2013-12-31,2.517651410016697e-05,1,Low,1day
2014-01-01,5.614977635559626e-05,1,Low,1day
2014-01-02,4.1047893319046125e-05,1,Low,1day
2014-01-03,3.541192927514203e-05,1,Low,1day
2014-01-04,3.4971653803950176e-05,1,Low,1day
2014-01-05,3.4489956306060776e-05,1,Low,1day
2014-01-06,2.777168992906809e-05,1,Low,1day
2014-01-07,2.1722180463257246e-05,1,Low,1day
2014-01-08,2.0286157450755127e-05,1,Low,1day
2014-01-09,1.934463762154337e-05,1,Low,1day
2014-01-10,1.8401342458673753e-05,1,Low,1day
2014-01-11,1.9200653696316294e-05,1,Low,1day
2014-01-12,2.445856989652384e-05,1,Low,1day
2014-01-13,1.8069922589347698e-05,1,Low,1day
2014-01-14,3.697605643537827e-05,1,Low,1day
2014-01-15,1.7874637705972418e-05,1,Low,1day
2014-01-16,1.6660649635014124e-05,1,Low,1day
2014-01-17,3.102353366557509e-05,1,Low,1day
2014-01-18,1.3012673662160523e-05,1,Low,1day
2014-01-19,2.5426752472412772e-05,1,Low,1day
2014-01-20,2.054241303994786e-05,1,Low,1day
2014-01-21,3.05547182506416e-05,1,Low,1day
2014-01-22,4.8494093789486215e-05,1,Low,1day
2014-01-23,2.7572479666559957e-05,1,Low,1day
2014-01-24,3.430174183449708e-05,1,Low,1day
2014-01-25,4.401919068186544e-05,1,Low,1day
2014-01-26,2.048108945018612e-05,1,Low,1day
2014-01-27,2.2033800632925704e-05,1,Low,1day
2014-01-28,1.4884813026583288e-05,1,Low,1day
2014-01-29,1.2768269698426593e-05,1,Low,1day
2014-01-30,2.4211414711317047e-05,1,Low,1day
2014-01-31,2.059942198684439e-05,1,Low,1day
2014-02-01,2.2168649593368173e-05,1,Low,1day
2014-02-02,4.971818998456001e-05,1,Low,1day
2014-02-03,2.433129156997893e-05,1,Low,1day
2014-02-04,3.333716085762717e-05,1,Low,1day
2014-02-05,3.4399166906950995e-05,1,Low,1day
2014-02-06,6.470786320278421e-05,1,Low,1day
2014-02-07,4.128312139073387e-05,1,Low,1day
2014-02-08,2.530765596020501e-05,1,Low,1day
2014-02-09,2.4441525965812616e-05,1,Low,1day
2014-02-10,5.566668914980255e-05,1,Low,1day
2014-02-11,1.6973634046735242e-05,1,Low,1day
2014-02-12,1.913758387672715e-05,1,Low,1day
2014-02-13,2.847557516361121e-05,1,Low,1day
2014-02-14,2.5031171389855444e-05,1,Low,1day
2014-02-15,2.9955583158880472e-05,1,Low,1day
2014-02-16,1.6711157513782382e-05,1,Low,1day
2014-02-17,2.0074214262422174e-05,1,Low,1day
2014-02-18,2.5463903511990793e-05,1,Low,1day
2014-02-19,1.8295950212632306e-05,1,Low,1day
2014-02-20,1.6319285350618884e-05,1,Low,1day
2014-02-21,2.0338167814770713e-05,1,Low,1day
2014-02-22,1.6172258256119676e-05,1,Low,1day
2014-02-23,1.3907063475926407e-05,1,Low,1day
2014-02-24,2.1454459783853963e-05,1,Low,1day
2014-02-25,2.813647734001279e-05,1,Low,1day
2014-02-26,2.5459288735873997e-05,1,Low,1day
2014-02-27,2.3568189135403372e-05,1,Low,1day
2014-02-28,2.989197673741728e-05,1,Low,1day
2014-03-01,2.9222419470897876e-05,1,Low,1day
2014-03-02,1.8056882254313678e-05,1,Low,1day
2014-03-03,2.149443571397569e-05,1,Low,1day
2014-03-04,2.0062807379872538e-05,1,Low,1day
2014-03-05,2.3859234715928324e-05,1,Low,1day
2014-03-06,2.2270678528002463e-05,1,Low,1day
2014-03-07,2.698823664104566e-05,1,Low,1day
2014-03-08,2.1126219508005306e-05,1,Low,1day
2014-03-09,3.072442632401362e-05,1,Low,1day
2014-03-10,2.275548831676133e-05,1,Low,1day
2014-03-11,1.3775685147265904e-05,1,Low,1day
2014-03-12,2.6075553250848316e-05,1,Low,1day
2014-03-13,2.3834310923120938e-05,1,Low,1day
2014-03-14,1.6367321222787723e-05,1,Low,1day
2014-03-15,3.075676067965105e-05,1,Low,1day
2014-03-16,5.716654777643271e-05,1,Low,1day
2014-03-17,5.445882197818719e-05,1,Low,1day
2014-03-18,2.4619008399895392e-05,1,Low,1day
2014-03-19,1.7389556887792423e-05,1,Low,1day
2014-03-20,1.9165381672792137e-05,1,Low,1day
2014-03-21,2.1205787561484613e-05,1,Low,1day
2014-03-22,4.482613439904526e-05,1,Low,1day
2014-03-23,3.5956461942987517e-05,1,Low,1day
2014-03-24,3.229463618481532e-05,1,Low,1day
2014-03-25,4.138162330491468e-05,1,Low,1day
2014-03-26,2.6319612516090274e-05,1,Low,1day
2014-03-27,2.619786209834274e-05,1,Low,1day
2014-03-28,2.9556698791566305e-05,1,Low,1day
2014-03-29,1.867532955657225e-05,1,Low,1day
2014-03-30,1.3464188668876886e-05,1,Low,1day
2014-03-31,1.5596460798406042e-05,1,Low,1day
2014-04-01,3.578733594622463e-05,1,Low,1day
2014-04-02,1.7907312212628312e-05,1,Low,1day
2014-04-03,2.3130871340981685e-05,1,Low,1day
2014-04-04,3.3019747206708416e-05,1,Low,1day
2014-04-05,4.1633804357843474e-05,1,Low,1day
2014-04-06,6.437623960664496e-05,1,Low,1day
2014-04-07,2.9316737709450535e-05,1,Low,1day
2014-04-08,2.998722811753396e-05,1,Low,1day
2014-04-09,2.1177616872591898e-05,1,Low,1day
2014-04-10,1.6222847989411093e-05,1,Low,1day
2014-04-11,1.7604572349227965e-05,1,Low,1day
2014-04-12,1.919062196975574e-05,1,Low,1day
2014-04-13,2.8768587071681395e-05,1,Low,1day
2014-04-14,2.648877489264123e-05,1,Low,1day
2014-04-15,4.23047058575321e-05,1,Low,1day
2014-04-16,4.003260619356297e-05,1,Low,1day
2014-04-17,7.676552922930568e-05,1,Low,1day
2014-04-18,7.06469509168528e-05,1,Low,1day
2014-04-19,1.909057391458191e-05,1,Low,1day
2014-04-20,1.8890654246206395e-05,1,Low,1day
2014-04-21,4.166995131527074e-05,1,Low,1day
2014-04-22,3.880553049384616e-05,1,Low,1day
2014-04-23,6.261984526645392e-05,1,Low,1day
2014-04-24,5.345675890566781e-05,1,Low,1day
2014-04-25,3.9147300412878394e-05,1,Low,1day
2014-04-26,4.666518361773342e-05,1,Low,1day
2014-04-27,2.6129346224479377e-05,1,Low,1day
2014-04-28,3.0642873753095046e-05,1,Low,1day
2014-04-29,3.1911677069729194e-05,1,Low,1day
2014-04-30,2.9502938559744507e-05,1,Low,1day
2014-05-01,3.106234362348914e-05,1,Low,1day
2014-05-02,3.633372762124054e-05,1,Low,1day
2014-05-03,3.315669164294377e-05,1,Low,1day
2014-05-04,2.195585511799436e-05,1,Low,1day
2014-05-05,3.110858961008489e-05,1,Low,1day
2014-05-06,4.298464773455635e-05,1,Low,1day
2014-05-07,3.70298330381047e-05,1,Low,1day
2014-05-08,4.8579491704003885e-05,1,Low,1day
2014-05-09,3.210244540241547e-05,1,Low,1day
2014-05-10,4.612136763171293e-05,1,Low,1day
2014-05-11,4.374271156848408e-05,1,Low,1day
2014-05-12,4.9419908464187756e-05,1,Low,1day
2014-05-13,7.967467536218464e-05,1,Low,1day
2014-05-14,0.00011493929196149111,1,Low,1day
2014-05-15,0.00015232033911161125,1,Low,1day
2014-05-16,0.00010931139695458114,1,Low,1day
2014-05-17,0.0001875769521575421,1,Low,1day
2014-05-18,0.00019217142835259438,1,Low,1day
2014-05-19,9.740579116623849e-05,1,Low,1day
2014-05-20,3.686180571094155e-05,1,Low,1day
2014-05-21,4.429441469255835e-05,1,Low,1day
2014-05-22,7.13696499587968e-05,1,Low,1day
2014-05-23,3.635528628365137e-05,1,Low,1day
2014-05-24,2.7154857889399864e-05,1,Low,1day
2014-05-25,2.629412483656779e-05,1,Low,1day
2014-05-26,2.5061626729439013e-05,1,Low,1day
2014-05-27,2.8467617084970698e-05,1,Low,1day
2014-05-28,3.347073288750835e-05,1,Low,1day
2014-05-29,2.9620410714414902e-05,1,Low,1day
2014-05-30,3.3644661016296595e-05,1,Low,1day
2014-05-31,3.757379818125628e-05,1,Low,1day
2014-06-01,2.5501763957436197e-05,1,Low,1day
2014-06-02,2.8561405997606926e-05,1,Low,1day
2014-06-03,3.448597635724582e-05,1,Low,1day
2014-06-04,3.3569282095413655e-05,1,Low,1day
2014-06-05,3.8118007068987936e-05,1,Low,1day
2014-06-06,3.1066105293575674e-05,1,Low,1day
2014-06-07,4.492289372137748e-05,1,Low,1day
2014-06-08,4.472519503906369e-05,1,Low,1day
2014-06-09,3.5310524253873155e-05,1,Low,1day
2014-06-10,3.293188274255954e-05,1,Low,1day
2014-06-11,5.7775152527028695e-05,1,Low,1day
2014-06-12,8.697482553543523e-05,1,Low,1day
2014-06-13,9.181247878586873e-05,1,Low,1day
2014-06-14,0.00012125780631322414,1,Low,1day
2014-06-15,0.00011939620162593201,1,Low,1day
2014-06-16,0.00011012925824616104,1,Low,1day
2014-06-17,0.00014817902410868555,1,Low,1day
2014-06-18,0.00010814851702889428,1,Low,1day
2014-06-19,0.00011443808762123808,1,Low,1day
2014-06-20,7.794688281137496e-05,1,Low,1day
2014-06-21,0.00010515205940464512,1,Low,1day
2014-06-22,0.00017240233137272298,1,Low,1day
2014-06-23,0.00018632113642524928,1,Low,1day
2014-06-24,0.0003020533767994493,1,Low,1day
2014-06-25,0.00011617329437285662,1,Low,1day
2014-06-26,0.0002553066296968609,1,Low,1day
2014-06-27,9.93908106465824e-05,1,Low,1day
2014-06-28,0.00011269749666098505,1,Low,1day
2014-06-29,0.00015379935211967677,1,Low,1day
2014-06-30,0.00018083401664625853,1,Low,1day
2014-07-01,0.0003602648212108761,1,Low,1day
2014-07-02,0.00032236918923445046,1,Low,1day
2014-07-03,0.0014381689252331853,1,Low,1day
2014-07-04,0.0010639451211318374,1,Low,1day
2014-07-05,0.0006494527333416045,1,Low,1day
2014-07-06,0.00021090196969453245,1,Low,1day
2014-07-07,0.00020084726565983146,1,Low,1day
2014-07-08,9.839724225457758e-05,1,Low,1day
2014-07-09,0.00016087621042970568,1,Low,1day
2014-07-10,0.00016758513811510056,1,Low,1day
2014-07-11,9.348861931357533e-05,1,Low,1day
2014-07-12,0.00013589127047453076,1,Low,1day
2014-07-13,0.00023093899653758854,1,Low,1day
2014-07-14,0.0003334758512210101,1,Low,1day
2014-07-15,0.000549810822121799,1,Low,1day
2014-07-16,0.0003141122870147228,1,Low,1day
2014-07-17,0.00040074612479656935,1,Low,1day
2014-07-18,0.0013449647231027484,1,Low,1day
2014-07-19,0.000900489161722362,1,Low,1day
2014-07-20,0.0006657466874457896,1,Low,1day
2014-07-21,0.0008359783096238971,1,Low,1day
2014-07-22,0.00039164230111055076,1,Low,1day
2014-07-23,0.00041434928425587714,1,Low,1day
2014-07-24,0.001032031956128776,1,Low,1day
2014-07-25,0.0009000778663903475,1,Low,1day
2014-07-26,0.0014770706184208393,1,Low,1day
2014-07-27,0.0007733915699645877,1,Low,1day
2014-07-28,0.001873742206953466,1,Low,1day
2014-07-29,0.002244244096800685,1,Low,1day
2014-07-30,0.001761559396982193,1,Low,1day
2014-07-31,0.0011960160918533802,1,Low,1day
2014-08-01,0.00045874345232732594,1,Low,1day
2014-08-02,0.005167682189494371,1,Low,1day
2014-08-03,0.0017832426819950342,1,Low,1day
2014-08-04,0.0003667489509098232,1,Low,1day
2014-08-05,0.00044874593731947243,1,Low,1day
2014-08-06,0.0005842580576427281,1,Low,1day
2014-08-07,0.00013688276521861553,1,Low,1day
2014-08-08,0.00021002902940381318,1,Low,1day
2014-08-09,9.89904219750315e-05,1,Low,1day
2014-08-10,0.00016720572602935135,1,Low,1day
2014-08-11,8.859246736392379e-05,1,Low,1day
2014-08-12,0.00016189274901989847,1,Low,1day
2014-08-13,0.00012235355097800493,1,Low,1day
2014-08-14,0.00022540967620443553,1,Low,1day
2014-08-15,0.0001176193545688875,1,Low,1day
2014-08-16,0.0004954728647135198,1,Low,1day
2014-08-17,0.0003042136668227613,1,Low,1day
2014-08-18,0.0012428014306351542,1,Low,1day
2014-08-19,0.00011506463488331065,1,Low,1day
2014-08-20,0.00019909313414245844,1,Low,1day
2014-08-21,0.00016483754734508693,1,Low,1day
2014-08-22,9.372507338412106e-05,1,Low,1day
2014-08-23,0.00019763168529607356,1,Low,1day
2014-08-24,0.00016855676949489862,1,Low,1day
2014-08-25,9.353150380775332e-05,1,Low,1day
2014-08-26,6.379883416229859e-05,1,Low,1day
2014-08-27,0.00011556638492038473,1,Low,1day
2014-08-28,0.0002499638358131051,1,Low,1day
2014-08-29,0.00012393288488965482,1,Low,1day
2014-08-30,0.00012669377611018717,1,Low,1day
2014-08-31,0.0001267749903490767,1,Low,1day
2014-09-01,0.00011526208254508674,1,Low,1day
2014-09-02,0.00021490248036570847,1,Low,1day
2014-09-03,0.00014318557805381715,1,Low,1day
2014-09-04,0.001540397061035037,1,Low,1day
2014-09-05,0.0003119307802990079,1,Low,1day
2014-09-06,0.012428606860339642,1,Low,1day
2014-09-07,0.9941423535346985,4,Very High,1day
2014-09-08,0.9999229907989502,4,Very High,1day
2014-09-09,0.9998181462287903,4,Very High,1day
2014-09-10,0.9996920824050903,4,Very High,1day
2014-09-11,0.9992434978485107,4,Very High,1day
2014-09-12,0.999516487121582,4,Very High,1day
2014-09-13,0.9990376234054565,4,Very High,1day
2014-09-14,0.10674018412828445,1,Low,1day
2014-09-15,0.0045392634347081184,1,Low,1day
2014-09-16,0.0003262938989792019,1,Low,1day
2014-09-17,0.00011730998085113242,1,Low,1day
2014-09-18,7.600797835038975e-05,1,Low,1day
2014-09-19,2.7720625439542346e-05,1,Low,1day
2014-09-20,3.454710167716257e-05,1,Low,1day
2014-09-21,2.5037497835000977e-05,1,Low,1day
2014-09-22,4.0749564504949376e-05,1,Low,1day
2014-09-23,3.740868851309642e-05,1,Low,1day
2014-09-24,4.542064561974257e-05,1,Low,1day
2014-09-25,3.352839485160075e-05,1,Low,1day
2014-09-26,5.086683086119592e-05,1,Low,1day
2014-09-27,3.314477362437174e-05,1,Low,1day
2014-09-28,2.8449814635678194e-05,1,Low,1day
2014-09-29,3.513005867716856e-05,1,Low,1day
2014-09-30,3.2241889130091295e-05,1,Low,1day
2014-10-01,3.2327174267265946e-05,1,Low,1day
2014-10-02,3.0734976462554187e-05,1,Low,1day
2014-10-03,2.6999847250408493e-05,1,Low,1day
2014-10-04,2.7133683033753186e-05,1,Low,1day
2014-10-05,2.4718663553358056e-05,1,Low,1day
2014-10-06,3.159472544211894e-05,1,Low,1day
2014-10-07,2.2996990082901902e-05,1,Low,1day
2014-10-08,2.528956247260794e-05,1,Low,1day
2014-10-09,2.739334013313055e-05,1,Low,1day
2014-10-10,1.7917014702106826e-05,1,Low,1day
2014-10-11,1.5542726032435894e-05,1,Low,1day
2014-10-12,1.3324712199391797e-05,1,Low,1day
2014-10-13,4.568633085000329e-05,1,Low,1day
2014-10-14,1.8268297935719602e-05,1,Low,1day
2014-10-15,1.1557812285900582e-05,1,Low,1day
2014-10-16,1.5050390175019857e-05,1,Low,1day
2014-10-17,1.2381444321363233e-05,1,Low,1day
2014-10-18,1.418329975422239e-05,1,Low,1day
2014-10-19,1.1240413186897058e-05,1,Low,1day
2014-10-20,1.3155356100469362e-05,1,Low,1day
2014-10-21,1.29325326270191e-05,1,Low,1day
2014-10-22,1.3199100067140535e-05,1,Low,1day
2014-10-23,1.693995000096038e-05,1,Low,1day
2014-10-24,1.9092885850113817e-05,1,Low,1day
2014-10-25,1.3274904631543905e-05,1,Low,1day
2014-10-26,1.9430852262303233e-05,1,Low,1day
2014-10-27,2.026484980888199e-05,1,Low,1day
2014-10-28,2.2638150767306797e-05,1,Low,1day
2014-10-29,2.441345168335829e-05,1,Low,1day
2014-10-30,3.9843049307819456e-05,1,Low,1day
2014-10-31,4.744673424283974e-05,1,Low,1day
2014-11-01,5.19367131346371e-05,1,Low,1day
2014-11-02,2.6628480554791167e-05,1,Low,1day
2014-11-03,4.9415906687499955e-05,1,Low,1day
2014-11-04,5.168956340639852e-05,1,Low,1day
2014-11-05,5.848051296197809e-05,1,Low,1day
2014-11-06,8.976900426205248e-05,1,Low,1day
2014-11-07,4.8501675337320194e-05,1,Low,1day
2014-11-08,1.6175406926777214e-05,1,Low,1day
2014-11-09,2.814565596054308e-05,1,Low,1day
2014-11-10,3.417244806769304e-05,1,Low,1day
2014-11-11,3.645565448096022e-05,1,Low,1day
2014-11-12,4.837894084630534e-05,1,Low,1day
2014-11-13,3.231518348911777e-05,1,Low,1day
2014-11-14,3.4926095395348966e-05,1,Low,1day
2014-11-15,1.5092948160599917e-05,1,Low,1day
2014-11-16,1.7071035472326912e-05,1,Low,1day
2014-11-17,1.6657901142025366e-05,1,Low,1day
2014-11-18,1.6059435438364744e-05,1,Low,1day
2014-11-19,2.16314092540415e-05,1,Low,1day
2014-11-20,3.0367673389264382e-05,1,Low,1day
2014-11-21,2.8236201615072787e-05,1,Low,1day
2014-11-22,2.574101927166339e-05,1,Low,1day
2014-11-23,2.1410698536783457e-05,1,Low,1day
2014-11-24,1.8702776287682354e-05,1,Low,1day
2014-11-25,2.1743715478805825e-05,1,Low,1day
2014-11-26,2.612732714624144e-05,1,Low,1day
2014-11-27,2.5443221602472477e-05,1,Low,1day
2014-11-28,1.9856133803841658e-05,1,Low,1day
2014-11-29,1.7853275494417176e-05,1,Low,1day
2014-11-30,2.504215262888465e-05,1,Low,1day
2014-12-01,1.8345552234677598e-05,1,Low,1day
2014-12-02,2.759949529718142e-05,1,Low,1day
2014-12-03,3.0374334528460167e-05,1,Low,1day
2014-12-04,2.6985198928741738e-05,1,Low,1day
2014-12-05,3.096503860433586e-05,1,Low,1day
2014-12-06,2.5042227207450196e-05,1,Low,1day
2014-12-07,2.3033115212456323e-05,1,Low,1day
2014-12-08,2.3821268769097514e-05,1,Low,1day
2014-12-09,2.5653704142314382e-05,1,Low,1day
2014-12-10,2.392492569924798e-05,1,Low,1day
2014-12-11,2.4629176550661214e-05,1,Low,1day
2014-12-12,2.4291737645398825e-05,1,Low,1day
2014-12-13,2.7344140107743442e-05,1,Low,1day
2014-12-14,3.3093638194259256e-05,1,Low,1day
2014-12-15,3.586129969335161e-05,1,Low,1day
2014-12-16,3.688969445647672e-05,1,Low,1day
2014-12-17,3.910476516466588e-05,1,Low,1day
2014-12-18,4.4779055315302685e-05,1,Low,1day
2014-12-19,2.7707754270522855e-05,1,Low,1day
2014-12-20,4.417831951286644e-05,1,Low,1day
2014-12-21,2.6436735424795188e-05,1,Low,1day
2014-12-22,3.96447503590025e-05,1,Low,1day
2014-12-23,3.2920954254223034e-05,1,Low,1day
2014-12-24,4.598404120770283e-05,1,Low,1day
2014-12-25,5.2544033678714186e-05,1,Low,1day
2014-12-26,4.346332934801467e-05,1,Low,1day
2014-12-27,4.0070990507956594e-05,1,Low,1day
2014-12-28,2.95291993097635e-05,1,Low,1day
2014-12-29,2.6494990379433148e-05,1,Low,1day
2014-12-30,2.15857016883092e-05,1,Low,1day
2014-12-31,3.2002953957999125e-05,1,Low,1day
2015-01-01,4.1450068238191307e-05,1,Low,1day
2015-01-02,3.776857920456678e-05,1,Low,1day
2015-01-03,3.364459553267807e-05,1,Low,1day
2015-01-04,2.0011579181300476e-05,1,Low,1day
2015-01-05,2.975128882098943e-05,1,Low,1day
2015-01-06,3.0666116799693555e-05,1,Low,1day
2015-01-07,3.1778843549545854e-05,1,Low,1day
2015-01-08,2.3490974854212254e-05,1,Low,1day
2015-01-09,2.5629666197346523e-05,1,Low,1day
2015-01-10,1.6334623069269583e-05,1,Low,1day
2015-01-11,1.8757255020318553e-05,1,Low,1day
2015-01-12,2.187353493354749e-05,1,Low,1day
2015-01-13,5.372495434130542e-05,1,Low,1day
2015-01-14,3.0135781344142742e-05,1,Low,1day
2015-01-15,2.8094893423258327e-05,1,Low,1day
2015-01-16,3.65532650903333e-05,1,Low,1day
2015-01-17,2.1838019165443256e-05,1,Low,1day
2015-01-18,2.096249590977095e-05,1,Low,1day
2015-01-19,2.0702007532236166e-05,1,Low,1day
2015-01-20,2.5560222638887353e-05,1,Low,1day
2015-01-21,4.867487950832583e-05,1,Low,1day
2015-01-22,2.619169208628591e-05,1,Low,1day
2015-01-23,2.550324825278949e-05,1,Low,1day
2015-01-24,2.7633892386802472e-05,1,Low,1day
2015-01-25,5.0126367568736896e-05,1,Low,1day
2015-01-26,4.220444679958746e-05,1,Low,1day
2015-01-27,2.3035598132992163e-05,1,Low,1day
2015-01-28,2.2808651920058765e-05,1,Low,1day
2015-01-29,1.698632877378259e-05,1,Low,1day
2015-01-30,1.3645678336615674e-05,1,Low,1day
2015-01-31,1.4192987691785675e-05,1,Low,1day
2015-02-01,1.2025544492644258e-05,1,Low,1day
2015-02-02,3.452974488027394e-05,1,Low,1day
2015-02-03,1.8636545064509846e-05,1,Low,1day
2015-02-04,2.0665711417677812e-05,1,Low,1day
2015-02-05,1.8930943042505533e-05,1,Low,1day
2015-02-06,2.6636505936039612e-05,1,Low,1day
2015-02-07,4.492790685617365e-05,1,Low,1day
2015-02-08,3.279498923802748e-05,1,Low,1day
2015-02-09,3.734321580850519e-05,1,Low,1day
2015-02-10,2.983558806590736e-05,1,Low,1day
2015-02-11,2.4783834305708297e-05,1,Low,1day
2015-02-12,4.092118251719512e-05,1,Low,1day
2015-02-13,4.2385181586723775e-05,1,Low,1day
2015-02-14,4.886743045062758e-05,1,Low,1day
2015-02-15,4.680785059463233e-05,1,Low,1day
2015-02-16,3.4747430618153885e-05,1,Low,1day
2015-02-17,2.1320314772310667e-05,1,Low,1day
2015-02-18,2.8519762054202147e-05,1,Low,1day
2015-02-19,3.960484900744632e-05,1,Low,1day
2015-02-20,8.661305764690042e-05,1,Low,1day
2015-02-21,4.0089566027745605e-05,1,Low,1day
2015-02-22,6.294013292063028e-05,1,Low,1day
2015-02-23,7.204058056231588e-05,1,Low,1day
2015-02-24,0.00017079085228033364,1,Low,1day
2015-02-25,0.00016143616812769324,1,Low,1day
2015-02-26,5.5236774642253295e-05,1,Low,1day
2015-02-27,4.485603130888194e-05,1,Low,1day
2015-02-28,0.0002046820882242173,1,Low,1day
2015-03-01,0.00022465143410954624,1,Low,1day
2015-03-02,0.0001514727482572198,1,Low,1day
2015-03-03,8.959087426774204e-05,1,Low,1day
2015-03-04,0.00011960987467318773,1,Low,1day
2015-03-05,0.00010580018715700135,1,Low,1day
2015-03-06,0.00010021535854320973,1,Low,1day
2015-03-07,0.00017011715681292117,1,Low,1day
2015-03-08,5.6184107961598784e-05,1,Low,1day
2015-03-09,2.7188983949599788e-05,1,Low,1day
2015-03-10,4.762053140439093e-05,1,Low,1day
2015-03-11,2.4536504497518763e-05,1,Low,1day
2015-03-12,2.130305983882863e-05,1,Low,1day
2015-03-13,3.1130875868257135e-05,1,Low,1day
2015-03-14,0.00013115580077283084,1,Low,1day
2015-03-15,0.00015727226855233312,1,Low,1day
2015-03-16,4.703578451881185e-05,1,Low,1day
2015-03-17,4.864838410867378e-05,1,Low,1day
2015-03-18,3.291885514045134e-05,1,Low,1day
2015-03-19,2.6066949430969544e-05,1,Low,1day
2015-03-20,3.469418516033329e-05,1,Low,1day
2015-03-21,3.0437024179263972e-05,1,Low,1day
2015-03-22,3.465995905571617e-05,1,Low,1day
2015-03-23,1.8735177945927717e-05,1,Low,1day
2015-03-24,3.61985330528114e-05,1,Low,1day
2015-03-25,3.739427847904153e-05,1,Low,1day
2015-03-26,3.48337234754581e-05,1,Low,1day
2015-03-27,3.870201180689037e-05,1,Low,1day
2015-03-28,0.00011037178774131462,1,Low,1day
2015-03-29,8.443757542409003e-05,1,Low,1day
2015-03-30,2.310289528395515e-05,1,Low,1day
2015-03-31,3.045886114705354e-05,1,Low,1day
2015-04-01,1.666123716859147e-05,1,Low,1day
2015-04-02,8.203744800994173e-05,1,Low,1day
2015-04-03,0.00024206314992625266,1,Low,1day
2015-04-04,4.72191022709012e-05,1,Low,1day
2015-04-05,2.7145484637003392e-05,1,Low,1day
2015-04-06,2.998576565005351e-05,1,Low,1day
2015-04-07,2.6510508178034797e-05,1,Low,1day
2015-04-08,2.4226612367783673e-05,1,Low,1day
2015-04-09,2.7199514079256915e-05,1,Low,1day
2015-04-10,3.260029188822955e-05,1,Low,1day
2015-04-11,4.370622627902776e-05,1,Low,1day
2015-04-12,1.749720104271546e-05,1,Low,1day
2015-04-13,1.3204211427364498e-05,1,Low,1day
2015-04-14,1.692264231678564e-05,1,Low,1day
2015-04-15,1.2437693840183783e-05,1,Low,1day
2015-04-16,1.5554083802271634e-05,1,Low,1day
2015-04-17,2.4790404495433904e-05,1,Low,1day
2015-04-18,2.752148975559976e-05,1,Low,1day
2015-04-19,2.4800265236990526e-05,1,Low,1day
2015-04-20,2.433024565107189e-05,1,Low,1day
2015-04-21,2.31165158766089e-05,1,Low,1day
2015-04-22,2.2195874407771043e-05,1,Low,1day
2015-04-23,2.2838385120849125e-05,1,Low,1day
2015-04-24,2.306313945155125e-05,1,Low,1day
2015-04-25,2.0129367840127088e-05,1,Low,1day
2015-04-26,1.8606586309033446e-05,1,Low,1day
2015-04-27,2.2535192329087295e-05,1,Low,1day
2015-04-28,1.8913799067377113e-05,1,Low,1day
2015-04-29,1.7647687855060212e-05,1,Low,1day
2015-04-30,2.9686896596103907e-05,1,Low,1day
2015-05-01,2.836572275555227e-05,1,Low,1day
2015-05-02,2.970757122966461e-05,1,Low,1day
2015-05-03,3.2823776564328e-05,1,Low,1day
2015-05-04,3.080325768678449e-05,1,Low,1day
2015-05-05,4.335462290327996e-05,1,Low,1day
2015-05-06,5.748240073444322e-05,1,Low,1day
2015-05-07,2.062503517663572e-05,1,Low,1day
2015-05-08,1.6353482351405546e-05,1,Low,1day
2015-05-09,2.931251765403431e-05,1,Low,1day
2015-05-10,4.52073072665371e-05,1,Low,1day
2015-05-11,8.839390648063272e-05,1,Low,1day
2015-05-12,7.014602306298912e-05,1,Low,1day
2015-05-13,3.386096432222985e-05,1,Low,1day
2015-05-14,3.448679854045622e-05,1,Low,1day
2015-05-15,3.6411805922398344e-05,1,Low,1day
2015-05-16,2.6738309315987863e-05,1,Low,1day
2015-05-17,6.585773371625692e-05,1,Low,1day
2015-05-18,9.151327685685828e-05,1,Low,1day
2015-05-19,5.64390211366117e-05,1,Low,1day
2015-05-20,4.493544838624075e-05,1,Low,1day
2015-05-21,3.5048848076257855e-05,1,Low,1day
2015-05-22,2.8819660656154156e-05,1,Low,1day
2015-05-23,7.45838915463537e-05,1,Low,1day
2015-05-24,7.151803583838046e-05,1,Low,1day
2015-05-25,5.996209802106023e-05,1,Low,1day
2015-05-26,4.2242780182277784e-05,1,Low,1day
2015-05-27,4.523701863945462e-05,1,Low,1day
2015-05-28,7.422282214974985e-05,1,Low,1day
2015-05-29,4.9704391130944714e-05,1,Low,1day
2015-05-30,2.880935608118307e-05,1,Low,1day
2015-05-31,5.591648368863389e-05,1,Low,1day
2015-06-01,4.2317857150919735e-05,1,Low,1day
2015-06-02,3.643900708993897e-05,1,Low,1day
2015-06-03,4.5397264329949394e-05,1,Low,1day
2015-06-04,6.248628778848797e-05,1,Low,1day
2015-06-05,0.00010686534369597211,1,Low,1day
2015-06-06,3.189947528881021e-05,1,Low,1day
2015-06-07,4.1961411625379696e-05,1,Low,1day
2015-06-08,3.357904643053189e-05,1,Low,1day
2015-06-09,5.517907266039401e-05,1,Low,1day
2015-06-10,4.405194704304449e-05,1,Low,1day
2015-06-11,4.452840948943049e-05,1,Low,1day
2015-06-12,6.880459113745019e-05,1,Low,1day
2015-06-13,4.6646498958580196e-05,1,Low,1day
2015-06-14,6.336755177471787e-05,1,Low,1day
2015-06-15,8.772983710514382e-05,1,Low,1day
2015-06-16,9.58190139499493e-05,1,Low,1day
2015-06-17,0.00013027792738284916,1,Low,1day
2015-06-18,0.00012273518950678408,1,Low,1day
2015-06-19,0.0001872077991720289,1,Low,1day
2015-06-20,0.0001431898126611486,1,Low,1day
2015-06-21,0.00027105718618258834,1,Low,1day
2015-06-22,0.0001506252883700654,1,Low,1day
2015-06-23,0.00012899002467747778,1,Low,1day
2015-06-24,0.0004116863419767469,1,Low,1day
2015-06-25,0.0005067194579169154,1,Low,1day
2015-06-26,0.00043118116445839405,1,Low,1day
2015-06-27,0.00030442283605225384,1,Low,1day
2015-06-28,0.00019502575742080808,1,Low,1day
2015-06-29,0.0003476229030638933,1,Low,1day
2015-06-30,0.0003666893462650478,1,Low,1day
2015-07-01,0.0001439745828974992,1,Low,1day
2015-07-02,0.00011825690307887271,1,Low,1day
2015-07-03,0.0001690694480203092,1,Low,1day
2015-07-04,0.00019148753199260682,1,Low,1day
2015-07-05,0.00022635622008237988,1,Low,1day
2015-07-06,0.0006718816584907472,1,Low,1day
2015-07-07,0.0035884669050574303,1,Low,1day
2015-07-08,0.0073125604540109634,1,Low,1day
2015-07-09,0.0019686410669237375,1,Low,1day
2015-07-10,0.9953029155731201,4,Very High,1day
2015-07-11,0.9968134760856628,4,Very High,1day
2015-07-12,0.9975131750106812,4,Very High,1day
2015-07-13,0.9998980760574341,4,Very High,1day
2015-07-14,0.9997856020927429,4,Very High,1day
2015-07-15,0.9996349811553955,4,Very High,1day
2015-07-16,0.9994852542877197,4,Very High,1day
2015-07-17,0.9998151659965515,4,Very High,1day
2015-07-18,0.9998325109481812,4,Very High,1day
2015-07-19,0.9998995065689087,4,Very High,1day
2015-07-20,0.9999293088912964,4,Very High,1day
2015-07-21,0.9999003410339355,4,Very High,1day
2015-07-22,0.9998366832733154,4,Very High,1day
2015-07-23,0.9997783303260803,4,Very High,1day
2015-07-24,0.9998941421508789,4,Very High,1day
2015-07-25,0.9999140501022339,4,Very High,1day
2015-07-26,0.9999246597290039,4,Very High,1day
2015-07-27,0.9998617172241211,4,Very High,1day
2015-07-28,0.9998431205749512,4,Very High,1day
2015-07-29,0.9998781681060791,4,Very High,1day
2015-07-30,0.9998273253440857,4,Very High,1day
2015-07-31,0.9997822642326355,4,Very High,1day
2015-08-01,0.9998980760574341,4,Very High,1day
2015-08-02,0.9998917579650879,4,Very High,1day
2015-08-03,0.9998973608016968,4,Very High,1day
2015-08-04,0.9998828172683716,4,Very High,1day
2015-08-05,0.9998922348022461,4,Very High,1day
2015-08-06,0.9997970461845398,4,Very High,1day
2015-08-07,0.9997872710227966,4,Very High,1day
2015-08-08,0.9996535778045654,4,Very High,1day
2015-08-09,0.9997597336769104,4,Very High,1day
2015-08-10,0.9995850920677185,4,Very High,1day
2015-08-11,0.9996304512023926,4,Very High,1day
2015-08-12,0.9998352527618408,4,Very High,1day
2015-08-13,0.9997612833976746,4,Very High,1day
2015-08-14,0.9997925162315369,4,Very High,1day
2015-08-15,0.9993521571159363,4,Very High,1day
2015-08-16,0.9996856451034546,4,Very High,1day
2015-08-17,0.9997766613960266,4,Very High,1day
2015-08-18,0.9997771382331848,4,Very High,1day
2015-08-19,0.9996534585952759,4,Very High,1day
2015-08-20,0.9983617663383484,4,Very High,1day
2015-08-21,0.9977947473526001,4,Very High,1day
2015-08-22,0.0029759053140878677,1,Low,1day
2015-08-23,0.0010191439650952816,1,Low,1day
2015-08-24,0.00016991776647046208,1,Low,1day
2015-08-25,5.704216891899705e-05,1,Low,1day
2015-08-26,0.0001553070906084031,1,Low,1day
2015-08-27,0.00020418755593709648,1,Low,1day
2015-08-28,9.604332444723696e-05,1,Low,1day
2015-08-29,8.905145659809932e-05,1,Low,1day
2015-08-30,7.847888628020883e-05,1,Low,1day
2015-08-31,2.404821862000972e-05,1,Low,1day
2015-09-01,1.7064279745682143e-05,1,Low,1day
2015-09-02,2.8108266633353196e-05,1,Low,1day
2015-09-03,3.7761703424621373e-05,1,Low,1day
2015-09-04,4.4069045543437824e-05,1,Low,1day
2015-09-05,4.8478421376785263e-05,1,Low,1day
2015-09-06,3.6956385883968323e-05,1,Low,1day
2015-09-07,3.417759944568388e-05,1,Low,1day
2015-09-08,3.4259603125974536e-05,1,Low,1day
2015-09-09,3.4048513043671846e-05,1,Low,1day
2015-09-10,2.6605814127833582e-05,1,Low,1day
2015-09-11,2.5731937057571486e-05,1,Low,1day
2015-09-12,4.322231325204484e-05,1,Low,1day
2015-09-13,3.9082879084162414e-05,1,Low,1day
2015-09-14,4.172108674538322e-05,1,Low,1day
2015-09-15,2.675580617506057e-05,1,Low,1day
2015-09-16,4.58851718576625e-05,1,Low,1day
2015-09-17,3.0220222470234148e-05,1,Low,1day
2015-09-18,3.0256323952926323e-05,1,Low,1day
2015-09-19,2.844102527888026e-05,1,Low,1day
2015-09-20,4.99128618685063e-05,1,Low,1day
2015-09-21,9.267220593756065e-05,1,Low,1day
2015-09-22,0.00018163704953622073,1,Low,1day
2015-09-23,0.00012881634756922722,1,Low,1day
2015-09-24,0.00010948372801067308,1,Low,1day
2015-09-25,0.0009130207472480834,1,Low,1day
2015-09-26,0.0059107886627316475,1,Low,1day
2015-09-27,4.096385964658111e-05,1,Low,1day
2015-09-28,1.5898260244284756e-05,1,Low,1day
2015-09-29,2.1714247850468382e-05,1,Low,1day
2015-09-30,1.979308399313595e-05,1,Low,1day
2015-10-01,2.3515854991273955e-05,1,Low,1day
2015-10-02,2.2570615328731947e-05,1,Low,1day
2015-10-03,2.1108757209731266e-05,1,Low,1day
2015-10-04,2.3277319996850565e-05,1,Low,1day
2015-10-05,1.6613179468549788e-05,1,Low,1day
2015-10-06,1.791072827472817e-05,1,Low,1day
2015-10-07,1.2486444575188216e-05,1,Low,1day
2015-10-08,1.401602912665112e-05,1,Low,1day
2015-10-09,1.8402517525828443e-05,1,Low,1day
2015-10-10,2.335721546842251e-05,1,Low,1day
2015-10-11,1.4924313290975988e-05,1,Low,1day
2015-10-12,1.312099993810989e-05,1,Low,1day
2015-10-13,1.483019059378421e-05,1,Low,1day
2015-10-14,1.1944997822865844e-05,1,Low,1day
2015-10-15,1.1504160283948295e-05,1,Low,1day
2015-10-16,2.255520666949451e-05,1,Low,1day
2015-10-17,2.2695845473208465e-05,1,Low,1day
2015-10-18,3.306950384285301e-05,1,Low,1day
2015-10-19,3.6823301343247294e-05,1,Low,1day
2015-10-20,1.2834424524044152e-05,1,Low,1day
2015-10-21,1.4123922483122442e-05,1,Low,1day
2015-10-22,1.4419543731492013e-05,1,Low,1day
2015-10-23,1.541381971037481e-05,1,Low,1day
2015-10-24,2.152602610294707e-05,1,Low,1day
2015-10-25,2.865591159206815e-05,1,Low,1day
2015-10-26,1.7545307855471037e-05,1,Low,1day
2015-10-27,3.016234768438153e-05,1,Low,1day
2015-10-28,2.6955673092743382e-05,1,Low,1day
2015-10-29,3.5412133001955226e-05,1,Low,1day
2015-10-30,2.784368916763924e-05,1,Low,1day
2015-10-31,2.8695481887552887e-05,1,Low,1day
2015-11-01,3.351659688632935e-05,1,Low,1day
2015-11-02,2.5310382625320926e-05,1,Low,1day
2015-11-03,2.6082043405040167e-05,1,Low,1day
2015-11-04,4.1507937567075714e-05,1,Low,1day
2015-11-05,3.9842099795350805e-05,1,Low,1day
2015-11-06,3.025032492587343e-05,1,Low,1day
2015-11-07,2.1791023755213246e-05,1,Low,1day
2015-11-08,2.0375577150844038e-05,1,Low,1day
2015-11-09,4.0973900468088686e-05,1,Low,1day
2015-11-10,4.182298653176986e-05,1,Low,1day
2015-11-11,8.464928396278992e-05,1,Low,1day
2015-11-12,2.725419653870631e-05,1,Low,1day
2015-11-13,3.465318513917737e-05,1,Low,1day
2015-11-14,1.8319013179279864e-05,1,Low,1day
2015-11-15,1.980573324544821e-05,1,Low,1day
2015-11-16,1.5481453374377452e-05,1,Low,1day
2015-11-17,1.5551415344816633e-05,1,Low,1day
2015-11-18,1.6679949112585746e-05,1,Low,1day
2015-11-19,1.5809118849574588e-05,1,Low,1day
2015-11-20,1.4838296920061111e-05,1,Low,1day
2015-11-21,1.5724976037745364e-05,1,Low,1day
2015-11-22,1.1705006727424916e-05,1,Low,1day
2015-11-23,1.2390775737003423e-05,1,Low,1day
2015-11-24,1.4292999367171433e-05,1,Low,1day
2015-11-25,1.4539526091539301e-05,1,Low,1day
2015-11-26,2.0059595044585876e-05,1,Low,1day
2015-11-27,1.142570090451045e-05,1,Low,1day
2015-11-28,1.1899984201590996e-05,1,Low,1day
2015-11-29,1.7080887118936516e-05,1,Low,1day
2015-11-30,1.6439515093225054e-05,1,Low,1day
2015-12-01,2.061052327917423e-05,1,Low,1day
2015-12-02,1.8662831280380487e-05,1,Low,1day
2015-12-03,1.553309448354412e-05,1,Low,1day
2015-12-04,1.8485592590877786e-05,1,Low,1day
2015-12-05,3.3544991310918704e-05,1,Low,1day
2015-12-06,2.2814634576207027e-05,1,Low,1day
2015-12-07,1.6625510397716425e-05,1,Low,1day
2015-12-08,1.6606622011750005e-05,1,Low,1day
2015-12-09,4.6132230636430904e-05,1,Low,1day
2015-12-10,5.883942139917053e-05,1,Low,1day
2015-12-11,2.5210749299731106e-05,1,Low,1day
2015-12-12,3.871367880492471e-05,1,Low,1day
2015-12-13,3.606250538723543e-05,1,Low,1day
2015-12-14,2.8344416932668537e-05,1,Low,1day
2015-12-15,2.355410106247291e-05,1,Low,1day
2015-12-16,2.4231487259385176e-05,1,Low,1day
2015-12-17,2.2903641365701333e-05,1,Low,1day
2015-12-18,2.6163905204157345e-05,1,Low,1day
2015-12-19,2.4247439796454273e-05,1,Low,1day
2015-12-20,2.5116034521488473e-05,1,Low,1day
2015-12-21,1.8249458662467077e-05,1,Low,1day
2015-12-22,2.0723951820400544e-05,1,Low,1day
2015-12-23,1.928240089910105e-05,1,Low,1day
2015-12-24,4.280160283087753e-05,1,Low,1day
2015-12-25,2.6288609660696238e-05,1,Low,1day
2015-12-26,2.4895500246202573e-05,1,Low,1day
2015-12-27,3.827456384897232e-05,1,Low,1day
2015-12-28,2.6994825020665303e-05,1,Low,1day
2015-12-29,3.5162705898983404e-05,1,Low,1day
2015-12-30,3.8507812860189006e-05,1,Low,1day
2015-12-31,4.290143260732293e-05,1,Low,1day
2016-01-01,2.318847327842377e-05,1,Low,1day
2016-01-02,1.605410761840176e-05,1,Low,1day
2016-01-03,1.9675122530316003e-05,1,Low,1day
2016-01-04,3.962517439504154e-05,1,Low,1day
2016-01-05,1.792229522834532e-05,1,Low,1day
2016-01-06,2.7546748242457397e-05,1,Low,1day
2016-01-07,5.476248770719394e-05,1,Low,1day
2016-01-08,1.6065547242760658e-05,1,Low,1day
2016-01-09,1.4996247045928612e-05,1,Low,1day
2016-01-10,1.1381676813471131e-05,1,Low,1day
2016-01-11,1.4274350178311579e-05,1,Low,1day
2016-01-12,1.7053673218470067e-05,1,Low,1day
2016-01-13,1.58003022079356e-05,1,Low,1day
2016-01-14,2.0279232558095828e-05,1,Low,1day
2016-01-15,1.4256610484153498e-05,1,Low,1day
2016-01-16,1.4919374734745361e-05,1,Low,1day
2016-01-17,1.2902868547826074e-05,1,Low,1day
2016-01-18,1.2681066436925903e-05,1,Low,1day
2016-01-19,1.2678382518060971e-05,1,Low,1day
2016-01-20,1.2812901331926696e-05,1,Low,1day
2016-01-21,1.4837150956736878e-05,1,Low,1day
2016-01-22,1.1661164535325952e-05,1,Low,1day
2016-01-23,1.0552271305641625e-05,1,Low,1day
2016-01-24,1.5195271771517582e-05,1,Low,1day
2016-01-25,1.3307037079357542e-05,1,Low,1day
2016-01-26,1.5706797057646327e-05,1,Low,1day
2016-01-27,1.1056285984523129e-05,1,Low,1day
2016-01-28,2.9820139388903044e-05,1,Low,1day
2016-01-29,4.632258787751198e-05,1,Low,1day
2016-01-30,3.112960257567465e-05,1,Low,1day
2016-01-31,2.2827345674159005e-05,1,Low,1day
2016-02-01,2.156909613404423e-05,1,Low,1day
2016-02-02,1.8867591279558837e-05,1,Low,1day
2016-02-03,1.3592815776064526e-05,1,Low,1day
2016-02-04,1.4639116670878138e-05,1,Low,1day
2016-02-05,1.4634343642683234e-05,1,Low,1day
2016-02-06,1.4598895177186932e-05,1,Low,1day
2016-02-07,1.5414376321132295e-05,1,Low,1day
2016-02-08,1.9927898392779753e-05,1,Low,1day
2016-02-09,1.2146751032560132e-05,1,Low,1day
2016-02-10,1.8707933122641407e-05,1,Low,1day
2016-02-11,2.2096062821219675e-05,1,Low,1day
2016-02-12,1.564991907798685e-05,1,Low,1day
2016-02-13,1.4218117939890362e-05,1,Low,1day
2016-02-14,2.231266444141511e-05,1,Low,1day
2016-02-15,1.4074846149014775e-05,1,Low,1day
2016-02-16,3.503507832647301e-05,1,Low,1day
2016-02-17,3.064188058488071e-05,1,Low,1day
2016-02-18,3.494108750601299e-05,1,Low,1day
2016-02-19,3.52327260770835e-05,1,Low,1day
2016-02-20,2.0482984837144613e-05,1,Low,1day
2016-02-21,2.0763218344654888e-05,1,Low,1day
2016-02-22,3.37668061547447e-05,1,Low,1day
2016-02-23,3.632364678196609e-05,1,Low,1day
2016-02-24,3.21906445606146e-05,1,Low,1day
2016-02-25,2.2630942112300545e-05,1,Low,1day
2016-02-26,2.1778681912110187e-05,1,Low,1day
2016-02-27,1.7310383555013686e-05,1,Low,1day
2016-02-28,2.2482106942334212e-05,1,Low,1day
2016-02-29,2.2718169930158183e-05,1,Low,1day
2016-03-01,3.438030762481503e-05,1,Low,1day
2016-03-02,4.137582072871737e-05,1,Low,1day
2016-03-03,3.15153447445482e-05,1,Low,1day
2016-03-04,6.229785503819585e-05,1,Low,1day
2016-03-05,7.007074600551277e-05,1,Low,1day
2016-03-06,2.164329453080427e-05,1,Low,1day
2016-03-07,3.477438076515682e-05,1,Low,1day
2016-03-08,9.126508666668087e-05,1,Low,1day
2016-03-09,0.00011401926894905046,1,Low,1day
2016-03-10,5.3027320973342285e-05,1,Low,1day
2016-03-11,6.381209823302925e-05,1,Low,1day
2016-03-12,0.00014317438763100654,1,Low,1day
2016-03-13,3.719560845638625e-05,1,Low,1day
2016-03-14,2.9700742743443698e-05,1,Low,1day
2016-03-15,0.00012766796862706542,1,Low,1day
2016-03-16,7.376410940196365e-05,1,Low,1day
2016-03-17,5.282870915834792e-05,1,Low,1day
2016-03-18,4.446777165867388e-05,1,Low,1day
2016-03-19,4.793499829247594e-05,1,Low,1day
2016-03-20,2.8859047233709134e-05,1,Low,1day
2016-03-21,1.4648795513494406e-05,1,Low,1day
2016-03-22,2.032411066466011e-05,1,Low,1day
2016-03-23,2.984953243867494e-05,1,Low,1day
2016-03-24,4.022513167001307e-05,1,Low,1day
2016-03-25,5.624790719593875e-05,1,Low,1day
2016-03-26,2.885150388465263e-05,1,Low,1day
2016-03-27,2.0090072212042287e-05,1,Low,1day
2016-03-28,2.0427973140613176e-05,1,Low,1day
2016-03-29,1.9921380953746848e-05,1,Low,1day
2016-03-30,2.0080513422726654e-05,1,Low,1day
2016-03-31,1.9738945411518216e-05,1,Low,1day
2016-04-01,2.8381038646330126e-05,1,Low,1day
2016-04-02,3.795937664108351e-05,1,Low,1day
2016-04-03,6.290671444730833e-05,1,Low,1day
2016-04-04,3.167476461385377e-05,1,Low,1day
2016-04-05,1.910084392875433e-05,1,Low,1day
2016-04-06,2.099302400893066e-05,1,Low,1day
2016-04-07,2.2797083147452213e-05,1,Low,1day
2016-04-08,5.936866000411101e-05,1,Low,1day
2016-04-09,9.596972086001188e-05,1,Low,1day
2016-04-10,5.925943696638569e-05,1,Low,1day
2016-04-11,2.683983439055737e-05,1,Low,1day
2016-04-12,2.2171143427840434e-05,1,Low,1day
2016-04-13,2.567499723227229e-05,1,Low,1day
2016-04-14,2.7124238840769976e-05,1,Low,1day
2016-04-15,3.0593702831538394e-05,1,Low,1day
2016-04-16,3.894232213497162e-05,1,Low,1day
2016-04-17,0.00011001610982930288,1,Low,1day
2016-04-18,0.00015392097702715546,1,Low,1day
2016-04-19,0.00012252073793206364,1,Low,1day
2016-04-20,3.263080361648463e-05,1,Low,1day
2016-04-21,6.997365562710911e-05,1,Low,1day
2016-04-22,3.7807247281307355e-05,1,Low,1day
2016-04-23,3.629798811743967e-05,1,Low,1day
2016-04-24,3.0387718652491458e-05,1,Low,1day
2016-04-25,1.747042369970586e-05,1,Low,1day
2016-04-26,1.9516297470545396e-05,1,Low,1day
2016-04-27,2.2191832613316365e-05,1,Low,1day
2016-04-28,2.4755558115430176e-05,1,Low,1day
2016-04-29,1.8485961845726706e-05,1,Low,1day
2016-04-30,3.174286030116491e-05,1,Low,1day
2016-05-01,3.770930561586283e-05,1,Low,1day
2016-05-02,3.346042285556905e-05,1,Low,1day
2016-05-03,4.564974733511917e-05,1,Low,1day
2016-05-04,3.666614065878093e-05,1,Low,1day
2016-05-05,4.240717680659145e-05,1,Low,1day
2016-05-06,4.624776920536533e-05,1,Low,1day
2016-05-07,4.0582344809081405e-05,1,Low,1day
2016-05-08,5.0325186748523265e-05,1,Low,1day
2016-05-09,3.4758002584567294e-05,1,Low,1day
2016-05-10,3.091523103648797e-05,1,Low,1day
2016-05-11,3.273549737059511e-05,1,Low,1day
2016-05-12,3.2729814847698435e-05,1,Low,1day
2016-05-13,3.500078310025856e-05,1,Low,1day
2016-05-14,3.421435030759312e-05,1,Low,1day
2016-05-15,1.7948259483091533e-05,1,Low,1day
2016-05-16,1.853975663834717e-05,1,Low,1day
2016-05-17,2.163778481190093e-05,1,Low,1day
2016-05-18,2.9661512598977424e-05,1,Low,1day
2016-05-19,4.828165037906729e-05,1,Low,1day
2016-05-20,4.378465746412985e-05,1,Low,1day
2016-05-21,5.2021470764884725e-05,1,Low,1day
2016-05-22,3.4828277421183884e-05,1,Low,1day
2016-05-23,2.8712865969282575e-05,1,Low,1day
2016-05-24,2.6859677745960653e-05,1,Low,1day
2016-05-25,1.660073030507192e-05,1,Low,1day
2016-05-26,2.8655284040723927e-05,1,Low,1day
2016-05-27,2.8360585929476656e-05,1,Low,1day
2016-05-28,3.7205540138529614e-05,1,Low,1day
2016-05-29,3.2498974178452045e-05,1,Low,1day
2016-05-30,4.620787512976676e-05,1,Low,1day
2016-05-31,4.300051659811288e-05,1,Low,1day
2016-06-01,3.75536983483471e-05,1,Low,1day
2016-06-02,4.135006383876316e-05,1,Low,1day
2016-06-03,6.230943836271763e-05,1,Low,1day
2016-06-04,6.358024984365329e-05,1,Low,1day
2016-06-05,3.55503179889638e-05,1,Low,1day
2016-06-06,3.5201257560402155e-05,1,Low,1day
2016-06-07,4.115706178708933e-05,1,Low,1day
2016-06-08,4.994490882381797e-05,1,Low,1day
2016-06-09,6.151928391773254e-05,1,Low,1day
2016-06-10,5.7341589126735926e-05,1,Low,1day
2016-06-11,0.00011076580994995311,1,Low,1day
2016-06-12,0.0001359376619802788,1,Low,1day
2016-06-13,9.799795952858403e-05,1,Low,1day
2016-06-14,7.65025251894258e-05,1,Low,1day
2016-06-15,0.00010038895561592653,1,Low,1day
2016-06-16,7.197548256954178e-05,1,Low,1day
2016-06-17,6.30434587947093e-05,1,Low,1day
2016-06-18,6.788227619836107e-05,1,Low,1day
2016-06-19,5.168438656255603e-05,1,Low,1day
2016-06-20,3.406189352972433e-05,1,Low,1day
2016-06-21,4.137282303418033e-05,1,Low,1day
2016-06-22,0.00016799069999251515,1,Low,1day
2016-06-23,0.00018501094018574804,1,Low,1day
2016-06-24,0.00010563345131231472,1,Low,1day
2016-06-25,0.00011616366100497544,1,Low,1day
2016-06-26,0.00021465613099280745,1,Low,1day
2016-06-27,0.00022498176258523017,1,Low,1day
2016-06-28,0.0002400317316642031,1,Low,1day
2016-06-29,0.0004566183197312057,1,Low,1day
2016-06-30,0.0004477499460335821,1,Low,1day
2016-07-01,0.0007228528847917914,1,Low,1day
2016-07-02,0.0005247418885119259,1,Low,1day
2016-07-03,0.008148891851305962,1,Low,1day
2016-07-04,0.006868384778499603,1,Low,1day
2016-07-05,0.9955621957778931,4,Very High,1day
2016-07-06,0.9989668130874634,4,Very High,1day
2016-07-07,0.9998334646224976,4,Very High,1day
2016-07-08,0.9998315572738647,4,Very High,1day
2016-07-09,0.9998952150344849,4,Very High,1day
2016-07-10,0.9998624324798584,4,Very High,1day
2016-07-11,0.9989529848098755,4,Very High,1day
2016-07-12,0.04586542770266533,1,Low,1day
2016-07-13,0.01741962693631649,1,Low,1day
2016-07-14,0.008100259117782116,1,Low,1day
2016-07-15,0.017909852787852287,1,Low,1day
2016-07-16,0.9981206059455872,4,Very High,1day
2016-07-17,0.9992893934249878,4,Very High,1day
2016-07-18,0.9997020363807678,4,Very High,1day
2016-07-19,0.9998520612716675,4,Very High,1day
2016-07-20,0.9997283816337585,4,Very High,1day
2016-07-21,0.9996157884597778,4,Very High,1day
2016-07-22,0.9996834993362427,4,Very High,1day
2016-07-23,0.9986125230789185,4,Very High,1day
2016-07-24,0.013016795739531517,1,Low,1day
2016-07-25,0.0010030497796833515,1,Low,1day
2016-07-26,0.00031233817571774125,1,Low,1day
2016-07-27,0.0005111750797368586,1,Low,1day
2016-07-28,0.0003437111445236951,1,Low,1day
2016-07-29,0.005125724710524082,1,Low,1day
2016-07-30,0.002437547780573368,1,Low,1day
2016-07-31,0.000570424715988338,1,Low,1day
2016-08-01,0.0019327437039464712,1,Low,1day
2016-08-02,0.0011022330727428198,1,Low,1day
2016-08-03,0.00044551878818310797,1,Low,1day
2016-08-04,0.00038826296804472804,1,Low,1day
2016-08-05,0.0027210216503590345,1,Low,1day
2016-08-06,0.004098555073142052,1,Low,1day
2016-08-07,0.0007174863130785525,1,Low,1day
2016-08-08,0.0002766501856967807,1,Low,1day
2016-08-09,0.0004482372023630887,1,Low,1day
2016-08-10,0.0004968739813193679,1,Low,1day
2016-08-11,0.0035853686276823282,1,Low,1day
2016-08-12,0.0003452346136327833,1,Low,1day
2016-08-13,0.00010055508755613118,1,Low,1day
2016-08-14,6.424316234188154e-05,1,Low,1day
2016-08-15,0.0002827569842338562,1,Low,1day
2016-08-16,0.00030012382194399834,1,Low,1day
2016-08-17,6.237691559363157e-05,1,Low,1day
2016-08-18,0.000524966511875391,1,Low,1day
2016-08-19,0.00013964339450467378,1,Low,1day
2016-08-20,0.00013838532322552055,1,Low,1day
2016-08-21,0.000164932178449817,1,Low,1day
2016-08-22,0.00020010292064398527,1,Low,1day
2016-08-23,0.00012719868391286582,1,Low,1day
2016-08-24,0.00018150200776290148,1,Low,1day
2016-08-25,0.00011376958718756214,1,Low,1day
2016-08-26,6.864946044515818e-05,1,Low,1day
2016-08-27,7.62115596444346e-05,1,Low,1day
2016-08-28,7.924308738438413e-05,1,Low,1day
2016-08-29,0.0002936955133918673,1,Low,1day
2016-08-30,0.00032958100200630724,1,Low,1day
2016-08-31,0.0005738711915910244,1,Low,1day
2016-09-01,0.0002800643560476601,1,Low,1day
2016-09-02,0.00015802447160240263,1,Low,1day
2016-09-03,9.487164061283693e-05,1,Low,1day
2016-09-04,9.853892697719857e-05,1,Low,1day
2016-09-05,5.9237292589386925e-05,1,Low,1day
2016-09-06,6.178296462167054e-05,1,Low,1day
2016-09-07,3.22510240948759e-05,1,Low,1day
2016-09-08,4.3737705709645525e-05,1,Low,1day
2016-09-09,3.766448935493827e-05,1,Low,1day
2016-09-10,2.549785131122917e-05,1,Low,1day
2016-09-11,1.7570842828718014e-05,1,Low,1day
2016-09-12,2.72963079623878e-05,1,Low,1day
2016-09-13,8.225082274293527e-05,1,Low,1day
2016-09-14,4.673514922615141e-05,1,Low,1day
2016-09-15,6.044602196197957e-05,1,Low,1day
2016-09-16,4.0405291656497866e-05,1,Low,1day
2016-09-17,5.606074773822911e-05,1,Low,1day
2016-09-18,7.160620589274913e-05,1,Low,1day
2016-09-19,9.192733705276623e-05,1,Low,1day
2016-09-20,4.6631863369839266e-05,1,Low,1day
2016-09-21,2.3837243134039454e-05,1,Low,1day
2016-09-22,2.5138509954558685e-05,1,Low,1day
2016-09-23,2.4845834559528157e-05,1,Low,1day
2016-09-24,1.7000136722344905e-05,1,Low,1day
2016-09-25,2.5759511117939837e-05,1,Low,1day
2016-09-26,2.4433880753349513e-05,1,Low,1day
2016-09-27,1.0913542610069271e-05,1,Low,1day
2016-09-28,1.3752202903560828e-05,1,Low,1day
2016-09-29,2.0609777493518777e-05,1,Low,1day
2016-09-30,3.348995232954621e-05,1,Low,1day
2016-10-01,3.0994877306511626e-05,1,Low,1day
2016-10-02,4.52370622952003e-05,1,Low,1day
2016-10-03,5.4300238844007254e-05,1,Low,1day
2016-10-04,0.00013281364226713777,1,Low,1day
2016-10-05,0.00010586286225588992,1,Low,1day
2016-10-06,7.307204214157537e-05,1,Low,1day
2016-10-07,4.284636088414118e-05,1,Low,1day
2016-10-08,4.723410165752284e-05,1,Low,1day
2016-10-09,3.252225724281743e-05,1,Low,1day
2016-10-10,1.9713699657586403e-05,1,Low,1day
2016-10-11,3.649213977041654e-05,1,Low,1day
2016-10-12,2.0499242964433506e-05,1,Low,1day
2016-10-13,2.2012292902218178e-05,1,Low,1day
2016-10-14,2.1043113520136103e-05,1,Low,1day
2016-10-15,2.3912878532428294e-05,1,Low,1day
2016-10-16,1.7007270798785612e-05,1,Low,1day
2016-10-17,1.7713311535771936e-05,1,Low,1day
2016-10-18,2.8338630727375858e-05,1,Low,1day
2016-10-19,4.1420513298362494e-05,1,Low,1day
2016-10-20,2.8205549824633636e-05,1,Low,1day
2016-10-21,2.808693898259662e-05,1,Low,1day
2016-10-22,1.876842179626692e-05,1,Low,1day
2016-10-23,1.580688876856584e-05,1,Low,1day
2016-10-24,2.0971694539184682e-05,1,Low,1day
2016-10-25,2.5307246687589213e-05,1,Low,1day
2016-10-26,2.5324074158561416e-05,1,Low,1day
2016-10-27,2.423726618872024e-05,1,Low,1day
2016-10-28,2.3727472580503672e-05,1,Low,1day
2016-10-29,1.742829044815153e-05,1,Low,1day
2016-10-30,1.439435982319992e-05,1,Low,1day
2016-10-31,1.469744984206045e-05,1,Low,1day
2016-11-01,1.609979517525062e-05,1,Low,1day
2016-11-02,1.3972508895676583e-05,1,Low,1day
2016-11-03,1.2630351193365641e-05,1,Low,1day
2016-11-04,1.4877375178912189e-05,1,Low,1day
2016-11-05,1.5244403584802058e-05,1,Low,1day
2016-11-06,1.5851601347094402e-05,1,Low,1day
2016-11-07,1.7290452888119034e-05,1,Low,1day
2016-11-08,1.8005639503826387e-05,1,Low,1day
2016-11-09,1.8537546566221863e-05,1,Low,1day
2016-11-10,1.773965050233528e-05,1,Low,1day
2016-11-11,2.5143497623503208e-05,1,Low,1day
2016-11-12,1.2822167263948359e-05,1,Low,1day
2016-11-13,2.0604924429790117e-05,1,Low,1day
2016-11-14,1.873998553492129e-05,1,Low,1day
2016-11-15,1.9549286662368104e-05,1,Low,1day
2016-11-16,1.532376882096287e-05,1,Low,1day
2016-11-17,1.921158764162101e-05,1,Low,1day
2016-11-18,2.087169559672475e-05,1,Low,1day
2016-11-19,1.8903556338045746e-05,1,Low,1day
2016-11-20,1.4040793757885695e-05,1,Low,1day
2016-11-21,1.96849196072435e-05,1,Low,1day
2016-11-22,1.4578095942852087e-05,1,Low,1day
2016-11-23,1.3258734725241084e-05,1,Low,1day
2016-11-24,1.4920215107849799e-05,1,Low,1day
2016-11-25,2.0380455680424348e-05,1,Low,1day
2016-11-26,1.8485468899598345e-05,1,Low,1day
2016-11-27,1.689282726147212e-05,1,Low,1day
2016-11-28,2.1730509615736082e-05,1,Low,1day
2016-11-29,2.1947189452475868e-05,1,Low,1day
2016-11-30,2.2193526092451066e-05,1,Low,1day
2016-12-01,1.9039247490582056e-05,1,Low,1day
2016-12-02,1.7723719793139026e-05,1,Low,1day
2016-12-03,1.8711947632255033e-05,1,Low,1day
2016-12-04,2.339451020816341e-05,1,Low,1day
2016-12-05,2.2687016098643653e-05,1,Low,1day
2016-12-06,1.7817335901781917e-05,1,Low,1day
2016-12-07,1.695616083452478e-05,1,Low,1day
2016-12-08,2.1198791728238575e-05,1,Low,1day
2016-12-09,1.4992429896665271e-05,1,Low,1day
2016-12-10,2.574401514721103e-05,1,Low,1day
2016-12-11,1.112883364839945e-05,1,Low,1day
2016-12-12,1.4795467905059922e-05,1,Low,1day
2016-12-13,1.7665975974523462e-05,1,Low,1day
2016-12-14,2.1699363060179166e-05,1,Low,1day
2016-12-15,2.3071543182595633e-05,1,Low,1day
2016-12-16,1.7292350094066933e-05,1,Low,1day
2016-12-17,1.638915819057729e-05,1,Low,1day
2016-12-18,1.7955602743313648e-05,1,Low,1day
2016-12-19,2.0134128135396168e-05,1,Low,1day
2016-12-20,1.656773929425981e-05,1,Low,1day
2016-12-21,1.6190344467759132e-05,1,Low,1day
2016-12-22,2.3186437829281203e-05,1,Low,1day
2016-12-23,2.6302452170057222e-05,1,Low,1day
2016-12-24,4.817908120458014e-05,1,Low,1day
2016-12-25,3.0505516406265087e-05,1,Low,1day
2016-12-26,3.66303174814675e-05,1,Low,1day
2016-12-27,3.2737934816395864e-05,1,Low,1day
2016-12-28,3.024980287591461e-05,1,Low,1day
2016-12-29,3.582926728995517e-05,1,Low,1day
2016-12-30,3.421895235078409e-05,1,Low,1day
2016-12-31,2.9352406272664666e-05,1,Low,1day
2017-01-01,2.799411777232308e-05,1,Low,1day
2017-01-02,3.282124089309946e-05,1,Low,1day
2017-01-03,2.1202551579335704e-05,1,Low,1day
2017-01-04,3.4077424061251804e-05,1,Low,1day
2017-01-05,3.581618511816487e-05,1,Low,1day
2017-01-06,6.415665848180652e-05,1,Low,1day
2017-01-07,8.469902240904048e-05,1,Low,1day
2017-01-08,3.070497768931091e-05,1,Low,1day
2017-01-09,4.0861210436560214e-05,1,Low,1day
2017-01-10,4.1007089748745784e-05,1,Low,1day
2017-01-11,3.442066008574329e-05,1,Low,1day
2017-01-12,1.7316460798610933e-05,1,Low,1day
2017-01-13,5.4644173360429704e-05,1,Low,1day
2017-01-14,0.00010114614269696176,1,Low,1day
2017-01-15,4.322953100199811e-05,1,Low,1day
2017-01-16,3.92145557270851e-05,1,Low,1day
2017-01-17,2.5634017219999805e-05,1,Low,1day
2017-01-18,2.8761673092958517e-05,1,Low,1day
2017-01-19,7.147010910557583e-05,1,Low,1day
2017-01-20,6.432107329601422e-05,1,Low,1day
2017-01-21,3.353933061589487e-05,1,Low,1day
2017-01-22,3.450426447670907e-05,1,Low,1day
2017-01-23,5.982245420455001e-05,1,Low,1day
2017-01-24,5.081156632513739e-05,1,Low,1day
2017-01-25,7.065416139084846e-05,1,Low,1day
2017-01-26,5.035898357164115e-05,1,Low,1day
2017-01-27,2.0420786313479766e-05,1,Low,1day
2017-01-28,1.964237162610516e-05,1,Low,1day
2017-01-29,4.1711497033247724e-05,1,Low,1day
2017-01-30,5.3895008022664115e-05,1,Low,1day
2017-01-31,3.056821515201591e-05,1,Low,1day
2017-02-01,1.7539134205435403e-05,1,Low,1day
2017-02-02,3.1322088034357876e-05,1,Low,1day
2017-02-03,6.438207492465153e-05,1,Low,1day
2017-02-04,0.00016825537022668868,1,Low,1day
2017-02-05,6.806637247791514e-05,1,Low,1day
2017-02-06,2.7723745006369427e-05,1,Low,1day
2017-02-07,2.9725822969339788e-05,1,Low,1day
2017-02-08,5.022972618462518e-05,1,Low,1day
2017-02-09,3.645985998446122e-05,1,Low,1day
2017-02-10,2.485716322553344e-05,1,Low,1day
2017-02-11,2.2918107788427733e-05,1,Low,1day
2017-02-12,2.9729391826549545e-05,1,Low,1day
2017-02-13,4.011339115095325e-05,1,Low,1day
2017-02-14,3.187019319739193e-05,1,Low,1day
2017-02-15,3.609928899095394e-05,1,Low,1day
2017-02-16,3.533053313731216e-05,1,Low,1day
2017-02-17,2.745571509876754e-05,1,Low,1day
2017-02-18,5.834142939420417e-05,1,Low,1day
2017-02-19,5.4011030442779884e-05,1,Low,1day
2017-02-20,4.374196214484982e-05,1,Low,1day
2017-02-21,2.964870145660825e-05,1,Low,1day
2017-02-22,2.437411603750661e-05,1,Low,1day
2017-02-23,2.0584948288160376e-05,1,Low,1day
2017-02-24,1.9153962057316676e-05,1,Low,1day
2017-02-25,2.094135561492294e-05,1,Low,1day
2017-02-26,2.3031951059238054e-05,1,Low,1day
2017-02-27,3.350822225911543e-05,1,Low,1day
2017-02-28,4.231846469338052e-05,1,Low,1day
2017-03-01,2.3932387193781324e-05,1,Low,1day
2017-03-02,2.01157799892826e-05,1,Low,1day
2017-03-03,1.7424932593712583e-05,1,Low,1day
2017-03-04,2.1265468603814952e-05,1,Low,1day
2017-03-05,1.3973095519759227e-05,1,Low,1day
2017-03-06,2.2254012947087176e-05,1,Low,1day
2017-03-07,4.267167241778225e-05,1,Low,1day
2017-03-08,3.0052842703298666e-05,1,Low,1day
2017-03-09,1.9975313989561982e-05,1,Low,1day
2017-03-10,4.424168946570717e-05,1,Low,1day
2017-03-11,5.0604550779098645e-05,1,Low,1day
2017-03-12,2.0201445295242593e-05,1,Low,1day
2017-03-13,2.8114618544350378e-05,1,Low,1day
2017-03-14,3.136402301606722e-05,1,Low,1day
2017-03-15,8.018199150683358e-05,1,Low,1day
2017-03-16,2.6562944185570814e-05,1,Low,1day
2017-03-17,1.6943149603321217e-05,1,Low,1day
2017-03-18,3.215051765437238e-05,1,Low,1day
2017-03-19,2.4254632080555893e-05,1,Low,1day
2017-03-20,2.5550620193826035e-05,1,Low,1day
2017-03-21,1.9573388271965086e-05,1,Low,1day
2017-03-22,1.5670364518882707e-05,1,Low,1day
2017-03-23,2.1980660676490515e-05,1,Low,1day
2017-03-24,1.1432675819378346e-05,1,Low,1day
2017-03-25,1.9322289517731406e-05,1,Low,1day
2017-03-26,1.6855396097525954e-05,1,Low,1day
2017-03-27,1.4081155313760974e-05,1,Low,1day
2017-03-28,1.9558556232368574e-05,1,Low,1day
2017-03-29,2.353750642214436e-05,1,Low,1day
2017-03-30,2.8294265575823374e-05,1,Low,1day
2017-03-31,2.369129470025655e-05,1,Low,1day
2017-04-01,1.7114722140831873e-05,1,Low,1day
2017-04-02,2.4615676011308096e-05,1,Low,1day
2017-04-03,1.2852318832301535e-05,1,Low,1day
2017-04-04,1.913384403451346e-05,1,Low,1day
2017-04-05,3.5487111745169386e-05,1,Low,1day
2017-04-06,5.224957931204699e-05,1,Low,1day
2017-04-07,2.3575270461151376e-05,1,Low,1day
2017-04-08,1.8954209735966288e-05,1,Low,1day
2017-04-09,1.674047416599933e-05,1,Low,1day
2017-04-10,3.378719338797964e-05,1,Low,1day
2017-04-11,0.00016124002286233008,1,Low,1day
2017-04-12,3.622547228587791e-05,1,Low,1day
2017-04-13,3.1375690014101565e-05,1,Low,1day
2017-04-14,2.484557444404345e-05,1,Low,1day
2017-04-15,2.8856456992798485e-05,1,Low,1day
2017-04-16,2.601353480713442e-05,1,Low,1day
2017-04-17,2.87862876575673e-05,1,Low,1day
2017-04-18,1.606525620445609e-05,1,Low,1day
2017-04-19,2.329277413082309e-05,1,Low,1day
2017-04-20,2.6496783902985044e-05,1,Low,1day
2017-04-21,3.499133890727535e-05,1,Low,1day
2017-04-22,4.68701146019157e-05,1,Low,1day
2017-04-23,3.3148979127872735e-05,1,Low,1day
2017-04-24,2.0839930584770627e-05,1,Low,1day
2017-04-25,1.846191480581183e-05,1,Low,1day
2017-04-26,1.6942954971455038e-05,1,Low,1day
2017-04-27,2.297896753589157e-05,1,Low,1day
2017-04-28,3.646378900157288e-05,1,Low,1day
2017-04-29,3.0794122721999884e-05,1,Low,1day
2017-04-30,2.240554749732837e-05,1,Low,1day
2017-05-01,1.9861949112964794e-05,1,Low,1day
2017-05-02,2.136197690560948e-05,1,Low,1day
2017-05-03,2.4717248379602097e-05,1,Low,1day
2017-05-04,1.7671383830020204e-05,1,Low,1day
2017-05-05,2.587379640317522e-05,1,Low,1day
2017-05-06,3.4719574614427984e-05,1,Low,1day
2017-05-07,3.1753123039379716e-05,1,Low,1day
2017-05-08,3.5425742680672556e-05,1,Low,1day
2017-05-09,4.615348734660074e-05,1,Low,1day
2017-05-10,3.679353176266886e-05,1,Low,1day
2017-05-11,3.229481808375567e-05,1,Low,1day
2017-05-12,4.544755211099982e-05,1,Low,1day
2017-05-13,4.563268885249272e-05,1,Low,1day
2017-05-14,4.101897866348736e-05,1,Low,1day
2017-05-15,4.556176645564847e-05,1,Low,1day
2017-05-16,5.116608372190967e-05,1,Low,1day
2017-05-17,4.006456947536208e-05,1,Low,1day
2017-05-18,3.436457336647436e-05,1,Low,1day
2017-05-19,5.491403499036096e-05,1,Low,1day
2017-05-20,7.602102414239198e-05,1,Low,1day
2017-05-21,5.897654773434624e-05,1,Low,1day
2017-05-22,6.52975431876257e-05,1,Low,1day
2017-05-23,8.791164873400703e-05,1,Low,1day
2017-05-24,5.014057023799978e-05,1,Low,1day
2017-05-25,4.519950380199589e-05,1,Low,1day
2017-05-26,3.077336441492662e-05,1,Low,1day
2017-05-27,2.653666160767898e-05,1,Low,1day
2017-05-28,4.321440064813942e-05,1,Low,1day
2017-05-29,4.763592733070254e-05,1,Low,1day
2017-05-30,3.886634294758551e-05,1,Low,1day
2017-05-31,6.521733303088695e-05,1,Low,1day
2017-06-01,4.0509192331228405e-05,1,Low,1day
2017-06-02,0.00011341213394189253,1,Low,1day
2017-06-03,8.566678297938779e-05,1,Low,1day
2017-06-04,5.030426837038249e-05,1,Low,1day
2017-06-05,5.702655835193582e-05,1,Low,1day
2017-06-06,6.552565901074558e-05,1,Low,1day
2017-06-07,6.54535906505771e-05,1,Low,1day
2017-06-08,0.00014818523777648807,1,Low,1day
2017-06-09,6.458031566580757e-05,1,Low,1day
2017-06-10,7.088590791681781e-05,1,Low,1day
2017-06-11,7.468687545042485e-05,1,Low,1day
2017-06-12,9.475130354985595e-05,1,Low,1day
2017-06-13,0.00016585698176641017,1,Low,1day
2017-06-14,3.496361750876531e-05,1,Low,1day
2017-06-15,4.527724377112463e-05,1,Low,1day
2017-06-16,7.058284245431423e-05,1,Low,1day
2017-06-17,9.05121851246804e-05,1,Low,1day
2017-06-18,0.0001817214215407148,1,Low,1day
2017-06-19,0.0001284385652979836,1,Low,1day
2017-06-20,0.0001727597409626469,1,Low,1day
2017-06-21,0.0007480678614228964,1,Low,1day
2017-06-22,0.000255585735430941,1,Low,1day
2017-06-23,0.0005299308686517179,1,Low,1day
2017-06-24,0.00032250903313979506,1,Low,1day
2017-06-25,0.0001599261158844456,1,Low,1day
2017-06-26,9.67009473242797e-05,1,Low,1day
2017-06-27,0.00036383781116455793,1,Low,1day
2017-06-28,0.0005776180769316852,1,Low,1day
2017-06-29,0.0005094259395264089,1,Low,1day
2017-06-30,0.002193212043493986,1,Low,1day
2017-07-01,0.000644099258352071,1,Low,1day
2017-07-02,0.0008447050931863487,1,Low,1day
2017-07-03,0.9928665161132812,4,Very High,1day
2017-07-04,0.08737959712743759,1,Low,1day
2017-07-05,0.0030118164140731096,1,Low,1day
2017-07-06,0.010278322733938694,1,Low,1day
2017-07-07,0.01522656250745058,1,Low,1day
2017-07-08,0.006028580013662577,1,Low,1day
2017-07-09,0.001914061838760972,1,Low,1day
2017-07-10,0.0005921235424466431,1,Low,1day
2017-07-11,0.03537120670080185,1,Low,1day
2017-07-12,0.9963586926460266,4,Very High,1day
2017-07-13,0.9983661770820618,4,Very High,1day
2017-07-14,0.9997690320014954,4,Very High,1day
2017-07-15,0.9998563528060913,4,Very High,1day
2017-07-16,0.9999047517776489,4,Very High,1day
2017-07-17,0.9999105930328369,4,Very High,1day
2017-07-18,0.9998235106468201,4,Very High,1day
2017-07-19,0.9996459484100342,4,Very High,1day
2017-07-20,0.9998633861541748,4,Very High,1day
2017-07-21,0.9998924732208252,4,Very High,1day
2017-07-22,0.9998855590820312,4,Very High,1day
2017-07-23,0.9998998641967773,4,Very High,1day
2017-07-24,0.9998955726623535,4,Very High,1day
2017-07-25,0.9998212456703186,4,Very High,1day
2017-07-26,0.9996641874313354,4,Very High,1day
2017-07-27,0.9998334646224976,4,Very High,1day
2017-07-28,0.9998138546943665,4,Very High,1day
2017-07-29,0.999887228012085,4,Very High,1day
2017-07-30,0.9990342855453491,4,Very High,1day
2017-07-31,0.0888642966747284,1,Low,1day
2017-08-01,0.05717545002698898,1,Low,1day
2017-08-02,0.9968795776367188,4,Very High,1day
2017-08-03,0.9995390176773071,4,Very High,1day
2017-08-04,0.9997674822807312,4,Very High,1day
2017-08-05,0.9998748302459717,4,Very High,1day
2017-08-06,0.9996668100357056,4,Very High,1day
2017-08-07,0.9995678067207336,4,Very High,1day
2017-08-08,0.999620795249939,4,Very High,1day
2017-08-09,0.9995282888412476,4,Very High,1day
2017-08-10,0.028751492500305176,1,Low,1day
2017-08-11,0.013925702311098576,1,Low,1day
2017-08-12,0.002216694410890341,1,Low,1day
2017-08-13,0.008358070626854897,1,Low,1day
2017-08-14,0.011005138978362083,1,Low,1day
2017-08-15,0.0013959974749013782,1,Low,1day
2017-08-16,0.004209351260215044,1,Low,1day
2017-08-17,0.016201715916395187,1,Low,1day
2017-08-18,0.009419986046850681,1,Low,1day
2017-08-19,0.00039375611231662333,1,Low,1day
2017-08-20,0.0003198695194441825,1,Low,1day
2017-08-21,0.0004774875706061721,1,Low,1day
2017-08-22,0.0008320639608427882,1,Low,1day
2017-08-23,0.00029683907632716,1,Low,1day
2017-08-24,0.00016023214266169816,1,Low,1day
2017-08-25,0.0002540660207159817,1,Low,1day
2017-08-26,0.0001212894931086339,1,Low,1day
2017-08-27,0.00031734173535369337,1,Low,1day
2017-08-28,5.355783650884405e-05,1,Low,1day
2017-08-29,0.00015401668497361243,1,Low,1day
2017-08-30,0.0026701500173658133,1,Low,1day
2017-08-31,0.003623733762651682,1,Low,1day
2017-09-01,0.0020116695668548346,1,Low,1day
2017-09-02,0.0003173378063365817,1,Low,1day
2017-09-03,0.0002802272792905569,1,Low,1day
2017-09-04,0.00046199170174077153,1,Low,1day
2017-09-05,0.0003906809724867344,1,Low,1day
2017-09-06,0.00012052925012540072,1,Low,1day
2017-09-07,3.393295264686458e-05,1,Low,1day
2017-09-08,6.999220931902528e-05,1,Low,1day
2017-09-09,2.012426011788193e-05,1,Low,1day
2017-09-10,1.7523852875456214e-05,1,Low,1day
2017-09-11,2.1739941075793467e-05,1,Low,1day
2017-09-12,5.019970194553025e-05,1,Low,1day
2017-09-13,4.7438545152544975e-05,1,Low,1day
2017-09-14,4.4133816118119285e-05,1,Low,1day
2017-09-15,5.1984530728077516e-05,1,Low,1day
2017-09-16,3.324540739413351e-05,1,Low,1day
2017-09-17,4.01088000216987e-05,1,Low,1day
2017-09-18,4.445619561010972e-05,1,Low,1day
2017-09-19,2.725629929045681e-05,1,Low,1day
2017-09-20,2.88712381006917e-05,1,Low,1day
2017-09-21,2.3721273464616388e-05,1,Low,1day
2017-09-22,2.9013992389081977e-05,1,Low,1day
2017-09-23,1.2514352420112118e-05,1,Low,1day
2017-09-24,1.1503831046866253e-05,1,Low,1day
2017-09-25,1.676792453508824e-05,1,Low,1day
2017-09-26,1.1329458175168838e-05,1,Low,1day
2017-09-27,1.4827603990852367e-05,1,Low,1day
2017-09-28,1.2187177162559237e-05,1,Low,1day
2017-09-29,1.1814158824563492e-05,1,Low,1day
2017-09-30,2.0631074221455492e-05,1,Low,1day
2017-10-01,2.1417725292849354e-05,1,Low,1day
2017-10-02,2.2037540475139394e-05,1,Low,1day
2017-10-03,1.5046141925267875e-05,1,Low,1day
2017-10-04,1.511618302174611e-05,1,Low,1day
2017-10-05,1.6823118130560033e-05,1,Low,1day
2017-10-06,3.304529673187062e-05,1,Low,1day
2017-10-07,2.8413644031388685e-05,1,Low,1day
2017-10-08,2.050409239018336e-05,1,Low,1day
2017-10-09,1.3272816431708634e-05,1,Low,1day
2017-10-10,1.2382140994304791e-05,1,Low,1day
2017-10-11,1.6855092326295562e-05,1,Low,1day
2017-10-12,2.455862886563409e-05,1,Low,1day
2017-10-13,1.7696916984277777e-05,1,Low,1day
2017-10-14,1.9117609554086812e-05,1,Low,1day
2017-10-15,2.474253051332198e-05,1,Low,1day
2017-10-16,2.382819729973562e-05,1,Low,1day
2017-10-17,2.7838965252158232e-05,1,Low,1day
2017-10-18,2.9028935387032107e-05,1,Low,1day
2017-10-19,2.4546754502807744e-05,1,Low,1day
2017-10-20,3.55291340383701e-05,1,Low,1day
2017-10-21,3.2346200896427035e-05,1,Low,1day
2017-10-22,2.7103373213321902e-05,1,Low,1day
2017-10-23,2.3280448658624664e-05,1,Low,1day
2017-10-24,3.27647321682889e-05,1,Low,1day
2017-10-25,3.071176979574375e-05,1,Low,1day
2017-10-26,2.01996535906801e-05,1,Low,1day
2017-10-27,2.7255444365437143e-05,1,Low,1day
2017-10-28,1.810098547139205e-05,1,Low,1day
2017-10-29,1.8432359865983017e-05,1,Low,1day
2017-10-30,2.0842036974499933e-05,1,Low,1day
2017-10-31,1.9379831428523175e-05,1,Low,1day
2017-11-01,1.3790459888696205e-05,1,Low,1day
2017-11-02,1.4007918252900708e-05,1,Low,1day
2017-11-03,1.8180322513217106e-05,1,Low,1day
2017-11-04,1.851992965384852e-05,1,Low,1day
2017-11-05,1.8207232642453164e-05,1,Low,1day
2017-11-06,1.6731200958020054e-05,1,Low,1day
2017-11-07,2.0763774955412373e-05,1,Low,1day
2017-11-08,2.1401432604761794e-05,1,Low,1day
2017-11-09,2.3973205315996893e-05,1,Low,1day
2017-11-10,1.7121283235610463e-05,1,Low,1day
2017-11-11,1.8583870769361965e-05,1,Low,1day
2017-11-12,1.657110442465637e-05,1,Low,1day
2017-11-13,4.311454176786356e-05,1,Low,1day
2017-11-14,5.5701522796880454e-05,1,Low,1day
2017-11-15,2.623898944875691e-05,1,Low,1day
2017-11-16,2.7935582693316974e-05,1,Low,1day
2017-11-17,3.102788105024956e-05,1,Low,1day
2017-11-18,2.358754863962531e-05,1,Low,1day
2017-11-19,2.9054306651232764e-05,1,Low,1day
2017-11-20,1.4410772564588115e-05,1,Low,1day
2017-11-21,1.4805672435613815e-05,1,Low,1day
2017-11-22,1.1318118595227133e-05,1,Low,1day
2017-11-23,1.1810712749138474e-05,1,Low,1day
2017-11-24,1.6940159184741788e-05,1,Low,1day
2017-11-25,1.95000375242671e-05,1,Low,1day
2017-11-26,2.2277603420661762e-05,1,Low,1day
2017-11-27,1.882178185041994e-05,1,Low,1day
2017-11-28,1.4427178030018695e-05,1,Low,1day
2017-11-29,1.6166430214070715e-05,1,Low,1day
2017-11-30,1.2221488759678323e-05,1,Low,1day
2017-12-01,1.2114059245504905e-05,1,Low,1day
2017-12-02,1.2979198800167069e-05,1,Low,1day
2017-12-03,1.6979447536868975e-05,1,Low,1day
2017-12-04,1.9360213627805933e-05,1,Low,1day
2017-12-05,3.935695713153109e-05,1,Low,1day
2017-12-06,2.178121758333873e-05,1,Low,1day
2017-12-07,3.1783933081896976e-05,1,Low,1day
2017-12-08,1.4575413842976559e-05,1,Low,1day
2017-12-09,1.1446814824012108e-05,1,Low,1day
2017-12-10,2.2553722374141216e-05,1,Low,1day
2017-12-11,3.5465596738504246e-05,1,Low,1day
2017-12-12,1.8636881577549502e-05,1,Low,1day
2017-12-13,1.174594581243582e-05,1,Low,1day
2017-12-14,1.9657098164316267e-05,1,Low,1day
2017-12-15,2.3216109184431843e-05,1,Low,1day
2017-12-16,3.1285726436180994e-05,1,Low,1day
2017-12-17,2.6435349354869686e-05,1,Low,1day
2017-12-18,5.0880273192888126e-05,1,Low,1day
2017-12-19,5.007601066608913e-05,1,Low,1day
2017-12-20,2.4957802452263422e-05,1,Low,1day
2017-12-21,3.358721369295381e-05,1,Low,1day
2017-12-22,3.720089443959296e-05,1,Low,1day
2017-12-23,3.813935109064914e-05,1,Low,1day
2017-12-24,3.818131153821014e-05,1,Low,1day
2017-12-25,3.073336119996384e-05,1,Low,1day
2017-12-26,1.3102956472721417e-05,1,Low,1day
2017-12-27,1.606291152711492e-05,1,Low,1day
2017-12-28,1.2911312296637334e-05,1,Low,1day
2017-12-29,1.6138226783368737e-05,1,Low,1day
2017-12-30,1.911717299662996e-05,1,Low,1day
2017-12-31,1.818033888412174e-05,1,Low,1day
2018-01-01,1.9083929146290757e-05,1,Low,1day
2018-01-02,9.810119081521407e-06,1,Low,1day
2018-01-03,1.1065008948207833e-05,1,Low,1day
2018-01-04,1.7425596524844877e-05,1,Low,1day
2018-01-05,1.271556902793236e-05,1,Low,1day
2018-01-06,1.3216103980084881e-05,1,Low,1day
2018-01-07,1.482734933233587e-05,1,Low,1day
2018-01-08,1.2078149666194804e-05,1,Low,1day
2018-01-09,1.6660824257996865e-05,1,Low,1day
2018-01-10,2.243045310024172e-05,1,Low,1day
2018-01-11,2.1388597815530375e-05,1,Low,1day
2018-01-12,2.0428751668077894e-05,1,Low,1day
2018-01-13,1.8714677935349755e-05,1,Low,1day
2018-01-14,1.9165656340192072e-05,1,Low,1day
2018-01-15,1.869136576715391e-05,1,Low,1day
2018-01-16,2.5130457288469188e-05,1,Low,1day
2018-01-17,3.226699118386023e-05,1,Low,1day
2018-01-18,1.8333326806896366e-05,1,Low,1day
2018-01-19,1.6920801499509253e-05,1,Low,1day
2018-01-20,1.829469510994386e-05,1,Low,1day
2018-01-21,1.538249671284575e-05,1,Low,1day
2018-01-22,1.9352792151039466e-05,1,Low,1day
2018-01-23,1.9251367120887153e-05,1,Low,1day
2018-01-24,1.4200663827068638e-05,1,Low,1day
2018-01-25,1.4952634955989197e-05,1,Low,1day
2018-01-26,1.7049818779923953e-05,1,Low,1day
2018-01-27,1.4912448023096658e-05,1,Low,1day
2018-01-28,1.2276718734938186e-05,1,Low,1day
2018-01-29,2.623869113449473e-05,1,Low,1day
2018-01-30,1.7422373275621794e-05,1,Low,1day
2018-01-31,2.13458279176848e-05,1,Low,1day
2018-02-01,2.055070217465982e-05,1,Low,1day
2018-02-02,1.6709116607671604e-05,1,Low,1day
2018-02-03,1.6953074009506963e-05,1,Low,1day
2018-02-04,1.6814152331789955e-05,1,Low,1day
2018-02-05,1.3605552339868154e-05,1,Low,1day
2018-02-06,1.42130074891611e-05,1,Low,1day
2018-02-07,1.59300871018786e-05,1,Low,1day
2018-02-08,1.3708089682040736e-05,1,Low,1day
2018-02-09,1.3252363714855164e-05,1,Low,1day
2018-02-10,1.2811105079890694e-05,1,Low,1day
2018-02-11,4.381974213174544e-05,1,Low,1day
2018-02-12,4.110097142984159e-05,1,Low,1day
2018-02-13,2.943894469353836e-05,1,Low,1day
2018-02-14,3.87972395401448e-05,1,Low,1day
2018-02-15,2.598157516331412e-05,1,Low,1day
2018-02-16,3.19670834869612e-05,1,Low,1day
2018-02-17,3.3673582947812974e-05,1,Low,1day
2018-02-18,3.829230627161451e-05,1,Low,1day
2018-02-19,2.698813477763906e-05,1,Low,1day
2018-02-20,3.56229065801017e-05,1,Low,1day
2018-02-21,2.254254104627762e-05,1,Low,1day
2018-02-22,2.8867716537206434e-05,1,Low,1day
2018-02-23,5.6491739087505266e-05,1,Low,1day
2018-02-24,5.637678623315878e-05,1,Low,1day
2018-02-25,5.894460991839878e-05,1,Low,1day
2018-02-26,5.610118023469113e-05,1,Low,1day
2018-02-27,4.852605707128532e-05,1,Low,1day
2018-02-28,2.5795574401854537e-05,1,Low,1day
2018-03-01,4.810112659470178e-05,1,Low,1day
2018-03-02,6.62662714603357e-05,1,Low,1day
2018-03-03,2.4017277610255405e-05,1,Low,1day
2018-03-04,1.7934024072019383e-05,1,Low,1day
2018-03-05,1.4935547369532287e-05,1,Low,1day
2018-03-06,1.364493709843373e-05,1,Low,1day
2018-03-07,1.7861790183815174e-05,1,Low,1day
2018-03-08,1.6935524399741553e-05,1,Low,1day
2018-03-09,2.2239755708142184e-05,1,Low,1day
2018-03-10,3.746241782209836e-05,1,Low,1day
2018-03-11,2.0413348465808667e-05,1,Low,1day
2018-03-12,2.029548522841651e-05,1,Low,1day
2018-03-13,2.80567128356779e-05,1,Low,1day
2018-03-14,3.058854053961113e-05,1,Low,1day
2018-03-15,3.458039282122627e-05,1,Low,1day
2018-03-16,2.623578802740667e-05,1,Low,1day
2018-03-17,1.4648696378571913e-05,1,Low,1day
2018-03-18,1.1249399904045276e-05,1,Low,1day
2018-03-19,2.6437519409228116e-05,1,Low,1day
2018-03-20,4.886034730589017e-05,1,Low,1day
2018-03-21,2.51416986429831e-05,1,Low,1day
2018-03-22,1.9351740775164217e-05,1,Low,1day
2018-03-23,2.487831807229668e-05,1,Low,1day
2018-03-24,1.5477791748708114e-05,1,Low,1day
2018-03-25,1.662841168581508e-05,1,Low,1day
2018-03-26,1.9345578039065003e-05,1,Low,1day
2018-03-27,1.8978538719238713e-05,1,Low,1day
2018-03-28,1.9361597878742032e-05,1,Low,1day
2018-03-29,1.9012775737792253e-05,1,Low,1day
2018-03-30,2.0656116248574108e-05,1,Low,1day
2018-03-31,2.0311050320742652e-05,1,Low,1day
2018-04-01,2.5205268684658222e-05,1,Low,1day
2018-04-02,3.3860091207316145e-05,1,Low,1day
2018-04-03,3.0710834835190326e-05,1,Low,1day
2018-04-04,3.677879794850014e-05,1,Low,1day
2018-04-05,5.307204264681786e-05,1,Low,1day
2018-04-06,2.894015415222384e-05,1,Low,1day
2018-04-07,3.7615634937537834e-05,1,Low,1day
2018-04-08,2.8542455766000785e-05,1,Low,1day
2018-04-09,4.926510155200958e-05,1,Low,1day
2018-04-10,8.038395026233047e-05,1,Low,1day
2018-04-11,3.930441016564146e-05,1,Low,1day
2018-04-12,2.6838322810363024e-05,1,Low,1day
2018-04-13,3.555974399205297e-05,1,Low,1day
2018-04-14,2.863954614440445e-05,1,Low,1day
2018-04-15,4.923823507851921e-05,1,Low,1day
2018-04-16,7.281495345523581e-05,1,Low,1day
2018-04-17,3.8429821870522574e-05,1,Low,1day
2018-04-18,5.900180258322507e-05,1,Low,1day
2018-04-19,4.595654900185764e-05,1,Low,1day
2018-04-20,2.947633583971765e-05,1,Low,1day
2018-04-21,2.0379968191264197e-05,1,Low,1day
2018-04-22,2.3443173631676473e-05,1,Low,1day
2018-04-23,3.2768231903901324e-05,1,Low,1day
2018-04-24,3.5928631405113265e-05,1,Low,1day
2018-04-25,4.76400600746274e-05,1,Low,1day
2018-04-26,4.148071093368344e-05,1,Low,1day
2018-04-27,4.3475305574247614e-05,1,Low,1day
2018-04-28,3.369549085618928e-05,1,Low,1day
2018-04-29,3.394282248336822e-05,1,Low,1day
2018-04-30,3.151351120322943e-05,1,Low,1day
2018-05-01,2.7902966394321993e-05,1,Low,1day
2018-05-02,2.5925022782757878e-05,1,Low,1day
2018-05-03,2.34056878980482e-05,1,Low,1day
2018-05-04,1.9168617654941045e-05,1,Low,1day
2018-05-05,4.598254963639192e-05,1,Low,1day
2018-05-06,5.731851706514135e-05,1,Low,1day
2018-05-07,4.7897163312882185e-05,1,Low,1day
2018-05-08,3.2707910577300936e-05,1,Low,1day
2018-05-09,3.1603554816683754e-05,1,Low,1day
2018-05-10,3.7956517189741135e-05,1,Low,1day
2018-05-11,5.7985893363365903e-05,1,Low,1day
2018-05-12,5.90430609008763e-05,1,Low,1day
2018-05-13,7.66050216043368e-05,1,Low,1day
2018-05-14,3.601161006372422e-05,1,Low,1day
2018-05-15,0.00011068176536355168,1,Low,1day
2018-05-16,6.818804831709713e-05,1,Low,1day
2018-05-17,4.336260099080391e-05,1,Low,1day
2018-05-18,4.717953925137408e-05,1,Low,1day
2018-05-19,4.021469794679433e-05,1,Low,1day
2018-05-20,4.467169856070541e-05,1,Low,1day
2018-05-21,4.98709014209453e-05,1,Low,1day
2018-05-22,3.426192415645346e-05,1,Low,1day
2018-05-23,4.016498860437423e-05,1,Low,1day
2018-05-24,3.6956345866201445e-05,1,Low,1day
2018-05-25,3.9826336433179677e-05,1,Low,1day
2018-05-26,3.4906683140434325e-05,1,Low,1day
2018-05-27,3.9021357224555686e-05,1,Low,1day
2018-05-28,8.334156154887751e-05,1,Low,1day
2018-05-29,5.010524546378292e-05,1,Low,1day
2018-05-30,2.9233207897050306e-05,1,Low,1day
2018-05-31,3.24921275023371e-05,1,Low,1day
2018-06-01,2.745794154179748e-05,1,Low,1day
2018-06-02,1.8845219528884627e-05,1,Low,1day
2018-06-03,3.624340388341807e-05,1,Low,1day
2018-06-04,4.6983292122604325e-05,1,Low,1day
2018-06-05,4.7431989514734596e-05,1,Low,1day
2018-06-06,3.2053441827883944e-05,1,Low,1day
2018-06-07,6.324053538264707e-05,1,Low,1day
2018-06-08,5.196484926273115e-05,1,Low,1day
2018-06-09,8.604675531387329e-05,1,Low,1day
2018-06-10,4.4928248826181516e-05,1,Low,1day
2018-06-11,0.00012297088687773794,1,Low,1day
2018-06-12,0.0001703868038021028,1,Low,1day
2018-06-13,4.423460268299095e-05,1,Low,1day
2018-06-14,0.0001388822274748236,1,Low,1day
2018-06-15,0.00011526614252943546,1,Low,1day
2018-06-16,0.0001557754585519433,1,Low,1day
2018-06-17,0.0001480022183386609,1,Low,1day
2018-06-18,0.000310540635837242,1,Low,1day
2018-06-19,0.00011759019253076985,1,Low,1day
2018-06-20,0.00011555657692952082,1,Low,1day
2018-06-21,0.00021797585941385478,1,Low,1day
2018-06-22,0.00012318049266468734,1,Low,1day
2018-06-23,9.251759183825925e-05,1,Low,1day
2018-06-24,8.262903429567814e-05,1,Low,1day
2018-06-25,0.00018189112597610801,1,Low,1day
2018-06-26,0.0002527651668060571,1,Low,1day
2018-06-27,0.0001588075392646715,1,Low,1day
2018-06-28,0.0002487894962541759,1,Low,1day
2018-06-29,0.0002662950137164444,1,Low,1day
2018-06-30,0.00029754513525404036,1,Low,1day
2018-07-01,0.0003408931370358914,1,Low,1day
2018-07-02,0.00047679507406428456,1,Low,1day
2018-07-03,0.0005230739479884505,1,Low,1day
2018-07-04,0.0005752166616730392,1,Low,1day
2018-07-05,0.0014120780397206545,1,Low,1day
2018-07-06,0.0008314722799696028,1,Low,1day
2018-07-07,0.0002047775633400306,1,Low,1day
2018-07-08,0.00018393989012110978,1,Low,1day
2018-07-09,8.660801540827379e-05,1,Low,1day
2018-07-10,0.00021060295694041997,1,Low,1day
2018-07-11,0.00014119737897999585,1,Low,1day
2018-07-12,0.00017565979214850813,1,Low,1day
2018-07-13,0.000103867678262759,1,Low,1day
2018-07-14,0.0010664601577445865,1,Low,1day
2018-07-15,0.0010158456861972809,1,Low,1day
2018-07-16,0.00119109102524817,1,Low,1day
2018-07-17,0.0020772507414221764,1,Low,1day
2018-07-18,0.001051493687555194,1,Low,1day
2018-07-19,0.0011173152597621083,1,Low,1day
2018-07-20,0.02022111602127552,1,Low,1day
2018-07-21,0.01351944264024496,1,Low,1day
2018-07-22,0.00035096550709567964,1,Low,1day
2018-07-23,0.00020484764536377043,1,Low,1day
2018-07-24,0.0007670543855056167,1,Low,1day
2018-07-25,0.006102491170167923,1,Low,1day
2018-07-26,0.047786738723516464,1,Low,1day
2018-07-27,0.027808615937829018,1,Low,1day
2018-07-28,0.06374622136354446,1,Low,1day
2018-07-29,0.9909606575965881,4,Very High,1day
2018-07-30,0.9959385395050049,4,Very High,1day
2018-07-31,0.11613012850284576,1,Low,1day
2018-08-01,0.004410197027027607,1,Low,1day
2018-08-02,0.004392473958432674,1,Low,1day
2018-08-03,0.0005760341300629079,1,Low,1day
2018-08-04,0.0001557738141855225,1,Low,1day
2018-08-05,0.00014502824342343956,1,Low,1day
2018-08-06,0.0001289962965529412,1,Low,1day
2018-08-07,0.00016407965449616313,1,Low,1day
2018-08-08,0.00024018625845201313,1,Low,1day
2018-08-09,0.0003159371262881905,1,Low,1day
2018-08-10,0.004319959785789251,1,Low,1day
2018-08-11,0.0009609345579519868,1,Low,1day
2018-08-12,0.00120457261800766,1,Low,1day
2018-08-13,0.0003645803371910006,1,Low,1day
2018-08-14,0.0002796734625007957,1,Low,1day
2018-08-15,0.0003974568680860102,1,Low,1day
2018-08-16,0.0003184403758496046,1,Low,1day
2018-08-17,0.00017993686196859926,1,Low,1day
2018-08-18,0.0014018573565408587,1,Low,1day
2018-08-19,0.0002730083360802382,1,Low,1day
2018-08-20,0.00018113652186002582,1,Low,1day
2018-08-21,0.00010641090193530545,1,Low,1day
2018-08-22,9.25942076719366e-05,1,Low,1day
2018-08-23,8.548350160708651e-05,1,Low,1day
2018-08-24,0.00010887614917010069,1,Low,1day
2018-08-25,0.0001825182989705354,1,Low,1day
2018-08-26,0.00012353573401924223,1,Low,1day
2018-08-27,0.0002079984697047621,1,Low,1day
2018-08-28,7.586090941913426e-05,1,Low,1day
2018-08-29,0.00011463686678325757,1,Low,1day
2018-08-30,4.7331632231362164e-05,1,Low,1day
2018-08-31,0.00017329676484223455,1,Low,1day
2018-09-01,0.00011814801837317646,1,Low,1day
2018-09-02,5.5588603572687134e-05,1,Low,1day
2018-09-03,4.769433871842921e-05,1,Low,1day
2018-09-04,2.3746148144709878e-05,1,Low,1day
2018-09-05,3.3544703910592943e-05,1,Low,1day
2018-09-06,2.3749000320094638e-05,1,Low,1day
2018-09-07,3.494175325613469e-05,1,Low,1day
2018-09-08,3.064573684241623e-05,1,Low,1day
2018-09-09,2.1642159481416456e-05,1,Low,1day
2018-09-10,2.303364271938335e-05,1,Low,1day
2018-09-11,2.7487205443321727e-05,1,Low,1day
2018-09-12,2.583508648967836e-05,1,Low,1day
2018-09-13,2.4021859644562937e-05,1,Low,1day
2018-09-14,3.157882019877434e-05,1,Low,1day
2018-09-15,2.215233507740777e-05,1,Low,1day
2018-09-16,0.00010350708907935768,1,Low,1day
2018-09-17,3.516981450957246e-05,1,Low,1day
2018-09-18,3.0612351110903546e-05,1,Low,1day
2018-09-19,2.1165440557524562e-05,1,Low,1day
2018-09-20,1.826951847760938e-05,1,Low,1day
2018-09-21,1.79776889126515e-05,1,Low,1day
2018-09-22,3.366732198628597e-05,1,Low,1day
2018-09-23,5.01935719512403e-05,1,Low,1day
2018-09-24,3.094098065048456e-05,1,Low,1day
2018-09-25,0.00017437798669561744,1,Low,1day
2018-09-26,0.000494777224957943,1,Low,1day
2018-09-27,0.00016089982818812132,1,Low,1day
2018-09-28,4.505778633756563e-05,1,Low,1day
2018-09-29,1.656274798733648e-05,1,Low,1day
2018-09-30,1.7345400920021348e-05,1,Low,1day
2018-10-01,2.295973536092788e-05,1,Low,1day
2018-10-02,1.4161444596538786e-05,1,Low,1day
2018-10-03,1.785768472473137e-05,1,Low,1day
2018-10-04,1.570839958731085e-05,1,Low,1day
2018-10-05,1.5978957890183665e-05,1,Low,1day
2018-10-06,1.8668564734980464e-05,1,Low,1day
2018-10-07,2.535701059969142e-05,1,Low,1day
2018-10-08,3.993468635599129e-05,1,Low,1day
2018-10-09,3.335480869282037e-05,1,Low,1day
2018-10-10,1.7907652363646775e-05,1,Low,1day
2018-10-11,1.9864524801960215e-05,1,Low,1day
2018-10-12,1.6685740774846636e-05,1,Low,1day
2018-10-13,1.785511449270416e-05,1,Low,1day
2018-10-14,2.4633050998090766e-05,1,Low,1day
2018-10-15,1.941895970958285e-05,1,Low,1day
2018-10-16,2.5372930394951254e-05,1,Low,1day
2018-10-17,2.308741386514157e-05,1,Low,1day
2018-10-18,2.402619065833278e-05,1,Low,1day
2018-10-19,2.655463686096482e-05,1,Low,1day
2018-10-20,1.936627086251974e-05,1,Low,1day
2018-10-21,2.00311878870707e-05,1,Low,1day
2018-10-22,1.9336797777214088e-05,1,Low,1day
2018-10-23,2.027406844717916e-05,1,Low,1day
2018-10-24,2.7387934096623212e-05,1,Low,1day
2018-10-25,2.583173591119703e-05,1,Low,1day
2018-10-26,3.318168091936968e-05,1,Low,1day
2018-10-27,2.9142049243091606e-05,1,Low,1day
2018-10-28,2.5708686735015363e-05,1,Low,1day
2018-10-29,2.4090337319648825e-05,1,Low,1day
2018-10-30,2.305014459125232e-05,1,Low,1day
2018-10-31,2.1186058802413754e-05,1,Low,1day
2018-11-01,2.710817898332607e-05,1,Low,1day
2018-11-02,2.3520318791270256e-05,1,Low,1day
2018-11-03,2.3009866708889604e-05,1,Low,1day
2018-11-04,3.607478356570937e-05,1,Low,1day
2018-11-05,2.1443251171149313e-05,1,Low,1day
2018-11-06,1.8630502381711267e-05,1,Low,1day
2018-11-07,2.5170054868794978e-05,1,Low,1day
2018-11-08,3.175739402649924e-05,1,Low,1day
2018-11-09,2.290774864377454e-05,1,Low,1day
2018-11-10,3.1234063499141484e-05,1,Low,1day
2018-11-11,2.2305855964077637e-05,1,Low,1day
2018-11-12,2.1697667762055062e-05,1,Low,1day
2018-11-13,3.525947977323085e-05,1,Low,1day
2018-11-14,1.8873744920711033e-05,1,Low,1day
2018-11-15,2.3992921342141926e-05,1,Low,1day
2018-11-16,2.968380977108609e-05,1,Low,1day
2018-11-17,2.801879782055039e-05,1,Low,1day
2018-11-18,2.1667106921086088e-05,1,Low,1day
2018-11-19,2.1847559764864855e-05,1,Low,1day
2018-11-20,2.1870844648219645e-05,1,Low,1day
2018-11-21,2.9800270567648113e-05,1,Low,1day
2018-11-22,2.406625026196707e-05,1,Low,1day
2018-11-23,1.81886807695264e-05,1,Low,1day
2018-11-24,2.222305010946002e-05,1,Low,1day
2018-11-25,2.80776439467445e-05,1,Low,1day
2018-11-26,1.3101694094075356e-05,1,Low,1day
2018-11-27,1.3849608876626007e-05,1,Low,1day
2018-11-28,1.4734611795574892e-05,1,Low,1day
2018-11-29,1.3442736417346168e-05,1,Low,1day
2018-11-30,1.4414554243558086e-05,1,Low,1day
2018-12-01,1.7915665011969395e-05,1,Low,1day
2018-12-02,1.2464886822272092e-05,1,Low,1day
2018-12-03,1.3161392416805029e-05,1,Low,1day
2018-12-04,1.404376689606579e-05,1,Low,1day
2018-12-05,1.6373473044950515e-05,1,Low,1day
2018-12-06,1.6820391465444118e-05,1,Low,1day
2018-12-07,1.3100119758746587e-05,1,Low,1day
2018-12-08,1.873508699645754e-05,1,Low,1day
2018-12-09,1.3836685866408516e-05,1,Low,1day
2018-12-10,1.5288664144463837e-05,1,Low,1day
2018-12-11,1.557112227601465e-05,1,Low,1day
2018-12-12,1.78329737536842e-05,1,Low,1day
2018-12-13,1.827232335926965e-05,1,Low,1day
2018-12-14,2.432305336697027e-05,1,Low,1day
2018-12-15,3.521881808410399e-05,1,Low,1day
2018-12-16,3.284779450041242e-05,1,Low,1day
2018-12-17,2.760894494713284e-05,1,Low,1day
2018-12-18,2.279501859447919e-05,1,Low,1day
2018-12-19,1.8809525499818847e-05,1,Low,1day
2018-12-20,2.5726170861162245e-05,1,Low,1day
2018-12-21,3.1200601370073855e-05,1,Low,1day
2018-12-22,2.7197955205338076e-05,1,Low,1day
2018-12-23,2.875986319850199e-05,1,Low,1day
2018-12-24,2.4354179913643748e-05,1,Low,1day
2018-12-25,2.9061760869808495e-05,1,Low,1day
2018-12-26,2.853869773389306e-05,1,Low,1day
2018-12-27,2.4149547243723646e-05,1,Low,1day
2018-12-28,2.5132039809250273e-05,1,Low,1day
2018-12-29,2.0934745407430455e-05,1,Low,1day
2018-12-30,2.8729164114338346e-05,1,Low,1day
2018-12-31,2.432256587781012e-05,1,Low,1day
2019-01-01,4.3398096750024706e-05,1,Low,1day
2019-01-02,2.8023448976455256e-05,1,Low,1day
2019-01-03,1.964427974598948e-05,1,Low,1day
2019-01-04,2.2696667656418867e-05,1,Low,1day
2019-01-05,1.957824315468315e-05,1,Low,1day
2019-01-06,2.832655627571512e-05,1,Low,1day
2019-01-07,3.3613490813877434e-05,1,Low,1day
2019-01-08,2.4663420845172368e-05,1,Low,1day
2019-01-09,2.0771338313352317e-05,1,Low,1day
2019-01-10,2.5514973458484747e-05,1,Low,1day
2019-01-11,3.5613706131698564e-05,1,Low,1day
2019-01-12,2.7753978429245763e-05,1,Low,1day
2019-01-13,2.9921096938778646e-05,1,Low,1day
2019-01-14,3.181077045155689e-05,1,Low,1day
2019-01-15,2.545370443840511e-05,1,Low,1day
2019-01-16,2.849464181053918e-05,1,Low,1day
2019-01-17,3.454799298197031e-05,1,Low,1day
2019-01-18,5.334741945262067e-05,1,Low,1day
2019-01-19,5.665450225933455e-05,1,Low,1day
2019-01-20,7.604364509461448e-05,1,Low,1day
2019-01-21,9.117974695982412e-05,1,Low,1day
2019-01-22,6.447140913223848e-05,1,Low,1day
2019-01-23,3.574913353077136e-05,1,Low,1day
2019-01-24,3.643834497779608e-05,1,Low,1day
2019-01-25,4.120768062421121e-05,1,Low,1day
2019-01-26,6.180175842018798e-05,1,Low,1day
2019-01-27,3.9086942706489936e-05,1,Low,1day
2019-01-28,3.5906676203012466e-05,1,Low,1day
2019-01-29,3.4505683288443834e-05,1,Low,1day
2019-01-30,4.668254405260086e-05,1,Low,1day
2019-01-31,5.162759043741971e-05,1,Low,1day
2019-02-01,6.168924301164225e-05,1,Low,1day
2019-02-02,6.09800626989454e-05,1,Low,1day
2019-02-03,4.621263360604644e-05,1,Low,1day
2019-02-04,0.00011196046398254111,1,Low,1day
2019-02-05,0.00014142942382022738,1,Low,1day
2019-02-06,7.875808660173789e-05,1,Low,1day
2019-02-07,6.819182453909889e-05,1,Low,1day
2019-02-08,3.3118831197498366e-05,1,Low,1day
2019-02-09,3.095101419603452e-05,1,Low,1day
2019-02-10,4.277108018868603e-05,1,Low,1day
2019-02-11,8.332542347488925e-05,1,Low,1day
2019-02-12,6.63713799440302e-05,1,Low,1day
2019-02-13,8.956396050052717e-05,1,Low,1day
2019-02-14,5.9959875216009095e-05,1,Low,1day
2019-02-15,3.932252002414316e-05,1,Low,1day
2019-02-16,3.60398153134156e-05,1,Low,1day
2019-02-17,8.254366548499092e-05,1,Low,1day
2019-02-18,0.00015162289491854608,1,Low,1day
2019-02-19,6.20421560597606e-05,1,Low,1day
2019-02-20,7.417018059641123e-05,1,Low,1day
2019-02-21,8.35536266095005e-05,1,Low,1day
2019-02-22,6.754785135854036e-05,1,Low,1day
2019-02-23,5.655032873619348e-05,1,Low,1day
2019-02-24,0.00011946544691454619,1,Low,1day
2019-02-25,5.0744452892104164e-05,1,Low,1day
2019-02-26,4.116659692954272e-05,1,Low,1day
2019-02-27,2.6886740670306608e-05,1,Low,1day
2019-02-28,4.0354843804379925e-05,1,Low,1day
2019-03-01,7.921656651888043e-05,1,Low,1day
2019-03-02,0.00010020828631240875,1,Low,1day
2019-03-03,5.7262244808953255e-05,1,Low,1day
2019-03-04,4.624331631930545e-05,1,Low,1day
2019-03-05,2.4495451725670137e-05,1,Low,1day
2019-03-06,7.113510218914598e-05,1,Low,1day
2019-03-07,4.4688913476420566e-05,1,Low,1day
2019-03-08,3.004499194503296e-05,1,Low,1day
2019-03-09,3.8737940485589206e-05,1,Low,1day
2019-03-10,7.46430887375027e-05,1,Low,1day
2019-03-11,3.39037760568317e-05,1,Low,1day
2019-03-12,4.029447154607624e-05,1,Low,1day
2019-03-13,0.00011013072798959911,1,Low,1day
2019-03-14,4.526951306615956e-05,1,Low,1day
2019-03-15,2.385036350460723e-05,1,Low,1day
2019-03-16,5.2953393606003374e-05,1,Low,1day
2019-03-17,3.351109990035184e-05,1,Low,1day
2019-03-18,6.373060750775039e-05,1,Low,1day
2019-03-19,2.916581797762774e-05,1,Low,1day
2019-03-20,1.886298559838906e-05,1,Low,1day
2019-03-21,2.5710940462886356e-05,1,Low,1day
2019-03-22,3.996485975221731e-05,1,Low,1day
2019-03-23,2.4293265596497804e-05,1,Low,1day
2019-03-24,3.441872104303911e-05,1,Low,1day
2019-03-25,1.37851739054895e-05,1,Low,1day
2019-03-26,1.2039256034768187e-05,1,Low,1day
2019-03-27,1.4785468010813929e-05,1,Low,1day
2019-03-28,1.970193443412427e-05,1,Low,1day
2019-03-29,2.1234218365862034e-05,1,Low,1day
2019-03-30,1.9216095097362995e-05,1,Low,1day
2019-03-31,1.9836110368487425e-05,1,Low,1day
2019-04-01,1.8354739950154908e-05,1,Low,1day
2019-04-02,1.7592605217942037e-05,1,Low,1day
2019-04-03,2.0236479031154886e-05,1,Low,1day
2019-04-04,1.873700057331007e-05,1,Low,1day
2019-04-05,2.7217782189836726e-05,1,Low,1day
2019-04-06,2.303515975654591e-05,1,Low,1day
2019-04-07,2.8242910047993064e-05,1,Low,1day
2019-04-08,2.8887103326269425e-05,1,Low,1day
2019-04-09,2.026084803219419e-05,1,Low,1day
2019-04-10,2.4186190785258077e-05,1,Low,1day
2019-04-11,5.2893938118359074e-05,1,Low,1day
2019-04-12,5.3129770094528794e-05,1,Low,1day
2019-04-13,6.483089964604005e-05,1,Low,1day
2019-04-14,6.65680636302568e-05,1,Low,1day
2019-04-15,7.164787530200556e-05,1,Low,1day
2019-04-16,9.049794607562944e-05,1,Low,1day
2019-04-17,4.811030157725327e-05,1,Low,1day
2019-04-18,2.666044565557968e-05,1,Low,1day
2019-04-19,2.6812869691639207e-05,1,Low,1day
2019-04-20,3.6211346014169976e-05,1,Low,1day
2019-04-21,4.1860053897835314e-05,1,Low,1day
2019-04-22,3.122462294413708e-05,1,Low,1day
2019-04-23,2.5895396902342327e-05,1,Low,1day
2019-04-24,3.506031498545781e-05,1,Low,1day
2019-04-25,5.4632237151963636e-05,1,Low,1day
2019-04-26,3.0336412237375043e-05,1,Low,1day
2019-04-27,2.1817118977196515e-05,1,Low,1day
2019-04-28,2.1758232833235525e-05,1,Low,1day
2019-04-29,2.632626456033904e-05,1,Low,1day
2019-04-30,1.9206367142032832e-05,1,Low,1day
2019-05-01,1.5264449757523835e-05,1,Low,1day
2019-05-02,1.875553971331101e-05,1,Low,1day
2019-05-03,1.6028359823394567e-05,1,Low,1day
2019-05-04,1.9055632947129197e-05,1,Low,1day
2019-05-05,2.1021271095378324e-05,1,Low,1day
2019-05-06,2.1759997252956964e-05,1,Low,1day
2019-05-07,2.061138911813032e-05,1,Low,1day
2019-05-08,2.2951919163460843e-05,1,Low,1day
2019-05-09,2.4254930394818075e-05,1,Low,1day
2019-05-10,2.051692172244657e-05,1,Low,1day
2019-05-11,1.5741285096737556e-05,1,Low,1day
2019-05-12,3.519558231346309e-05,1,Low,1day
2019-05-13,3.043690958293155e-05,1,Low,1day
2019-05-14,3.734143319888972e-05,1,Low,1day
2019-05-15,5.967448669252917e-05,1,Low,1day
2019-05-16,8.907727169571444e-05,1,Low,1day
2019-05-17,0.00014541082782670856,1,Low,1day
2019-05-18,3.723880217876285e-05,1,Low,1day
2019-05-19,7.252943760249764e-05,1,Low,1day
2019-05-20,5.403761679190211e-05,1,Low,1day
2019-05-21,5.559538840316236e-05,1,Low,1day
2019-05-22,7.121444650692865e-05,1,Low,1day
2019-05-23,0.00010170128371100873,1,Low,1day
2019-05-24,3.8732952816644683e-05,1,Low,1day
2019-05-25,3.4663331462070346e-05,1,Low,1day
2019-05-26,2.5567829652572982e-05,1,Low,1day
2019-05-27,2.123685226251837e-05,1,Low,1day
2019-05-28,2.534209670557175e-05,1,Low,1day
2019-05-29,2.5257360903196968e-05,1,Low,1day
2019-05-30,3.6039986298419535e-05,1,Low,1day
2019-05-31,3.3606022043386474e-05,1,Low,1day
2019-06-01,2.7434280127636157e-05,1,Low,1day
2019-06-02,2.833698454196565e-05,1,Low,1day
2019-06-03,4.15071081079077e-05,1,Low,1day
2019-06-04,4.212246130919084e-05,1,Low,1day
2019-06-05,3.1272691558115184e-05,1,Low,1day
2019-06-06,3.140320040984079e-05,1,Low,1day
2019-06-07,2.983314152515959e-05,1,Low,1day
2019-06-08,2.8003145416732877e-05,1,Low,1day
2019-06-09,3.257505886722356e-05,1,Low,1day
2019-06-10,4.401117257657461e-05,1,Low,1day
2019-06-11,4.528389035840519e-05,1,Low,1day
2019-06-12,5.4722029744880274e-05,1,Low,1day
2019-06-13,4.576957871904597e-05,1,Low,1day
2019-06-14,9.323310951003805e-05,1,Low,1day
2019-06-15,0.00018845069280359894,1,Low,1day
2019-06-16,9.636266622692347e-05,1,Low,1day
2019-06-17,9.080179006559774e-05,1,Low,1day
2019-06-18,0.0003539676545187831,1,Low,1day
2019-06-19,0.00025772760272957385,1,Low,1day
2019-06-20,0.0003188805712852627,1,Low,1day
2019-06-21,0.00025050732074305415,1,Low,1day
2019-06-22,0.00012261318624950945,1,Low,1day
2019-06-23,0.00016395798593293875,1,Low,1day
2019-06-24,0.00015499508299399167,1,Low,1day
2019-06-25,0.0001695151295280084,1,Low,1day
2019-06-26,0.00021272420417517424,1,Low,1day
2019-06-27,0.0002682106278371066,1,Low,1day
2019-06-28,0.0003308478044345975,1,Low,1day
2019-06-29,0.000271931552561,1,Low,1day
2019-06-30,0.00027102124295197427,1,Low,1day
2019-07-01,9.160102490568534e-05,1,Low,1day
2019-07-02,0.00020554495858959854,1,Low,1day
2019-07-03,0.00014306916273199022,1,Low,1day
2019-07-04,0.00015289221482817084,1,Low,1day
2019-07-05,0.0001574017369421199,1,Low,1day
2019-07-06,0.00026190801872871816,1,Low,1day
2019-07-07,0.0003614396264310926,1,Low,1day
2019-07-08,0.0007064425735734403,1,Low,1day
2019-07-09,0.0011101395357400179,1,Low,1day
2019-07-10,0.0003754147910512984,1,Low,1day
2019-07-11,0.0001398560852976516,1,Low,1day
2019-07-12,0.00021121629106346518,1,Low,1day
2019-07-13,0.00020010484149679542,1,Low,1day
2019-07-14,0.00023824372328817844,1,Low,1day
2019-07-15,0.8858533501625061,4,Very High,1day
2019-07-16,0.9139572978019714,4,Very High,1day
2019-07-17,0.9888471364974976,4,Very High,1day
2019-07-18,0.9983318448066711,4,Very High,1day
2019-07-19,0.9981087446212769,4,Very High,1day
2019-07-20,0.9987245202064514,4,Very High,1day
2019-07-21,0.9989952445030212,4,Very High,1day
2019-07-22,0.9987799525260925,4,Very High,1day
2019-07-23,0.9932613968849182,4,Very High,1day
2019-07-24,0.00975991040468216,1,Low,1day
2019-07-25,0.08578671514987946,1,Low,1day
2019-07-26,0.08282363414764404,1,Low,1day
2019-07-27,0.997542142868042,4,Very High,1day
2019-07-28,0.9826990365982056,4,Very High,1day
2019-07-29,0.999420166015625,4,Very High,1day
2019-07-30,0.9998608827590942,4,Very High,1day
2019-07-31,0.9997925162315369,4,Very High,1day
2019-08-01,0.9998496770858765,4,Very High,1day
2019-08-02,0.9999203681945801,4,Very High,1day
2019-08-03,0.9999164342880249,4,Very High,1day
2019-08-04,0.9998875856399536,4,Very High,1day
2019-08-05,0.999383807182312,4,Very High,1day
2019-08-06,0.9992154836654663,4,Very High,1day
2019-08-07,0.9995480179786682,4,Very High,1day
2019-08-08,0.9996378421783447,4,Very High,1day
2019-08-09,0.999653697013855,4,Very High,1day
2019-08-10,0.9990905523300171,4,Very High,1day
2019-08-11,0.9995793700218201,4,Very High,1day
2019-08-12,0.9995163679122925,4,Very High,1day
2019-08-13,0.9994390606880188,4,Very High,1day
2019-08-14,0.40474948287010193,2,Moderate,1day
2019-08-15,0.07164623588323593,1,Low,1day
2019-08-16,0.3289121091365814,2,Moderate,1day
2019-08-17,0.2931131422519684,2,Moderate,1day
2019-08-18,0.06373178958892822,1,Low,1day
2019-08-19,0.013690507039427757,1,Low,1day
2019-08-20,0.9888775944709778,4,Very High,1day
2019-08-21,0.9754505157470703,4,Very High,1day
2019-08-22,0.8348095417022705,4,Very High,1day
2019-08-23,0.27230241894721985,2,Moderate,1day
2019-08-24,0.10041879117488861,1,Low,1day
2019-08-25,0.20482280850410461,1,Low,1day
2019-08-26,0.003850927110761404,1,Low,1day
2019-08-27,0.0023020338267087936,1,Low,1day
2019-08-28,0.0011540992418304086,1,Low,1day
2019-08-29,0.00027280458016321063,1,Low,1day
2019-08-30,0.004831470549106598,1,Low,1day
2019-08-31,0.0003347607853356749,1,Low,1day
2019-09-01,0.0004030020209029317,1,Low,1day
2019-09-02,0.00037605559919029474,1,Low,1day
2019-09-03,0.0005896911607123911,1,Low,1day
2019-09-04,0.0005027115112170577,1,Low,1day
2019-09-05,0.0008007208816707134,1,Low,1day
2019-09-06,0.00014492262562271208,1,Low,1day
2019-09-07,0.00024442592984996736,1,Low,1day
2019-09-08,8.46429102239199e-05,1,Low,1day
2019-09-09,0.00019161411910317838,1,Low,1day
2019-09-10,0.00023469793086405843,1,Low,1day
2019-09-11,0.00031093551660887897,1,Low,1day
2019-09-12,0.00015015921962913126,1,Low,1day
2019-09-13,0.00020563766884151846,1,Low,1day
2019-09-14,9.635274182073772e-05,1,Low,1day
2019-09-15,7.685532909817994e-05,1,Low,1day
2019-09-16,5.120747664477676e-05,1,Low,1day
2019-09-17,5.117750333738513e-05,1,Low,1day
2019-09-18,2.8443737392080948e-05,1,Low,1day
2019-09-19,2.6574014555080794e-05,1,Low,1day
2019-09-20,3.3538948628120124e-05,1,Low,1day
2019-09-21,4.23621095251292e-05,1,Low,1day
2019-09-22,5.950225386186503e-05,1,Low,1day
2019-09-23,3.7417466955957934e-05,1,Low,1day
2019-09-24,5.114622399560176e-05,1,Low,1day
2019-09-25,6.59464712953195e-05,1,Low,1day
2019-09-26,4.513334351941012e-05,1,Low,1day
2019-09-27,5.204400440561585e-05,1,Low,1day
2019-09-28,0.00011246100621065125,1,Low,1day
2019-09-29,0.00030990090453997254,1,Low,1day
2019-09-30,0.0001474697346566245,1,Low,1day
2019-10-01,0.00018882393487729132,1,Low,1day
2019-10-02,0.00014479071251116693,1,Low,1day
2019-10-03,0.0005554063827730715,1,Low,1day
2019-10-04,0.00019673600036185235,1,Low,1day
2019-10-05,0.00013380528253037483,1,Low,1day
2019-10-06,8.165797044057399e-05,1,Low,1day
2019-10-07,6.413744995370507e-05,1,Low,1day
2019-10-08,6.268532888498157e-05,1,Low,1day
2019-10-09,3.7787169276271015e-05,1,Low,1day
2019-10-10,3.291929169790819e-05,1,Low,1day
2019-10-11,1.7994876543525606e-05,1,Low,1day
2019-10-12,3.0540388252120465e-05,1,Low,1day
2019-10-13,1.711264849291183e-05,1,Low,1day
2019-10-14,1.4267410733737051e-05,1,Low,1day
2019-10-15,1.8187258319812827e-05,1,Low,1day
2019-10-16,1.8296246707905084e-05,1,Low,1day
2019-10-17,1.9079454432358034e-05,1,Low,1day
2019-10-18,2.4873001166270114e-05,1,Low,1day
2019-10-19,2.3548105673398823e-05,1,Low,1day
2019-10-20,2.6999097826774232e-05,1,Low,1day
2019-10-21,2.8680025934590958e-05,1,Low,1day
2019-10-22,3.287922663730569e-05,1,Low,1day
2019-10-23,2.1528696379391477e-05,1,Low,1day
2019-10-24,2.136594775947742e-05,1,Low,1day
2019-10-25,2.5169934815494344e-05,1,Low,1day
2019-10-26,3.485745037323795e-05,1,Low,1day
2019-10-27,2.9545681172749028e-05,1,Low,1day
2019-10-28,4.2273124563507736e-05,1,Low,1day
2019-10-29,4.048914343002252e-05,1,Low,1day
2019-10-30,4.477922266232781e-05,1,Low,1day
2019-10-31,5.52049714315217e-05,1,Low,1day
2019-11-01,2.8485133952926844e-05,1,Low,1day
2019-11-02,4.924857057631016e-05,1,Low,1day
2019-11-03,3.216247569071129e-05,1,Low,1day
2019-11-04,3.274686241638847e-05,1,Low,1day
2019-11-05,3.00831779895816e-05,1,Low,1day
2019-11-06,8.190386142814532e-05,1,Low,1day
2019-11-07,4.928093767375685e-05,1,Low,1day
2019-11-08,5.376134504331276e-05,1,Low,1day
2019-11-09,3.735642894753255e-05,1,Low,1day
2019-11-10,2.423821388219949e-05,1,Low,1day
2019-11-11,3.132450729026459e-05,1,Low,1day
2019-11-12,6.785302684875205e-05,1,Low,1day
2019-11-13,4.5442007831297815e-05,1,Low,1day
2019-11-14,8.460465323878452e-05,1,Low,1day
2019-11-15,6.8551795266103e-05,1,Low,1day
2019-11-16,7.501350046368316e-05,1,Low,1day
2019-11-17,2.8229069357621484e-05,1,Low,1day
2019-11-18,2.063019019260537e-05,1,Low,1day
2019-11-19,4.8979818529915065e-05,1,Low,1day
2019-11-20,5.26928088220302e-05,1,Low,1day
2019-11-21,3.3495092793600634e-05,1,Low,1day
2019-11-22,4.167130100540817e-05,1,Low,1day
2019-11-23,2.7331834644428454e-05,1,Low,1day
2019-11-24,1.4387620467459783e-05,1,Low,1day
2019-11-25,1.702973349893e-05,1,Low,1day
2019-11-26,3.1721676350571215e-05,1,Low,1day
2019-11-27,2.6040612283395603e-05,1,Low,1day
2019-11-28,1.881959178717807e-05,1,Low,1day
2019-11-29,2.251497789984569e-05,1,Low,1day
2019-11-30,3.237181590520777e-05,1,Low,1day
2019-12-01,2.3485667043132707e-05,1,Low,1day
2019-12-02,1.4333594663185067e-05,1,Low,1day
2019-12-03,1.2795891052519437e-05,1,Low,1day
2019-12-04,1.9827049982268363e-05,1,Low,1day
2019-12-05,2.492369821993634e-05,1,Low,1day
2019-12-06,1.705303839116823e-05,1,Low,1day
2019-12-07,2.177143505832646e-05,1,Low,1day
2019-12-08,2.9705275665037334e-05,1,Low,1day
2019-12-09,3.327424201415852e-05,1,Low,1day
2019-12-10,3.547178494045511e-05,1,Low,1day
2019-12-11,4.304511094233021e-05,1,Low,1day
2019-12-12,0.00010725604079198092,1,Low,1day
2019-12-13,3.484395710984245e-05,1,Low,1day
2019-12-14,3.015763286384754e-05,1,Low,1day
2019-12-15,4.026957685709931e-05,1,Low,1day
2019-12-16,4.9167716497322544e-05,1,Low,1day
2019-12-17,9.137324377661571e-05,1,Low,1day
2019-12-18,4.212298517813906e-05,1,Low,1day
2019-12-19,7.064196688588709e-05,1,Low,1day
2019-12-20,5.400052759796381e-05,1,Low,1day
2019-12-21,3.7896585126873106e-05,1,Low,1day
2019-12-22,6.817043322371319e-05,1,Low,1day
2019-12-23,4.348965376266278e-05,1,Low,1day
2019-12-24,3.364456642884761e-05,1,Low,1day
2019-12-25,6.682240928057581e-05,1,Low,1day
2019-12-26,2.1177856979193166e-05,1,Low,1day
2019-12-27,1.8199456462753005e-05,1,Low,1day
2019-12-28,2.1058873244328424e-05,1,Low,1day
2019-12-29,3.1196585041470826e-05,1,Low,1day
2019-12-30,2.4983975890791044e-05,1,Low,1day
2019-12-31,2.8707361707347445e-05,1,Low,1day
2021-01-14,4.127288775634952e-05,1,Low,1day
2021-01-15,4.199371687718667e-05,1,Low,1day
2021-01-16,3.5680739529198036e-05,1,Low,1day
2021-01-17,2.933449468400795e-05,1,Low,1day
2021-01-18,3.8232577935559675e-05,1,Low,1day
2021-01-19,2.8190654120408e-05,1,Low,1day
2021-01-20,2.007040529861115e-05,1,Low,1day
2021-01-21,4.39587420260068e-05,1,Low,1day
2021-01-22,5.449009040603414e-05,1,Low,1day
2021-01-23,5.46890587429516e-05,1,Low,1day
2021-01-24,2.1395024305093102e-05,1,Low,1day
2021-01-25,2.510269587219227e-05,1,Low,1day
2021-01-26,1.7119064068538137e-05,1,Low,1day
2021-01-27,1.52740758494474e-05,1,Low,1day
2021-01-28,1.6273532310151495e-05,1,Low,1day
2021-01-29,1.4197305972629692e-05,1,Low,1day
2021-01-30,1.1529311450431123e-05,1,Low,1day
2021-01-31,1.1727946912287734e-05,1,Low,1day
2021-02-01,1.0914385711657815e-05,1,Low,1day
2021-02-02,1.341721053904621e-05,1,Low,1day
2021-02-03,1.4967828064982314e-05,1,Low,1day
2021-02-04,1.2675698599196039e-05,1,Low,1day
2021-02-05,1.9663099010358565e-05,1,Low,1day
2021-02-06,1.758272628649138e-05,1,Low,1day
2021-02-07,1.707036790321581e-05,1,Low,1day
2021-02-08,1.9734296074602753e-05,1,Low,1day
2021-02-09,2.3925220375531353e-05,1,Low,1day
2021-02-10,1.5874262317083776e-05,1,Low,1day
2021-02-11,1.398648146277992e-05,1,Low,1day
2021-02-12,1.3806289643980563e-05,1,Low,1day
2021-02-13,2.0888341168756597e-05,1,Low,1day
2021-02-14,2.177365604438819e-05,1,Low,1day
2021-02-15,2.257625419588294e-05,1,Low,1day
2021-02-16,1.8781258404487744e-05,1,Low,1day
2021-02-17,2.0853329260717146e-05,1,Low,1day
2021-02-18,2.075474549201317e-05,1,Low,1day
2021-02-19,1.837388117564842e-05,1,Low,1day
2021-02-20,1.4097279745328706e-05,1,Low,1day
2021-02-21,1.2881204384029843e-05,1,Low,1day
2021-02-22,2.196978311985731e-05,1,Low,1day
2021-02-23,2.1437854229588993e-05,1,Low,1day
2021-02-24,1.7369568013236858e-05,1,Low,1day
2021-02-25,1.8415859813103452e-05,1,Low,1day
2021-02-26,1.384588631481165e-05,1,Low,1day
2021-02-27,1.3734784261032473e-05,1,Low,1day
2021-02-28,1.206545130116865e-05,1,Low,1day
2021-03-01,1.2308863915677648e-05,1,Low,1day
2021-03-02,1.6737712940084748e-05,1,Low,1day
2021-03-03,1.3592026334663387e-05,1,Low,1day
2021-03-04,1.3312798728293274e-05,1,Low,1day
2021-03-05,1.4769317203899845e-05,1,Low,1day
2021-03-06,1.633407737244852e-05,1,Low,1day
2021-03-07,2.1312793251127005e-05,1,Low,1day
2021-03-08,1.3069722626823932e-05,1,Low,1day
2021-03-09,1.1020641068171244e-05,1,Low,1day
2021-03-10,1.3623924132843968e-05,1,Low,1day
2021-03-11,2.2108815755927935e-05,1,Low,1day
2021-03-12,2.5786841433728114e-05,1,Low,1day
2021-03-13,2.6429654099047184e-05,1,Low,1day
2021-03-14,3.9331069274339825e-05,1,Low,1day
2021-03-15,2.88470764644444e-05,1,Low,1day
2021-03-16,3.5587596357800066e-05,1,Low,1day
2021-03-17,3.372702849446796e-05,1,Low,1day
2021-03-18,3.4720200346782804e-05,1,Low,1day
2021-03-19,2.712736932153348e-05,1,Low,1day
2021-03-20,2.5662462576292455e-05,1,Low,1day
2021-03-21,4.9946287617785856e-05,1,Low,1day
2021-03-22,6.958047015359625e-05,1,Low,1day
2021-03-23,3.640975774032995e-05,1,Low,1day
2021-03-24,2.6071176762343384e-05,1,Low,1day
2021-03-25,2.2901522243046202e-05,1,Low,1day
2021-03-26,4.898878978565335e-05,1,Low,1day
2021-03-27,3.378484325367026e-05,1,Low,1day
2021-03-28,2.2028107196092606e-05,1,Low,1day
2021-03-29,3.7258090742398053e-05,1,Low,1day
2021-03-30,2.2297179384622723e-05,1,Low,1day
2021-03-31,2.404842416581232e-05,1,Low,1day
2021-04-01,2.088826113322284e-05,1,Low,1day
2021-04-02,1.6918382243602537e-05,1,Low,1day
2021-04-03,2.3269572920980863e-05,1,Low,1day
2021-04-04,1.8527402062318288e-05,1,Low,1day
2021-04-05,2.6623250960255973e-05,1,Low,1day
2021-04-06,4.100947262486443e-05,1,Low,1day
2021-04-07,2.061359009530861e-05,1,Low,1day
2021-04-08,1.734439138090238e-05,1,Low,1day
2021-04-09,1.2668967428908218e-05,1,Low,1day
2021-04-10,1.7673337424639612e-05,1,Low,1day
2021-04-11,2.7355330530554056e-05,1,Low,1day
2021-04-12,1.9834236809401773e-05,1,Low,1day
2021-04-13,2.1222598661552183e-05,1,Low,1day
2021-04-14,1.9053652067668736e-05,1,Low,1day
2021-04-15,6.441112054744735e-05,1,Low,1day
2021-04-16,7.22969343769364e-05,1,Low,1day
2021-04-17,3.0090151994954795e-05,1,Low,1day
2021-04-18,3.1218965887092054e-05,1,Low,1day
2021-04-19,2.0482573745539412e-05,1,Low,1day
2021-04-20,4.179372263024561e-05,1,Low,1day
2021-04-21,2.4056775146164e-05,1,Low,1day
2021-04-22,2.1513691535801627e-05,1,Low,1day
2021-04-23,4.2260791815351695e-05,1,Low,1day
2021-04-24,2.525052332202904e-05,1,Low,1day
2021-04-25,3.02808330161497e-05,1,Low,1day
2021-04-26,5.3057468903716654e-05,1,Low,1day
2021-04-27,6.204393139341846e-05,1,Low,1day
2021-04-28,5.2000094001414254e-05,1,Low,1day
2021-04-29,4.693832670454867e-05,1,Low,1day
2021-04-30,3.230966831324622e-05,1,Low,1day
2021-05-01,2.10239777516108e-05,1,Low,1day
2021-05-02,3.845980972982943e-05,1,Low,1day
2021-05-03,4.142209218116477e-05,1,Low,1day
2021-05-04,3.919107621186413e-05,1,Low,1day
2021-05-05,3.356944216648117e-05,1,Low,1day
2021-05-06,5.746870374423452e-05,1,Low,1day
2021-05-07,6.592037971131504e-05,1,Low,1day
2021-05-08,4.024120789836161e-05,1,Low,1day
2021-05-09,6.708687578793615e-05,1,Low,1day
2021-05-10,5.306738239596598e-05,1,Low,1day
2021-05-11,3.612731961766258e-05,1,Low,1day
2021-05-12,5.0040158384945244e-05,1,Low,1day
2021-05-13,9.213066368829459e-05,1,Low,1day
2021-05-14,5.49101569049526e-05,1,Low,1day
2021-05-15,5.365721517591737e-05,1,Low,1day
2021-05-16,6.507922807941213e-05,1,Low,1day
2021-05-17,0.0001328109938185662,1,Low,1day
2021-05-18,0.00017043993284460157,1,Low,1day
2021-05-19,7.010877743596211e-05,1,Low,1day
2021-05-20,0.00010527887206990272,1,Low,1day
2021-05-21,0.00019203386909794062,1,Low,1day
2021-05-22,9.58436939981766e-05,1,Low,1day
2021-05-23,8.879723463905975e-05,1,Low,1day
2021-05-24,0.00012997120211366564,1,Low,1day
2021-05-25,4.951416121912189e-05,1,Low,1day
2021-05-26,3.000799370056484e-05,1,Low,1day
2021-05-27,6.0821108490927145e-05,1,Low,1day
2021-05-28,3.197769183316268e-05,1,Low,1day
2021-05-29,2.5973997253458947e-05,1,Low,1day
2021-05-30,1.940546280820854e-05,1,Low,1day
2021-05-31,2.419742668280378e-05,1,Low,1day
2021-06-01,3.242495586164296e-05,1,Low,1day
2021-06-02,4.342537795309909e-05,1,Low,1day
2021-06-03,7.271330105140805e-05,1,Low,1day
2021-06-04,4.043030639877543e-05,1,Low,1day
2021-06-05,4.141557292314246e-05,1,Low,1day
2021-06-06,7.50854960642755e-05,1,Low,1day
2021-06-07,4.372415423858911e-05,1,Low,1day
2021-06-08,5.6284927268279716e-05,1,Low,1day
2021-06-09,9.261928062187508e-05,1,Low,1day
2021-06-10,6.051269156159833e-05,1,Low,1day
2021-06-11,9.442082955501974e-05,1,Low,1day
2021-06-12,8.275607251562178e-05,1,Low,1day
2021-06-13,8.039936801651493e-05,1,Low,1day
2021-06-14,8.056336810113862e-05,1,Low,1day
2021-06-15,0.000149484199937433,1,Low,1day
2021-06-16,0.00013588984438683838,1,Low,1day
2021-06-17,0.00015006159082986414,1,Low,1day
2021-06-18,0.0003855799441225827,1,Low,1day
2021-06-19,0.00028750544879585505,1,Low,1day
2021-06-20,0.00029626116156578064,1,Low,1day
2021-06-21,9.190480341203511e-05,1,Low,1day
2021-06-22,0.00010778530122479424,1,Low,1day
2021-06-23,5.816721750306897e-05,1,Low,1day
2021-06-24,6.487115751951933e-05,1,Low,1day
2021-06-25,6.500008021248505e-05,1,Low,1day
2021-06-26,3.8088212022557855e-05,1,Low,1day
2021-06-27,5.4277359595289454e-05,1,Low,1day
2021-06-28,2.4206243324442767e-05,1,Low,1day
2021-06-29,2.3256594431586564e-05,1,Low,1day
2021-06-30,8.916336082620546e-05,1,Low,1day
2021-07-01,0.00012433544907253236,1,Low,1day
2021-07-02,7.450129487551749e-05,1,Low,1day
2021-07-03,0.00023211580992210656,1,Low,1day
2021-07-04,0.00020464345288928598,1,Low,1day
2021-07-05,0.0001257311087101698,1,Low,1day
2021-07-06,0.00010188863234361634,1,Low,1day
2021-07-07,4.238664041622542e-05,1,Low,1day
2021-07-08,5.339968629414216e-05,1,Low,1day
2021-07-09,6.504578050225973e-05,1,Low,1day
2021-07-10,0.00014028949954081327,1,Low,1day
2021-07-11,0.00013597888755612075,1,Low,1day
2021-07-12,0.0003859854186885059,1,Low,1day
2021-07-13,0.0010290570789948106,1,Low,1day
2021-07-14,0.013649026863276958,1,Low,1day
2021-07-15,0.9765514135360718,4,Very High,1day
2021-07-16,0.9866693019866943,4,Very High,1day
2021-07-17,0.9978531002998352,4,Very High,1day
2021-07-18,0.9996466636657715,4,Very High,1day
2021-07-19,0.9994317889213562,4,Very High,1day
2021-07-20,0.9993054866790771,4,Very High,1day
2021-07-21,0.9984686970710754,4,Very High,1day
2021-07-22,0.9998082518577576,4,Very High,1day
2021-07-23,0.9998449087142944,4,Very High,1day
2021-07-24,0.9996974468231201,4,Very High,1day
2021-07-25,0.9994415640830994,4,Very High,1day
2021-07-26,0.9993731379508972,4,Very High,1day
2021-07-27,0.9989418387413025,4,Very High,1day
2021-07-28,0.9926961660385132,4,Very High,1day
2021-07-29,0.9838926792144775,4,Very High,1day
2021-07-30,0.9997661709785461,4,Very High,1day
2021-07-31,0.9995410442352295,4,Very High,1day
2021-08-01,0.9996707439422607,4,Very High,1day
2021-08-02,0.9992648959159851,4,Very High,1day
2021-08-03,0.99759441614151,4,Very High,1day
2021-08-04,0.9988871216773987,4,Very High,1day
2021-08-05,0.9992009997367859,4,Very High,1day
2021-08-06,0.9991896748542786,4,Very High,1day
2021-08-07,0.7514923214912415,4,Very High,1day
2021-08-08,0.008001056499779224,1,Low,1day
2021-08-09,0.00026166613679379225,1,Low,1day
2021-08-10,6.826371827628464e-05,1,Low,1day
2021-08-11,0.00014204042963683605,1,Low,1day
2021-08-12,8.428882574662566e-05,1,Low,1day
2021-08-13,6.273549661273137e-05,1,Low,1day
2021-08-14,0.0002234308485640213,1,Low,1day
2021-08-15,7.01822864357382e-05,1,Low,1day
2021-08-16,0.0001697848056210205,1,Low,1day
2021-08-17,0.00010396409925306216,1,Low,1day
2021-08-18,5.066476296633482e-05,1,Low,1day
2021-08-19,4.346631249063648e-05,1,Low,1day
2021-08-20,3.7857433198951185e-05,1,Low,1day
2021-08-21,6.563290662597865e-05,1,Low,1day
2021-08-22,9.099222370423377e-05,1,Low,1day
2021-08-23,3.052705142181367e-05,1,Low,1day
2021-08-24,4.8276349843945354e-05,1,Low,1day
2021-08-25,7.485343667212874e-05,1,Low,1day
2021-08-26,5.263440471026115e-05,1,Low,1day
2021-08-27,2.8349200874799863e-05,1,Low,1day
2021-08-28,2.7807229344034567e-05,1,Low,1day
2021-08-29,3.629805723903701e-05,1,Low,1day
2021-08-30,4.587038347381167e-05,1,Low,1day
2021-08-31,7.283065497176722e-05,1,Low,1day
2021-09-01,9.225638495991006e-05,1,Low,1day
2021-09-02,0.0002228253724751994,1,Low,1day
2021-09-03,0.00019073148723691702,1,Low,1day
2021-09-04,0.0003737200750038028,1,Low,1day
2021-09-05,0.00012066218914696947,1,Low,1day
2021-09-06,7.514652679674327e-05,1,Low,1day
2021-09-07,7.450605335179716e-05,1,Low,1day
2021-09-08,6.809317710576579e-05,1,Low,1day
2021-09-09,0.00011520988482516259,1,Low,1day
2021-09-10,2.9607619580929168e-05,1,Low,1day
2021-09-11,2.5744186132214963e-05,1,Low,1day
2021-09-12,9.961995237972587e-05,1,Low,1day
2021-09-13,9.193934238282964e-05,1,Low,1day
2021-09-14,5.518923353520222e-05,1,Low,1day
2021-09-15,4.171902037342079e-05,1,Low,1day
2021-09-16,6.852087244624272e-05,1,Low,1day
2021-09-17,0.00014072116755414754,1,Low,1day
2021-09-18,0.00010917140025412664,1,Low,1day
2021-09-19,0.00024646255769766867,1,Low,1day
2021-09-20,0.0003517129516694695,1,Low,1day
2021-09-21,0.00036287863622419536,1,Low,1day
2021-09-22,0.00010463344369782135,1,Low,1day
2021-09-23,9.30523601709865e-05,1,Low,1day
2021-09-24,6.03791959292721e-05,1,Low,1day
2021-09-25,4.211270061205141e-05,1,Low,1day
2021-09-26,6.669019057881087e-05,1,Low,1day
2021-09-27,7.401072070933878e-05,1,Low,1day
2021-09-28,7.238585385493934e-05,1,Low,1day
2021-09-29,0.00014207632921170443,1,Low,1day
2021-09-30,0.0003991071425843984,1,Low,1day
2021-10-01,0.0015739360824227333,1,Low,1day
2021-10-02,0.0001297721901210025,1,Low,1day
2021-10-03,0.0001643475698074326,1,Low,1day
2021-10-04,0.00024831981863826513,1,Low,1day
2021-10-05,8.040204556891695e-05,1,Low,1day
2021-10-06,0.00016115777543745935,1,Low,1day
2021-10-07,6.364558066707104e-05,1,Low,1day
2021-10-08,4.6279710659291595e-05,1,Low,1day
2021-10-09,2.975358620460611e-05,1,Low,1day
2021-10-10,4.5688335376325995e-05,1,Low,1day
2021-10-11,3.211904549971223e-05,1,Low,1day
2021-10-12,1.846724990173243e-05,1,Low,1day
2021-10-13,2.407777719781734e-05,1,Low,1day
2021-10-14,2.2308557163341902e-05,1,Low,1day
2021-10-15,1.672858343226835e-05,1,Low,1day
2021-10-16,1.7177673726109788e-05,1,Low,1day
2021-10-17,1.6064108422142453e-05,1,Low,1day
2021-10-18,2.016145117522683e-05,1,Low,1day
2021-10-19,1.6096340914373286e-05,1,Low,1day
2021-10-20,2.382803722866811e-05,1,Low,1day
2021-10-21,2.138888339686673e-05,1,Low,1day
2021-10-22,3.6041361454408616e-05,1,Low,1day
2021-10-23,3.572653804440051e-05,1,Low,1day
2021-10-24,2.2615948182647116e-05,1,Low,1day
2021-10-25,3.887138518621214e-05,1,Low,1day
2021-10-26,2.023015076701995e-05,1,Low,1day
2021-10-27,2.6732241167337634e-05,1,Low,1day
2021-10-28,2.363192652410362e-05,1,Low,1day
2021-10-29,1.6577663700445555e-05,1,Low,1day
2021-10-30,2.163021417800337e-05,1,Low,1day
2021-10-31,2.413665242784191e-05,1,Low,1day
2021-11-01,1.9657831217045896e-05,1,Low,1day
2021-11-02,1.70033144968329e-05,1,Low,1day
2021-11-03,1.4898119843564928e-05,1,Low,1day
2021-11-04,1.0644306712492835e-05,1,Low,1day
2021-11-05,1.0919987289526034e-05,1,Low,1day
2021-11-06,1.474262353440281e-05,1,Low,1day
2021-11-07,1.7774686057236977e-05,1,Low,1day
2021-11-08,1.825031176849734e-05,1,Low,1day
2021-11-09,1.5802848793100566e-05,1,Low,1day
2021-11-10,2.0880554075120017e-05,1,Low,1day
2021-11-11,1.6770451111369766e-05,1,Low,1day
2021-11-12,1.4583101801690646e-05,1,Low,1day
2021-11-13,1.5610641639796086e-05,1,Low,1day
2021-11-14,2.083404797303956e-05,1,Low,1day
2021-11-15,2.1101292077219114e-05,1,Low,1day
2021-11-16,2.007882903853897e-05,1,Low,1day
2021-11-17,2.7395717552280985e-05,1,Low,1day
2021-11-18,3.050897612411063e-05,1,Low,1day
2021-11-19,3.416352046770044e-05,1,Low,1day
2021-11-20,3.597824616008438e-05,1,Low,1day
2021-11-21,3.2135987567016855e-05,1,Low,1day
2021-11-22,2.1552790713030845e-05,1,Low,1day
2021-11-23,4.0381175494985655e-05,1,Low,1day
2021-11-24,3.2525142160011455e-05,1,Low,1day
2021-11-25,3.667281998787075e-05,1,Low,1day
2021-11-26,3.7617861380567774e-05,1,Low,1day
2021-11-27,3.2767791708465666e-05,1,Low,1day
2021-11-28,2.7048115953220986e-05,1,Low,1day
2021-11-29,2.5040579203050584e-05,1,Low,1day
2021-11-30,2.7644671718007885e-05,1,Low,1day
2021-12-01,2.8502770874183625e-05,1,Low,1day
2021-12-02,2.5212575565092266e-05,1,Low,1day
2021-12-03,2.125827086274512e-05,1,Low,1day
2021-12-04,4.179917959845625e-05,1,Low,1day
2021-12-05,2.6282692488166504e-05,1,Low,1day
2021-12-06,2.5350122086820193e-05,1,Low,1day
2021-12-07,2.5728453692863695e-05,1,Low,1day
2021-12-08,2.493356259947177e-05,1,Low,1day
2021-12-09,2.068965113721788e-05,1,Low,1day
2021-12-10,2.4641110940137878e-05,1,Low,1day
2021-12-11,2.2330970750772394e-05,1,Low,1day
2021-12-12,1.91468952834839e-05,1,Low,1day
2021-12-13,2.1779387679998763e-05,1,Low,1day
2021-12-14,2.1068815840408206e-05,1,Low,1day
2021-12-15,1.7133026631199755e-05,1,Low,1day
2021-12-16,1.9724380763364024e-05,1,Low,1day
2021-12-17,3.997023304691538e-05,1,Low,1day
2021-12-18,3.545308209140785e-05,1,Low,1day
2021-12-19,2.4790168026811443e-05,1,Low,1day
2021-12-20,2.9454895411618054e-05,1,Low,1day
2021-12-21,3.0122424504952505e-05,1,Low,1day
2021-12-22,4.0226626879302785e-05,1,Low,1day
2021-12-23,3.208310590707697e-05,1,Low,1day
2021-12-24,3.8563928683288395e-05,1,Low,1day
2021-12-25,3.778212339966558e-05,1,Low,1day
2021-12-26,4.486552643356845e-05,1,Low,1day
2021-12-27,5.946396413492039e-05,1,Low,1day
2021-12-28,6.72600872348994e-05,1,Low,1day
2021-12-29,4.9792866775533184e-05,1,Low,1day
2021-12-30,3.6477074900176376e-05,1,Low,1day
2021-12-31,7.351012027356774e-05,1,Low,1day
2022-01-01,4.738691131933592e-05,1,Low,1day
2022-01-02,2.6249477741657756e-05,1,Low,1day
2022-01-03,3.881489465129562e-05,1,Low,1day
2022-01-04,9.454823157284409e-05,1,Low,1day
2022-01-05,6.433708767872304e-05,1,Low,1day
2022-01-06,7.366724457824603e-05,1,Low,1day
2022-01-07,9.688046702649444e-05,1,Low,1day
2022-01-08,5.733787111239508e-05,1,Low,1day
2022-01-09,4.827248631045222e-05,1,Low,1day
2022-01-10,3.917418871424161e-05,1,Low,1day
2022-01-11,4.1570605390006676e-05,1,Low,1day
2022-01-12,3.734164420166053e-05,1,Low,1day
2022-01-13,2.644041887833737e-05,1,Low,1day
2022-01-14,2.7762212994275615e-05,1,Low,1day
2022-01-15,2.9089709641993977e-05,1,Low,1day
2022-01-16,2.9246981284813955e-05,1,Low,1day
2022-01-17,3.1175946787698194e-05,1,Low,1day
2022-01-18,4.265792085789144e-05,1,Low,1day
2022-01-19,4.433561844052747e-05,1,Low,1day
2022-01-20,5.714425424230285e-05,1,Low,1day
2022-01-21,0.00012485310435295105,1,Low,1day
2022-01-22,9.815882367547601e-05,1,Low,1day
2022-01-23,3.784443833865225e-05,1,Low,1day
2022-01-24,2.0661080270656385e-05,1,Low,1day
2022-01-25,1.8529894077801146e-05,1,Low,1day
2022-01-26,1.9539931599865668e-05,1,Low,1day
2022-01-27,2.3152389985625632e-05,1,Low,1day
2022-01-28,2.07413704629289e-05,1,Low,1day
2022-01-29,3.511100294417702e-05,1,Low,1day
2022-01-30,2.9206597901065834e-05,1,Low,1day
2022-01-31,3.659833237179555e-05,1,Low,1day
2022-02-01,2.645567656145431e-05,1,Low,1day
2022-02-02,4.4126361899543554e-05,1,Low,1day
2022-02-03,5.0810787797672674e-05,1,Low,1day
2022-02-04,2.186071105825249e-05,1,Low,1day
2022-02-05,1.4211530469765421e-05,1,Low,1day
2022-02-06,1.2243373021192383e-05,1,Low,1day
2022-02-07,1.310436891799327e-05,1,Low,1day
2022-02-08,2.1816433218191378e-05,1,Low,1day
2022-02-09,1.915047505463008e-05,1,Low,1day
2022-02-10,1.9697276002261788e-05,1,Low,1day
2022-02-11,1.457637335988693e-05,1,Low,1day
2022-02-12,1.4013329746376257e-05,1,Low,1day
2022-02-13,1.264816728507867e-05,1,Low,1day
2022-02-14,1.5766991054988466e-05,1,Low,1day
2022-02-15,1.3988841601531021e-05,1,Low,1day
2022-02-16,1.686859832261689e-05,1,Low,1day
2022-02-17,1.370559311908437e-05,1,Low,1day
2022-02-18,1.212006918649422e-05,1,Low,1day
2022-02-19,2.062833846139256e-05,1,Low,1day
2022-02-20,2.3343140128417872e-05,1,Low,1day
2022-02-21,3.407853000680916e-05,1,Low,1day
2022-02-22,2.272961319249589e-05,1,Low,1day
2022-02-23,1.494744537922088e-05,1,Low,1day
2022-02-24,1.5934872862999327e-05,1,Low,1day
2022-02-25,1.5817504390724935e-05,1,Low,1day
2022-02-26,1.2228483683429658e-05,1,Low,1day
2022-02-27,3.33712923747953e-05,1,Low,1day
2022-02-28,2.61465429503005e-05,1,Low,1day
2022-03-01,2.162441705877427e-05,1,Low,1day
2022-03-02,7.724740135017782e-05,1,Low,1day
2022-03-03,3.2561019907006994e-05,1,Low,1day
2022-03-04,2.2165309928823262e-05,1,Low,1day
2022-03-05,3.63187282346189e-05,1,Low,1day
2022-03-06,2.5709494366310537e-05,1,Low,1day
2022-03-07,2.626650530146435e-05,1,Low,1day
2022-03-08,2.726121419982519e-05,1,Low,1day
2022-03-09,4.91180871904362e-05,1,Low,1day
2022-03-10,2.4628401661175303e-05,1,Low,1day
2022-03-11,1.5554202036582865e-05,1,Low,1day
2022-03-12,1.5629842891939916e-05,1,Low,1day
2022-03-13,2.153547029593028e-05,1,Low,1day
2022-03-14,1.8204576917923987e-05,1,Low,1day
2022-03-15,1.8264901882503182e-05,1,Low,1day
2022-03-16,1.8441818610881455e-05,1,Low,1day
2022-03-17,1.8065426047542132e-05,1,Low,1day
2022-03-18,1.8520229787100106e-05,1,Low,1day
2022-03-19,2.599230720079504e-05,1,Low,1day
2022-03-20,2.0331186533439904e-05,1,Low,1day
2022-03-21,1.2225289538037032e-05,1,Low,1day
2022-03-22,1.2064197107974906e-05,1,Low,1day
2022-03-23,1.3874224350729492e-05,1,Low,1day
2022-03-24,2.267297895741649e-05,1,Low,1day
2022-03-25,1.7716030924930237e-05,1,Low,1day
2022-03-26,1.608541606401559e-05,1,Low,1day
2022-03-27,1.594473906152416e-05,1,Low,1day
2022-03-28,1.657306529523339e-05,1,Low,1day
2022-03-29,2.3583612346556038e-05,1,Low,1day
2022-03-30,1.727290145936422e-05,1,Low,1day
2022-03-31,1.841373523348011e-05,1,Low,1day
2022-04-01,2.589885116321966e-05,1,Low,1day
2022-04-02,2.512832361389883e-05,1,Low,1day
2022-04-03,2.4272076188935898e-05,1,Low,1day
2022-04-04,2.026467518589925e-05,1,Low,1day
2022-04-05,2.4919061615946703e-05,1,Low,1day
2022-04-06,2.2703596187056974e-05,1,Low,1day
2022-04-07,1.727982089505531e-05,1,Low,1day
2022-04-08,3.0043556762393564e-05,1,Low,1day
2022-04-09,2.4649738406878896e-05,1,Low,1day
2022-04-10,3.1143408705247566e-05,1,Low,1day
2022-04-11,1.8828028260031715e-05,1,Low,1day
2022-04-12,2.2064099539420567e-05,1,Low,1day
2022-04-13,1.3629082786792424e-05,1,Low,1day
2022-04-14,1.4218986507330555e-05,1,Low,1day
2022-04-15,1.4540760275849607e-05,1,Low,1day
2022-04-16,1.9001048713107593e-05,1,Low,1day
2022-04-17,1.8102038666256703e-05,1,Low,1day
2022-04-18,1.8910210201283917e-05,1,Low,1day
2022-04-19,2.7438494726084173e-05,1,Low,1day
2022-04-20,2.547480835346505e-05,1,Low,1day
2022-04-21,2.5016781364683993e-05,1,Low,1day
2022-04-22,2.7184991267859004e-05,1,Low,1day
2022-04-23,2.4662480427650735e-05,1,Low,1day
2022-04-24,3.098899469478056e-05,1,Low,1day
2022-04-25,4.821010588784702e-05,1,Low,1day
2022-04-26,2.8845479391748086e-05,1,Low,1day
2022-04-27,3.180425119353458e-05,1,Low,1day
2022-04-28,3.530348840286024e-05,1,Low,1day
2022-04-29,3.206160545232706e-05,1,Low,1day
2022-04-30,3.495131750241853e-05,1,Low,1day
2022-05-01,2.3212302039610222e-05,1,Low,1day
2022-05-02,1.9205706848879345e-05,1,Low,1day
2022-05-03,2.061514533124864e-05,1,Low,1day
2022-05-04,3.3716962207108736e-05,1,Low,1day
2022-05-05,4.1206345485989004e-05,1,Low,1day
2022-05-06,2.4958757421700284e-05,1,Low,1day
2022-05-07,3.278410804341547e-05,1,Low,1day
2022-05-08,2.047450834652409e-05,1,Low,1day
2022-05-09,1.4614608517149463e-05,1,Low,1day
2022-05-10,2.096015668939799e-05,1,Low,1day
2022-05-11,1.9743689335882664e-05,1,Low,1day
2022-05-12,2.396084164502099e-05,1,Low,1day
2022-05-13,2.3945422071847133e-05,1,Low,1day
2022-05-14,1.9434819478192367e-05,1,Low,1day
2022-05-15,2.880933061533142e-05,1,Low,1day
2022-05-16,3.3574437111383304e-05,1,Low,1day
2022-05-17,2.3298505766433664e-05,1,Low,1day
2022-05-18,2.6499712475924753e-05,1,Low,1day
2022-05-19,1.818562850530725e-05,1,Low,1day
2022-05-20,2.5799779905355535e-05,1,Low,1day
2022-05-21,2.895166471716948e-05,1,Low,1day
2022-05-22,5.246317232376896e-05,1,Low,1day
2022-05-23,5.810345828649588e-05,1,Low,1day
2022-05-24,3.690788435051218e-05,1,Low,1day
2022-05-25,3.7271274777594954e-05,1,Low,1day
2022-05-26,7.179855310823768e-05,1,Low,1day
2022-05-27,3.597711111069657e-05,1,Low,1day
2022-05-28,7.643878780072555e-05,1,Low,1day
2022-05-29,3.768389069591649e-05,1,Low,1day
2022-05-30,2.95906556857517e-05,1,Low,1day
2022-05-31,2.725627382460516e-05,1,Low,1day
2022-06-01,4.865037408308126e-05,1,Low,1day
2022-06-02,2.4589513486716896e-05,1,Low,1day
2022-06-03,2.5747844119905494e-05,1,Low,1day
2022-06-04,2.666423279151786e-05,1,Low,1day
2022-06-05,2.1415600713226013e-05,1,Low,1day
2022-06-06,2.3176313334261067e-05,1,Low,1day
2022-06-07,1.74518736457685e-05,1,Low,1day
2022-06-08,3.224186002626084e-05,1,Low,1day
2022-06-09,5.119771230965853e-05,1,Low,1day
2022-06-10,6.902941822772846e-05,1,Low,1day
2022-06-11,7.703025767114013e-05,1,Low,1day
2022-06-12,5.137264815857634e-05,1,Low,1day
2022-06-13,4.068111229571514e-05,1,Low,1day
2022-06-14,6.240226502995938e-05,1,Low,1day
2022-06-15,4.764537879964337e-05,1,Low,1day
2022-06-16,4.7369609092129394e-05,1,Low,1day
2022-06-17,7.671071944059804e-05,1,Low,1day
2022-06-18,0.0003390552301425487,1,Low,1day
2022-06-19,0.00038666877662763,1,Low,1day
2022-06-20,0.0005030283355154097,1,Low,1day
2022-06-21,0.0005191751988604665,1,Low,1day
2022-06-22,0.00012617812899407,1,Low,1day
2022-06-23,0.00011675433779601008,1,Low,1day
2022-06-24,0.00012195960152894258,1,Low,1day
2022-06-25,0.00022571701265405864,1,Low,1day
2022-06-26,8.305182564072311e-05,1,Low,1day
2022-06-27,9.546487854095176e-05,1,Low,1day
2022-06-28,6.093285992392339e-05,1,Low,1day
2022-06-29,5.748465264332481e-05,1,Low,1day
2022-06-30,0.0006863653543405235,1,Low,1day
2022-07-01,0.018598230555653572,1,Low,1day
2022-07-02,0.00011716086009982973,1,Low,1day
2022-07-03,0.01551958080381155,1,Low,1day
2022-07-04,0.4062604010105133,2,Moderate,1day
2022-07-05,0.08759699016809464,1,Low,1day
2022-07-06,0.7650319933891296,4,Very High,1day
2022-07-07,0.9924131035804749,4,Very High,1day
2022-07-08,0.9996127486228943,4,Very High,1day
2022-07-09,0.9999016523361206,4,Very High,1day
2022-07-10,0.9999313354492188,4,Very High,1day
2022-07-11,0.9918347597122192,4,Very High,1day
2022-07-12,0.020915845409035683,1,Low,1day
2022-07-13,0.0007936803158372641,1,Low,1day
2022-07-14,0.0005085875163786113,1,Low,1day
2022-07-15,0.0025563123635947704,1,Low,1day
2022-07-16,0.0025261021219193935,1,Low,1day
2022-07-17,0.0037889352533966303,1,Low,1day
2022-07-18,0.0034138120245188475,1,Low,1day
2022-07-19,0.005034290719777346,1,Low,1day
2022-07-20,0.0013194216880947351,1,Low,1day
2022-07-21,0.0020823513623327017,1,Low,1day
2022-07-22,0.0011237314902245998,1,Low,1day
2022-07-23,0.001511533628217876,1,Low,1day
2022-07-24,0.020174749195575714,1,Low,1day
2022-07-25,0.4766852557659149,2,Moderate,1day
2022-07-26,0.9375148415565491,4,Very High,1day
2022-07-27,0.9928570985794067,4,Very High,1day
2022-07-28,0.9997277855873108,4,Very High,1day
2022-07-29,0.9997496008872986,4,Very High,1day
2022-07-30,0.9941012263298035,4,Very High,1day
2022-07-31,0.028525197878479958,1,Low,1day
2022-08-01,0.03367447853088379,1,Low,1day
2022-08-02,0.028192780911922455,1,Low,1day
2022-08-03,0.9022123217582703,4,Very High,1day
2022-08-04,0.23708248138427734,1,Low,1day
2022-08-05,0.005302782636135817,1,Low,1day
2022-08-06,0.007169037591665983,1,Low,1day
2022-08-07,0.03544735535979271,1,Low,1day
2022-08-08,0.0003377203247509897,1,Low,1day
2022-08-09,0.0003296224749647081,1,Low,1day
2022-08-10,0.0012818658724427223,1,Low,1day
2022-08-11,0.001869150553829968,1,Low,1day
2022-08-12,0.0019007101655006409,1,Low,1day
2022-08-13,0.0008156675030477345,1,Low,1day
2022-08-14,0.000811773061286658,1,Low,1day
2022-08-15,0.0008477761875838041,1,Low,1day
2022-08-16,0.0004730760119855404,1,Low,1day
2022-08-17,0.017422441393136978,1,Low,1day
2022-08-18,0.02525772899389267,1,Low,1day
2022-08-19,0.2532080113887787,2,Moderate,1day
2022-08-20,0.9997884631156921,4,Very High,1day
2022-08-21,0.9998424053192139,4,Very High,1day
2022-08-22,0.9998929500579834,4,Very High,1day
2022-08-23,0.9997757077217102,4,Very High,1day
2022-08-24,0.999841570854187,4,Very High,1day
2022-08-25,0.9996975660324097,4,Very High,1day
2022-08-26,0.9995474219322205,4,Very High,1day
2022-08-27,0.9998276233673096,4,Very High,1day
2022-08-28,0.9998165965080261,4,Very High,1day
2022-08-29,0.999592125415802,4,Very High,1day
2022-08-30,0.9995834231376648,4,Very High,1day
2022-08-31,0.9996059536933899,4,Very High,1day
2022-09-01,0.9995612502098083,4,Very High,1day
2022-09-02,0.9574002623558044,4,Very High,1day
2022-09-03,0.020031247287988663,1,Low,1day
2022-09-04,0.03125724196434021,1,Low,1day
2022-09-05,0.000577690196223557,1,Low,1day
2022-09-06,0.00011333246948197484,1,Low,1day
2022-09-07,9.192329889629036e-05,1,Low,1day
2022-09-08,9.937877621268854e-05,1,Low,1day
2022-09-09,5.962022260064259e-05,1,Low,1day
2022-09-10,7.298889249796048e-05,1,Low,1day
2022-09-11,9.694192704046145e-05,1,Low,1day
2022-09-12,6.832721555838361e-05,1,Low,1day
2022-09-13,4.0291048208018765e-05,1,Low,1day
2022-09-14,3.450627264101058e-05,1,Low,1day
2022-09-15,9.864450839813799e-05,1,Low,1day
2022-09-16,0.00014662870671600103,1,Low,1day
2022-09-17,0.00011430186714278534,1,Low,1day
2022-09-18,0.000141006734338589,1,Low,1day
2022-09-19,0.00013239600230008364,1,Low,1day
2022-09-20,7.013812864897773e-05,1,Low,1day
2022-09-21,2.4763681722106412e-05,1,Low,1day
2022-09-22,3.4889908420154825e-05,1,Low,1day
2022-09-23,1.2810958651243709e-05,1,Low,1day
2022-09-24,1.290819636778906e-05,1,Low,1day
2022-09-25,1.4095396181801334e-05,1,Low,1day
2022-09-26,2.2659274691250175e-05,1,Low,1day
2022-09-27,2.6893434551311657e-05,1,Low,1day
2022-09-28,0.0001556060742586851,1,Low,1day
2022-09-29,0.00015808203897904605,1,Low,1day
2022-09-30,5.502936619450338e-05,1,Low,1day
2022-10-01,4.386000364320353e-05,1,Low,1day
2022-10-02,3.476028723525815e-05,1,Low,1day
2022-10-03,4.2177893192274496e-05,1,Low,1day
2022-10-04,4.639393955585547e-05,1,Low,1day
2022-10-05,1.7100412151194178e-05,1,Low,1day
2022-10-06,1.3746197510045022e-05,1,Low,1day
2022-10-07,2.1443313016789034e-05,1,Low,1day
2022-10-08,4.3794134398922324e-05,1,Low,1day
2022-10-09,2.5998630007961765e-05,1,Low,1day
2022-10-10,2.4597653464297764e-05,1,Low,1day
2022-10-11,1.7513628336018883e-05,1,Low,1day
2022-10-12,1.090335899789352e-05,1,Low,1day
2022-10-13,1.0370580639573745e-05,1,Low,1day
2022-10-14,1.1294107025605626e-05,1,Low,1day
2022-10-15,1.0434816431370564e-05,1,Low,1day
2022-10-16,1.3950035281595774e-05,1,Low,1day
2022-10-17,1.9368191715329885e-05,1,Low,1day
2022-10-18,1.9086986867478117e-05,1,Low,1day
2022-10-19,2.0527686501736753e-05,1,Low,1day
2022-10-20,1.539439836051315e-05,1,Low,1day
2022-10-21,1.3034335097472649e-05,1,Low,1day
2022-10-22,1.1401960364310071e-05,1,Low,1day
2022-10-23,1.543007056170609e-05,1,Low,1day
2022-10-24,1.918959605973214e-05,1,Low,1day
2022-10-25,2.6409195925225504e-05,1,Low,1day
2022-10-26,2.0829480490647256e-05,1,Low,1day
2022-10-27,1.783817970135715e-05,1,Low,1day
2022-10-28,1.639889887883328e-05,1,Low,1day
2022-10-29,1.6800224329927005e-05,1,Low,1day
2022-10-30,2.2380178052117117e-05,1,Low,1day
2022-10-31,1.6127611161209643e-05,1,Low,1day
2022-11-01,1.3738111192651559e-05,1,Low,1day
2022-11-02,1.1272951269347686e-05,1,Low,1day
2022-11-03,1.1658506991807371e-05,1,Low,1day
2022-11-04,1.5046156477183104e-05,1,Low,1day
2022-11-05,1.851300839916803e-05,1,Low,1day
2022-11-06,2.7490850698086433e-05,1,Low,1day
2022-11-07,3.041534910153132e-05,1,Low,1day
2022-11-08,3.758178718271665e-05,1,Low,1day
2022-11-09,3.797364479396492e-05,1,Low,1day
2022-11-10,1.7255368220503442e-05,1,Low,1day
2022-11-11,1.4540454685629811e-05,1,Low,1day
2022-11-12,1.4128610928310081e-05,1,Low,1day
2022-11-13,1.3901852071285248e-05,1,Low,1day
2022-11-14,1.2515246453403961e-05,1,Low,1day
2022-11-15,1.3843337910657283e-05,1,Low,1day
2022-11-16,1.475623867008835e-05,1,Low,1day
2022-11-17,1.8986593204317614e-05,1,Low,1day
2022-11-18,2.4400860638706945e-05,1,Low,1day
2022-11-19,2.2053813154343516e-05,1,Low,1day
2022-11-20,2.3225078621180728e-05,1,Low,1day
2022-11-21,2.530138226575218e-05,1,Low,1day
2022-11-22,1.8359694877290167e-05,1,Low,1day
2022-11-23,1.712706398393493e-05,1,Low,1day
2022-11-24,1.5184132280410267e-05,1,Low,1day
2022-11-25,1.4734288015461061e-05,1,Low,1day
2022-11-26,1.9627539586508647e-05,1,Low,1day
2022-11-27,1.946013253473211e-05,1,Low,1day
2022-11-28,1.7990054402616806e-05,1,Low,1day
2022-11-29,1.7889953596750274e-05,1,Low,1day
2022-11-30,1.90101836778922e-05,1,Low,1day
2022-12-01,1.5734216503915377e-05,1,Low,1day
2022-12-02,1.7029376977006905e-05,1,Low,1day
2022-12-03,1.595984576852061e-05,1,Low,1day
2022-12-04,1.5631185306119733e-05,1,Low,1day
2022-12-05,1.5805802831891924e-05,1,Low,1day
2022-12-06,1.424822403350845e-05,1,Low,1day
2022-12-07,1.8854963855119422e-05,1,Low,1day
2022-12-08,2.0465646230150014e-05,1,Low,1day
2022-12-09,1.823159254854545e-05,1,Low,1day
2022-12-10,2.05038559215609e-05,1,Low,1day
2022-12-11,3.715866478160024e-05,1,Low,1day
2022-12-12,4.230805279803462e-05,1,Low,1day
2022-12-13,5.2347179007483646e-05,1,Low,1day
2022-12-14,3.819409539573826e-05,1,Low,1day
2022-12-15,2.4223054424510337e-05,1,Low,1day
2022-12-16,2.0281766410334967e-05,1,Low,1day
2022-12-17,3.454150282777846e-05,1,Low,1day
2022-12-18,4.306970731704496e-05,1,Low,1day
2022-12-19,3.267735883127898e-05,1,Low,1day
2022-12-20,2.097907599818427e-05,1,Low,1day
2022-12-21,1.6635785868857056e-05,1,Low,1day
2022-12-22,1.4527689927490428e-05,1,Low,1day
2022-12-23,1.4968314644647762e-05,1,Low,1day
2022-12-24,1.6654390492476523e-05,1,Low,1day
2022-12-25,1.6692887584213167e-05,1,Low,1day
2022-12-26,2.414600021438673e-05,1,Low,1day
2022-12-27,3.4787248296197504e-05,1,Low,1day
2022-12-28,3.5825443774228916e-05,1,Low,1day
2022-12-29,6.627202674280852e-05,1,Low,1day
2022-12-30,4.0879334846977144e-05,1,Low,1day
2022-12-31,3.245428160880692e-05,1,Low,1day
2023-01-01,4.7053643356775865e-05,1,Low,1day
2023-01-02,2.7994519768981263e-05,1,Low,1day
2023-01-03,3.237928467569873e-05,1,Low,1day
2023-01-04,8.034694474190474e-05,1,Low,1day
2023-01-05,4.321827509556897e-05,1,Low,1day
2023-01-06,3.088264202233404e-05,1,Low,1day
2023-01-07,3.219847712898627e-05,1,Low,1day
2023-01-08,3.815517629845999e-05,1,Low,1day
2023-01-09,2.24797913688235e-05,1,Low,1day
2023-01-10,3.3415046345908195e-05,1,Low,1day
2023-01-11,5.802134910481982e-05,1,Low,1day
2023-01-12,5.2881379815516993e-05,1,Low,1day
2023-01-13,3.43166284437757e-05,1,Low,1day
2023-01-14,1.6022049749153666e-05,1,Low,1day
2023-01-15,1.5180687114479952e-05,1,Low,1day
2023-01-16,1.3736499568040017e-05,1,Low,1day
2023-01-17,1.5518584405072033e-05,1,Low,1day
2023-01-18,1.870630876510404e-05,1,Low,1day
2023-01-19,3.5275086702313274e-05,1,Low,1day
2023-01-20,1.8003682271228172e-05,1,Low,1day
2023-01-21,1.780731327016838e-05,1,Low,1day
2023-01-22,1.4183502571540885e-05,1,Low,1day
2023-01-23,1.9888748283847235e-05,1,Low,1day
2023-01-24,2.874886558856815e-05,1,Low,1day
2023-01-25,2.3623613742529415e-05,1,Low,1day
2023-01-26,3.5816767194774e-05,1,Low,1day
2023-01-27,4.721401637652889e-05,1,Low,1day
2023-01-28,5.024692654842511e-05,1,Low,1day
2023-01-29,3.8265952753135934e-05,1,Low,1day
2023-01-30,2.70346827164758e-05,1,Low,1day
2023-01-31,2.1820489564561285e-05,1,Low,1day
2023-02-01,3.663485767901875e-05,1,Low,1day
2023-02-02,2.8716040105791762e-05,1,Low,1day
2023-02-03,4.566085044643842e-05,1,Low,1day
2023-02-04,3.2771982660051435e-05,1,Low,1day
2023-02-05,3.822645157924853e-05,1,Low,1day
2023-02-06,3.8606871385127306e-05,1,Low,1day
2023-02-07,2.41835859924322e-05,1,Low,1day
2023-02-08,2.8511440177680925e-05,1,Low,1day
2023-02-09,3.327446029288694e-05,1,Low,1day
2023-02-10,1.7010192095767707e-05,1,Low,1day
2023-02-11,1.6123518435051665e-05,1,Low,1day
2023-02-12,2.046906047326047e-05,1,Low,1day
2023-02-13,1.469498238293454e-05,1,Low,1day
2023-02-14,1.621554656594526e-05,1,Low,1day
2023-02-15,1.718434396025259e-05,1,Low,1day
2023-02-16,1.432462886441499e-05,1,Low,1day
2023-02-17,1.578533192514442e-05,1,Low,1day
2023-02-18,1.370547579426784e-05,1,Low,1day
2023-02-19,1.4942300367692951e-05,1,Low,1day
2023-02-20,1.5925104889902286e-05,1,Low,1day
2023-02-21,1.4641336747445166e-05,1,Low,1day
2023-02-22,1.2205414350319188e-05,1,Low,1day
2023-02-23,1.1615614312177058e-05,1,Low,1day
2023-02-24,1.3681695236300584e-05,1,Low,1day
2023-02-25,1.5205912859528325e-05,1,Low,1day
2023-02-26,2.0046914869453758e-05,1,Low,1day
2023-02-27,1.5388659448944964e-05,1,Low,1day
2023-02-28,2.3720614990452304e-05,1,Low,1day
2023-03-01,3.850234134006314e-05,1,Low,1day
2023-03-02,6.22939332970418e-05,1,Low,1day
2023-03-03,4.7715169785078615e-05,1,Low,1day
2023-03-04,2.364466490689665e-05,1,Low,1day
2023-03-05,1.7210484656970948e-05,1,Low,1day
2023-03-06,2.2135420294944197e-05,1,Low,1day
2023-03-07,2.572109406173695e-05,1,Low,1day
2023-03-08,1.9961638827226125e-05,1,Low,1day
2023-03-09,1.9494906155159697e-05,1,Low,1day
2023-03-10,1.9165674530086108e-05,1,Low,1day
2023-03-11,1.982714638870675e-05,1,Low,1day
2023-03-12,2.3195727408165112e-05,1,Low,1day
2023-03-13,2.1598036255454645e-05,1,Low,1day
2023-03-14,1.780585262167733e-05,1,Low,1day
2023-03-15,1.4082458619668614e-05,1,Low,1day
2023-03-16,1.530873851152137e-05,1,Low,1day
2023-03-17,2.0560581106110476e-05,1,Low,1day
2023-03-18,1.9451023035799153e-05,1,Low,1day
2023-03-19,1.75438017322449e-05,1,Low,1day
2023-03-20,2.4886194296414033e-05,1,Low,1day
2023-03-21,2.6143230570596643e-05,1,Low,1day
2023-03-22,2.817882523231674e-05,1,Low,1day
2023-03-23,5.118965418660082e-05,1,Low,1day
2023-03-24,7.19340387149714e-05,1,Low,1day
2023-03-25,3.706342977238819e-05,1,Low,1day
2023-03-26,2.5383795218658634e-05,1,Low,1day
2023-03-27,7.86660602898337e-05,1,Low,1day
2023-03-28,3.7326764868339524e-05,1,Low,1day
2023-03-29,5.701764166587964e-05,1,Low,1day
2023-03-30,5.58425163035281e-05,1,Low,1day
2023-03-31,6.0518177633639425e-05,1,Low,1day
2023-04-01,3.322173506603576e-05,1,Low,1day
2023-04-02,5.0486454711062834e-05,1,Low,1day
2023-04-03,7.95236264821142e-05,1,Low,1day
2023-04-04,3.8939760997891426e-05,1,Low,1day
2023-04-05,2.9863540476071648e-05,1,Low,1day
2023-04-06,2.4761980967014097e-05,1,Low,1day
2023-04-07,2.5280134650529362e-05,1,Low,1day
2023-04-08,1.959441760845948e-05,1,Low,1day
2023-04-09,2.773717642412521e-05,1,Low,1day
2023-04-10,3.05918074445799e-05,1,Low,1day
2023-04-11,2.7914704332943074e-05,1,Low,1day
2023-04-12,1.832312045735307e-05,1,Low,1day
2023-04-13,1.8389220713288523e-05,1,Low,1day
2023-04-14,1.743630309647415e-05,1,Low,1day
2023-04-15,1.7897391444421373e-05,1,Low,1day
2023-04-16,2.684874380065594e-05,1,Low,1day
2023-04-17,2.0767813111888245e-05,1,Low,1day
2023-04-18,2.0947867596987635e-05,1,Low,1day
2023-04-19,2.318411679880228e-05,1,Low,1day
2023-04-20,2.049971226369962e-05,1,Low,1day
2023-04-21,1.7376411051372997e-05,1,Low,1day
2023-04-22,1.4000213013787288e-05,1,Low,1day
2023-04-23,1.3284719898365438e-05,1,Low,1day
2023-04-24,1.554358641442377e-05,1,Low,1day
2023-04-25,2.4496783225913532e-05,1,Low,1day
2023-04-26,1.933674320753198e-05,1,Low,1day
2023-04-27,1.4842925338598434e-05,1,Low,1day
2023-04-28,3.438253406784497e-05,1,Low,1day
2023-04-29,3.479000224615447e-05,1,Low,1day
2023-04-30,4.9537167797097936e-05,1,Low,1day
2023-05-01,3.716554056154564e-05,1,Low,1day
2023-05-02,1.6575877452851273e-05,1,Low,1day
2023-05-03,3.5613229556474835e-05,1,Low,1day
2023-05-04,3.386826210771687e-05,1,Low,1day
2023-05-05,4.458755938685499e-05,1,Low,1day
2023-05-06,5.0704686145763844e-05,1,Low,1day
2023-05-07,7.012890273472294e-05,1,Low,1day
2023-05-08,4.1921735828509554e-05,1,Low,1day
2023-05-09,2.6109268219443038e-05,1,Low,1day
2023-05-10,3.377965549589135e-05,1,Low,1day
2023-05-11,3.312006447231397e-05,1,Low,1day
2023-05-12,2.497104105714243e-05,1,Low,1day
2023-05-13,2.664290695975069e-05,1,Low,1day
2023-05-14,3.981964982813224e-05,1,Low,1day
2023-05-15,1.7887768990476616e-05,1,Low,1day
2023-05-16,2.5703780920594e-05,1,Low,1day
2023-05-17,3.8742633478250355e-05,1,Low,1day
2023-05-18,2.1513978936127387e-05,1,Low,1day
2023-05-19,1.7546226445119828e-05,1,Low,1day
2023-05-20,2.5364752218592912e-05,1,Low,1day
2023-05-21,2.137752562703099e-05,1,Low,1day
2023-05-22,3.754568024305627e-05,1,Low,1day
2023-05-23,2.855772982002236e-05,1,Low,1day
2023-05-24,6.217701593413949e-05,1,Low,1day
2023-05-25,7.125173578970134e-05,1,Low,1day
2023-05-26,4.401977639645338e-05,1,Low,1day
2023-05-27,5.449710806715302e-05,1,Low,1day
2023-05-28,0.0002947190369013697,1,Low,1day
2023-05-29,0.0001224294101120904,1,Low,1day
2023-05-30,8.141219586832449e-05,1,Low,1day
2023-05-31,0.000114736809337046,1,Low,1day
2023-06-01,0.00010854814172489569,1,Low,1day
2023-06-02,5.4977226682240143e-05,1,Low,1day
2023-06-03,8.326617535203695e-05,1,Low,1day
2023-06-04,9.090358798857778e-05,1,Low,1day
2023-06-05,0.00010394327546237037,1,Low,1day
2023-06-06,6.006786861689761e-05,1,Low,1day
2023-06-07,8.261973562184721e-05,1,Low,1day
2023-06-08,3.932000618078746e-05,1,Low,1day
2023-06-09,6.232495070435107e-05,1,Low,1day
2023-06-10,4.767487189383246e-05,1,Low,1day
2023-06-11,4.229215846862644e-05,1,Low,1day
2023-06-12,0.0002966195170301944,1,Low,1day
2023-06-13,0.0004809468809980899,1,Low,1day
2023-06-14,0.0017378126503899693,1,Low,1day
2023-06-15,0.003144672606140375,1,Low,1day
2023-06-16,0.005745693109929562,1,Low,1day
2023-06-17,0.7044847011566162,3,High,1day
2023-06-18,0.03299720585346222,1,Low,1day
2023-06-19,0.0002049152390100062,1,Low,1day
2023-06-20,0.000251241639489308,1,Low,1day
2023-06-21,0.00023188222257886082,1,Low,1day
2023-06-22,0.00024080328876152635,1,Low,1day
2023-06-23,0.00016690038319211453,1,Low,1day
2023-06-24,0.0016880413750186563,1,Low,1day
2023-06-25,0.0014456345234066248,1,Low,1day
2023-06-26,0.0003373388317413628,1,Low,1day
2023-06-27,0.0021424214355647564,1,Low,1day
2023-06-28,0.006951339077204466,1,Low,1day
2023-06-29,0.0007715167012065649,1,Low,1day
2023-06-30,0.0003252608876209706,1,Low,1day
2023-07-01,0.005551593378186226,1,Low,1day
2023-07-02,0.00025480324984528124,1,Low,1day
2023-07-03,0.0002149717474821955,1,Low,1day
2023-07-04,0.0004688723711296916,1,Low,1day
2023-07-05,0.002342982916161418,1,Low,1day
2023-07-06,0.01957496628165245,1,Low,1day
2023-07-07,0.13483308255672455,1,Low,1day
2023-07-08,0.9748024344444275,4,Very High,1day
2023-07-09,0.9992793202400208,4,Very High,1day
2023-07-10,0.9998477697372437,4,Very High,1day
2023-07-11,0.9997937083244324,4,Very High,1day
2023-07-12,0.9997681975364685,4,Very High,1day
2023-07-13,0.9997730851173401,4,Very High,1day
2023-07-14,0.9996058344841003,4,Very High,1day
2023-07-15,0.999408483505249,4,Very High,1day
2023-07-16,0.9996246099472046,4,Very High,1day
2023-07-17,0.9975261092185974,4,Very High,1day
2023-07-18,0.7332406640052795,3,High,1day
2023-07-19,0.006278833840042353,1,Low,1day
2023-07-20,0.06286109238862991,1,Low,1day
2023-07-21,0.8983702063560486,4,Very High,1day
2023-07-22,0.5121850371360779,3,High,1day
2023-07-23,0.9998443126678467,4,Very High,1day
2023-07-24,0.9999184608459473,4,Very High,1day
2023-07-25,0.9999090433120728,4,Very High,1day
2023-07-26,0.9999346733093262,4,Very High,1day
2023-07-27,0.9999204874038696,4,Very High,1day
2023-07-28,0.9998897314071655,4,Very High,1day
2023-07-29,0.9999364614486694,4,Very High,1day
2023-07-30,0.9998026490211487,4,Very High,1day
2023-07-31,0.9996449947357178,4,Very High,1day
2023-08-01,0.9996784925460815,4,Very High,1day
2023-08-02,0.9996001124382019,4,Very High,1day
2023-08-03,0.9996117949485779,4,Very High,1day
2023-08-04,0.9997466206550598,4,Very High,1day
2023-08-05,0.9997019171714783,4,Very High,1day
2023-08-06,0.9927425384521484,4,Very High,1day
2023-08-07,0.9940558671951294,4,Very High,1day
2023-08-08,0.9761057496070862,4,Very High,1day
2023-08-09,0.0022315236274152994,1,Low,1day
2023-08-10,0.001208157162182033,1,Low,1day
2023-08-11,0.0029352239798754454,1,Low,1day
2023-08-12,0.0009487103670835495,1,Low,1day
2023-08-13,0.0018553768750280142,1,Low,1day
2023-08-14,0.0019066700479015708,1,Low,1day
2023-08-15,0.0014946721494197845,1,Low,1day
2023-08-16,0.0014571845531463623,1,Low,1day
2023-08-17,0.21531197428703308,1,Low,1day
2023-08-18,0.02339090220630169,1,Low,1day
2023-08-19,0.0008165412582457066,1,Low,1day
2023-08-20,0.00035919997026212513,1,Low,1day
2023-08-21,0.00033151431125588715,1,Low,1day
2023-08-22,7.236232340801507e-05,1,Low,1day
2023-08-23,4.6097316953819245e-05,1,Low,1day
2023-08-24,6.179751653689891e-05,1,Low,1day
2023-08-25,4.772900865646079e-05,1,Low,1day
2023-08-26,5.907133163418621e-05,1,Low,1day
2023-08-27,6.313177436823025e-05,1,Low,1day
2023-08-28,0.00022670571343041956,1,Low,1day
2023-08-29,6.038420178811066e-05,1,Low,1day
2023-08-30,7.419274334097281e-05,1,Low,1day
2023-08-31,5.633282853523269e-05,1,Low,1day
2023-09-01,3.199721686542034e-05,1,Low,1day
2023-09-02,4.1821313061518595e-05,1,Low,1day
2023-09-03,2.7184396458324045e-05,1,Low,1day
2023-09-04,2.7138883524457924e-05,1,Low,1day
2023-09-05,2.3872300516813993e-05,1,Low,1day
2023-09-06,5.508081812877208e-05,1,Low,1day
2023-09-07,5.303485886543058e-05,1,Low,1day
2023-09-08,6.626873800996691e-05,1,Low,1day
2023-09-09,3.87809268431738e-05,1,Low,1day
2023-09-10,4.642186831915751e-05,1,Low,1day
2023-09-11,4.03556514356751e-05,1,Low,1day
2023-09-12,3.925870987586677e-05,1,Low,1day
2023-09-13,4.659994738176465e-05,1,Low,1day
2023-09-14,4.608848030329682e-05,1,Low,1day
2023-09-15,5.7757803006097674e-05,1,Low,1day
2023-09-16,4.14077949244529e-05,1,Low,1day
2023-09-17,4.3912779801758006e-05,1,Low,1day
2023-09-18,0.00010754680261015892,1,Low,1day
2023-09-19,0.00030926131876185536,1,Low,1day
2023-09-20,0.0005875544738955796,1,Low,1day
2023-09-21,0.0006655408651567996,1,Low,1day
2023-09-22,6.526013021357358e-05,1,Low,1day
2023-09-23,0.00012945702474098653,1,Low,1day
2023-09-24,0.0002719387994147837,1,Low,1day
2023-09-25,0.00016155565390363336,1,Low,1day
2023-09-26,8.805620745988563e-05,1,Low,1day
2023-09-27,7.551367161795497e-05,1,Low,1day
2023-09-28,7.711308717262e-05,1,Low,1day
2023-09-29,3.163033034070395e-05,1,Low,1day
2023-09-30,2.0985058654332533e-05,1,Low,1day
2023-10-01,1.870398955361452e-05,1,Low,1day
2023-10-02,1.9928373149014078e-05,1,Low,1day
2023-10-03,1.85092485480709e-05,1,Low,1day
2023-10-04,1.909915044961963e-05,1,Low,1day
2023-10-05,2.8704269425361417e-05,1,Low,1day
2023-10-06,2.7049331038142554e-05,1,Low,1day
2023-10-07,2.552580372139346e-05,1,Low,1day
2023-10-08,2.162959390261676e-05,1,Low,1day
2023-10-09,1.8596669178805314e-05,1,Low,1day
2023-10-10,1.4877929061185569e-05,1,Low,1day
2023-10-11,1.3802629837300628e-05,1,Low,1day
2023-10-12,1.3500768545782194e-05,1,Low,1day
2023-10-13,1.58964867296163e-05,1,Low,1day
2023-10-14,1.325433640886331e-05,1,Low,1day
2023-10-15,3.480194936855696e-05,1,Low,1day
2023-10-16,3.4788510674843565e-05,1,Low,1day
2023-10-17,3.199410275556147e-05,1,Low,1day
2023-10-18,2.5576122425263748e-05,1,Low,1day
2023-10-19,2.1290205040713772e-05,1,Low,1day
2023-10-20,1.4295002983999439e-05,1,Low,1day
2023-10-21,3.3357129723299295e-05,1,Low,1day
2023-10-22,2.7526422854862176e-05,1,Low,1day
2023-10-23,2.7166617655893788e-05,1,Low,1day
2023-10-24,1.243174119736068e-05,1,Low,1day
2023-10-25,1.0867513083212543e-05,1,Low,1day
2023-10-26,1.1106090823886916e-05,1,Low,1day
2023-10-27,1.011528820527019e-05,1,Low,1day
2023-10-28,2.2252315829973668e-05,1,Low,1day
2023-10-29,1.5380795957753435e-05,1,Low,1day
2023-10-30,1.792974944692105e-05,1,Low,1day
2023-10-31,1.9882452761521563e-05,1,Low,1day
2023-11-01,1.5959602023940533e-05,1,Low,1day
2023-11-02,2.0241419406374916e-05,1,Low,1day
2023-11-03,1.899532253446523e-05,1,Low,1day
2023-11-04,1.8081351299770176e-05,1,Low,1day
2023-11-05,2.068813228106592e-05,1,Low,1day
2023-11-06,2.7053973099100403e-05,1,Low,1day
2023-11-07,3.2439369533676654e-05,1,Low,1day
2023-11-08,2.982463593070861e-05,1,Low,1day
2023-11-09,2.4447444957331754e-05,1,Low,1day
2023-11-10,1.622154923097696e-05,1,Low,1day
2023-11-11,1.9271114069852047e-05,1,Low,1day
2023-11-12,1.807692024158314e-05,1,Low,1day
2023-11-13,1.7892205505631864e-05,1,Low,1day
2023-11-14,2.133585439878516e-05,1,Low,1day
2023-11-15,2.668954766704701e-05,1,Low,1day
2023-11-16,1.868655272119213e-05,1,Low,1day
2023-11-17,1.9506920580170117e-05,1,Low,1day
2023-11-18,1.265077298739925e-05,1,Low,1day
2023-11-19,1.29223244584864e-05,1,Low,1day
2023-11-20,2.4249542548204772e-05,1,Low,1day
2023-11-21,1.3605435015051626e-05,1,Low,1day
2023-11-22,1.7761351045919582e-05,1,Low,1day
2023-11-23,2.0247616703272797e-05,1,Low,1day
2023-11-24,2.626582863740623e-05,1,Low,1day
2023-11-25,2.3341182895819657e-05,1,Low,1day
2023-11-26,4.0519349568057805e-05,1,Low,1day
2023-11-27,3.115306026302278e-05,1,Low,1day
2023-11-28,4.6710196329513565e-05,1,Low,1day
2023-11-29,3.085026401095092e-05,1,Low,1day
2023-11-30,2.0689218217739835e-05,1,Low,1day
2023-12-01,2.8619782824534923e-05,1,Low,1day
2023-12-02,3.200606442987919e-05,1,Low,1day
2023-12-03,2.002591463678982e-05,1,Low,1day
2023-12-04,1.1826333320641425e-05,1,Low,1day
2023-12-05,1.3923930964665487e-05,1,Low,1day
2023-12-06,1.9250266632298008e-05,1,Low,1day
2023-12-07,2.21944155782694e-05,1,Low,1day
2023-12-08,2.3788668841007166e-05,1,Low,1day
2023-12-09,3.136222585453652e-05,1,Low,1day
2023-12-10,2.796468834276311e-05,1,Low,1day
2023-12-11,3.092219048994593e-05,1,Low,1day
2023-12-12,3.094587736995891e-05,1,Low,1day
2023-12-13,2.7028545446228236e-05,1,Low,1day
2023-12-14,1.1832763448182959e-05,1,Low,1day
2023-12-15,1.2008949852315709e-05,1,Low,1day
2023-12-16,1.4981781532696914e-05,1,Low,1day
2023-12-17,1.3283921362017281e-05,1,Low,1day
