timestamp,flood_probability,risk_class,risk_label,forecast_horizon
2010-01-31,6.056199345039204e-05,1,Low,14day
2010-02-01,0.00010283014853484929,1,Low,14day
2010-02-02,3.81231693609152e-05,1,Low,14day
2010-02-03,7.392840052489191e-05,1,Low,14day
2010-02-04,8.46572729642503e-05,1,Low,14day
2010-02-05,8.96520577953197e-05,1,Low,14day
2010-02-06,0.00016094878083094954,1,Low,14day
2010-02-07,0.0003399845154490322,1,Low,14day
2010-02-08,0.000584926106967032,1,Low,14day
2010-02-09,0.00038097528158687055,1,Low,14day
2010-02-10,0.00046782498247921467,1,Low,14day
2010-02-11,0.000374823110178113,1,Low,14day
2010-02-12,0.00016814470291137695,1,Low,14day
2010-02-13,0.000180221744813025,1,Low,14day
2010-02-14,0.0004527537093963474,1,Low,14day
2010-02-15,0.0008513436769135296,1,Low,14day
2010-02-16,0.0005828805733472109,1,Low,14day
2010-02-17,0.00012640393106266856,1,Low,14day
2010-02-18,7.901294156908989e-05,1,Low,14day
2010-02-19,5.427792711998336e-05,1,Low,14day
2010-02-20,4.2566611227812245e-05,1,Low,14day
2010-02-21,3.596260285121389e-05,1,Low,14day
2010-02-22,0.00010996890341630206,1,Low,14day
2010-02-23,0.00010819482849910855,1,Low,14day
2010-02-24,9.527762449579313e-05,1,Low,14day
2010-02-25,0.00013514526654034853,1,Low,14day
2010-02-26,4.528574936557561e-05,1,Low,14day
2010-02-27,6.29975984338671e-05,1,Low,14day
2010-02-28,0.0001587798324180767,1,Low,14day
2010-03-01,3.446614937274717e-05,1,Low,14day
2010-03-02,9.581800986779854e-05,1,Low,14day
2010-03-03,0.00020451568707358092,1,Low,14day
2010-03-04,0.0001252055080840364,1,Low,14day
2010-03-05,0.00012855412205681205,1,Low,14day
2010-03-06,0.0005962418508715928,1,Low,14day
2010-03-07,0.00010852993000298738,1,Low,14day
2010-03-08,0.00011103134602308273,1,Low,14day
2010-03-09,9.062117896974087e-05,1,Low,14day
2010-03-10,3.576028029783629e-05,1,Low,14day
2010-03-11,3.2624113373458385e-05,1,Low,14day
2010-03-12,9.411627252120525e-05,1,Low,14day
2010-03-13,7.7825527114328e-05,1,Low,14day
2010-03-14,7.879766781115904e-05,1,Low,14day
2010-03-15,6.691072485409677e-05,1,Low,14day
2010-03-16,8.343737863469869e-05,1,Low,14day
2010-03-17,8.884144335752353e-05,1,Low,14day
2010-03-18,5.209395385463722e-05,1,Low,14day
2010-03-19,6.589975964743644e-05,1,Low,14day
2010-03-20,0.00014144883607514203,1,Low,14day
2010-03-21,0.00013590084563475102,1,Low,14day
2010-03-22,0.00022541420185007155,1,Low,14day
2010-03-23,0.00011545216693775728,1,Low,14day
2010-03-24,0.00018963946786243469,1,Low,14day
2010-03-25,0.00025452571571804583,1,Low,14day
2010-03-26,0.0001810201647458598,1,Low,14day
2010-03-27,9.730218880577013e-05,1,Low,14day
2010-03-28,9.372846398036927e-05,1,Low,14day
2010-03-29,0.00011001778329955414,1,Low,14day
2010-03-30,0.00024981109891086817,1,Low,14day
2010-03-31,0.00017189871869049966,1,Low,14day
2010-04-01,0.0001618794776732102,1,Low,14day
2010-04-02,0.00012955383863300085,1,Low,14day
2010-04-03,6.678125646430999e-05,1,Low,14day
2010-04-04,4.7221401473507285e-05,1,Low,14day
2010-04-05,7.421206100843847e-05,1,Low,14day
2010-04-06,5.9407626395113766e-05,1,Low,14day
2010-04-07,6.309487798716873e-05,1,Low,14day
2010-04-08,4.79351838293951e-05,1,Low,14day
2010-04-09,0.0001282803132198751,1,Low,14day
2010-04-10,0.00022967898985370994,1,Low,14day
2010-04-11,0.00018053028907161206,1,Low,14day
2010-04-12,0.00016039876209106296,1,Low,14day
2010-04-13,0.0001393528946209699,1,Low,14day
2010-04-14,0.00017726006626617163,1,Low,14day
2010-04-15,0.0001463976368540898,1,Low,14day
2010-04-16,0.0001441065687686205,1,Low,14day
2010-04-17,0.00011384218669263646,1,Low,14day
2010-04-18,0.00020276257419027388,1,Low,14day
2010-04-19,0.00021777645451948047,1,Low,14day
2010-04-20,0.0005379620124585927,1,Low,14day
2010-04-21,0.0003394428640604019,1,Low,14day
2010-04-22,0.00012660646461881697,1,Low,14day
2010-04-23,8.145094761857763e-05,1,Low,14day
2010-04-24,0.00015618716133758426,1,Low,14day
2010-04-25,0.0001431439450243488,1,Low,14day
2010-04-26,0.0003240253427065909,1,Low,14day
2010-04-27,0.0003838748671114445,1,Low,14day
2010-04-28,0.00022226541477721184,1,Low,14day
2010-04-29,0.00041803979547694325,1,Low,14day
2010-04-30,0.0001650377525947988,1,Low,14day
2010-05-01,0.00016820066957734525,1,Low,14day
2010-05-02,0.0002115028619300574,1,Low,14day
2010-05-03,0.0001763719046721235,1,Low,14day
2010-05-04,0.00027655813028104603,1,Low,14day
2010-05-05,0.000281310873106122,1,Low,14day
2010-05-06,0.00021336873760446906,1,Low,14day
2010-05-07,0.00031537856557406485,1,Low,14day
2010-05-08,0.00041750576929189265,1,Low,14day
2010-05-09,0.00024658243637531996,1,Low,14day
2010-05-10,0.0002670356188900769,1,Low,14day
2010-05-11,0.00021412198839243501,1,Low,14day
2010-05-12,0.00046830487553961575,1,Low,14day
2010-05-13,0.0006263824761845171,1,Low,14day
2010-05-14,0.0002826850104611367,1,Low,14day
2010-05-15,0.0002541501016821712,1,Low,14day
2010-05-16,0.00019625262939371169,1,Low,14day
2010-05-17,0.00014072399062570184,1,Low,14day
2010-05-18,8.985739259514958e-05,1,Low,14day
2010-05-19,8.351355791091919e-05,1,Low,14day
2010-05-20,0.00010776206909213215,1,Low,14day
2010-05-21,0.00012617415632121265,1,Low,14day
2010-05-22,0.0001567179278936237,1,Low,14day
2010-05-23,0.00023931876057758927,1,Low,14day
2010-05-24,0.002661692211404443,1,Low,14day
2010-05-25,0.004362210165709257,1,Low,14day
2010-05-26,0.0009709690930321813,1,Low,14day
2010-05-27,0.0010994551703333855,1,Low,14day
2010-05-28,0.0009706647833809257,1,Low,14day
2010-05-29,0.0008836303604766726,1,Low,14day
2010-05-30,0.0004922487423755229,1,Low,14day
2010-05-31,0.0007820756291039288,1,Low,14day
2010-06-01,0.0009465425391681492,1,Low,14day
2010-06-02,0.0010213450295850635,1,Low,14day
2010-06-03,0.0006333912606351078,1,Low,14day
2010-06-04,0.0006539152818731964,1,Low,14day
2010-06-05,0.0016294002998620272,1,Low,14day
2010-06-06,0.00915724877268076,1,Low,14day
2010-06-07,0.009600439108908176,1,Low,14day
2010-06-08,0.014813607558608055,1,Low,14day
2010-06-09,0.02515229396522045,1,Low,14day
2010-06-10,0.022753577679395676,1,Low,14day
2010-06-11,0.007295967545360327,1,Low,14day
2010-06-12,0.0035592704080045223,1,Low,14day
2010-06-13,0.0055669755674898624,1,Low,14day
2010-06-14,0.00626323651522398,1,Low,14day
2010-06-15,0.004911100026220083,1,Low,14day
2010-06-16,0.0027104588225483894,1,Low,14day
2010-06-17,0.002919453661888838,1,Low,14day
2010-06-18,0.0012669885763898492,1,Low,14day
2010-06-19,0.0006873783422634006,1,Low,14day
2010-06-20,0.0012627496616914868,1,Low,14day
2010-06-21,0.0002595501719042659,1,Low,14day
2010-06-22,0.00021445912716444582,1,Low,14day
2010-06-23,0.0003674783220048994,1,Low,14day
2010-06-24,0.00046719840611331165,1,Low,14day
2010-06-25,0.0003500278980936855,1,Low,14day
2010-06-26,0.002642932115122676,1,Low,14day
2010-06-27,0.0015607747482135892,1,Low,14day
2010-06-28,0.001235511968843639,1,Low,14day
2010-06-29,0.0012312469771131873,1,Low,14day
2010-06-30,0.0012603566283360124,1,Low,14day
2010-07-01,0.0026340230833739042,1,Low,14day
2010-07-02,0.002216275781393051,1,Low,14day
2010-07-03,0.01038616243749857,1,Low,14day
2010-07-04,0.04364881291985512,1,Low,14day
2010-07-05,0.06308446079492569,1,Low,14day
2010-07-06,0.06688127666711807,1,Low,14day
2010-07-07,0.20391960442066193,1,Low,14day
2010-07-08,0.2927605211734772,2,Moderate,14day
2010-07-09,0.9947000741958618,4,Very High,14day
2010-07-10,0.9967204928398132,4,Very High,14day
2010-07-11,0.9957118034362793,4,Very High,14day
2010-07-12,0.9958418011665344,4,Very High,14day
2010-07-13,0.9946156144142151,4,Very High,14day
2010-07-14,0.994156002998352,4,Very High,14day
2010-07-15,0.9921572208404541,4,Very High,14day
2010-07-16,0.9929201006889343,4,Very High,14day
2010-07-17,0.9858382344245911,4,Very High,14day
2010-07-18,0.9885290265083313,4,Very High,14day
2010-07-19,0.9899271726608276,4,Very High,14day
2010-07-20,0.9952208399772644,4,Very High,14day
2010-07-21,0.9915015697479248,4,Very High,14day
2010-07-22,0.9956580400466919,4,Very High,14day
2010-07-23,0.9976915121078491,4,Very High,14day
2010-07-24,0.9998352527618408,4,Very High,14day
2010-07-25,0.9998779296875,4,Very High,14day
2010-07-26,0.9996987581253052,4,Very High,14day
2010-07-27,0.999642014503479,4,Very High,14day
2010-07-28,0.9996447563171387,4,Very High,14day
2010-07-29,0.9995255470275879,4,Very High,14day
2010-07-30,0.9994182586669922,4,Very High,14day
2010-07-31,0.9997013211250305,4,Very High,14day
2010-08-01,0.9995025396347046,4,Very High,14day
2010-08-02,0.9992363452911377,4,Very High,14day
2010-08-03,0.9983198046684265,4,Very High,14day
2010-08-04,0.9985729455947876,4,Very High,14day
2010-08-05,0.9983940720558167,4,Very High,14day
2010-08-06,0.9968826770782471,4,Very High,14day
2010-08-07,0.9975874423980713,4,Very High,14day
2010-08-08,0.9984293580055237,4,Very High,14day
2010-08-09,0.9989246726036072,4,Very High,14day
2010-08-10,0.9983407258987427,4,Very High,14day
2010-08-11,0.9984363913536072,4,Very High,14day
2010-08-12,0.9985471367835999,4,Very High,14day
2010-08-13,0.9989393353462219,4,Very High,14day
2010-08-14,0.9989013671875,4,Very High,14day
2010-08-15,0.9989812970161438,4,Very High,14day
2010-08-16,0.9988547563552856,4,Very High,14day
2010-08-17,0.9990963935852051,4,Very High,14day
2010-08-18,0.9985331296920776,4,Very High,14day
2010-08-19,0.9983329176902771,4,Very High,14day
2010-08-20,0.9967523813247681,4,Very High,14day
2010-08-21,0.9977779984474182,4,Very High,14day
2010-08-22,0.9978002905845642,4,Very High,14day
2010-08-23,0.9971402883529663,4,Very High,14day
2010-08-24,0.9987905621528625,4,Very High,14day
2010-08-25,0.9986311793327332,4,Very High,14day
2010-08-26,0.9980607628822327,4,Very High,14day
2010-08-27,0.9988141059875488,4,Very High,14day
2010-08-28,0.9993799924850464,4,Very High,14day
2010-08-29,0.999173104763031,4,Very High,14day
2010-08-30,0.9988253712654114,4,Very High,14day
2010-08-31,0.9987033605575562,4,Very High,14day
2010-09-01,0.9988711476325989,4,Very High,14day
2010-09-02,0.9990692734718323,4,Very High,14day
2010-09-03,0.9989874958992004,4,Very High,14day
2010-09-04,0.9986529350280762,4,Very High,14day
2010-09-05,0.9982183575630188,4,Very High,14day
2010-09-06,0.9985176920890808,4,Very High,14day
2010-09-07,0.9920668601989746,4,Very High,14day
2010-09-08,0.21067772805690765,1,Low,14day
2010-09-09,0.06317861378192902,1,Low,14day
2010-09-10,0.11427056789398193,1,Low,14day
2010-09-11,0.060278382152318954,1,Low,14day
2010-09-12,0.005175635684281588,1,Low,14day
2010-09-13,0.0028444768395274878,1,Low,14day
2010-09-14,0.00280638225376606,1,Low,14day
2010-09-15,0.0022120189387351274,1,Low,14day
2010-09-16,0.0006002623122185469,1,Low,14day
2010-09-17,0.0008107005269266665,1,Low,14day
2010-09-18,0.0015193781582638621,1,Low,14day
2010-09-19,9.387122554471716e-05,1,Low,14day
2010-09-20,4.957482815370895e-05,1,Low,14day
2010-09-21,5.148024865775369e-05,1,Low,14day
2010-09-22,2.8770591598004103e-05,1,Low,14day
2010-09-23,3.230846778023988e-05,1,Low,14day
2010-09-24,1.0184322491113562e-05,1,Low,14day
2010-09-25,1.4630743862653617e-05,1,Low,14day
2010-09-26,1.7411908629583195e-05,1,Low,14day
2010-09-27,1.8251546862302348e-05,1,Low,14day
2010-09-28,1.9759550923481584e-05,1,Low,14day
2010-09-29,4.114759940421209e-05,1,Low,14day
2010-09-30,3.9483191358158365e-05,1,Low,14day
2010-10-01,5.324515586835332e-05,1,Low,14day
2010-10-02,4.341722160461359e-05,1,Low,14day
2010-10-03,4.934814205626026e-05,1,Low,14day
2010-10-04,4.003653521067463e-05,1,Low,14day
2010-10-05,0.00012897723354399204,1,Low,14day
2010-10-06,0.00011316432937746868,1,Low,14day
2010-10-07,0.00014026969438418746,1,Low,14day
2010-10-08,0.0002900167601183057,1,Low,14day
2010-10-09,0.00036292464938014746,1,Low,14day
2010-10-10,0.00028853959520347416,1,Low,14day
2010-10-11,4.812806218978949e-05,1,Low,14day
2010-10-12,6.254649633774534e-05,1,Low,14day
2010-10-13,4.1227060137316585e-05,1,Low,14day
2010-10-14,7.00155069353059e-05,1,Low,14day
2010-10-15,7.130332960514352e-05,1,Low,14day
2010-10-16,9.409348422195762e-05,1,Low,14day
2010-10-17,7.774274854455143e-05,1,Low,14day
2010-10-18,7.812005060259253e-05,1,Low,14day
2010-10-19,0.00010066205868497491,1,Low,14day
2010-10-20,8.149919449351728e-05,1,Low,14day
2010-10-21,0.0004089335270691663,1,Low,14day
2010-10-22,0.00035395516897551715,1,Low,14day
2010-10-23,0.00014704104978591204,1,Low,14day
2010-10-24,0.00011971279309364036,1,Low,14day
2010-10-25,6.756241054972634e-05,1,Low,14day
2010-10-26,6.781634147046134e-05,1,Low,14day
2010-10-27,3.9052032661857083e-05,1,Low,14day
2010-10-28,0.00011048710439354181,1,Low,14day
2010-10-29,7.697862747590989e-05,1,Low,14day
2010-10-30,5.19582572451327e-05,1,Low,14day
2010-10-31,9.285611304221675e-05,1,Low,14day
2010-11-01,7.075961184455082e-05,1,Low,14day
2010-11-02,5.244046406005509e-05,1,Low,14day
2010-11-03,4.9149100959766656e-05,1,Low,14day
2010-11-04,5.015726128476672e-05,1,Low,14day
2010-11-05,3.084411582676694e-05,1,Low,14day
2010-11-06,4.201033880235627e-05,1,Low,14day
2010-11-07,4.6607947297161445e-05,1,Low,14day
2010-11-08,6.0531048802658916e-05,1,Low,14day
2010-11-09,9.867969492916018e-05,1,Low,14day
2010-11-10,0.0001691457291599363,1,Low,14day
2010-11-11,0.0004299352876842022,1,Low,14day
2010-11-12,0.0006997885066084564,1,Low,14day
2010-11-13,0.0006690749432891607,1,Low,14day
2010-11-14,0.0002813674509525299,1,Low,14day
2010-11-15,0.00031187100103124976,1,Low,14day
2010-11-16,0.00043126216041855514,1,Low,14day
2010-11-17,0.0004739144060295075,1,Low,14day
2010-11-18,0.0003620231000240892,1,Low,14day
2010-11-19,0.0005692699924111366,1,Low,14day
2010-11-20,0.0013476278400048614,1,Low,14day
2010-11-21,0.0007212444907054305,1,Low,14day
2010-11-22,0.00040198504575528204,1,Low,14day
2010-11-23,0.0010492197470739484,1,Low,14day
2010-11-24,0.0001636529341340065,1,Low,14day
2010-11-25,0.00010155631025554612,1,Low,14day
2010-11-26,0.0001805425126804039,1,Low,14day
2010-11-27,0.00043014026596210897,1,Low,14day
2010-11-28,0.00024581601610407233,1,Low,14day
2010-11-29,0.0005970553611405194,1,Low,14day
2010-11-30,0.0005092096398584545,1,Low,14day
2010-12-01,0.00018656806787475944,1,Low,14day
2010-12-02,0.00035318767186254263,1,Low,14day
2010-12-03,0.00043800880666822195,1,Low,14day
2010-12-04,0.00029143839492462575,1,Low,14day
2010-12-05,0.0007475889869965613,1,Low,14day
2010-12-06,0.0006486575584858656,1,Low,14day
2010-12-07,0.0006372911739163101,1,Low,14day
2010-12-08,0.0003842217556666583,1,Low,14day
2010-12-09,0.00029775570146739483,1,Low,14day
2010-12-10,0.0003050143423024565,1,Low,14day
2010-12-11,0.00019775758846662939,1,Low,14day
2010-12-12,0.00013311846123542637,1,Low,14day
2010-12-13,8.586602052673697e-05,1,Low,14day
2010-12-14,3.762593405554071e-05,1,Low,14day
2010-12-15,3.4178607165813446e-05,1,Low,14day
2010-12-16,3.2201147405430675e-05,1,Low,14day
2010-12-17,4.3445219489512965e-05,1,Low,14day
2010-12-18,3.3343996619805694e-05,1,Low,14day
2010-12-19,3.7778339901706204e-05,1,Low,14day
2010-12-20,5.570343273575418e-05,1,Low,14day
2010-12-21,4.743651152239181e-05,1,Low,14day
2010-12-22,5.707650416297838e-05,1,Low,14day
2010-12-23,5.61794477107469e-05,1,Low,14day
2010-12-24,8.273342973552644e-05,1,Low,14day
2010-12-25,6.555696745635942e-05,1,Low,14day
2010-12-26,8.185654587578028e-05,1,Low,14day
2010-12-27,0.00013457468594424427,1,Low,14day
2010-12-28,0.00023380210041068494,1,Low,14day
2010-12-29,0.0002483245625626296,1,Low,14day
2010-12-30,0.0002198391011916101,1,Low,14day
2010-12-31,0.00023379652702715248,1,Low,14day
2011-01-01,0.0001838190946727991,1,Low,14day
2011-01-02,0.00018298982467968017,1,Low,14day
2011-01-03,0.0001864361111074686,1,Low,14day
2011-01-04,0.0002986227918881923,1,Low,14day
2011-01-05,0.00036585534689947963,1,Low,14day
2011-01-06,0.00015137139416765422,1,Low,14day
2011-01-07,0.00022924906807020307,1,Low,14day
2011-01-08,0.00022924906807020307,1,Low,14day
2011-01-09,0.0002969687047880143,1,Low,14day
2011-01-10,0.00023901044914964586,1,Low,14day
2011-01-11,0.00018228385306429118,1,Low,14day
2011-01-12,0.00021746064885519445,1,Low,14day
2011-01-13,0.00019707431783899665,1,Low,14day
2011-01-14,0.000193573854630813,1,Low,14day
2011-01-15,0.00013989316357765347,1,Low,14day
2011-01-16,0.00011705220822477713,1,Low,14day
2011-01-17,8.379323116969317e-05,1,Low,14day
2011-01-18,5.892055560252629e-05,1,Low,14day
2011-01-19,4.237140092300251e-05,1,Low,14day
2011-01-20,9.071904787560925e-05,1,Low,14day
2011-01-21,4.916560646961443e-05,1,Low,14day
2011-01-22,3.701870809891261e-05,1,Low,14day
2011-01-23,5.387816054280847e-05,1,Low,14day
2011-01-24,5.6906777899712324e-05,1,Low,14day
2011-01-25,3.0031869755475782e-05,1,Low,14day
2011-01-26,4.099168290849775e-05,1,Low,14day
2011-01-27,4.6782948629697785e-05,1,Low,14day
2011-01-28,7.315418042708188e-05,1,Low,14day
2011-01-29,8.52553203003481e-05,1,Low,14day
2011-01-30,3.0929742933949456e-05,1,Low,14day
2011-01-31,5.286822124617174e-05,1,Low,14day
2011-02-01,8.427460124948993e-05,1,Low,14day
2011-02-02,5.9091948060086e-05,1,Low,14day
2011-02-03,0.00012632162543013692,1,Low,14day
2011-02-04,0.00013901630882173777,1,Low,14day
2011-02-05,0.00016270599735435098,1,Low,14day
2011-02-06,0.00025971553986892104,1,Low,14day
2011-02-07,0.00015255450853146613,1,Low,14day
2011-02-08,0.00012714350305031985,1,Low,14day
2011-02-09,0.00010890999692492187,1,Low,14day
2011-02-10,0.000179376031155698,1,Low,14day
2011-02-11,0.00023367663379758596,1,Low,14day
2011-02-12,0.00035282637691125274,1,Low,14day
2011-02-13,0.0004414855793584138,1,Low,14day
2011-02-14,0.0005646822392009199,1,Low,14day
2011-02-15,0.0005190297379158437,1,Low,14day
2011-02-16,0.00031802806188352406,1,Low,14day
2011-02-17,0.0004058807098772377,1,Low,14day
2011-02-18,0.00033095633261837065,1,Low,14day
2011-02-19,0.0005653920816257596,1,Low,14day
2011-02-20,0.00034634885378181934,1,Low,14day
2011-02-21,0.0005088947364129126,1,Low,14day
2011-02-22,0.0005741718341596425,1,Low,14day
2011-02-23,0.0006248611025512218,1,Low,14day
2011-02-24,0.00047334417467936873,1,Low,14day
2011-02-25,0.00038621286512352526,1,Low,14day
2011-02-26,7.5447816925589e-05,1,Low,14day
2011-02-27,8.07341857580468e-05,1,Low,14day
2011-02-28,0.000196811233763583,1,Low,14day
2011-03-01,0.00035197657416574657,1,Low,14day
2011-03-02,0.0003107334196101874,1,Low,14day
2011-03-03,0.00029858321067877114,1,Low,14day
2011-03-04,0.00029801783966831863,1,Low,14day
2011-03-05,0.0005626532947644591,1,Low,14day
2011-03-06,0.0002687704691197723,1,Low,14day
2011-03-07,0.0001523691462352872,1,Low,14day
2011-03-08,0.00025241021648980677,1,Low,14day
2011-03-09,0.0001919478236231953,1,Low,14day
2011-03-10,9.390748891746625e-05,1,Low,14day
2011-03-11,9.602555655874312e-05,1,Low,14day
2011-03-12,0.0002060779370367527,1,Low,14day
2011-03-13,0.0001823608617996797,1,Low,14day
2011-03-14,0.00023999261611606926,1,Low,14day
2011-03-15,0.00018797567463479936,1,Low,14day
2011-03-16,0.00016815817798487842,1,Low,14day
2011-03-17,0.00013881392078474164,1,Low,14day
2011-03-18,0.00021063568419776857,1,Low,14day
2011-03-19,0.0002089348854497075,1,Low,14day
2011-03-20,0.00021372262563090771,1,Low,14day
2011-03-21,0.0002051197225227952,1,Low,14day
2011-03-22,0.00014949617616366595,1,Low,14day
2011-03-23,0.00010725246829679236,1,Low,14day
2011-03-24,6.734467024216428e-05,1,Low,14day
2011-03-25,7.265889144036919e-05,1,Low,14day
2011-03-26,3.434465543250553e-05,1,Low,14day
2011-03-27,3.297915100120008e-05,1,Low,14day
2011-03-28,5.4394306062022224e-05,1,Low,14day
2011-03-29,4.6771754568908364e-05,1,Low,14day
2011-03-30,2.2183960027177818e-05,1,Low,14day
2011-03-31,2.9339673346839845e-05,1,Low,14day
2011-04-01,4.4713982788380235e-05,1,Low,14day
2011-04-02,2.844249138433952e-05,1,Low,14day
2011-04-03,2.5577561245881952e-05,1,Low,14day
2011-04-04,2.7222013159189373e-05,1,Low,14day
2011-04-05,2.7902753572561778e-05,1,Low,14day
2011-04-06,5.366264304029755e-05,1,Low,14day
2011-04-07,7.907249528216198e-05,1,Low,14day
2011-04-08,6.23168089077808e-05,1,Low,14day
2011-04-09,5.6765038607409224e-05,1,Low,14day
2011-04-10,0.00012000733113382012,1,Low,14day
2011-04-11,7.462650683009997e-05,1,Low,14day
2011-04-12,0.0001144091656897217,1,Low,14day
2011-04-13,9.725043491926044e-05,1,Low,14day
2011-04-14,8.386398258153349e-05,1,Low,14day
2011-04-15,0.0001585468417033553,1,Low,14day
2011-04-16,0.00026992143830284476,1,Low,14day
2011-04-17,6.687487621093169e-05,1,Low,14day
2011-04-18,0.00046381584252230823,1,Low,14day
2011-04-19,0.0002250179968541488,1,Low,14day
2011-04-20,7.341043965425342e-05,1,Low,14day
2011-04-21,0.00011408114369260147,1,Low,14day
2011-04-22,0.00012197263276902959,1,Low,14day
2011-04-23,0.00016420001338701695,1,Low,14day
2011-04-24,0.00010260897397529334,1,Low,14day
2011-04-25,5.9952380979666486e-05,1,Low,14day
2011-04-26,4.387832814245485e-05,1,Low,14day
2011-04-27,5.3743660828331485e-05,1,Low,14day
2011-04-28,5.840984158567153e-05,1,Low,14day
2011-04-29,7.356292189797387e-05,1,Low,14day
2011-04-30,3.154857040499337e-05,1,Low,14day
2011-05-01,4.1141949623124674e-05,1,Low,14day
2011-05-02,8.445634011877701e-05,1,Low,14day
2011-05-03,6.082661639084108e-05,1,Low,14day
2011-05-04,6.838398985564709e-05,1,Low,14day
2011-05-05,4.6718614612473175e-05,1,Low,14day
2011-05-06,3.470043884590268e-05,1,Low,14day
2011-05-07,2.911910087277647e-05,1,Low,14day
2011-05-08,3.137715611956082e-05,1,Low,14day
2011-05-09,4.12771369155962e-05,1,Low,14day
2011-05-10,4.639252438209951e-05,1,Low,14day
2011-05-11,5.6346521887462586e-05,1,Low,14day
2011-05-12,9.973868145607412e-05,1,Low,14day
2011-05-13,8.54811369208619e-05,1,Low,14day
2011-05-14,0.0001026581012411043,1,Low,14day
2011-05-15,7.799566083122045e-05,1,Low,14day
2011-05-16,9.704171679913998e-05,1,Low,14day
2011-05-17,0.00010245292651234195,1,Low,14day
2011-05-18,0.00010344215843360871,1,Low,14day
2011-05-19,0.000140716481837444,1,Low,14day
2011-05-20,0.00013176804350223392,1,Low,14day
2011-05-21,0.00010802586621139199,1,Low,14day
2011-05-22,0.00020241276070009917,1,Low,14day
2011-05-23,0.00015247058763634413,1,Low,14day
2011-05-24,0.0003178795159328729,1,Low,14day
2011-05-25,0.0004904979723505676,1,Low,14day
2011-05-26,0.0004271852958481759,1,Low,14day
2011-05-27,0.0004361056780908257,1,Low,14day
2011-05-28,0.00038639866397716105,1,Low,14day
2011-05-29,0.0002444774436298758,1,Low,14day
2011-05-30,0.0002670282556209713,1,Low,14day
2011-05-31,0.00011474020720925182,1,Low,14day
2011-06-01,0.00027887572650797665,1,Low,14day
2011-06-02,0.00019845992210321128,1,Low,14day
2011-06-03,0.00012399163097143173,1,Low,14day
2011-06-04,0.00021158898016437888,1,Low,14day
2011-06-05,0.00019118651107419282,1,Low,14day
2011-06-06,0.00017346952517982572,1,Low,14day
2011-06-07,0.0002662998449523002,1,Low,14day
2011-06-08,0.00019253605569247156,1,Low,14day
2011-06-09,0.0001754962286213413,1,Low,14day
2011-06-10,7.915223250165582e-05,1,Low,14day
2011-06-11,0.00013956273323856294,1,Low,14day
2011-06-12,0.00045354742906056345,1,Low,14day
2011-06-13,0.00044502830132842064,1,Low,14day
2011-06-14,0.0006559713510796428,1,Low,14day
2011-06-15,0.00038786508957855403,1,Low,14day
2011-06-16,0.0002657616278156638,1,Low,14day
2011-06-17,0.0002570000651758164,1,Low,14day
2011-06-18,0.00021534327242989093,1,Low,14day
2011-06-19,0.0002163182944059372,1,Low,14day
2011-06-20,0.0006829280755482614,1,Low,14day
2011-06-21,0.0007790234521962702,1,Low,14day
2011-06-22,0.0008010840974748135,1,Low,14day
2011-06-23,0.0004978207289241254,1,Low,14day
2011-06-24,0.000523293623700738,1,Low,14day
2011-06-25,0.0005006550345569849,1,Low,14day
2011-06-26,0.0010127858258783817,1,Low,14day
2011-06-27,0.00022574112517759204,1,Low,14day
2011-06-28,0.0013393047265708447,1,Low,14day
2011-06-29,0.0024197925813496113,1,Low,14day
2011-06-30,0.008052299730479717,1,Low,14day
2011-07-01,0.007667365483939648,1,Low,14day
2011-07-02,0.002635802375152707,1,Low,14day
2011-07-03,0.01321400236338377,1,Low,14day
2011-07-04,0.021203583106398582,1,Low,14day
2011-07-05,0.031932003796100616,1,Low,14day
2011-07-06,0.029137756675481796,1,Low,14day
2011-07-07,0.01602700538933277,1,Low,14day
2011-07-08,0.02293841540813446,1,Low,14day
2011-07-09,0.06099237501621246,1,Low,14day
2011-07-10,0.0888848751783371,1,Low,14day
2011-07-11,0.0993889644742012,1,Low,14day
2011-07-12,0.04832787811756134,1,Low,14day
2011-07-13,0.037670280784368515,1,Low,14day
2011-07-14,0.03792188689112663,1,Low,14day
2011-07-15,0.04013253003358841,1,Low,14day
2011-07-16,0.049709975719451904,1,Low,14day
2011-07-17,0.08012332022190094,1,Low,14day
2011-07-18,0.10384557396173477,1,Low,14day
2011-07-19,0.14727817475795746,1,Low,14day
2011-07-20,0.02440725825726986,1,Low,14day
2011-07-21,0.016370192170143127,1,Low,14day
2011-07-22,0.0015940230805426836,1,Low,14day
2011-07-23,0.009766059927642345,1,Low,14day
2011-07-24,0.03161608800292015,1,Low,14day
2011-07-25,0.06926991790533066,1,Low,14day
2011-07-26,0.3202410638332367,2,Moderate,14day
2011-07-27,0.5600252747535706,3,High,14day
2011-07-28,0.9778623580932617,4,Very High,14day
2011-07-29,0.9746385812759399,4,Very High,14day
2011-07-30,0.9879926443099976,4,Very High,14day
2011-07-31,0.9859235286712646,4,Very High,14day
2011-08-01,0.9887546300888062,4,Very High,14day
2011-08-02,0.9818499684333801,4,Very High,14day
2011-08-03,0.978972852230072,4,Very High,14day
2011-08-04,0.9868872761726379,4,Very High,14day
2011-08-05,0.9938758015632629,4,Very High,14day
2011-08-06,0.990264892578125,4,Very High,14day
2011-08-07,0.9933149218559265,4,Very High,14day
2011-08-08,0.9860221147537231,4,Very High,14day
2011-08-09,0.9818850159645081,4,Very High,14day
2011-08-10,0.9866029024124146,4,Very High,14day
2011-08-11,0.9964548349380493,4,Very High,14day
2011-08-12,0.9968883395195007,4,Very High,14day
2011-08-13,0.3357320725917816,2,Moderate,14day
2011-08-14,0.10134232044219971,1,Low,14day
2011-08-15,0.037350643426179886,1,Low,14day
2011-08-16,0.06411122530698776,1,Low,14day
2011-08-17,0.028617314994335175,1,Low,14day
2011-08-18,0.016799330711364746,1,Low,14day
2011-08-19,0.01777232252061367,1,Low,14day
2011-08-20,0.0061348434537649155,1,Low,14day
2011-08-21,0.008699225261807442,1,Low,14day
2011-08-22,0.03106698952615261,1,Low,14day
2011-08-23,0.031963884830474854,1,Low,14day
2011-08-24,0.03153728321194649,1,Low,14day
2011-08-25,0.019045932218432426,1,Low,14day
2011-08-26,0.032278768718242645,1,Low,14day
2011-08-27,0.08339789509773254,1,Low,14day
2011-08-28,0.08512269705533981,1,Low,14day
2011-08-29,0.15985119342803955,1,Low,14day
2011-08-30,0.1872492879629135,1,Low,14day
2011-08-31,0.08662648499011993,1,Low,14day
2011-09-01,0.06135973334312439,1,Low,14day
2011-09-02,0.049078118056058884,1,Low,14day
2011-09-03,0.05779263749718666,1,Low,14day
2011-09-04,0.05103864148259163,1,Low,14day
2011-09-05,0.06607981771230698,1,Low,14day
2011-09-06,0.06406441330909729,1,Low,14day
2011-09-07,0.05576195940375328,1,Low,14day
2011-09-08,0.05644742771983147,1,Low,14day
2011-09-09,0.10631930083036423,1,Low,14day
2011-09-10,0.07954329252243042,1,Low,14day
2011-09-11,0.044615793973207474,1,Low,14day
2011-09-12,0.028134411200881004,1,Low,14day
2011-09-13,0.05428605526685715,1,Low,14day
2011-09-14,0.03163178637623787,1,Low,14day
2011-09-15,0.022682752460241318,1,Low,14day
2011-09-16,0.011212309822440147,1,Low,14day
2011-09-17,0.007057470269501209,1,Low,14day
2011-09-18,0.016683530062437057,1,Low,14day
2011-09-19,0.005961803253740072,1,Low,14day
2011-09-20,0.0017001914093270898,1,Low,14day
2011-09-21,0.003237461671233177,1,Low,14day
2011-09-22,0.0016012669075280428,1,Low,14day
2011-09-23,0.0009734232444316149,1,Low,14day
2011-09-24,0.0006349367322400212,1,Low,14day
2011-09-25,0.0005394318141043186,1,Low,14day
2011-09-26,0.00040555791929364204,1,Low,14day
2011-09-27,0.00015868160699028522,1,Low,14day
2011-09-28,0.000194037493201904,1,Low,14day
2011-09-29,0.00018109733355231583,1,Low,14day
2011-09-30,0.0001419104664819315,1,Low,14day
2011-10-01,0.00012960091407876462,1,Low,14day
2011-10-02,0.0001421267370460555,1,Low,14day
2011-10-03,0.0001114279220928438,1,Low,14day
2011-10-04,0.00011129921767860651,1,Low,14day
2011-10-05,0.00016826324281282723,1,Low,14day
2011-10-06,0.00015848095063120127,1,Low,14day
2011-10-07,9.846867033047602e-05,1,Low,14day
2011-10-08,5.3408755775308236e-05,1,Low,14day
2011-10-09,6.311095057753846e-05,1,Low,14day
2011-10-10,7.020893099252135e-05,1,Low,14day
2011-10-11,0.00013342777674552053,1,Low,14day
2011-10-12,0.00010753705282695591,1,Low,14day
2011-10-13,6.828018376836553e-05,1,Low,14day
2011-10-14,6.6200147557538e-05,1,Low,14day
2011-10-15,9.662305819801986e-05,1,Low,14day
2011-10-16,4.954845644533634e-05,1,Low,14day
2011-10-17,3.759856554097496e-05,1,Low,14day
2011-10-18,2.7283451345283538e-05,1,Low,14day
2011-10-19,4.501767034525983e-05,1,Low,14day
2011-10-20,4.691134745371528e-05,1,Low,14day
2011-10-21,4.000131229986437e-05,1,Low,14day
2011-10-22,4.134359915042296e-05,1,Low,14day
2011-10-23,3.0130468076094985e-05,1,Low,14day
2011-10-24,3.192841904819943e-05,1,Low,14day
2011-10-25,3.948183803004213e-05,1,Low,14day
2011-10-26,8.657969010528177e-05,1,Low,14day
2011-10-27,0.00013989167928230017,1,Low,14day
2011-10-28,8.841557428240776e-05,1,Low,14day
2011-10-29,0.00011436564091127366,1,Low,14day
2011-10-30,0.00015666191757190973,1,Low,14day
2011-10-31,0.00011251709656789899,1,Low,14day
2011-11-01,0.0001787323853932321,1,Low,14day
2011-11-02,0.0001142717883340083,1,Low,14day
2011-11-03,0.0001200033220811747,1,Low,14day
2011-11-04,0.00011789143172791228,1,Low,14day
2011-11-05,6.218875932972878e-05,1,Low,14day
2011-11-06,9.261284139938653e-05,1,Low,14day
2011-11-07,5.776402758783661e-05,1,Low,14day
2011-11-08,6.171095446916297e-05,1,Low,14day
2011-11-09,7.632414781255648e-05,1,Low,14day
2011-11-10,9.747975855134428e-05,1,Low,14day
2011-11-11,4.048991831950843e-05,1,Low,14day
2011-11-12,3.1847805075813085e-05,1,Low,14day
2011-11-13,3.953771374654025e-05,1,Low,14day
2011-11-14,3.7849851651117206e-05,1,Low,14day
2011-11-15,2.9226630431367084e-05,1,Low,14day
2011-11-16,3.809613190242089e-05,1,Low,14day
2011-11-17,3.50020854966715e-05,1,Low,14day
2011-11-18,3.196543548256159e-05,1,Low,14day
2011-11-19,4.101404920220375e-05,1,Low,14day
2011-11-20,3.934881533496082e-05,1,Low,14day
2011-11-21,6.292069156188518e-05,1,Low,14day
2011-11-22,6.989236135268584e-05,1,Low,14day
2011-11-23,5.7776476751314476e-05,1,Low,14day
2011-11-24,7.632698543602601e-05,1,Low,14day
2011-11-25,0.00010717834084061906,1,Low,14day
2011-11-26,7.182512490544468e-05,1,Low,14day
2011-11-27,7.194494537543505e-05,1,Low,14day
2011-11-28,0.0002196702262153849,1,Low,14day
2011-11-29,0.0002579616557341069,1,Low,14day
2011-11-30,0.00034755878732539713,1,Low,14day
2011-12-01,0.00021701428340747952,1,Low,14day
2011-12-02,0.00019653838535305113,1,Low,14day
2011-12-03,0.0002597625716589391,1,Low,14day
2011-12-04,0.0005134656094014645,1,Low,14day
2011-12-05,0.0004906326066702604,1,Low,14day
2011-12-06,0.000562925823032856,1,Low,14day
2011-12-07,0.00021529398509301245,1,Low,14day
2011-12-08,0.0003870650252792984,1,Low,14day
2011-12-09,0.00015198664914350957,1,Low,14day
2011-12-10,0.0001622797572053969,1,Low,14day
2011-12-11,5.774463716079481e-05,1,Low,14day
2011-12-12,7.004996587056667e-05,1,Low,14day
2011-12-13,8.334998710779473e-05,1,Low,14day
2011-12-14,7.56743538659066e-05,1,Low,14day
2011-12-15,2.7430749469203874e-05,1,Low,14day
2011-12-16,6.551834667334333e-05,1,Low,14day
2011-12-17,5.7344215747434646e-05,1,Low,14day
2011-12-18,8.181620069080964e-05,1,Low,14day
2011-12-19,0.00011449036537669599,1,Low,14day
2011-12-20,0.0001663368457229808,1,Low,14day
2011-12-21,0.00012214046728331596,1,Low,14day
2011-12-22,0.0001610915787750855,1,Low,14day
2011-12-23,0.00029196488321758807,1,Low,14day
2011-12-24,0.00014567506150342524,1,Low,14day
2011-12-25,0.0001596459187567234,1,Low,14day
2011-12-26,0.00011852174066007137,1,Low,14day
2011-12-27,0.00013303128071129322,1,Low,14day
2011-12-28,6.862223381176591e-05,1,Low,14day
2011-12-29,8.424760744674131e-05,1,Low,14day
2011-12-30,9.474949911236763e-05,1,Low,14day
2011-12-31,5.938360845902935e-05,1,Low,14day
2012-01-01,0.00030032102949917316,1,Low,14day
2012-01-02,9.101816976908594e-05,1,Low,14day
2012-01-03,5.475376747199334e-05,1,Low,14day
2012-01-04,0.0001593324850546196,1,Low,14day
2012-01-05,0.00010313663369743153,1,Low,14day
2012-01-06,7.872601418057457e-05,1,Low,14day
2012-01-07,0.00013351380766835064,1,Low,14day
2012-01-08,0.00031186416163109243,1,Low,14day
2012-01-09,0.00014402468514163047,1,Low,14day
2012-01-10,0.00013450809638015926,1,Low,14day
2012-01-11,0.00012182210048194975,1,Low,14day
2012-01-12,7.936930342111737e-05,1,Low,14day
2012-01-13,0.00012765760766342282,1,Low,14day
2012-01-14,0.00025766127509996295,1,Low,14day
2012-01-15,0.00024668636615388095,1,Low,14day
2012-01-16,0.00010133197793038562,1,Low,14day
2012-01-17,0.0001477207988500595,1,Low,14day
2012-01-18,0.0001561540993861854,1,Low,14day
2012-01-19,6.506092177005485e-05,1,Low,14day
2012-01-20,9.800328552955762e-05,1,Low,14day
2012-01-21,0.0002506958262529224,1,Low,14day
2012-01-22,0.00011652300599962473,1,Low,14day
2012-01-23,0.000109690117824357,1,Low,14day
2012-01-24,0.00029968805029056966,1,Low,14day
2012-01-25,0.00021632426069118083,1,Low,14day
2012-01-26,0.00012428649642970413,1,Low,14day
2012-01-27,0.0001601571566425264,1,Low,14day
2012-01-28,0.00010043405200121924,1,Low,14day
2012-01-29,0.00016868427337612957,1,Low,14day
2012-01-30,0.00022748215997125953,1,Low,14day
2012-01-31,9.172190766548738e-05,1,Low,14day
2012-02-01,0.00014180374273564667,1,Low,14day
2012-02-02,0.00015437811089213938,1,Low,14day
2012-02-03,0.00022542236547451466,1,Low,14day
2012-02-04,0.0002594756952021271,1,Low,14day
2012-02-05,0.00016016997687984258,1,Low,14day
2012-02-06,0.0002838165091816336,1,Low,14day
2012-02-07,0.00018378229287918657,1,Low,14day
2012-02-08,0.00010418301826575771,1,Low,14day
2012-02-09,9.993631829274818e-05,1,Low,14day
2012-02-10,9.914346446748823e-05,1,Low,14day
2012-02-11,0.0002116006799042225,1,Low,14day
2012-02-12,0.0004399664467200637,1,Low,14day
2012-02-13,0.00020781054627150297,1,Low,14day
2012-02-14,0.0001376396685373038,1,Low,14day
2012-02-15,0.00010835827561095357,1,Low,14day
2012-02-16,4.8897447413764894e-05,1,Low,14day
2012-02-17,0.00014287189696915448,1,Low,14day
2012-02-18,0.0005262357881292701,1,Low,14day
2012-02-19,0.0005682131741195917,1,Low,14day
2012-02-20,0.00039551089867018163,1,Low,14day
2012-02-21,0.0002290535339852795,1,Low,14day
2012-02-22,0.00033439905382692814,1,Low,14day
2012-02-23,0.0002153229434043169,1,Low,14day
2012-02-24,0.0002499590627849102,1,Low,14day
2012-02-25,0.00016132797463797033,1,Low,14day
2012-02-26,0.00019405562488827854,1,Low,14day
2012-02-27,0.00016245455481112003,1,Low,14day
2012-02-28,0.00013338070129975677,1,Low,14day
2012-02-29,0.0001170080213341862,1,Low,14day
2012-03-01,0.00015297518984880298,1,Low,14day
2012-03-02,0.0001030304774758406,1,Low,14day
2012-03-03,0.00010989626753143966,1,Low,14day
2012-03-04,0.00012271599553059787,1,Low,14day
2012-03-05,0.00010166424908675253,1,Low,14day
2012-03-06,0.00010619265958666801,1,Low,14day
2012-03-07,0.00011992896179435775,1,Low,14day
2012-03-08,7.240760169224814e-05,1,Low,14day
2012-03-09,4.80506059830077e-05,1,Low,14day
2012-03-10,4.1664072341518477e-05,1,Low,14day
2012-03-11,0.0001076176849892363,1,Low,14day
2012-03-12,0.0001091559897758998,1,Low,14day
2012-03-13,6.168812251416966e-05,1,Low,14day
2012-03-14,0.00010454188304720446,1,Low,14day
2012-03-15,6.004060560371727e-05,1,Low,14day
2012-03-16,5.865874118171632e-05,1,Low,14day
2012-03-17,7.329858635785058e-05,1,Low,14day
2012-03-18,4.219829133944586e-05,1,Low,14day
2012-03-19,6.463799218181521e-05,1,Low,14day
2012-03-20,0.00012056511332048103,1,Low,14day
2012-03-21,4.71904750156682e-05,1,Low,14day
2012-03-22,3.482860847725533e-05,1,Low,14day
2012-03-23,4.2398201912874356e-05,1,Low,14day
2012-03-24,4.6966804802650586e-05,1,Low,14day
2012-03-25,5.010782479075715e-05,1,Low,14day
2012-03-26,3.0276556572061963e-05,1,Low,14day
2012-03-27,7.110377191565931e-05,1,Low,14day
2012-03-28,7.665353768970817e-05,1,Low,14day
2012-03-29,7.85811134846881e-05,1,Low,14day
2012-03-30,0.00011811152944574133,1,Low,14day
2012-03-31,6.764409044990316e-05,1,Low,14day
2012-04-01,5.204285844229162e-05,1,Low,14day
2012-04-02,4.4192984205437824e-05,1,Low,14day
2012-04-03,4.899795021628961e-05,1,Low,14day
2012-04-04,7.647619349882007e-05,1,Low,14day
2012-04-05,5.6783399486448616e-05,1,Low,14day
2012-04-06,5.1077255193376914e-05,1,Low,14day
2012-04-07,7.80091286287643e-05,1,Low,14day
2012-04-08,8.156893454724923e-05,1,Low,14day
2012-04-09,6.796428351663053e-05,1,Low,14day
2012-04-10,9.401634451933205e-05,1,Low,14day
2012-04-11,4.7763704060344025e-05,1,Low,14day
2012-04-12,6.186497193994e-05,1,Low,14day
2012-04-13,0.00011121603893116117,1,Low,14day
2012-04-14,8.462370169581845e-05,1,Low,14day
2012-04-15,6.428998312912881e-05,1,Low,14day
2012-04-16,0.00020273357222322375,1,Low,14day
2012-04-17,0.00023354965378530324,1,Low,14day
2012-04-18,0.0004236094537191093,1,Low,14day
2012-04-19,0.00031843033502809703,1,Low,14day
2012-04-20,0.0002179552975576371,1,Low,14day
2012-04-21,0.00012287384015507996,1,Low,14day
2012-04-22,0.00023883164976723492,1,Low,14day
2012-04-23,0.00026024473481811583,1,Low,14day
2012-04-24,0.00018455565441399813,1,Low,14day
2012-04-25,0.00011049457680201158,1,Low,14day
2012-04-26,0.0001918746274895966,1,Low,14day
2012-04-27,0.0002174094261135906,1,Low,14day
2012-04-28,0.00041900150245055556,1,Low,14day
2012-04-29,0.00041247298941016197,1,Low,14day
2012-04-30,0.00020814350864384323,1,Low,14day
2012-05-01,9.675629553385079e-05,1,Low,14day
2012-05-02,4.0290011384058744e-05,1,Low,14day
2012-05-03,7.094318425515667e-05,1,Low,14day
2012-05-04,8.521898416802287e-05,1,Low,14day
2012-05-05,0.0001554834161652252,1,Low,14day
2012-05-06,0.00016230621258728206,1,Low,14day
2012-05-07,0.0001548766013002023,1,Low,14day
2012-05-08,0.00013521821529138833,1,Low,14day
2012-05-09,0.00014531629858538508,1,Low,14day
2012-05-10,0.00016951869474723935,1,Low,14day
2012-05-11,0.00020997315004933625,1,Low,14day
2012-05-12,0.00014304951764643192,1,Low,14day
2012-05-13,6.440393190132454e-05,1,Low,14day
2012-05-14,5.063346543465741e-05,1,Low,14day
2012-05-15,5.0534286856418476e-05,1,Low,14day
2012-05-16,8.662734035169706e-05,1,Low,14day
2012-05-17,0.00010695638775359839,1,Low,14day
2012-05-18,4.2901716369669884e-05,1,Low,14day
2012-05-19,2.9490169254131615e-05,1,Low,14day
2012-05-20,4.2945110180880874e-05,1,Low,14day
2012-05-21,3.29843423969578e-05,1,Low,14day
2012-05-22,2.507037243049126e-05,1,Low,14day
2012-05-23,2.895550278481096e-05,1,Low,14day
2012-05-24,3.852100053336471e-05,1,Low,14day
2012-05-25,3.0709048587596044e-05,1,Low,14day
2012-05-26,2.2878166419104673e-05,1,Low,14day
2012-05-27,1.9297045582788996e-05,1,Low,14day
2012-05-28,2.2166896087583154e-05,1,Low,14day
2012-05-29,2.2276051822700538e-05,1,Low,14day
2012-05-30,2.4849199689924717e-05,1,Low,14day
2012-05-31,4.5018703531241044e-05,1,Low,14day
2012-06-01,4.8990612413035706e-05,1,Low,14day
2012-06-02,6.38673736830242e-05,1,Low,14day
2012-06-03,5.433572005131282e-05,1,Low,14day
2012-06-04,8.976514800451696e-05,1,Low,14day
2012-06-05,0.00010727885091910139,1,Low,14day
2012-06-06,0.00012838652764912695,1,Low,14day
2012-06-07,0.0001823045313358307,1,Low,14day
2012-06-08,0.00027184106875211,1,Low,14day
2012-06-09,0.0002800200309138745,1,Low,14day
2012-06-10,0.00026348212850280106,1,Low,14day
2012-06-11,0.0006852365913800895,1,Low,14day
2012-06-12,0.0005961600109003484,1,Low,14day
2012-06-13,0.0005634421831928194,1,Low,14day
2012-06-14,0.00040040072053670883,1,Low,14day
2012-06-15,0.00027331773890182376,1,Low,14day
2012-06-16,0.0004115780466236174,1,Low,14day
2012-06-17,0.0003223993116989732,1,Low,14day
2012-06-18,0.0001914247259264812,1,Low,14day
2012-06-19,0.00017790417768992484,1,Low,14day
2012-06-20,0.00022370541410055012,1,Low,14day
2012-06-21,0.0003874844405800104,1,Low,14day
2012-06-22,0.0003547336673364043,1,Low,14day
2012-06-23,0.00034436368150636554,1,Low,14day
2012-06-24,0.00034366510226391256,1,Low,14day
2012-06-25,0.00023994134971871972,1,Low,14day
2012-06-26,0.0007086097029969096,1,Low,14day
2012-06-27,0.0013823272893205285,1,Low,14day
2012-06-28,0.0004886385286226869,1,Low,14day
2012-06-29,0.000458722235634923,1,Low,14day
2012-06-30,0.0005097462562844157,1,Low,14day
2012-07-01,0.0004260549321770668,1,Low,14day
2012-07-02,0.0005696200532838702,1,Low,14day
2012-07-03,0.000757841975428164,1,Low,14day
2012-07-04,0.0012649091659113765,1,Low,14day
2012-07-05,0.0005380784277804196,1,Low,14day
2012-07-06,0.0017694378038868308,1,Low,14day
2012-07-07,0.0023413796443492174,1,Low,14day
2012-07-08,0.0030476334504783154,1,Low,14day
2012-07-09,0.0017826586263254285,1,Low,14day
2012-07-10,0.043065812438726425,1,Low,14day
2012-07-11,0.07240007817745209,1,Low,14day
2012-07-12,0.08148903399705887,1,Low,14day
2012-07-13,0.08866693824529648,1,Low,14day
2012-07-14,0.04032569006085396,1,Low,14day
2012-07-15,0.036447420716285706,1,Low,14day
2012-07-16,0.03073487989604473,1,Low,14day
2012-07-17,0.06328987330198288,1,Low,14day
2012-07-18,0.02497388795018196,1,Low,14day
2012-07-19,0.04525301232933998,1,Low,14day
2012-07-20,0.05865199863910675,1,Low,14day
2012-07-21,0.060969334095716476,1,Low,14day
2012-07-22,0.01845221035182476,1,Low,14day
2012-07-23,0.028589485213160515,1,Low,14day
2012-07-24,0.013571817427873611,1,Low,14day
2012-07-25,0.010877253487706184,1,Low,14day
2012-07-26,0.014622773043811321,1,Low,14day
2012-07-27,0.021147606894373894,1,Low,14day
2012-07-28,0.011297289282083511,1,Low,14day
2012-07-29,0.019541161134839058,1,Low,14day
2012-07-30,0.015600377693772316,1,Low,14day
2012-07-31,0.022292785346508026,1,Low,14day
2012-08-01,0.009450138546526432,1,Low,14day
2012-08-02,0.004360117018222809,1,Low,14day
2012-08-03,0.002772957319393754,1,Low,14day
2012-08-04,0.0037736149970442057,1,Low,14day
2012-08-05,0.014775443822145462,1,Low,14day
2012-08-06,0.011263890191912651,1,Low,14day
2012-08-07,0.013552309013903141,1,Low,14day
2012-08-08,0.015435758046805859,1,Low,14day
2012-08-09,0.011743488721549511,1,Low,14day
2012-08-10,0.05844464898109436,1,Low,14day
2012-08-11,0.023370051756501198,1,Low,14day
2012-08-12,0.00856837909668684,1,Low,14day
2012-08-13,0.004649825859814882,1,Low,14day
2012-08-14,0.007540198042988777,1,Low,14day
2012-08-15,0.052011724561452866,1,Low,14day
2012-08-16,0.09494724124670029,1,Low,14day
2012-08-17,0.13447622954845428,1,Low,14day
2012-08-18,0.11782078444957733,1,Low,14day
2012-08-19,0.040066566318273544,1,Low,14day
2012-08-20,0.04817280173301697,1,Low,14day
2012-08-21,0.012139230966567993,1,Low,14day
2012-08-22,0.020446719601750374,1,Low,14day
2012-08-23,0.035946182906627655,1,Low,14day
2012-08-24,0.04787556827068329,1,Low,14day
2012-08-25,0.09945794194936752,1,Low,14day
2012-08-26,0.08703140914440155,1,Low,14day
2012-08-27,0.12789404392242432,1,Low,14day
2012-08-28,0.39723703265190125,2,Moderate,14day
2012-08-29,0.9479276537895203,4,Very High,14day
2012-08-30,0.9864670634269714,4,Very High,14day
2012-08-31,0.9892351031303406,4,Very High,14day
2012-09-01,0.9898027777671814,4,Very High,14day
2012-09-02,0.9914060831069946,4,Very High,14day
2012-09-03,0.9928694367408752,4,Very High,14day
2012-09-04,0.9884297847747803,4,Very High,14day
2012-09-05,0.9808672070503235,4,Very High,14day
2012-09-06,0.9796017408370972,4,Very High,14day
2012-09-07,0.990151584148407,4,Very High,14day
2012-09-08,0.9903407692909241,4,Very High,14day
2012-09-09,0.9855204224586487,4,Very High,14day
2012-09-10,0.9807271957397461,4,Very High,14day
2012-09-11,0.984291672706604,4,Very High,14day
2012-09-12,0.998427152633667,4,Very High,14day
2012-09-13,0.9989386200904846,4,Very High,14day
2012-09-14,0.9980425834655762,4,Very High,14day
2012-09-15,0.9754339456558228,4,Very High,14day
2012-09-16,0.18523497879505157,1,Low,14day
2012-09-17,0.019679708406329155,1,Low,14day
2012-09-18,0.005436600651592016,1,Low,14day
2012-09-19,0.0014248888473957777,1,Low,14day
2012-09-20,0.003062148578464985,1,Low,14day
2012-09-21,0.0005722879432141781,1,Low,14day
2012-09-22,0.0009884894825518131,1,Low,14day
2012-09-23,0.0014226454077288508,1,Low,14day
2012-09-24,0.000806933268904686,1,Low,14day
2012-09-25,0.00030138168949633837,1,Low,14day
2012-09-26,0.00026479948428459466,1,Low,14day
2012-09-27,0.00023966081789694726,1,Low,14day
2012-09-28,4.048868140671402e-05,1,Low,14day
2012-09-29,6.102572660893202e-05,1,Low,14day
2012-09-30,0.00010616015788400546,1,Low,14day
2012-10-01,5.311279892339371e-05,1,Low,14day
2012-10-02,8.933809294831008e-05,1,Low,14day
2012-10-03,0.00019231367332395166,1,Low,14day
2012-10-04,0.00040140660712495446,1,Low,14day
2012-10-05,6.309741002041847e-05,1,Low,14day
2012-10-06,4.193696804577485e-05,1,Low,14day
2012-10-07,4.448571417015046e-05,1,Low,14day
2012-10-08,5.5880602303659543e-05,1,Low,14day
2012-10-09,5.803224485134706e-05,1,Low,14day
2012-10-10,4.049505150760524e-05,1,Low,14day
2012-10-11,3.618624759837985e-05,1,Low,14day
2012-10-12,3.336425652378239e-05,1,Low,14day
2012-10-13,3.353690044605173e-05,1,Low,14day
2012-10-14,4.569260636344552e-05,1,Low,14day
2012-10-15,3.118736276519485e-05,1,Low,14day
2012-10-16,3.204286622349173e-05,1,Low,14day
2012-10-17,3.855896648019552e-05,1,Low,14day
2012-10-18,4.7451805585296825e-05,1,Low,14day
2012-10-19,5.16117834195029e-05,1,Low,14day
2012-10-20,4.2440031393198296e-05,1,Low,14day
2012-10-21,5.249775495030917e-05,1,Low,14day
2012-10-22,7.756576815154403e-05,1,Low,14day
2012-10-23,7.746678602416068e-05,1,Low,14day
2012-10-24,0.00011264398926869035,1,Low,14day
2012-10-25,7.839279714971781e-05,1,Low,14day
2012-10-26,7.027859101071954e-05,1,Low,14day
2012-10-27,8.680148312123492e-05,1,Low,14day
2012-10-28,5.4600677685812116e-05,1,Low,14day
2012-10-29,3.774830838665366e-05,1,Low,14day
2012-10-30,6.338967068586498e-05,1,Low,14day
2012-10-31,8.39940330479294e-05,1,Low,14day
2012-11-01,5.3798987210029736e-05,1,Low,14day
2012-11-02,4.167349106865004e-05,1,Low,14day
2012-11-03,3.415286846575327e-05,1,Low,14day
2012-11-04,2.8393220418365672e-05,1,Low,14day
2012-11-05,2.6446243282407522e-05,1,Low,14day
2012-11-06,3.157222818117589e-05,1,Low,14day
2012-11-07,3.094369458267465e-05,1,Low,14day
2012-11-08,3.9471859054174274e-05,1,Low,14day
2012-11-09,4.871458077104762e-05,1,Low,14day
2012-11-10,5.240356767899357e-05,1,Low,14day
2012-11-11,5.5024433095240965e-05,1,Low,14day
2012-11-12,7.924890815047547e-05,1,Low,14day
2012-11-13,5.568240521824919e-05,1,Low,14day
2012-11-14,5.6426593801006675e-05,1,Low,14day
2012-11-15,5.2269613661337644e-05,1,Low,14day
2012-11-16,3.912140164175071e-05,1,Low,14day
2012-11-17,3.466376074356958e-05,1,Low,14day
2012-11-18,4.28793064202182e-05,1,Low,14day
2012-11-19,5.11488615302369e-05,1,Low,14day
2012-11-20,5.073177089798264e-05,1,Low,14day
2012-11-21,4.59500661236234e-05,1,Low,14day
2012-11-22,6.724546256009489e-05,1,Low,14day
2012-11-23,0.00014617697161156684,1,Low,14day
2012-11-24,8.128001354634762e-05,1,Low,14day
2012-11-25,6.638542981818318e-05,1,Low,14day
2012-11-26,6.277984357438982e-05,1,Low,14day
2012-11-27,4.6815035602776334e-05,1,Low,14day
2012-11-28,9.11368042579852e-05,1,Low,14day
2012-11-29,3.903226388501935e-05,1,Low,14day
2012-11-30,5.294475704431534e-05,1,Low,14day
2012-12-01,2.892983320634812e-05,1,Low,14day
2012-12-02,2.21863101614872e-05,1,Low,14day
2012-12-03,3.333477798150852e-05,1,Low,14day
2012-12-04,5.364243043004535e-05,1,Low,14day
2012-12-05,8.242922194767743e-05,1,Low,14day
2012-12-06,4.2639214370865375e-05,1,Low,14day
2012-12-07,4.7982837713789195e-05,1,Low,14day
2012-12-08,7.341939635807648e-05,1,Low,14day
2012-12-09,0.00016034585132729262,1,Low,14day
2012-12-10,0.00016871708794496953,1,Low,14day
2012-12-11,0.00021132647816557437,1,Low,14day
2012-12-12,0.00012957287253811955,1,Low,14day
2012-12-13,0.00013914561714045703,1,Low,14day
2012-12-14,0.00013283619773574173,1,Low,14day
2012-12-15,9.051390952663496e-05,1,Low,14day
2012-12-16,0.0001047547411872074,1,Low,14day
2012-12-17,9.53056151047349e-05,1,Low,14day
2012-12-18,6.797646346967667e-05,1,Low,14day
2012-12-19,0.00011153976083733141,1,Low,14day
2012-12-20,8.157057163771242e-05,1,Low,14day
2012-12-21,9.192750439979136e-05,1,Low,14day
2012-12-22,8.34802704048343e-05,1,Low,14day
2012-12-23,4.8421079554827884e-05,1,Low,14day
2012-12-24,8.811760926619172e-05,1,Low,14day
2012-12-25,0.00010803781333379447,1,Low,14day
2012-12-26,0.00022513691510539502,1,Low,14day
2012-12-27,0.00014709307288285345,1,Low,14day
2012-12-28,0.0002347908157389611,1,Low,14day
2012-12-29,0.00021433463552966714,1,Low,14day
2012-12-30,0.00025039984029717743,1,Low,14day
2012-12-31,0.00017724654753692448,1,Low,14day
2013-01-01,0.00026377319591119885,1,Low,14day
2013-01-02,0.0001584850251674652,1,Low,14day
2013-01-03,0.00020785296510439366,1,Low,14day
2013-01-04,0.00020804529776796699,1,Low,14day
2013-01-05,0.0002348190319025889,1,Low,14day
2013-01-06,0.00018310171435587108,1,Low,14day
2013-01-07,0.00013601843966171145,1,Low,14day
2013-01-08,0.00019771838560700417,1,Low,14day
2013-01-09,6.0371421568561345e-05,1,Low,14day
2013-01-10,8.571188664063811e-05,1,Low,14day
2013-01-11,0.0001513366005383432,1,Low,14day
2013-01-12,2.690746623557061e-05,1,Low,14day
2013-01-13,6.337401282507926e-05,1,Low,14day
2013-01-14,8.861282549332827e-05,1,Low,14day
2013-01-15,7.584918785141781e-05,1,Low,14day
2013-01-16,6.832103099441156e-05,1,Low,14day
2013-01-17,9.436250547878444e-05,1,Low,14day
2013-01-18,0.0001493309100624174,1,Low,14day
2013-01-19,4.865659502684139e-05,1,Low,14day
2013-01-20,9.927061182679608e-05,1,Low,14day
2013-01-21,6.933367694728076e-05,1,Low,14day
2013-01-22,5.9898207837250084e-05,1,Low,14day
2013-01-23,5.207339199841954e-05,1,Low,14day
2013-01-24,7.179252861533314e-05,1,Low,14day
2013-01-25,9.068437066162005e-05,1,Low,14day
2013-01-26,0.00010302192094968632,1,Low,14day
2013-01-27,8.778464689385146e-05,1,Low,14day
2013-01-28,0.00011850817827507854,1,Low,14day
2013-01-29,9.388554462930188e-05,1,Low,14day
2013-01-30,8.052074554143474e-05,1,Low,14day
2013-01-31,4.3008305510738865e-05,1,Low,14day
2013-02-01,0.00010142120299860835,1,Low,14day
2013-02-02,0.00014225866470951587,1,Low,14day
2013-02-03,0.0002625913475640118,1,Low,14day
2013-02-04,0.0003330669132992625,1,Low,14day
2013-02-05,0.00014382570225279778,1,Low,14day
2013-02-06,9.222506923833862e-05,1,Low,14day
2013-02-07,0.0001336818386334926,1,Low,14day
2013-02-08,0.00012513449473772198,1,Low,14day
2013-02-09,0.00010246338206343353,1,Low,14day
2013-02-10,0.00015091021487023681,1,Low,14day
2013-02-11,0.00040625908877700567,1,Low,14day
2013-02-12,0.00037800404243171215,1,Low,14day
2013-02-13,0.0005447044386528432,1,Low,14day
2013-02-14,0.0004937840858474374,1,Low,14day
2013-02-15,0.0004713331873062998,1,Low,14day
2013-02-16,0.0001399964385200292,1,Low,14day
2013-02-17,0.00010710334754548967,1,Low,14day
2013-02-18,0.00012391550990287215,1,Low,14day
2013-02-19,0.00022700677800457925,1,Low,14day
2013-02-20,0.0003297045186627656,1,Low,14day
2013-02-21,0.0003497035359032452,1,Low,14day
2013-02-22,0.0003704879491124302,1,Low,14day
2013-02-23,0.00011466364230727777,1,Low,14day
2013-02-24,0.00013398032751865685,1,Low,14day
2013-02-25,0.0001602309348527342,1,Low,14day
2013-02-26,0.00031682720873504877,1,Low,14day
2013-02-27,0.00024006560852285475,1,Low,14day
2013-02-28,0.000291119038593024,1,Low,14day
2013-03-01,0.0002182272874051705,1,Low,14day
2013-03-02,0.00014119375555310398,1,Low,14day
2013-03-03,0.00016965340182650834,1,Low,14day
2013-03-04,0.000317075609927997,1,Low,14day
2013-03-05,0.0003570843255147338,1,Low,14day
2013-03-06,0.000282944121863693,1,Low,14day
2013-03-07,0.0001499840582255274,1,Low,14day
2013-03-08,0.00011804296082118526,1,Low,14day
2013-03-09,0.0002141650766134262,1,Low,14day
2013-03-10,0.0001277984119951725,1,Low,14day
2013-03-11,0.00017144954472314566,1,Low,14day
2013-03-12,0.00028466255753301084,1,Low,14day
2013-03-13,0.0002658977173268795,1,Low,14day
2013-03-14,0.00010095804464071989,1,Low,14day
2013-03-15,0.00012071362289134413,1,Low,14day
2013-03-16,0.00013207724259700626,1,Low,14day
2013-03-17,7.677073153899983e-05,1,Low,14day
2013-03-18,0.00010470669803908095,1,Low,14day
2013-03-19,0.0003212389419786632,1,Low,14day
2013-03-20,0.00019828513904940337,1,Low,14day
2013-03-21,8.00528796389699e-05,1,Low,14day
2013-03-22,0.00016547470295336097,1,Low,14day
2013-03-23,0.00024722274974919856,1,Low,14day
2013-03-24,8.078393148025498e-05,1,Low,14day
2013-03-25,5.863944534212351e-05,1,Low,14day
2013-03-26,0.0003904556797351688,1,Low,14day
2013-03-27,0.000542163266800344,1,Low,14day
2013-03-28,0.0005400223890319467,1,Low,14day
2013-03-29,0.00021371305047068745,1,Low,14day
2013-03-30,0.00046918686712160707,1,Low,14day
2013-03-31,0.00011574548989301547,1,Low,14day
2013-04-01,7.694487430853769e-05,1,Low,14day
2013-04-02,0.00022512939176522195,1,Low,14day
2013-04-03,0.0002003421395784244,1,Low,14day
2013-04-04,9.465387120144442e-05,1,Low,14day
2013-04-05,0.00028960476629436016,1,Low,14day
2013-04-06,0.00028243419365026057,1,Low,14day
2013-04-07,0.00015800623805262148,1,Low,14day
2013-04-08,9.394779044669122e-05,1,Low,14day
2013-04-09,0.00015221767534967512,1,Low,14day
2013-04-10,0.00013202271657064557,1,Low,14day
2013-04-11,3.003018173330929e-05,1,Low,14day
2013-04-12,8.366740075871348e-05,1,Low,14day
2013-04-13,5.9079666243633255e-05,1,Low,14day
2013-04-14,4.671081842388958e-05,1,Low,14day
2013-04-15,0.00017566297901794314,1,Low,14day
2013-04-16,0.00016523394151590765,1,Low,14day
2013-04-17,0.00012588765821419656,1,Low,14day
2013-04-18,0.0001230034977197647,1,Low,14day
2013-04-19,0.00013009816757403314,1,Low,14day
2013-04-20,0.00024170521646738052,1,Low,14day
2013-04-21,0.00027047685580328107,1,Low,14day
2013-04-22,0.00038150386535562575,1,Low,14day
2013-04-23,0.0006610715645365417,1,Low,14day
2013-04-24,0.00034267595037817955,1,Low,14day
2013-04-25,0.0003387434408068657,1,Low,14day
2013-04-26,0.00027975664124824107,1,Low,14day
2013-04-27,0.00024768704315647483,1,Low,14day
2013-04-28,0.00028978072805330157,1,Low,14day
2013-04-29,0.00022150148288346827,1,Low,14day
2013-04-30,0.0001958524080691859,1,Low,14day
2013-05-01,0.00019153593166265637,1,Low,14day
2013-05-02,0.0005627225036732852,1,Low,14day
2013-05-03,0.0003826200554613024,1,Low,14day
2013-05-04,0.00025522607029415667,1,Low,14day
2013-05-05,0.00016977345512714237,1,Low,14day
2013-05-06,5.9223169955657795e-05,1,Low,14day
2013-05-07,4.036504469695501e-05,1,Low,14day
2013-05-08,3.230378570151515e-05,1,Low,14day
2013-05-09,0.00010529052087804303,1,Low,14day
2013-05-10,0.00014959799591451883,1,Low,14day
2013-05-11,8.021962275961414e-05,1,Low,14day
2013-05-12,8.299972978420556e-05,1,Low,14day
2013-05-13,9.016080730361864e-05,1,Low,14day
2013-05-14,8.954372606240213e-05,1,Low,14day
2013-05-15,8.277525193989277e-05,1,Low,14day
2013-05-16,3.424131136853248e-05,1,Low,14day
2013-05-17,2.1080835722386837e-05,1,Low,14day
2013-05-18,3.621307041612454e-05,1,Low,14day
2013-05-19,3.8747399230487645e-05,1,Low,14day
2013-05-20,2.4245911845355295e-05,1,Low,14day
2013-05-21,2.310655327164568e-05,1,Low,14day
2013-05-22,2.5400720915058628e-05,1,Low,14day
2013-05-23,4.912351869279519e-05,1,Low,14day
2013-05-24,6.092205148888752e-05,1,Low,14day
2013-05-25,4.577560321195051e-05,1,Low,14day
2013-05-26,6.271582242334262e-05,1,Low,14day
2013-05-27,6.344397843349725e-05,1,Low,14day
2013-05-28,3.4661017707549036e-05,1,Low,14day
2013-05-29,3.983708666055463e-05,1,Low,14day
2013-05-30,5.8096309658139944e-05,1,Low,14day
2013-05-31,6.504634075099602e-05,1,Low,14day
2013-06-01,0.00025118800112977624,1,Low,14day
2013-06-02,0.00023674312978982925,1,Low,14day
2013-06-03,0.00043823913438245654,1,Low,14day
2013-06-04,0.0004769587249029428,1,Low,14day
2013-06-05,0.00038169362233020365,1,Low,14day
2013-06-06,0.00046332934289239347,1,Low,14day
2013-06-07,0.0006738323718309402,1,Low,14day
2013-06-08,0.0006181392818689346,1,Low,14day
2013-06-09,0.0006363998400047421,1,Low,14day
2013-06-10,0.0006865184404887259,1,Low,14day
2013-06-11,0.004232131876051426,1,Low,14day
2013-06-12,0.007447259034961462,1,Low,14day
2013-06-13,0.008543713018298149,1,Low,14day
2013-06-14,0.04935092106461525,1,Low,14day
2013-06-15,0.018317950889468193,1,Low,14day
2013-06-16,0.013173375278711319,1,Low,14day
2013-06-17,0.014542875811457634,1,Low,14day
2013-06-18,0.04756809398531914,1,Low,14day
2013-06-19,0.20662382245063782,1,Low,14day
2013-06-20,0.07352845370769501,1,Low,14day
2013-06-21,0.02593463473021984,1,Low,14day
2013-06-22,0.03874092176556587,1,Low,14day
2013-06-23,0.02377571165561676,1,Low,14day
2013-06-24,0.012275015003979206,1,Low,14day
2013-06-25,0.019154982641339302,1,Low,14day
2013-06-26,0.06447712332010269,1,Low,14day
2013-06-27,0.03778022900223732,1,Low,14day
2013-06-28,0.10242567956447601,1,Low,14day
2013-06-29,0.07483832538127899,1,Low,14day
2013-06-30,0.056729283183813095,1,Low,14day
2013-07-01,0.1485414355993271,1,Low,14day
2013-07-02,0.03775360807776451,1,Low,14day
2013-07-03,0.020095178857445717,1,Low,14day
2013-07-04,0.042452726513147354,1,Low,14day
2013-07-05,0.06345245987176895,1,Low,14day
2013-07-06,0.03041643649339676,1,Low,14day
2013-07-07,0.05773533508181572,1,Low,14day
2013-07-08,0.033835623413324356,1,Low,14day
2013-07-09,0.07130584865808487,1,Low,14day
2013-07-10,0.07269266247749329,1,Low,14day
2013-07-11,0.03688207268714905,1,Low,14day
2013-07-12,0.1201777383685112,1,Low,14day
2013-07-13,0.3308364152908325,2,Moderate,14day
2013-07-14,0.2310817539691925,1,Low,14day
2013-07-15,0.2301902025938034,1,Low,14day
2013-07-16,0.1858963519334793,1,Low,14day
2013-07-17,0.05820901319384575,1,Low,14day
2013-07-18,0.05251651257276535,1,Low,14day
2013-07-19,0.015035530552268028,1,Low,14day
2013-07-20,0.05412718281149864,1,Low,14day
2013-07-21,0.08159472793340683,1,Low,14day
2013-07-22,0.14064519107341766,1,Low,14day
2013-07-23,0.9363498091697693,4,Very High,14day
2013-07-24,0.9802564382553101,4,Very High,14day
2013-07-25,0.9811843633651733,4,Very High,14day
2013-07-26,0.9808508157730103,4,Very High,14day
2013-07-27,0.9893139600753784,4,Very High,14day
2013-07-28,0.9844265580177307,4,Very High,14day
2013-07-29,0.9829714894294739,4,Very High,14day
2013-07-30,0.9863378405570984,4,Very High,14day
2013-07-31,0.9860731363296509,4,Very High,14day
2013-08-01,0.9835862517356873,4,Very High,14day
2013-08-02,0.9852958917617798,4,Very High,14day
2013-08-03,0.9852979779243469,4,Very High,14day
2013-08-04,0.9727632999420166,4,Very High,14day
2013-08-05,0.9943437576293945,4,Very High,14day
2013-08-06,0.9983094930648804,4,Very High,14day
2013-08-07,0.9982469081878662,4,Very High,14day
2013-08-08,0.9971928000450134,4,Very High,14day
2013-08-09,0.997048556804657,4,Very High,14day
2013-08-10,0.996964156627655,4,Very High,14day
2013-08-11,0.9958868622779846,4,Very High,14day
2013-08-12,0.9899479150772095,4,Very High,14day
2013-08-13,0.9882667660713196,4,Very High,14day
2013-08-14,0.9847495555877686,4,Very High,14day
2013-08-15,0.9920479655265808,4,Very High,14day
2013-08-16,0.9992884397506714,4,Very High,14day
2013-08-17,0.999212384223938,4,Very High,14day
2013-08-18,0.9988709092140198,4,Very High,14day
2013-08-19,0.9991238713264465,4,Very High,14day
2013-08-20,0.9992191791534424,4,Very High,14day
2013-08-21,0.9988580942153931,4,Very High,14day
2013-08-22,0.9987151622772217,4,Very High,14day
2013-08-23,0.9987590312957764,4,Very High,14day
2013-08-24,0.9984787106513977,4,Very High,14day
2013-08-25,0.9980013966560364,4,Very High,14day
2013-08-26,0.9910966157913208,4,Very High,14day
2013-08-27,0.24763108789920807,1,Low,14day
2013-08-28,0.00911758653819561,1,Low,14day
2013-08-29,0.001085986732505262,1,Low,14day
2013-08-30,0.00026493737823329866,1,Low,14day
2013-08-31,0.0003910116502083838,1,Low,14day
2013-09-01,7.397910667350516e-05,1,Low,14day
2013-09-02,9.317586955148727e-05,1,Low,14day
2013-09-03,0.00035047181881964207,1,Low,14day
2013-09-04,0.00023564192815683782,1,Low,14day
2013-09-05,0.0002958434051834047,1,Low,14day
2013-09-06,0.00016660892288200557,1,Low,14day
2013-09-07,9.97133829514496e-05,1,Low,14day
2013-09-08,5.447149305837229e-05,1,Low,14day
2013-09-09,3.30303591908887e-05,1,Low,14day
2013-09-10,7.438288594130427e-05,1,Low,14day
2013-09-11,0.00011460090172477067,1,Low,14day
2013-09-12,3.0478327971650288e-05,1,Low,14day
2013-09-13,4.428651664056815e-05,1,Low,14day
2013-09-14,4.469151099328883e-05,1,Low,14day
2013-09-15,0.00023127392341848463,1,Low,14day
2013-09-16,0.00019193098705727607,1,Low,14day
2013-09-17,0.00016915040032472461,1,Low,14day
2013-09-18,0.00011537391401361674,1,Low,14day
2013-09-19,2.8990014470764436e-05,1,Low,14day
2013-09-20,9.469909855397418e-05,1,Low,14day
2013-09-21,0.00013043654325883836,1,Low,14day
2013-09-22,0.0004629174363799393,1,Low,14day
2013-09-23,0.005203808657824993,1,Low,14day
2013-09-24,0.010281180962920189,1,Low,14day
2013-09-25,0.00464668869972229,1,Low,14day
2013-09-26,0.008675477467477322,1,Low,14day
2013-09-27,0.027163585647940636,1,Low,14day
2013-09-28,0.03552692010998726,1,Low,14day
2013-09-29,0.07712750881910324,1,Low,14day
2013-09-30,0.05778195708990097,1,Low,14day
2013-10-01,0.0036866110749542713,1,Low,14day
2013-10-02,0.00170188769698143,1,Low,14day
2013-10-03,0.0011360103962942958,1,Low,14day
2013-10-04,0.0013096000766381621,1,Low,14day
2013-10-05,0.004124730359762907,1,Low,14day
2013-10-06,0.0009806480957195163,1,Low,14day
2013-10-07,0.0008374721510335803,1,Low,14day
2013-10-08,0.0013072689762338996,1,Low,14day
2013-10-09,0.0013884842628613114,1,Low,14day
2013-10-10,0.0016758042620494962,1,Low,14day
2013-10-11,0.0010787664214149117,1,Low,14day
2013-10-12,0.0010691910283640027,1,Low,14day
2013-10-13,0.0012822155840694904,1,Low,14day
2013-10-14,0.0007413797429762781,1,Low,14day
2013-10-15,0.0008450609748251736,1,Low,14day
2013-10-16,0.00029218735289759934,1,Low,14day
2013-10-17,0.0001820543984649703,1,Low,14day
2013-10-18,7.025145896477625e-05,1,Low,14day
2013-10-19,6.923793989699334e-05,1,Low,14day
2013-10-20,0.00018206464301329106,1,Low,14day
2013-10-21,0.0002491351042408496,1,Low,14day
2013-10-22,0.00030062152654863894,1,Low,14day
2013-10-23,0.00021930881484877318,1,Low,14day
2013-10-24,0.0005938569665886462,1,Low,14day
2013-10-25,0.0002737229806371033,1,Low,14day
2013-10-26,8.092371717793867e-05,1,Low,14day
2013-10-27,8.076436643023044e-05,1,Low,14day
2013-10-28,7.74629443185404e-05,1,Low,14day
2013-10-29,5.685708674718626e-05,1,Low,14day
2013-10-30,4.531719605438411e-05,1,Low,14day
2013-10-31,5.246141881798394e-05,1,Low,14day
2013-11-01,4.633783100871369e-05,1,Low,14day
2013-11-02,4.2416966607561335e-05,1,Low,14day
2013-11-03,4.520087895798497e-05,1,Low,14day
2013-11-04,3.198415652150288e-05,1,Low,14day
2013-11-05,6.241523806238547e-05,1,Low,14day
2013-11-06,9.021910955198109e-05,1,Low,14day
2013-11-07,5.927243910264224e-05,1,Low,14day
2013-11-08,0.00013407375081442297,1,Low,14day
2013-11-09,0.00015326091670431197,1,Low,14day
2013-11-10,0.00018892566731665283,1,Low,14day
2013-11-11,0.0002449879830237478,1,Low,14day
2013-11-12,0.00010567515710135922,1,Low,14day
2013-11-13,0.00010376977297710255,1,Low,14day
2013-11-14,9.030415822053328e-05,1,Low,14day
2013-11-15,0.0002617464924696833,1,Low,14day
2013-11-16,0.0002290585543960333,1,Low,14day
2013-11-17,0.00012970106035936624,1,Low,14day
2013-11-18,0.00013180673704482615,1,Low,14day
2013-11-19,0.00012385669106151909,1,Low,14day
2013-11-20,8.890788740245625e-05,1,Low,14day
2013-11-21,7.995461783139035e-05,1,Low,14day
2013-11-22,7.442886271746829e-05,1,Low,14day
2013-11-23,0.00010850954276975244,1,Low,14day
2013-11-24,9.381565178046003e-05,1,Low,14day
2013-11-25,6.85827835695818e-05,1,Low,14day
2013-11-26,6.864710303489119e-05,1,Low,14day
2013-11-27,5.3571475291391835e-05,1,Low,14day
2013-11-28,7.170967001002282e-05,1,Low,14day
2013-11-29,8.57912891660817e-05,1,Low,14day
2013-11-30,0.00011160635040141642,1,Low,14day
2013-12-01,7.768798241158947e-05,1,Low,14day
2013-12-02,6.87063075019978e-05,1,Low,14day
2013-12-03,6.709576700814068e-05,1,Low,14day
2013-12-04,6.244405085453764e-05,1,Low,14day
2013-12-05,4.8742233047960326e-05,1,Low,14day
2013-12-06,6.722808029735461e-05,1,Low,14day
2013-12-07,0.00011726893717423081,1,Low,14day
2013-12-08,6.0503229178721085e-05,1,Low,14day
2013-12-09,8.307416283059865e-05,1,Low,14day
2013-12-10,7.361990719800815e-05,1,Low,14day
2013-12-11,1.8118773368769325e-05,1,Low,14day
2013-12-12,2.0590132407960482e-05,1,Low,14day
2013-12-13,2.2624315533903427e-05,1,Low,14day
2013-12-14,2.0946250515407883e-05,1,Low,14day
2013-12-15,1.9581380911404267e-05,1,Low,14day
2013-12-16,3.1526073144050315e-05,1,Low,14day
2013-12-17,3.004547761520371e-05,1,Low,14day
2013-12-18,3.6235076549928635e-05,1,Low,14day
2013-12-19,2.460448013152927e-05,1,Low,14day
2013-12-20,3.231971641071141e-05,1,Low,14day
2013-12-21,5.429811426438391e-05,1,Low,14day
2013-12-22,0.0001223980070790276,1,Low,14day
2013-12-23,0.000115824761451222,1,Low,14day
2013-12-24,0.00012857864203397185,1,Low,14day
2013-12-25,0.00011579737474676222,1,Low,14day
2013-12-26,0.00010621939145494252,1,Low,14day
2013-12-27,0.00023680612503085285,1,Low,14day
2013-12-28,0.0003146184899378568,1,Low,14day
2013-12-29,0.0002116767573170364,1,Low,14day
2013-12-30,0.00025386433117091656,1,Low,14day
2013-12-31,0.0002885514113586396,1,Low,14day
2014-01-01,0.00017256037972401828,1,Low,14day
2014-01-02,0.00015543331392109394,1,Low,14day
2014-01-03,0.00017968399333767593,1,Low,14day
2014-01-04,0.00015261794032994658,1,Low,14day
2014-01-05,0.00023823327501304448,1,Low,14day
2014-01-06,0.0002943194704130292,1,Low,14day
2014-01-07,0.000110115077404771,1,Low,14day
2014-01-08,0.00012896198313683271,1,Low,14day
2014-01-09,0.00012321339454501867,1,Low,14day
2014-01-10,0.00011999552953056991,1,Low,14day
2014-01-11,8.015967614483088e-05,1,Low,14day
2014-01-12,9.1809946752619e-05,1,Low,14day
2014-01-13,4.851342964684591e-05,1,Low,14day
2014-01-14,5.249214518698864e-05,1,Low,14day
2014-01-15,6.392270006472245e-05,1,Low,14day
2014-01-16,6.464279431384057e-05,1,Low,14day
2014-01-17,0.00011801830987678841,1,Low,14day
2014-01-18,5.8153236750513315e-05,1,Low,14day
2014-01-19,0.00012358675303403288,1,Low,14day
2014-01-20,7.779888983350247e-05,1,Low,14day
2014-01-21,0.00010530598228797317,1,Low,14day
2014-01-22,7.624935824424028e-05,1,Low,14day
2014-01-23,8.232780237449333e-05,1,Low,14day
2014-01-24,4.536095730145462e-05,1,Low,14day
2014-01-25,4.989939770894125e-05,1,Low,14day
2014-01-26,6.860672147013247e-05,1,Low,14day
2014-01-27,5.115276508149691e-05,1,Low,14day
2014-01-28,4.478059054235928e-05,1,Low,14day
2014-01-29,7.459790504071862e-05,1,Low,14day
2014-01-30,3.888365608872846e-05,1,Low,14day
2014-01-31,5.1442315452732146e-05,1,Low,14day
2014-02-01,0.0001573678309796378,1,Low,14day
2014-02-02,9.992765262722969e-05,1,Low,14day
2014-02-03,0.00010734178067650646,1,Low,14day
2014-02-04,0.000286421476630494,1,Low,14day
2014-02-05,0.00022025452926754951,1,Low,14day
2014-02-06,0.0003126861702185124,1,Low,14day
2014-02-07,0.0001762997853802517,1,Low,14day
2014-02-08,0.00010532295709708706,1,Low,14day
2014-02-09,7.497803017031401e-05,1,Low,14day
2014-02-10,8.463273843517527e-05,1,Low,14day
2014-02-11,6.536371074616909e-05,1,Low,14day
2014-02-12,7.653265492990613e-05,1,Low,14day
2014-02-13,5.5549335229443386e-05,1,Low,14day
2014-02-14,5.264931314741261e-05,1,Low,14day
2014-02-15,6.462455348810181e-05,1,Low,14day
2014-02-16,3.407391341170296e-05,1,Low,14day
2014-02-17,3.347120946273208e-05,1,Low,14day
2014-02-18,4.5933811634313315e-05,1,Low,14day
2014-02-19,4.819282185053453e-05,1,Low,14day
2014-02-20,8.596014959039167e-05,1,Low,14day
2014-02-21,9.35179486987181e-05,1,Low,14day
2014-02-22,2.8969781851628795e-05,1,Low,14day
2014-02-23,0.0001343390322290361,1,Low,14day
2014-02-24,0.00015817463281564415,1,Low,14day
2014-02-25,0.0001353387051494792,1,Low,14day
2014-02-26,0.00027264756499789655,1,Low,14day
2014-02-27,0.00044195508235134184,1,Low,14day
2014-02-28,0.0002640557650011033,1,Low,14day
2014-03-01,0.00011493972851894796,1,Low,14day
2014-03-02,0.00016188627341762185,1,Low,14day
2014-03-03,0.00013271832722239196,1,Low,14day
2014-03-04,9.44265048019588e-05,1,Low,14day
2014-03-05,5.6334003602387384e-05,1,Low,14day
2014-03-06,6.380437116604298e-05,1,Low,14day
2014-03-07,9.414859232492745e-05,1,Low,14day
2014-03-08,0.00010017933527706191,1,Low,14day
2014-03-09,0.00010113119060406461,1,Low,14day
2014-03-10,0.00021101036691106856,1,Low,14day
2014-03-11,5.813355528516695e-05,1,Low,14day
2014-03-12,5.2247985877329484e-05,1,Low,14day
2014-03-13,4.019897824036889e-05,1,Low,14day
2014-03-14,2.8053504138370045e-05,1,Low,14day
2014-03-15,5.39850807399489e-05,1,Low,14day
2014-03-16,9.556370787322521e-05,1,Low,14day
2014-03-17,0.00013021558697801083,1,Low,14day
2014-03-18,6.213143933564425e-05,1,Low,14day
2014-03-19,2.8537393518490717e-05,1,Low,14day
2014-03-20,6.152263085823506e-05,1,Low,14day
2014-03-21,8.804512617643923e-05,1,Low,14day
2014-03-22,8.596973930252716e-05,1,Low,14day
2014-03-23,9.847036562860012e-05,1,Low,14day
2014-03-24,0.00010874104918912053,1,Low,14day
2014-03-25,0.00013354003021959215,1,Low,14day
2014-03-26,0.00010754670074675232,1,Low,14day
2014-03-27,0.00015454099047929049,1,Low,14day
2014-03-28,0.00021551130339503288,1,Low,14day
2014-03-29,4.284035094315186e-05,1,Low,14day
2014-03-30,0.00013296646648086607,1,Low,14day
2014-03-31,0.00013705712626688182,1,Low,14day
2014-04-01,8.445408457191661e-05,1,Low,14day
2014-04-02,4.6648186980746686e-05,1,Low,14day
2014-04-03,5.5418542615370825e-05,1,Low,14day
2014-04-04,7.42495758458972e-05,1,Low,14day
2014-04-05,0.0001363815536024049,1,Low,14day
2014-04-06,0.00014706376532558352,1,Low,14day
2014-04-07,3.482784450170584e-05,1,Low,14day
2014-04-08,3.6673343856818974e-05,1,Low,14day
2014-04-09,5.7921781262848526e-05,1,Low,14day
2014-04-10,7.670311606489122e-05,1,Low,14day
2014-04-11,0.00016082283400464803,1,Low,14day
2014-04-12,0.00015587991219945252,1,Low,14day
2014-04-13,0.00013052960275672376,1,Low,14day
2014-04-14,8.625706686871126e-05,1,Low,14day
2014-04-15,0.0002297199534950778,1,Low,14day
2014-04-16,0.00015468134370166808,1,Low,14day
2014-04-17,0.0007162074325606227,1,Low,14day
2014-04-18,0.0010387052316218615,1,Low,14day
2014-04-19,0.00016071276331786066,1,Low,14day
2014-04-20,0.0005277100135572255,1,Low,14day
2014-04-21,0.0008467109291814268,1,Low,14day
2014-04-22,0.0018147185910493135,1,Low,14day
2014-04-23,0.0006909897783771157,1,Low,14day
2014-04-24,0.000569436582736671,1,Low,14day
2014-04-25,0.0006095811259001493,1,Low,14day
2014-04-26,0.00028417553403414786,1,Low,14day
2014-04-27,0.00021605280926451087,1,Low,14day
2014-04-28,0.00022418817388825119,1,Low,14day
2014-04-29,0.00014019121590536088,1,Low,14day
2014-04-30,0.00011021361569873989,1,Low,14day
2014-05-01,5.839162986376323e-05,1,Low,14day
2014-05-02,0.0001324155746260658,1,Low,14day
2014-05-03,0.00018309542792849243,1,Low,14day
2014-05-04,0.00018891794024966657,1,Low,14day
2014-05-05,0.0001360827882308513,1,Low,14day
2014-05-06,0.00010241669224342331,1,Low,14day
2014-05-07,8.226800127886236e-05,1,Low,14day
2014-05-08,8.81590458448045e-05,1,Low,14day
2014-05-09,0.0002146978658856824,1,Low,14day
2014-05-10,0.00046397815458476543,1,Low,14day
2014-05-11,0.00016644378774799407,1,Low,14day
2014-05-12,0.00031001438037492335,1,Low,14day
2014-05-13,0.00016982090892270207,1,Low,14day
2014-05-14,0.00033648990211077034,1,Low,14day
2014-05-15,0.0004973364411853254,1,Low,14day
2014-05-16,0.0016149975126609206,1,Low,14day
2014-05-17,0.0013785548508167267,1,Low,14day
2014-05-18,0.0012485909974202514,1,Low,14day
2014-05-19,0.0006566831725649536,1,Low,14day
2014-05-20,0.00048410947783850133,1,Low,14day
2014-05-21,0.00016860291361808777,1,Low,14day
2014-05-22,0.0011449221055954695,1,Low,14day
2014-05-23,0.0015373321948572993,1,Low,14day
2014-05-24,0.0004088155983481556,1,Low,14day
2014-05-25,0.0003297626390121877,1,Low,14day
2014-05-26,0.0004237023531459272,1,Low,14day
2014-05-27,0.00025926524540409446,1,Low,14day
2014-05-28,0.00028604106046259403,1,Low,14day
2014-05-29,0.00020210612274240702,1,Low,14day
2014-05-30,0.0003309976600576192,1,Low,14day
2014-05-31,0.00015250722935888916,1,Low,14day
2014-06-01,0.00015096749120857567,1,Low,14day
2014-06-02,0.0002089504268951714,1,Low,14day
2014-06-03,0.00014319636102300137,1,Low,14day
2014-06-04,0.00019214869826100767,1,Low,14day
2014-06-05,0.0002760789357125759,1,Low,14day
2014-06-06,0.00018513128452468663,1,Low,14day
2014-06-07,0.00017901824321597815,1,Low,14day
2014-06-08,0.0002168868377339095,1,Low,14day
2014-06-09,0.00023672280076425523,1,Low,14day
2014-06-10,0.00025382969761267304,1,Low,14day
2014-06-11,0.0002987571933772415,1,Low,14day
2014-06-12,0.0005274364375509322,1,Low,14day
2014-06-13,0.0007383694173768163,1,Low,14day
2014-06-14,0.0008730868576094508,1,Low,14day
2014-06-15,0.0016679847612977028,1,Low,14day
2014-06-16,0.0015607598470523953,1,Low,14day
2014-06-17,0.001295313355512917,1,Low,14day
2014-06-18,0.0010554041946306825,1,Low,14day
2014-06-19,0.0007281024591065943,1,Low,14day
2014-06-20,0.0005369154387153685,1,Low,14day
2014-06-21,0.0002838048676494509,1,Low,14day
2014-06-22,0.0010253442451357841,1,Low,14day
2014-06-23,0.0011290530674159527,1,Low,14day
2014-06-24,0.0037103204522281885,1,Low,14day
2014-06-25,0.00191665964666754,1,Low,14day
2014-06-26,0.0013447283999994397,1,Low,14day
2014-06-27,0.0004382467013783753,1,Low,14day
2014-06-28,0.0008234296110458672,1,Low,14day
2014-06-29,0.0015885729808360338,1,Low,14day
2014-06-30,0.002271292032673955,1,Low,14day
2014-07-01,0.007123718503862619,1,Low,14day
2014-07-02,0.013094783760607243,1,Low,14day
2014-07-03,0.01654987782239914,1,Low,14day
2014-07-04,0.03838089853525162,1,Low,14day
2014-07-05,0.027945492416620255,1,Low,14day
2014-07-06,0.03432270884513855,1,Low,14day
2014-07-07,0.029000844806432724,1,Low,14day
2014-07-08,0.018276970833539963,1,Low,14day
2014-07-09,0.00849391333758831,1,Low,14day
2014-07-10,0.002307814545929432,1,Low,14day
2014-07-11,0.0017435795161873102,1,Low,14day
2014-07-12,0.002340249251574278,1,Low,14day
2014-07-13,0.0030888328328728676,1,Low,14day
2014-07-14,0.004315097816288471,1,Low,14day
2014-07-15,0.022979147732257843,1,Low,14day
2014-07-16,0.05963815748691559,1,Low,14day
2014-07-17,0.07678686827421188,1,Low,14day
2014-07-18,0.10892178863286972,1,Low,14day
2014-07-19,0.07414278388023376,1,Low,14day
2014-07-20,0.02600683458149433,1,Low,14day
2014-07-21,0.06868685036897659,1,Low,14day
2014-07-22,0.012582153081893921,1,Low,14day
2014-07-23,0.013129541650414467,1,Low,14day
2014-07-24,0.058173634111881256,1,Low,14day
2014-07-25,0.08370201289653778,1,Low,14day
2014-07-26,0.05960623919963837,1,Low,14day
2014-07-27,0.07187245041131973,1,Low,14day
2014-07-28,0.10126044601202011,1,Low,14day
2014-07-29,0.20557387173175812,1,Low,14day
2014-07-30,0.2460200935602188,1,Low,14day
2014-07-31,0.2173384577035904,1,Low,14day
2014-08-01,0.1690664291381836,1,Low,14day
2014-08-02,0.1909555196762085,1,Low,14day
2014-08-03,0.10383496433496475,1,Low,14day
2014-08-04,0.028820360079407692,1,Low,14day
2014-08-05,0.06501585990190506,1,Low,14day
2014-08-06,0.08473991602659225,1,Low,14day
2014-08-07,0.1594090759754181,1,Low,14day
2014-08-08,0.15424905717372894,1,Low,14day
2014-08-09,0.10071253031492233,1,Low,14day
2014-08-10,0.06924323737621307,1,Low,14day
2014-08-11,0.09911129623651505,1,Low,14day
2014-08-12,0.1000043973326683,1,Low,14day
2014-08-13,0.08650464564561844,1,Low,14day
2014-08-14,0.0797593891620636,1,Low,14day
2014-08-15,0.025050651282072067,1,Low,14day
2014-08-16,0.06677038967609406,1,Low,14day
2014-08-17,0.009497067891061306,1,Low,14day
2014-08-18,0.001989381154999137,1,Low,14day
2014-08-19,0.00643671490252018,1,Low,14day
2014-08-20,0.005014281719923019,1,Low,14day
2014-08-21,0.016812307760119438,1,Low,14day
2014-08-22,0.015170891769230366,1,Low,14day
2014-08-23,0.00540531799197197,1,Low,14day
2014-08-24,0.21806028485298157,1,Low,14day
2014-08-25,0.9623845815658569,4,Very High,14day
2014-08-26,0.9764201641082764,4,Very High,14day
2014-08-27,0.9763952493667603,4,Very High,14day
2014-08-28,0.9834095239639282,4,Very High,14day
2014-08-29,0.9789307117462158,4,Very High,14day
2014-08-30,0.9429671168327332,4,Very High,14day
2014-08-31,0.9769253730773926,4,Very High,14day
2014-09-01,0.9852821826934814,4,Very High,14day
2014-09-02,0.9905084371566772,4,Very High,14day
2014-09-03,0.9829826951026917,4,Very High,14day
2014-09-04,0.9838472008705139,4,Very High,14day
2014-09-05,0.9811373949050903,4,Very High,14day
2014-09-06,0.9923555850982666,4,Very High,14day
2014-09-07,0.9882377982139587,4,Very High,14day
2014-09-08,0.9996148347854614,4,Very High,14day
2014-09-09,0.9994809031486511,4,Very High,14day
2014-09-10,0.9993166923522949,4,Very High,14day
2014-09-11,0.9984105825424194,4,Very High,14day
2014-09-12,0.9984607696533203,4,Very High,14day
2014-09-13,0.997431218624115,4,Very High,14day
2014-09-14,0.3061748445034027,2,Moderate,14day
2014-09-15,0.01725374534726143,1,Low,14day
2014-09-16,0.04030313342809677,1,Low,14day
2014-09-17,0.011638202704489231,1,Low,14day
2014-09-18,0.0005059202667325735,1,Low,14day
2014-09-19,0.0003378259134478867,1,Low,14day
2014-09-20,0.0014444751432165504,1,Low,14day
2014-09-21,6.532189581776038e-05,1,Low,14day
2014-09-22,0.00015810677723493427,1,Low,14day
2014-09-23,0.0004046596586704254,1,Low,14day
2014-09-24,0.0005800803774036467,1,Low,14day
2014-09-25,0.000306951638776809,1,Low,14day
2014-09-26,0.0004619734245352447,1,Low,14day
2014-09-27,0.00042651858530007303,1,Low,14day
2014-09-28,0.00047063842066563666,1,Low,14day
2014-09-29,0.00037092508864589036,1,Low,14day
2014-09-30,0.0002578539424575865,1,Low,14day
2014-10-01,0.0003484243352431804,1,Low,14day
2014-10-02,0.0002040336257778108,1,Low,14day
2014-10-03,0.00020614219829440117,1,Low,14day
2014-10-04,0.0002352118317503482,1,Low,14day
2014-10-05,0.00022131571313366294,1,Low,14day
2014-10-06,0.00021150648535694927,1,Low,14day
2014-10-07,0.0001590411993674934,1,Low,14day
2014-10-08,0.00022584812541026622,1,Low,14day
2014-10-09,0.00019526522373780608,1,Low,14day
2014-10-10,0.00015587531379424036,1,Low,14day
2014-10-11,0.00023738529125694185,1,Low,14day
2014-10-12,0.00023137935204431415,1,Low,14day
2014-10-13,0.0010260487906634808,1,Low,14day
2014-10-14,0.0009267361601814628,1,Low,14day
2014-10-15,0.0007470139535143971,1,Low,14day
2014-10-16,0.0010832006810232997,1,Low,14day
2014-10-17,0.0004783195909112692,1,Low,14day
2014-10-18,0.000490376609377563,1,Low,14day
2014-10-19,0.00021486559126060456,1,Low,14day
2014-10-20,0.00020057072106283158,1,Low,14day
2014-10-21,0.00022682959388475865,1,Low,14day
2014-10-22,0.00027126632630825043,1,Low,14day
2014-10-23,0.0001790754176909104,1,Low,14day
2014-10-24,0.0002122424339177087,1,Low,14day
2014-10-25,0.00017480681708548218,1,Low,14day
2014-10-26,0.00019667278684210032,1,Low,14day
2014-10-27,0.0006391091737896204,1,Low,14day
2014-10-28,0.0002978596312459558,1,Low,14day
2014-10-29,0.0005703094648197293,1,Low,14day
2014-10-30,0.00039387153810821474,1,Low,14day
2014-10-31,0.002236250089481473,1,Low,14day
2014-11-01,0.001119521213695407,1,Low,14day
2014-11-02,0.0009224872919730842,1,Low,14day
2014-11-03,0.001077239285223186,1,Low,14day
2014-11-04,0.0006941522588022053,1,Low,14day
2014-11-05,0.0008353883167728782,1,Low,14day
2014-11-06,0.0008591379737481475,1,Low,14day
2014-11-07,0.0006424573948606849,1,Low,14day
2014-11-08,0.0007402802002616227,1,Low,14day
2014-11-09,0.0020202593877911568,1,Low,14day
2014-11-10,0.0025042719207704067,1,Low,14day
2014-11-11,0.0013391822576522827,1,Low,14day
2014-11-12,0.0014222953468561172,1,Low,14day
2014-11-13,0.0016641801921650767,1,Low,14day
2014-11-14,0.0015969563974067569,1,Low,14day
2014-11-15,0.0005006638239137828,1,Low,14day
2014-11-16,0.0005096090608276427,1,Low,14day
2014-11-17,0.0004413090646266937,1,Low,14day
2014-11-18,0.00045918530668132007,1,Low,14day
2014-11-19,0.0004101281228940934,1,Low,14day
2014-11-20,0.0004046870453748852,1,Low,14day
2014-11-21,0.0003723646223079413,1,Low,14day
2014-11-22,0.0007320937584154308,1,Low,14day
2014-11-23,0.00043051972170360386,1,Low,14day
2014-11-24,0.0003156827006023377,1,Low,14day
2014-11-25,0.0002267212694277987,1,Low,14day
2014-11-26,0.00029008978162892163,1,Low,14day
2014-11-27,0.0003120000765193254,1,Low,14day
2014-11-28,0.0002153886598534882,1,Low,14day
2014-11-29,0.00024380284594371915,1,Low,14day
2014-11-30,0.00019267249444965273,1,Low,14day
2014-12-01,0.00019947296823374927,1,Low,14day
2014-12-02,0.00020391421276144683,1,Low,14day
2014-12-03,0.000254445883911103,1,Low,14day
2014-12-04,0.00022180643281899393,1,Low,14day
2014-12-05,0.00024063738237600774,1,Low,14day
2014-12-06,0.00026095309294760227,1,Low,14day
2014-12-07,0.0003260687517467886,1,Low,14day
2014-12-08,0.0003021590819116682,1,Low,14day
2014-12-09,0.00018273561727255583,1,Low,14day
2014-12-10,0.0002626797358971089,1,Low,14day
2014-12-11,0.0003223867097403854,1,Low,14day
2014-12-12,0.0004521242226473987,1,Low,14day
2014-12-13,0.0004914381424896419,1,Low,14day
2014-12-14,0.00019023347704205662,1,Low,14day
2014-12-15,0.00025985672255046666,1,Low,14day
2014-12-16,0.0006457095150835812,1,Low,14day
2014-12-17,0.0005858670920133591,1,Low,14day
2014-12-18,0.000475752487545833,1,Low,14day
2014-12-19,0.0005903515848331153,1,Low,14day
2014-12-20,0.0005225427448749542,1,Low,14day
2014-12-21,0.0005009044543839991,1,Low,14day
2014-12-22,0.000528487958945334,1,Low,14day
2014-12-23,0.0006185524398460984,1,Low,14day
2014-12-24,0.00016247948224190623,1,Low,14day
2014-12-25,0.00019415539281908423,1,Low,14day
2014-12-26,0.0001740253355819732,1,Low,14day
2014-12-27,0.00018836375966202468,1,Low,14day
2014-12-28,0.00012838261318393052,1,Low,14day
2014-12-29,0.0002576212282292545,1,Low,14day
2014-12-30,0.0003151600540149957,1,Low,14day
2014-12-31,0.0006847874610684812,1,Low,14day
2015-01-01,0.00015825654554646462,1,Low,14day
2015-01-02,8.903914567781612e-05,1,Low,14day
2015-01-03,0.00014003916294313967,1,Low,14day
2015-01-04,6.76474446663633e-05,1,Low,14day
2015-01-05,3.2125692086992785e-05,1,Low,14day
2015-01-06,8.58837811392732e-05,1,Low,14day
2015-01-07,8.206444181269035e-05,1,Low,14day
2015-01-08,6.020486762281507e-05,1,Low,14day
2015-01-09,5.936639354331419e-05,1,Low,14day
2015-01-10,7.760394510114565e-05,1,Low,14day
2015-01-11,8.909350435715169e-05,1,Low,14day
2015-01-12,0.00011214659025426954,1,Low,14day
2015-01-13,0.0003151543496642262,1,Low,14day
2015-01-14,0.0001640083355596289,1,Low,14day
2015-01-15,8.530257036909461e-05,1,Low,14day
2015-01-16,0.00011347931285854429,1,Low,14day
2015-01-17,8.167798659997061e-05,1,Low,14day
2015-01-18,7.675572123844177e-05,1,Low,14day
2015-01-19,0.00013355798728298396,1,Low,14day
2015-01-20,0.0002848863077815622,1,Low,14day
2015-01-21,0.0002615676203276962,1,Low,14day
2015-01-22,0.00011640484444797039,1,Low,14day
2015-01-23,0.00013111978478264064,1,Low,14day
2015-01-24,7.712875230936334e-05,1,Low,14day
2015-01-25,5.724193761125207e-05,1,Low,14day
2015-01-26,0.0001465006935177371,1,Low,14day
2015-01-27,0.0003022985183633864,1,Low,14day
2015-01-28,0.000512069440446794,1,Low,14day
2015-01-29,0.00011137776891700923,1,Low,14day
2015-01-30,5.9056124882772565e-05,1,Low,14day
2015-01-31,7.295869727386162e-05,1,Low,14day
2015-02-01,0.00012047201744280756,1,Low,14day
2015-02-02,0.00020822329679504037,1,Low,14day
2015-02-03,6.416785618057474e-05,1,Low,14day
2015-02-04,6.531971303047612e-05,1,Low,14day
2015-02-05,6.880248838569969e-05,1,Low,14day
2015-02-06,0.0005825154366903007,1,Low,14day
2015-02-07,0.00035086163552477956,1,Low,14day
2015-02-08,8.993771916721016e-05,1,Low,14day
2015-02-09,0.00014304733485914767,1,Low,14day
2015-02-10,9.651302389102057e-05,1,Low,14day
2015-02-11,7.1200258389581e-05,1,Low,14day
2015-02-12,7.369682134594768e-05,1,Low,14day
2015-02-13,5.566270920098759e-05,1,Low,14day
2015-02-14,0.00010127237328561023,1,Low,14day
2015-02-15,0.0001964598777703941,1,Low,14day
2015-02-16,0.00011112984793726355,1,Low,14day
2015-02-17,5.2861414587823674e-05,1,Low,14day
2015-02-18,0.00017064352869056165,1,Low,14day
2015-02-19,0.0002528312325011939,1,Low,14day
2015-02-20,0.0001404280192218721,1,Low,14day
2015-02-21,0.00013307809422258288,1,Low,14day
2015-02-22,0.0001223457365995273,1,Low,14day
2015-02-23,0.0007055080495774746,1,Low,14day
2015-02-24,0.001339431619271636,1,Low,14day
2015-02-25,0.0009562761406414211,1,Low,14day
2015-02-26,0.0007505857502110302,1,Low,14day
2015-02-27,0.0006975100841373205,1,Low,14day
2015-02-28,0.0014373651938512921,1,Low,14day
2015-03-01,0.002011653268709779,1,Low,14day
2015-03-02,0.001589548890478909,1,Low,14day
2015-03-03,0.001989223062992096,1,Low,14day
2015-03-04,0.001504313899204135,1,Low,14day
2015-03-05,0.001318322028964758,1,Low,14day
2015-03-06,0.007870381698012352,1,Low,14day
2015-03-07,0.008713394403457642,1,Low,14day
2015-03-08,0.0015096701681613922,1,Low,14day
2015-03-09,0.002416956704109907,1,Low,14day
2015-03-10,0.001374267740175128,1,Low,14day
2015-03-11,0.0010804515331983566,1,Low,14day
2015-03-12,0.0018548347288742661,1,Low,14day
2015-03-13,0.008656593039631844,1,Low,14day
2015-03-14,0.00422702869400382,1,Low,14day
2015-03-15,0.003528385888785124,1,Low,14day
2015-03-16,0.0029442962259054184,1,Low,14day
2015-03-17,0.0031476709991693497,1,Low,14day
2015-03-18,0.001807207241654396,1,Low,14day
2015-03-19,0.0027777384966611862,1,Low,14day
2015-03-20,0.008045588620007038,1,Low,14day
2015-03-21,0.010476033203303814,1,Low,14day
2015-03-22,0.001576936338096857,1,Low,14day
2015-03-23,0.0003652083978522569,1,Low,14day
2015-03-24,0.0003294864436611533,1,Low,14day
2015-03-25,0.00031758961267769337,1,Low,14day
2015-03-26,0.0006625395617447793,1,Low,14day
2015-03-27,0.0005711890989914536,1,Low,14day
2015-03-28,0.000909912574570626,1,Low,14day
2015-03-29,0.0016607794677838683,1,Low,14day
2015-03-30,0.0006830358179286122,1,Low,14day
2015-03-31,0.0008711452828720212,1,Low,14day
2015-04-01,0.0005356587353162467,1,Low,14day
2015-04-02,0.0012894866522401571,1,Low,14day
2015-04-03,0.0030320105142891407,1,Low,14day
2015-04-04,0.00561955152079463,1,Low,14day
2015-04-05,0.015626637265086174,1,Low,14day
2015-04-06,0.030681956559419632,1,Low,14day
2015-04-07,0.020775625482201576,1,Low,14day
2015-04-08,0.007015857379883528,1,Low,14day
2015-04-09,0.003169651608914137,1,Low,14day
2015-04-10,0.001982292393222451,1,Low,14day
2015-04-11,0.001377756241708994,1,Low,14day
2015-04-12,0.00034484529169276357,1,Low,14day
2015-04-13,0.0007425170624628663,1,Low,14day
2015-04-14,0.0013697650283575058,1,Low,14day
2015-04-15,0.0005160907167010009,1,Low,14day
2015-04-16,0.000396945106331259,1,Low,14day
2015-04-17,0.0010223077842965722,1,Low,14day
2015-04-18,0.008960606530308723,1,Low,14day
2015-04-19,0.0022650978062301874,1,Low,14day
2015-04-20,0.0017150709172710776,1,Low,14day
2015-04-21,0.0015582912601530552,1,Low,14day
2015-04-22,0.00131516857072711,1,Low,14day
2015-04-23,0.0006194615853019059,1,Low,14day
2015-04-24,0.0004009197582490742,1,Low,14day
2015-04-25,0.0005867609288543463,1,Low,14day
2015-04-26,0.000755930901505053,1,Low,14day
2015-04-27,0.0016430409159511328,1,Low,14day
2015-04-28,0.0015151073457673192,1,Low,14day
2015-04-29,0.0010810215026140213,1,Low,14day
2015-04-30,0.0004296452389098704,1,Low,14day
2015-05-01,0.0003734567144419998,1,Low,14day
2015-05-02,0.00033501142752356827,1,Low,14day
2015-05-03,0.0005077817477285862,1,Low,14day
2015-05-04,0.0006728816661052406,1,Low,14day
2015-05-05,0.0007636622758582234,1,Low,14day
2015-05-06,0.001285906066186726,1,Low,14day
2015-05-07,0.0004240458074491471,1,Low,14day
2015-05-08,0.0005388906574808061,1,Low,14day
2015-05-09,0.000566214497666806,1,Low,14day
2015-05-10,0.0005787599366158247,1,Low,14day
2015-05-11,0.0011697860900312662,1,Low,14day
2015-05-12,0.0007370470557361841,1,Low,14day
2015-05-13,0.0009961790638044477,1,Low,14day
2015-05-14,0.0012661362998187542,1,Low,14day
2015-05-15,0.0005115930689498782,1,Low,14day
2015-05-16,0.0007600500248372555,1,Low,14day
2015-05-17,0.00534207234159112,1,Low,14day
2015-05-18,0.0038946892600506544,1,Low,14day
2015-05-19,0.004518826957792044,1,Low,14day
2015-05-20,0.0008534021326340735,1,Low,14day
2015-05-21,0.0008301253546960652,1,Low,14day
2015-05-22,0.0021278932690620422,1,Low,14day
2015-05-23,0.001982572488486767,1,Low,14day
2015-05-24,0.0034990962594747543,1,Low,14day
2015-05-25,0.002361444989219308,1,Low,14day
2015-05-26,0.0015857251128181815,1,Low,14day
2015-05-27,0.0011323224753141403,1,Low,14day
2015-05-28,0.004664440639317036,1,Low,14day
2015-05-29,0.000615114695392549,1,Low,14day
2015-05-30,0.00043820636346936226,1,Low,14day
2015-05-31,0.001430931151844561,1,Low,14day
2015-06-01,0.0025062093045562506,1,Low,14day
2015-06-02,0.003239154815673828,1,Low,14day
2015-06-03,0.00481366878375411,1,Low,14day
2015-06-04,0.0025493078865110874,1,Low,14day
2015-06-05,0.0025551416911184788,1,Low,14day
2015-06-06,0.0025843740440905094,1,Low,14day
2015-06-07,0.003281176323071122,1,Low,14day
2015-06-08,0.006458246614784002,1,Low,14day
2015-06-09,0.005666879005730152,1,Low,14day
2015-06-10,0.00616263085976243,1,Low,14day
2015-06-11,0.006197681184858084,1,Low,14day
2015-06-12,0.004228638950735331,1,Low,14day
2015-06-13,0.007921705953776836,1,Low,14day
2015-06-14,0.009243277832865715,1,Low,14day
2015-06-15,0.011485572904348373,1,Low,14day
2015-06-16,0.011296773329377174,1,Low,14day
2015-06-17,0.00974372960627079,1,Low,14day
2015-06-18,0.008447939530014992,1,Low,14day
2015-06-19,0.009306789375841618,1,Low,14day
2015-06-20,0.013547408394515514,1,Low,14day
2015-06-21,0.01710180565714836,1,Low,14day
2015-06-22,0.014770315028727055,1,Low,14day
2015-06-23,0.01620953157544136,1,Low,14day
2015-06-24,0.02420111931860447,1,Low,14day
2015-06-25,0.05870518833398819,1,Low,14day
2015-06-26,0.2177908569574356,1,Low,14day
2015-06-27,0.9835161566734314,4,Very High,14day
2015-06-28,0.9886971712112427,4,Very High,14day
2015-06-29,0.9852955341339111,4,Very High,14day
2015-06-30,0.9935790300369263,4,Very High,14day
2015-07-01,0.991696834564209,4,Very High,14day
2015-07-02,0.9789569973945618,4,Very High,14day
2015-07-03,0.983885645866394,4,Very High,14day
2015-07-04,0.9959771037101746,4,Very High,14day
2015-07-05,0.9955323934555054,4,Very High,14day
2015-07-06,0.9913169145584106,4,Very High,14day
2015-07-07,0.9904032945632935,4,Very High,14day
2015-07-08,0.9885667562484741,4,Very High,14day
2015-07-09,0.9880273342132568,4,Very High,14day
2015-07-10,0.9947191476821899,4,Very High,14day
2015-07-11,0.9946401715278625,4,Very High,14day
2015-07-12,0.9979459643363953,4,Very High,14day
2015-07-13,0.9991169571876526,4,Very High,14day
2015-07-14,0.9993937015533447,4,Very High,14day
2015-07-15,0.9989132881164551,4,Very High,14day
2015-07-16,0.9980583786964417,4,Very High,14day
2015-07-17,0.9989144802093506,4,Very High,14day
2015-07-18,0.9992098808288574,4,Very High,14day
2015-07-19,0.9995406866073608,4,Very High,14day
2015-07-20,0.9996199607849121,4,Very High,14day
2015-07-21,0.9989657402038574,4,Very High,14day
2015-07-22,0.9995064735412598,4,Very High,14day
2015-07-23,0.9996947050094604,4,Very High,14day
2015-07-24,0.9998039603233337,4,Very High,14day
2015-07-25,0.999762237071991,4,Very High,14day
2015-07-26,0.9997723698616028,4,Very High,14day
2015-07-27,0.9997014403343201,4,Very High,14day
2015-07-28,0.9997461438179016,4,Very High,14day
2015-07-29,0.9997543692588806,4,Very High,14day
2015-07-30,0.9996570348739624,4,Very High,14day
2015-07-31,0.999531626701355,4,Very High,14day
2015-08-01,0.9997530579566956,4,Very High,14day
2015-08-02,0.9996798038482666,4,Very High,14day
2015-08-03,0.9994935989379883,4,Very High,14day
2015-08-04,0.9996660947799683,4,Very High,14day
2015-08-05,0.999560534954071,4,Very High,14day
2015-08-06,0.9996196031570435,4,Very High,14day
2015-08-07,0.9995367527008057,4,Very High,14day
2015-08-08,0.9994476437568665,4,Very High,14day
2015-08-09,0.9993925094604492,4,Very High,14day
2015-08-10,0.9982220530509949,4,Very High,14day
2015-08-11,0.9986342787742615,4,Very High,14day
2015-08-12,0.9982461929321289,4,Very High,14day
2015-08-13,0.9977565407752991,4,Very High,14day
2015-08-14,0.9987607002258301,4,Very High,14day
2015-08-15,0.9987479448318481,4,Very High,14day
2015-08-16,0.9975975155830383,4,Very High,14day
2015-08-17,0.998482882976532,4,Very High,14day
2015-08-18,0.9979655742645264,4,Very High,14day
2015-08-19,0.9963884353637695,4,Very High,14day
2015-08-20,0.9945251941680908,4,Very High,14day
2015-08-21,0.9879129528999329,4,Very High,14day
2015-08-22,0.08614246547222137,1,Low,14day
2015-08-23,0.03603869304060936,1,Low,14day
2015-08-24,0.0726967453956604,1,Low,14day
2015-08-25,0.014304198324680328,1,Low,14day
2015-08-26,0.00526041304692626,1,Low,14day
2015-08-27,0.002404323546215892,1,Low,14day
2015-08-28,0.0007236090023070574,1,Low,14day
2015-08-29,0.00011790537246270105,1,Low,14day
2015-08-30,0.00011134422675240785,1,Low,14day
2015-08-31,9.279379446525127e-05,1,Low,14day
2015-09-01,8.021243411349133e-05,1,Low,14day
2015-09-02,9.452560334466398e-05,1,Low,14day
2015-09-03,2.6467663701623678e-05,1,Low,14day
2015-09-04,2.7876076273969375e-05,1,Low,14day
2015-09-05,3.4477623557904735e-05,1,Low,14day
2015-09-06,1.608365164429415e-05,1,Low,14day
2015-09-07,1.4634832041338086e-05,1,Low,14day
2015-09-08,2.348573434574064e-05,1,Low,14day
2015-09-09,1.5370442270068452e-05,1,Low,14day
2015-09-10,1.4012287465448026e-05,1,Low,14day
2015-09-11,2.162734563171398e-05,1,Low,14day
2015-09-12,4.026554597658105e-05,1,Low,14day
2015-09-13,6.270577432587743e-05,1,Low,14day
2015-09-14,3.223832754883915e-05,1,Low,14day
2015-09-15,0.0001029104896588251,1,Low,14day
2015-09-16,5.622505705105141e-05,1,Low,14day
2015-09-17,4.105012703803368e-05,1,Low,14day
2015-09-18,0.0005546025349758565,1,Low,14day
2015-09-19,0.002072894247248769,1,Low,14day
2015-09-20,0.022479146718978882,1,Low,14day
2015-09-21,0.010373848490417004,1,Low,14day
2015-09-22,0.014733818359673023,1,Low,14day
2015-09-23,0.002782926196232438,1,Low,14day
2015-09-24,0.0016985968686640263,1,Low,14day
2015-09-25,0.007619796320796013,1,Low,14day
2015-09-26,0.0033330414444208145,1,Low,14day
2015-09-27,0.0009038468124344945,1,Low,14day
2015-09-28,0.00021020050917286426,1,Low,14day
2015-09-29,0.00016390530799981207,1,Low,14day
2015-09-30,0.0003862226440105587,1,Low,14day
2015-10-01,0.00020660695736296475,1,Low,14day
2015-10-02,0.00021769422164652497,1,Low,14day
2015-10-03,0.00016046852397266775,1,Low,14day
2015-10-04,0.00013299462443683296,1,Low,14day
2015-10-05,0.00010313191887689754,1,Low,14day
2015-10-06,8.435436029685661e-05,1,Low,14day
2015-10-07,7.447940879501402e-05,1,Low,14day
2015-10-08,8.050032192841172e-05,1,Low,14day
2015-10-09,9.008826600620523e-05,1,Low,14day
2015-10-10,5.114125451655127e-05,1,Low,14day
2015-10-11,8.151769725373015e-05,1,Low,14day
2015-10-12,8.567568875150755e-05,1,Low,14day
2015-10-13,5.560207137023099e-05,1,Low,14day
2015-10-14,5.7458288210909814e-05,1,Low,14day
2015-10-15,4.701475700130686e-05,1,Low,14day
2015-10-16,8.192776294890791e-05,1,Low,14day
2015-10-17,5.0427799578756094e-05,1,Low,14day
2015-10-18,3.78440017811954e-05,1,Low,14day
2015-10-19,5.605358455795795e-05,1,Low,14day
2015-10-20,5.1858467486454174e-05,1,Low,14day
2015-10-21,8.054378122324124e-05,1,Low,14day
2015-10-22,0.00010696709068724886,1,Low,14day
2015-10-23,4.764156255987473e-05,1,Low,14day
2015-10-24,4.746855120174587e-05,1,Low,14day
2015-10-25,7.030346023384482e-05,1,Low,14day
2015-10-26,4.4618100218940526e-05,1,Low,14day
2015-10-27,0.00010171496251132339,1,Low,14day
2015-10-28,9.492213575867936e-05,1,Low,14day
2015-10-29,0.00011213878315174952,1,Low,14day
2015-10-30,0.00027172890258952975,1,Low,14day
2015-10-31,0.0004903707886114717,1,Low,14day
2015-11-01,0.0004155252536293119,1,Low,14day
2015-11-02,0.00029611855279654264,1,Low,14day
2015-11-03,0.0001712128141662106,1,Low,14day
2015-11-04,0.00022098803310655057,1,Low,14day
2015-11-05,0.0002053817588603124,1,Low,14day
2015-11-06,0.00012984522618353367,1,Low,14day
2015-11-07,0.00013618794037029147,1,Low,14day
2015-11-08,0.00012100843741791323,1,Low,14day
2015-11-09,0.00012247856648173183,1,Low,14day
2015-11-10,0.00011422602256061509,1,Low,14day
2015-11-11,0.00013003616186324507,1,Low,14day
2015-11-12,0.00010723497689468786,1,Low,14day
2015-11-13,8.14300510683097e-05,1,Low,14day
2015-11-14,7.368269871221855e-05,1,Low,14day
2015-11-15,5.879022864974104e-05,1,Low,14day
2015-11-16,6.332411430776119e-05,1,Low,14day
2015-11-17,7.433877908624709e-05,1,Low,14day
2015-11-18,6.401976133929566e-05,1,Low,14day
2015-11-19,0.00011139572598040104,1,Low,14day
2015-11-20,0.00012493670510593802,1,Low,14day
2015-11-21,0.00010566236596787348,1,Low,14day
2015-11-22,0.00010691356146708131,1,Low,14day
2015-11-23,9.987706289393827e-05,1,Low,14day
2015-11-24,0.0001366534997941926,1,Low,14day
2015-11-25,0.00010797818686114624,1,Low,14day
2015-11-26,9.82178098638542e-05,1,Low,14day
2015-11-27,7.940238720038906e-05,1,Low,14day
2015-11-28,0.000130241533042863,1,Low,14day
2015-11-29,0.00027353226323612034,1,Low,14day
2015-11-30,0.00022548534616362303,1,Low,14day
2015-12-01,0.00013393830158747733,1,Low,14day
2015-12-02,0.0001504662213847041,1,Low,14day
2015-12-03,0.00012347519805189222,1,Low,14day
2015-12-04,9.287391003454104e-05,1,Low,14day
2015-12-05,9.49540117289871e-05,1,Low,14day
2015-12-06,0.0001044412492774427,1,Low,14day
2015-12-07,6.0648682847386226e-05,1,Low,14day
2015-12-08,4.148158404859714e-05,1,Low,14day
2015-12-09,0.00017222865426447242,1,Low,14day
2015-12-10,0.00022416467254515737,1,Low,14day
2015-12-11,0.00016251001216005534,1,Low,14day
2015-12-12,0.00024745502742007375,1,Low,14day
2015-12-13,0.0002610504161566496,1,Low,14day
2015-12-14,0.00012861161667387933,1,Low,14day
2015-12-15,0.00015562328917440027,1,Low,14day
2015-12-16,0.00013353048416320235,1,Low,14day
2015-12-17,0.00017460726667195559,1,Low,14day
2015-12-18,0.0002594383549876511,1,Low,14day
2015-12-19,8.221773168770596e-05,1,Low,14day
2015-12-20,5.7867957366397604e-05,1,Low,14day
2015-12-21,9.83757563517429e-05,1,Low,14day
2015-12-22,5.530814451049082e-05,1,Low,14day
2015-12-23,9.776097431313246e-05,1,Low,14day
2015-12-24,0.00018791868933476508,1,Low,14day
2015-12-25,9.55250725382939e-05,1,Low,14day
2015-12-26,8.982192230178043e-05,1,Low,14day
2015-12-27,0.00010848171223187819,1,Low,14day
2015-12-28,0.00010887272219406441,1,Low,14day
2015-12-29,8.904025162337348e-05,1,Low,14day
2015-12-30,5.5666369007667527e-05,1,Low,14day
2015-12-31,2.899590072047431e-05,1,Low,14day
2016-01-01,3.329188621137291e-05,1,Low,14day
2016-01-02,3.234339237678796e-05,1,Low,14day
2016-01-03,4.204115612083115e-05,1,Low,14day
2016-01-04,5.372669693315402e-05,1,Low,14day
2016-01-05,5.875251372344792e-05,1,Low,14day
2016-01-06,8.215965499402955e-05,1,Low,14day
2016-01-07,0.00011429130245232955,1,Low,14day
2016-01-08,4.007920506410301e-05,1,Low,14day
2016-01-09,4.0915761928772554e-05,1,Low,14day
2016-01-10,3.228462810511701e-05,1,Low,14day
2016-01-11,4.859380715060979e-05,1,Low,14day
2016-01-12,4.7911322326399386e-05,1,Low,14day
2016-01-13,4.4098051148466766e-05,1,Low,14day
2016-01-14,5.3674462833441794e-05,1,Low,14day
2016-01-15,4.2284009396098554e-05,1,Low,14day
2016-01-16,3.463061875663698e-05,1,Low,14day
2016-01-17,6.85727791278623e-05,1,Low,14day
2016-01-18,0.00010276799002895132,1,Low,14day
2016-01-19,8.330881973961368e-05,1,Low,14day
2016-01-20,3.8600428524659947e-05,1,Low,14day
2016-01-21,2.7500971555127762e-05,1,Low,14day
2016-01-22,4.362381878308952e-05,1,Low,14day
2016-01-23,3.4876735298894346e-05,1,Low,14day
2016-01-24,4.0775223169475794e-05,1,Low,14day
2016-01-25,2.4703957024030387e-05,1,Low,14day
2016-01-26,2.0793120711459778e-05,1,Low,14day
2016-01-27,2.351605871808715e-05,1,Low,14day
2016-01-28,6.867598131066188e-05,1,Low,14day
2016-01-29,9.90289481705986e-05,1,Low,14day
2016-01-30,4.694186645792797e-05,1,Low,14day
2016-01-31,4.374821583041921e-05,1,Low,14day
2016-02-01,2.7267506084172055e-05,1,Low,14day
2016-02-02,2.4893695808714256e-05,1,Low,14day
2016-02-03,2.609741932246834e-05,1,Low,14day
2016-02-04,3.2278316211886704e-05,1,Low,14day
2016-02-05,0.0001082774979295209,1,Low,14day
2016-02-06,0.00013336226402316242,1,Low,14day
2016-02-07,0.0001073366729542613,1,Low,14day
2016-02-08,3.6441473639570177e-05,1,Low,14day
2016-02-09,4.8463534767506644e-05,1,Low,14day
2016-02-10,4.612290649674833e-05,1,Low,14day
2016-02-11,7.434133294736966e-05,1,Low,14day
2016-02-12,6.13666488789022e-05,1,Low,14day
2016-02-13,3.776476296479814e-05,1,Low,14day
2016-02-14,2.0707495423266664e-05,1,Low,14day
2016-02-15,2.745335950748995e-05,1,Low,14day
2016-02-16,7.951741281431168e-05,1,Low,14day
2016-02-17,0.00013725238386541605,1,Low,14day
2016-02-18,0.00018972628458868712,1,Low,14day
2016-02-19,0.0001295433467021212,1,Low,14day
2016-02-20,6.181154458317906e-05,1,Low,14day
2016-02-21,4.4026874093106017e-05,1,Low,14day
2016-02-22,4.7433615691261366e-05,1,Low,14day
2016-02-23,4.102312232134864e-05,1,Low,14day
2016-02-24,5.9638306993292645e-05,1,Low,14day
2016-02-25,6.526324432343245e-05,1,Low,14day
2016-02-26,5.712126585422084e-05,1,Low,14day
2016-02-27,6.300325185293332e-05,1,Low,14day
2016-02-28,5.8949048252543435e-05,1,Low,14day
2016-02-29,6.546419899677858e-05,1,Low,14day
2016-03-01,7.209597242763266e-05,1,Low,14day
2016-03-02,7.000615732977167e-05,1,Low,14day
2016-03-03,8.102889114525169e-05,1,Low,14day
2016-03-04,0.00017580273561179638,1,Low,14day
2016-03-05,0.00018841351266019046,1,Low,14day
2016-03-06,4.5576154661830515e-05,1,Low,14day
2016-03-07,5.1730439736275e-05,1,Low,14day
2016-03-08,9.937223512679338e-05,1,Low,14day
2016-03-09,0.00022546685067936778,1,Low,14day
2016-03-10,0.00021712231682613492,1,Low,14day
2016-03-11,0.00011974076187470928,1,Low,14day
2016-03-12,0.0003114229766651988,1,Low,14day
2016-03-13,0.0002329636481590569,1,Low,14day
2016-03-14,0.00016882749332580715,1,Low,14day
2016-03-15,0.00013618987577501684,1,Low,14day
2016-03-16,0.0007537639467045665,1,Low,14day
2016-03-17,0.0008655219571664929,1,Low,14day
2016-03-18,0.0005258785095065832,1,Low,14day
2016-03-19,0.00044876153697259724,1,Low,14day
2016-03-20,0.00024222729553002864,1,Low,14day
2016-03-21,5.793144737253897e-05,1,Low,14day
2016-03-22,4.989468652638607e-05,1,Low,14day
2016-03-23,6.251245213206857e-05,1,Low,14day
2016-03-24,0.0001806599466362968,1,Low,14day
2016-03-25,0.00029059965163469315,1,Low,14day
2016-03-26,7.436805753968656e-05,1,Low,14day
2016-03-27,3.465004556346685e-05,1,Low,14day
2016-03-28,4.142217221669853e-05,1,Low,14day
2016-03-29,3.660761649371125e-05,1,Low,14day
2016-03-30,4.1866082028718665e-05,1,Low,14day
2016-03-31,4.705795072368346e-05,1,Low,14day
2016-04-01,4.4941232772544026e-05,1,Low,14day
2016-04-02,0.00016919992049224675,1,Low,14day
2016-04-03,0.00035613393993116915,1,Low,14day
2016-04-04,0.00027094013057649136,1,Low,14day
2016-04-05,0.00035185663728043437,1,Low,14day
2016-04-06,0.00025962715153582394,1,Low,14day
2016-04-07,0.00019501963106449693,1,Low,14day
2016-04-08,0.0005814426112920046,1,Low,14day
2016-04-09,0.0006064715562388301,1,Low,14day
2016-04-10,0.0006047848728485405,1,Low,14day
2016-04-11,0.0001309182698605582,1,Low,14day
2016-04-12,0.0001648859615670517,1,Low,14day
2016-04-13,0.00013067045074421912,1,Low,14day
2016-04-14,8.904279820853844e-05,1,Low,14day
2016-04-15,6.175168527988717e-05,1,Low,14day
2016-04-16,0.00023403961677104235,1,Low,14day
2016-04-17,0.0005453561898320913,1,Low,14day
2016-04-18,0.00026403713854961097,1,Low,14day
2016-04-19,0.00047510670265182853,1,Low,14day
2016-04-20,0.00042253261199221015,1,Low,14day
2016-04-21,0.0006835554377175868,1,Low,14day
2016-04-22,0.00029758032178506255,1,Low,14day
2016-04-23,0.0003767005691770464,1,Low,14day
2016-04-24,0.00041627674363553524,1,Low,14day
2016-04-25,0.00042312173172831535,1,Low,14day
2016-04-26,0.00011688055383274332,1,Low,14day
2016-04-27,8.180621080100536e-05,1,Low,14day
2016-04-28,0.00012939260341227055,1,Low,14day
2016-04-29,0.00011752092541428283,1,Low,14day
2016-04-30,0.00017847880371846259,1,Low,14day
2016-05-01,0.00013586819113697857,1,Low,14day
2016-05-02,0.0005203664768487215,1,Low,14day
2016-05-03,0.00035074373590759933,1,Low,14day
2016-05-04,0.000423085642978549,1,Low,14day
2016-05-05,0.00030724355019629,1,Low,14day
2016-05-06,0.00017358583863824606,1,Low,14day
2016-05-07,0.00027722734375856817,1,Low,14day
2016-05-08,0.00026111313491128385,1,Low,14day
2016-05-09,0.0003135339356958866,1,Low,14day
2016-05-10,0.00029394650482572615,1,Low,14day
2016-05-11,0.00015778040688019246,1,Low,14day
2016-05-12,0.0002694580762181431,1,Low,14day
2016-05-13,0.00014562146679963917,1,Low,14day
2016-05-14,0.00018393201753497124,1,Low,14day
2016-05-15,0.00010715555254137143,1,Low,14day
2016-05-16,9.158783359453082e-05,1,Low,14day
2016-05-17,6.749002932338044e-05,1,Low,14day
2016-05-18,6.462837336584926e-05,1,Low,14day
2016-05-19,0.000364087987691164,1,Low,14day
2016-05-20,0.0005180120933800936,1,Low,14day
2016-05-21,0.0008921143016777933,1,Low,14day
2016-05-22,0.0016371633391827345,1,Low,14day
2016-05-23,0.0013411472318693995,1,Low,14day
2016-05-24,0.002455730689689517,1,Low,14day
2016-05-25,0.0011613833485171199,1,Low,14day
2016-05-26,0.0011632817331701517,1,Low,14day
2016-05-27,0.0010751273948699236,1,Low,14day
2016-05-28,0.0009547662921249866,1,Low,14day
2016-05-29,0.0024678867775946856,1,Low,14day
2016-05-30,0.0017632010858505964,1,Low,14day
2016-05-31,0.0013625894207507372,1,Low,14day
2016-06-01,0.0009938376024365425,1,Low,14day
2016-06-02,0.001495848293416202,1,Low,14day
2016-06-03,0.0009821450803428888,1,Low,14day
2016-06-04,0.0006662665982730687,1,Low,14day
2016-06-05,0.0006760869873687625,1,Low,14day
2016-06-06,0.0008745747618377209,1,Low,14day
2016-06-07,0.0009779554093256593,1,Low,14day
2016-06-08,0.00243718596175313,1,Low,14day
2016-06-09,0.00176324974745512,1,Low,14day
2016-06-10,0.002121680648997426,1,Low,14day
2016-06-11,0.0028990430291742086,1,Low,14day
2016-06-12,0.001461890758946538,1,Low,14day
2016-06-13,0.0013451875420287251,1,Low,14day
2016-06-14,0.0030553073156625032,1,Low,14day
2016-06-15,0.0015207966789603233,1,Low,14day
2016-06-16,0.002693525981158018,1,Low,14day
2016-06-17,0.00282336981035769,1,Low,14day
2016-06-18,0.003230566158890724,1,Low,14day
2016-06-19,0.0036371443420648575,1,Low,14day
2016-06-20,0.01837913691997528,1,Low,14day
2016-06-21,0.09330015629529953,1,Low,14day
2016-06-22,0.9585634469985962,4,Very High,14day
2016-06-23,0.9808963537216187,4,Very High,14day
2016-06-24,0.985471785068512,4,Very High,14day
2016-06-25,0.9856202602386475,4,Very High,14day
2016-06-26,0.9924938678741455,4,Very High,14day
2016-06-27,0.9922705888748169,4,Very High,14day
2016-06-28,0.9947847723960876,4,Very High,14day
2016-06-29,0.9883883595466614,4,Very High,14day
2016-06-30,0.9913690686225891,4,Very High,14day
2016-07-01,0.99369215965271,4,Very High,14day
2016-07-02,0.9891714453697205,4,Very High,14day
2016-07-03,0.9880129098892212,4,Very High,14day
2016-07-04,0.9878695607185364,4,Very High,14day
2016-07-05,0.9968339800834656,4,Very High,14day
2016-07-06,0.9994935989379883,4,Very High,14day
2016-07-07,0.9996868371963501,4,Very High,14day
2016-07-08,0.9997591376304626,4,Very High,14day
2016-07-09,0.9997898936271667,4,Very High,14day
2016-07-10,0.9988610744476318,4,Very High,14day
2016-07-11,0.9953572154045105,4,Very High,14day
2016-07-12,0.9845818877220154,4,Very High,14day
2016-07-13,0.981793224811554,4,Very High,14day
2016-07-14,0.9912238121032715,4,Very High,14day
2016-07-15,0.986789882183075,4,Very High,14day
2016-07-16,0.9882758259773254,4,Very High,14day
2016-07-17,0.9937793612480164,4,Very High,14day
2016-07-18,0.9975747466087341,4,Very High,14day
2016-07-19,0.9976938366889954,4,Very High,14day
2016-07-20,0.9981666803359985,4,Very High,14day
2016-07-21,0.9980480670928955,4,Very High,14day
2016-07-22,0.9972221851348877,4,Very High,14day
2016-07-23,0.9879701733589172,4,Very High,14day
2016-07-24,0.15702997148036957,1,Low,14day
2016-07-25,0.015739046037197113,1,Low,14day
2016-07-26,0.025952938944101334,1,Low,14day
2016-07-27,0.04020354896783829,1,Low,14day
2016-07-28,0.033805955201387405,1,Low,14day
2016-07-29,0.04568183422088623,1,Low,14day
2016-07-30,0.06394515186548233,1,Low,14day
2016-07-31,0.04014651104807854,1,Low,14day
2016-08-01,0.020924972370266914,1,Low,14day
2016-08-02,0.04027527570724487,1,Low,14day
2016-08-03,0.0776984840631485,1,Low,14day
2016-08-04,0.029786549508571625,1,Low,14day
2016-08-05,0.09604111313819885,1,Low,14day
2016-08-06,0.058463528752326965,1,Low,14day
2016-08-07,0.06328839063644409,1,Low,14day
2016-08-08,0.04154080152511597,1,Low,14day
2016-08-09,0.06206554174423218,1,Low,14day
2016-08-10,0.04251488670706749,1,Low,14day
2016-08-11,0.03835359215736389,1,Low,14day
2016-08-12,0.020906053483486176,1,Low,14day
2016-08-13,0.019531840458512306,1,Low,14day
2016-08-14,0.0238500889390707,1,Low,14day
2016-08-15,0.03985754773020744,1,Low,14day
2016-08-16,0.012525614351034164,1,Low,14day
2016-08-17,0.015372009016573429,1,Low,14day
2016-08-18,0.01746373623609543,1,Low,14day
2016-08-19,0.012482868507504463,1,Low,14day
2016-08-20,0.015901511535048485,1,Low,14day
2016-08-21,0.002429976360872388,1,Low,14day
2016-08-22,0.004500650335103273,1,Low,14day
2016-08-23,0.006753041408956051,1,Low,14day
2016-08-24,0.05521348491311073,1,Low,14day
2016-08-25,0.02961498126387596,1,Low,14day
2016-08-26,0.047251131385564804,1,Low,14day
2016-08-27,0.030973488464951515,1,Low,14day
2016-08-28,0.026733212172985077,1,Low,14day
2016-08-29,0.17440737783908844,1,Low,14day
2016-08-30,0.09659519791603088,1,Low,14day
2016-08-31,0.043941620737314224,1,Low,14day
2016-09-01,0.04494868218898773,1,Low,14day
2016-09-02,0.022355107590556145,1,Low,14day
2016-09-03,0.03494661673903465,1,Low,14day
2016-09-04,0.04439881816506386,1,Low,14day
2016-09-05,0.05133024975657463,1,Low,14day
2016-09-06,0.014616225846111774,1,Low,14day
2016-09-07,0.009436401538550854,1,Low,14day
2016-09-08,0.0015280232764780521,1,Low,14day
2016-09-09,0.0025425038766115904,1,Low,14day
2016-09-10,0.000824660062789917,1,Low,14day
2016-09-11,0.004824357107281685,1,Low,14day
2016-09-12,0.0028820401057600975,1,Low,14day
2016-09-13,0.0014958711108192801,1,Low,14day
2016-09-14,0.0015687025152146816,1,Low,14day
2016-09-15,0.0014047353761270642,1,Low,14day
2016-09-16,0.0013356436975300312,1,Low,14day
2016-09-17,0.004777108319103718,1,Low,14day
2016-09-18,0.009752314537763596,1,Low,14day
2016-09-19,0.008144807070493698,1,Low,14day
2016-09-20,0.018305636942386627,1,Low,14day
2016-09-21,0.0024750269949436188,1,Low,14day
2016-09-22,0.0009368039318360388,1,Low,14day
2016-09-23,0.0014212250243872404,1,Low,14day
2016-09-24,0.0005465431604534388,1,Low,14day
2016-09-25,0.00018154458666685969,1,Low,14day
2016-09-26,0.0001682314759818837,1,Low,14day
2016-09-27,7.705200550844893e-05,1,Low,14day
2016-09-28,0.00010045771341538057,1,Low,14day
2016-09-29,7.438947795890272e-05,1,Low,14day
2016-09-30,6.252645835047588e-05,1,Low,14day
2016-10-01,0.00010368599760113284,1,Low,14day
2016-10-02,0.0002387246349826455,1,Low,14day
2016-10-03,0.0005096221575513482,1,Low,14day
2016-10-04,0.0006123103084973991,1,Low,14day
2016-10-05,0.0005613082903437316,1,Low,14day
2016-10-06,0.0005947313038632274,1,Low,14day
2016-10-07,0.0004496701876632869,1,Low,14day
2016-10-08,0.0010720452992245555,1,Low,14day
2016-10-09,0.000339303893269971,1,Low,14day
2016-10-10,0.00028889329405501485,1,Low,14day
2016-10-11,7.499747880501673e-05,1,Low,14day
2016-10-12,5.5796263040974736e-05,1,Low,14day
2016-10-13,5.195335324970074e-05,1,Low,14day
2016-10-14,5.364217940950766e-05,1,Low,14day
2016-10-15,3.6387300497153774e-05,1,Low,14day
2016-10-16,3.5985311114927754e-05,1,Low,14day
2016-10-17,6.504180782940239e-05,1,Low,14day
2016-10-18,0.00010362856119172648,1,Low,14day
2016-10-19,0.00011598933633649722,1,Low,14day
2016-10-20,7.674006337765604e-05,1,Low,14day
2016-10-21,7.329711661441252e-05,1,Low,14day
2016-10-22,7.038019975880161e-05,1,Low,14day
2016-10-23,7.55164073780179e-05,1,Low,14day
2016-10-24,5.999064524075948e-05,1,Low,14day
2016-10-25,7.213764183688909e-05,1,Low,14day
2016-10-26,4.7995006752898917e-05,1,Low,14day
2016-10-27,6.186774407979101e-05,1,Low,14day
2016-10-28,5.265438085189089e-05,1,Low,14day
2016-10-29,6.074957855162211e-05,1,Low,14day
2016-10-30,3.7584763049380854e-05,1,Low,14day
2016-10-31,5.1244409405626357e-05,1,Low,14day
2016-11-01,6.675413169432431e-05,1,Low,14day
2016-11-02,0.00010187939915340394,1,Low,14day
2016-11-03,6.14781747572124e-05,1,Low,14day
2016-11-04,5.605572005151771e-05,1,Low,14day
2016-11-05,6.217315967660397e-05,1,Low,14day
2016-11-06,6.152509740786627e-05,1,Low,14day
2016-11-07,5.87838985666167e-05,1,Low,14day
2016-11-08,4.849964170716703e-05,1,Low,14day
2016-11-09,3.7228255678201094e-05,1,Low,14day
2016-11-10,5.7387871493119746e-05,1,Low,14day
2016-11-11,6.070267045288347e-05,1,Low,14day
2016-11-12,7.240346167236567e-05,1,Low,14day
2016-11-13,6.751030741725117e-05,1,Low,14day
2016-11-14,4.899934720015153e-05,1,Low,14day
2016-11-15,4.4417844037525356e-05,1,Low,14day
2016-11-16,4.56104135082569e-05,1,Low,14day
2016-11-17,5.390636943047866e-05,1,Low,14day
2016-11-18,7.182011904660612e-05,1,Low,14day
2016-11-19,7.2354385338258e-05,1,Low,14day
2016-11-20,5.098095425637439e-05,1,Low,14day
2016-11-21,3.3109361538663507e-05,1,Low,14day
2016-11-22,3.382530121598393e-05,1,Low,14day
2016-11-23,3.064158954657614e-05,1,Low,14day
2016-11-24,4.7145538701443e-05,1,Low,14day
2016-11-25,3.6600915336748585e-05,1,Low,14day
2016-11-26,3.662388917291537e-05,1,Low,14day
2016-11-27,5.287754538585432e-05,1,Low,14day
2016-11-28,6.511280662380159e-05,1,Low,14day
2016-11-29,7.457670290023088e-05,1,Low,14day
2016-11-30,6.880400178488344e-05,1,Low,14day
2016-12-01,4.7535500925732777e-05,1,Low,14day
2016-12-02,5.1338614866835997e-05,1,Low,14day
2016-12-03,5.5406548199243844e-05,1,Low,14day
2016-12-04,7.663212454644963e-05,1,Low,14day
2016-12-05,8.035736391320825e-05,1,Low,14day
2016-12-06,0.00010890449630096555,1,Low,14day
2016-12-07,7.905891834525391e-05,1,Low,14day
2016-12-08,7.20430543879047e-05,1,Low,14day
2016-12-09,7.392748375423253e-05,1,Low,14day
2016-12-10,4.927050758851692e-05,1,Low,14day
2016-12-11,5.7860226661432534e-05,1,Low,14day
2016-12-12,8.18627086118795e-05,1,Low,14day
2016-12-13,5.062448690296151e-05,1,Low,14day
2016-12-14,9.060889715328813e-05,1,Low,14day
2016-12-15,6.929448136361316e-05,1,Low,14day
2016-12-16,4.911400901619345e-05,1,Low,14day
2016-12-17,3.385405580047518e-05,1,Low,14day
2016-12-18,2.976031282742042e-05,1,Low,14day
2016-12-19,2.9385961170191877e-05,1,Low,14day
2016-12-20,4.219547190587036e-05,1,Low,14day
2016-12-21,3.70968809875194e-05,1,Low,14day
2016-12-22,4.1647424950497225e-05,1,Low,14day
2016-12-23,5.574095484917052e-05,1,Low,14day
2016-12-24,0.00010910936543950811,1,Low,14day
2016-12-25,9.569337998982519e-05,1,Low,14day
2016-12-26,7.983508112374693e-05,1,Low,14day
2016-12-27,8.994088420877233e-05,1,Low,14day
2016-12-28,8.734210132388398e-05,1,Low,14day
2016-12-29,6.088970258133486e-05,1,Low,14day
2016-12-30,5.428274016594514e-05,1,Low,14day
2016-12-31,3.885200203512795e-05,1,Low,14day
2017-01-01,6.749061139998958e-05,1,Low,14day
2017-01-02,9.116887667914852e-05,1,Low,14day
2017-01-03,3.367756289662793e-05,1,Low,14day
2017-01-04,7.411340629914775e-05,1,Low,14day
2017-01-05,0.00012675697507802397,1,Low,14day
2017-01-06,6.307520379777998e-05,1,Low,14day
2017-01-07,6.645859684795141e-05,1,Low,14day
2017-01-08,7.442793867085129e-05,1,Low,14day
2017-01-09,6.105966167524457e-05,1,Low,14day
2017-01-10,0.0001276385155506432,1,Low,14day
2017-01-11,0.00017030915478244424,1,Low,14day
2017-01-12,8.056336810113862e-05,1,Low,14day
2017-01-13,0.0001656647800700739,1,Low,14day
2017-01-14,0.0006052759126760066,1,Low,14day
2017-01-15,0.00045916627277620137,1,Low,14day
2017-01-16,0.0002860036911442876,1,Low,14day
2017-01-17,0.0002343399537494406,1,Low,14day
2017-01-18,0.00012364640133455396,1,Low,14day
2017-01-19,0.00016803092148620635,1,Low,14day
2017-01-20,0.00017467603902332485,1,Low,14day
2017-01-21,0.00033440289553254843,1,Low,14day
2017-01-22,0.0001747103378875181,1,Low,14day
2017-01-23,0.0001770870730979368,1,Low,14day
2017-01-24,0.0003577071474865079,1,Low,14day
2017-01-25,0.0007917325710877776,1,Low,14day
2017-01-26,0.0005361046642065048,1,Low,14day
2017-01-27,0.00019938891637139022,1,Low,14day
2017-01-28,0.00019809635705314577,1,Low,14day
2017-01-29,0.0003562135680112988,1,Low,14day
2017-01-30,0.0004840979818254709,1,Low,14day
2017-01-31,0.00021036973339505494,1,Low,14day
2017-02-01,0.00013702550495509058,1,Low,14day
2017-02-02,0.00017662097525317222,1,Low,14day
2017-02-03,0.0006996701704338193,1,Low,14day
2017-02-04,0.0009303040569648147,1,Low,14day
2017-02-05,0.00046717235818505287,1,Low,14day
2017-02-06,0.00025303594884462655,1,Low,14day
2017-02-07,0.00016474891162943095,1,Low,14day
2017-02-08,0.00014296006702352315,1,Low,14day
2017-02-09,9.784603753359988e-05,1,Low,14day
2017-02-10,0.000295067933620885,1,Low,14day
2017-02-11,0.00013222682173363864,1,Low,14day
2017-02-12,8.590410288888961e-05,1,Low,14day
2017-02-13,0.00019381135643925518,1,Low,14day
2017-02-14,0.00025265049771405756,1,Low,14day
2017-02-15,0.0001927913835970685,1,Low,14day
2017-02-16,0.00022675197396893054,1,Low,14day
2017-02-17,0.00016254828369710594,1,Low,14day
2017-02-18,0.00014878541696816683,1,Low,14day
2017-02-19,0.0001341750321444124,1,Low,14day
2017-02-20,0.0002017607184825465,1,Low,14day
2017-02-21,0.00019356058328412473,1,Low,14day
2017-02-22,0.00022988712589722127,1,Low,14day
2017-02-23,7.120256486814469e-05,1,Low,14day
2017-02-24,4.92106810270343e-05,1,Low,14day
2017-02-25,5.779571074526757e-05,1,Low,14day
2017-02-26,7.414683932438493e-05,1,Low,14day
2017-02-27,0.00010948393901344389,1,Low,14day
2017-02-28,7.384265336440876e-05,1,Low,14day
2017-03-01,3.870574073516764e-05,1,Low,14day
2017-03-02,5.443020927486941e-05,1,Low,14day
2017-03-03,7.147726864786819e-05,1,Low,14day
2017-03-04,6.83098187437281e-05,1,Low,14day
2017-03-05,3.296104114269838e-05,1,Low,14day
2017-03-06,6.055662015569396e-05,1,Low,14day
2017-03-07,4.9325415602652356e-05,1,Low,14day
2017-03-08,2.8446451324271038e-05,1,Low,14day
2017-03-09,6.766692968085408e-05,1,Low,14day
2017-03-10,0.0001770516246324405,1,Low,14day
2017-03-11,8.02648501121439e-05,1,Low,14day
2017-03-12,5.338752089301124e-05,1,Low,14day
2017-03-13,6.797030800953507e-05,1,Low,14day
2017-03-14,6.589341501239687e-05,1,Low,14day
2017-03-15,9.974514250643551e-05,1,Low,14day
2017-03-16,3.7958619941491634e-05,1,Low,14day
2017-03-17,7.661137351533398e-05,1,Low,14day
2017-03-18,0.00010612068581394851,1,Low,14day
2017-03-19,6.30501308478415e-05,1,Low,14day
2017-03-20,4.412316411617212e-05,1,Low,14day
2017-03-21,5.612408131128177e-05,1,Low,14day
2017-03-22,0.00014686449139844626,1,Low,14day
2017-03-23,7.868195825722069e-05,1,Low,14day
2017-03-24,3.995887527707964e-05,1,Low,14day
2017-03-25,2.8100197596359067e-05,1,Low,14day
2017-03-26,1.7197884517372586e-05,1,Low,14day
2017-03-27,3.1444102205568925e-05,1,Low,14day
2017-03-28,2.4156663130270317e-05,1,Low,14day
2017-03-29,5.503476859303191e-05,1,Low,14day
2017-03-30,8.321180212078616e-05,1,Low,14day
2017-03-31,6.871298683108762e-05,1,Low,14day
2017-04-01,9.966594370780513e-05,1,Low,14day
2017-04-02,3.774740980588831e-05,1,Low,14day
2017-04-03,3.777729580178857e-05,1,Low,14day
2017-04-04,5.7020359236048535e-05,1,Low,14day
2017-04-05,0.0004913095617666841,1,Low,14day
2017-04-06,0.00015701723168604076,1,Low,14day
2017-04-07,8.425877604167908e-05,1,Low,14day
2017-04-08,5.1985422032885253e-05,1,Low,14day
2017-04-09,8.002785034477711e-05,1,Low,14day
2017-04-10,9.573827992426232e-05,1,Low,14day
2017-04-11,0.00017402235243935138,1,Low,14day
2017-04-12,0.0001839155302150175,1,Low,14day
2017-04-13,0.00033904454903677106,1,Low,14day
2017-04-14,0.0002040281833615154,1,Low,14day
2017-04-15,0.0002350706054130569,1,Low,14day
2017-04-16,0.00012903024617116898,1,Low,14day
2017-04-17,0.00016456663433928043,1,Low,14day
2017-04-18,0.00010367412323830649,1,Low,14day
2017-04-19,7.893552538007498e-05,1,Low,14day
2017-04-20,0.00013639937969855964,1,Low,14day
2017-04-21,0.000189590486115776,1,Low,14day
2017-04-22,0.00018374217324890196,1,Low,14day
2017-04-23,0.00010461099736858159,1,Low,14day
2017-04-24,5.8835492382058874e-05,1,Low,14day
2017-04-25,6.87869469402358e-05,1,Low,14day
2017-04-26,5.2841860451735556e-05,1,Low,14day
2017-04-27,0.000136431772261858,1,Low,14day
2017-04-28,9.568443783791736e-05,1,Low,14day
2017-04-29,0.00010971166921081021,1,Low,14day
2017-04-30,0.00016713447985239327,1,Low,14day
2017-05-01,0.00012439842976164073,1,Low,14day
2017-05-02,9.096914436668158e-05,1,Low,14day
2017-05-03,9.011988731799647e-05,1,Low,14day
2017-05-04,0.00011147159239044413,1,Low,14day
2017-05-05,0.00011356786853866652,1,Low,14day
2017-05-06,0.0001263833255507052,1,Low,14day
2017-05-07,7.843931234674528e-05,1,Low,14day
2017-05-08,7.338901923503727e-05,1,Low,14day
2017-05-09,4.357936995802447e-05,1,Low,14day
2017-05-10,5.5071941460482776e-05,1,Low,14day
2017-05-11,0.00011849586007883772,1,Low,14day
2017-05-12,9.844623127719387e-05,1,Low,14day
2017-05-13,8.92698735697195e-05,1,Low,14day
2017-05-14,7.603161066072062e-05,1,Low,14day
2017-05-15,0.00015690873260609806,1,Low,14day
2017-05-16,0.00015056210395414382,1,Low,14day
2017-05-17,0.00012200589844724163,1,Low,14day
2017-05-18,5.069961116532795e-05,1,Low,14day
2017-05-19,9.571993723511696e-05,1,Low,14day
2017-05-20,0.0003121470508631319,1,Low,14day
2017-05-21,0.0004291755030862987,1,Low,14day
2017-05-22,0.00016311267972923815,1,Low,14day
2017-05-23,0.0003424623573664576,1,Low,14day
2017-05-24,0.0001695865939836949,1,Low,14day
2017-05-25,8.494540088577196e-05,1,Low,14day
2017-05-26,6.43938037683256e-05,1,Low,14day
2017-05-27,0.00010910936543950811,1,Low,14day
2017-05-28,0.00011293029820080847,1,Low,14day
2017-05-29,9.330941247753799e-05,1,Low,14day
2017-05-30,0.00016812386456876993,1,Low,14day
2017-05-31,0.0008877190412022173,1,Low,14day
2017-06-01,0.0023305027280002832,1,Low,14day
2017-06-02,0.0008312469581142068,1,Low,14day
2017-06-03,0.0007934119203127921,1,Low,14day
2017-06-04,0.002154154935851693,1,Low,14day
2017-06-05,0.0016194137278944254,1,Low,14day
2017-06-06,0.0015485554467886686,1,Low,14day
2017-06-07,0.004746929742395878,1,Low,14day
2017-06-08,0.007500798441469669,1,Low,14day
2017-06-09,0.008156302385032177,1,Low,14day
2017-06-10,0.017954234033823013,1,Low,14day
2017-06-11,0.05405936390161514,1,Low,14day
2017-06-12,0.01831056922674179,1,Low,14day
2017-06-13,0.023720083758234978,1,Low,14day
2017-06-14,0.009564262814819813,1,Low,14day
2017-06-15,0.004093174822628498,1,Low,14day
2017-06-16,0.006314944941550493,1,Low,14day
2017-06-17,0.006195831578224897,1,Low,14day
2017-06-18,0.013516002334654331,1,Low,14day
2017-06-19,0.010421018116176128,1,Low,14day
2017-06-20,0.9720705151557922,4,Very High,14day
2017-06-21,0.9796662926673889,4,Very High,14day
2017-06-22,0.9906526803970337,4,Very High,14day
2017-06-23,0.9808599948883057,4,Very High,14day
2017-06-24,0.9849467277526855,4,Very High,14day
2017-06-25,0.9811082482337952,4,Very High,14day
2017-06-26,0.9876299500465393,4,Very High,14day
2017-06-27,0.9928064346313477,4,Very High,14day
2017-06-28,0.9754436016082764,4,Very High,14day
2017-06-29,0.9910848736763,4,Very High,14day
2017-06-30,0.9958029389381409,4,Very High,14day
2017-07-01,0.9952837824821472,4,Very High,14day
2017-07-02,0.9951421022415161,4,Very High,14day
2017-07-03,0.9855389595031738,4,Very High,14day
2017-07-04,0.9904720783233643,4,Very High,14day
2017-07-05,0.9933810234069824,4,Very High,14day
2017-07-06,0.9955499172210693,4,Very High,14day
2017-07-07,0.9956346154212952,4,Very High,14day
2017-07-08,0.9950796365737915,4,Very High,14day
2017-07-09,0.9921154379844666,4,Very High,14day
2017-07-10,0.9903720617294312,4,Very High,14day
2017-07-11,0.9938289523124695,4,Very High,14day
2017-07-12,0.9923940896987915,4,Very High,14day
2017-07-13,0.997735857963562,4,Very High,14day
2017-07-14,0.9989990592002869,4,Very High,14day
2017-07-15,0.9992358684539795,4,Very High,14day
2017-07-16,0.9993656277656555,4,Very High,14day
2017-07-17,0.9994562268257141,4,Very High,14day
2017-07-18,0.9995180368423462,4,Very High,14day
2017-07-19,0.9995998740196228,4,Very High,14day
2017-07-20,0.9995892643928528,4,Very High,14day
2017-07-21,0.999496340751648,4,Very High,14day
2017-07-22,0.9996175765991211,4,Very High,14day
2017-07-23,0.9996381998062134,4,Very High,14day
2017-07-24,0.9991850256919861,4,Very High,14day
2017-07-25,0.9989705085754395,4,Very High,14day
2017-07-26,0.9986492991447449,4,Very High,14day
2017-07-27,0.998156726360321,4,Very High,14day
2017-07-28,0.9986691474914551,4,Very High,14day
2017-07-29,0.9987177848815918,4,Very High,14day
2017-07-30,0.9991785883903503,4,Very High,14day
2017-07-31,0.9968597888946533,4,Very High,14day
2017-08-01,0.9952690005302429,4,Very High,14day
2017-08-02,0.9951085448265076,4,Very High,14day
2017-08-03,0.9977593421936035,4,Very High,14day
2017-08-04,0.998100221157074,4,Very High,14day
2017-08-05,0.9976667165756226,4,Very High,14day
2017-08-06,0.9965862035751343,4,Very High,14day
2017-08-07,0.9964236617088318,4,Very High,14day
2017-08-08,0.9969578981399536,4,Very High,14day
2017-08-09,0.9963281750679016,4,Very High,14day
2017-08-10,0.2529897689819336,2,Moderate,14day
2017-08-11,0.11568757891654968,1,Low,14day
2017-08-12,0.009896189905703068,1,Low,14day
2017-08-13,0.012817026115953922,1,Low,14day
2017-08-14,0.00689666299149394,1,Low,14day
2017-08-15,0.001974921440705657,1,Low,14day
2017-08-16,0.0036403946578502655,1,Low,14day
2017-08-17,0.006078233942389488,1,Low,14day
2017-08-18,0.00513554597273469,1,Low,14day
2017-08-19,0.0016664831200614572,1,Low,14day
2017-08-20,0.006087427027523518,1,Low,14day
2017-08-21,0.0048829419538378716,1,Low,14day
2017-08-22,0.0062013654969632626,1,Low,14day
2017-08-23,0.008617429994046688,1,Low,14day
2017-08-24,0.007979648187756538,1,Low,14day
2017-08-25,0.006605532020330429,1,Low,14day
2017-08-26,0.00596284307539463,1,Low,14day
2017-08-27,0.0050884117372334,1,Low,14day
2017-08-28,0.0010758655844256282,1,Low,14day
2017-08-29,0.006751877721399069,1,Low,14day
2017-08-30,0.012113959528505802,1,Low,14day
2017-08-31,0.010100665502250195,1,Low,14day
2017-09-01,0.013680730015039444,1,Low,14day
2017-09-02,0.012759415432810783,1,Low,14day
2017-09-03,0.006095866207033396,1,Low,14day
2017-09-04,0.001831568544730544,1,Low,14day
2017-09-05,0.0018012465443462133,1,Low,14day
2017-09-06,0.0007369252271018922,1,Low,14day
2017-09-07,0.00018717620696406811,1,Low,14day
2017-09-08,8.05591480457224e-05,1,Low,14day
2017-09-09,0.0002479663526173681,1,Low,14day
2017-09-10,0.0009017761913128197,1,Low,14day
2017-09-11,0.0005337836337275803,1,Low,14day
2017-09-12,0.00158409820869565,1,Low,14day
2017-09-13,0.0017631935188546777,1,Low,14day
2017-09-14,0.0017143134027719498,1,Low,14day
2017-09-15,0.0007910719141364098,1,Low,14day
2017-09-16,0.0008705366053618491,1,Low,14day
2017-09-17,0.003177794860675931,1,Low,14day
2017-09-18,0.003911218140274286,1,Low,14day
2017-09-19,0.008664305321872234,1,Low,14day
2017-09-20,0.012576324865221977,1,Low,14day
2017-09-21,0.007846684195101261,1,Low,14day
2017-09-22,0.003275747876614332,1,Low,14day
2017-09-23,0.00016474640870001167,1,Low,14day
2017-09-24,0.0001244502782355994,1,Low,14day
2017-09-25,0.0001336842542514205,1,Low,14day
2017-09-26,0.00011737264139810577,1,Low,14day
2017-09-27,0.00013349635992199183,1,Low,14day
2017-09-28,0.00015396236267406493,1,Low,14day
2017-09-29,5.6731114455033094e-05,1,Low,14day
2017-09-30,5.304082515067421e-05,1,Low,14day
2017-10-01,4.626748705049977e-05,1,Low,14day
2017-10-02,5.558828343055211e-05,1,Low,14day
2017-10-03,6.458912685047835e-05,1,Low,14day
2017-10-04,3.7971651181578636e-05,1,Low,14day
2017-10-05,4.301736771594733e-05,1,Low,14day
2017-10-06,5.008097650716081e-05,1,Low,14day
2017-10-07,6.128910172265023e-05,1,Low,14day
2017-10-08,4.366535722510889e-05,1,Low,14day
2017-10-09,8.305245864903554e-05,1,Low,14day
2017-10-10,6.285706331254914e-05,1,Low,14day
2017-10-11,9.076188143808395e-05,1,Low,14day
2017-10-12,8.228966180467978e-05,1,Low,14day
2017-10-13,9.606018284102902e-05,1,Low,14day
2017-10-14,7.422154885716736e-05,1,Low,14day
2017-10-15,7.127858407329768e-05,1,Low,14day
2017-10-16,8.320101187564433e-05,1,Low,14day
2017-10-17,0.0001107767820940353,1,Low,14day
2017-10-18,8.946008165366948e-05,1,Low,14day
2017-10-19,8.247898949775845e-05,1,Low,14day
2017-10-20,9.708855941426009e-05,1,Low,14day
2017-10-21,7.980889495229349e-05,1,Low,14day
2017-10-22,0.00013531431613955647,1,Low,14day
2017-10-23,7.140634988900274e-05,1,Low,14day
2017-10-24,7.58157839300111e-05,1,Low,14day
2017-10-25,5.575780596700497e-05,1,Low,14day
2017-10-26,4.11525834351778e-05,1,Low,14day
2017-10-27,6.296391075011343e-05,1,Low,14day
2017-10-28,5.9633013734128326e-05,1,Low,14day
2017-10-29,6.996197771513835e-05,1,Low,14day
2017-10-30,5.0631580961635336e-05,1,Low,14day
2017-10-31,7.022821228019893e-05,1,Low,14day
2017-11-01,4.488444028538652e-05,1,Low,14day
2017-11-02,5.403890827437863e-05,1,Low,14day
2017-11-03,5.644731572829187e-05,1,Low,14day
2017-11-04,4.902280852547847e-05,1,Low,14day
2017-11-05,4.79221525893081e-05,1,Low,14day
2017-11-06,4.154433190706186e-05,1,Low,14day
2017-11-07,4.713448288384825e-05,1,Low,14day
2017-11-08,4.775586785399355e-05,1,Low,14day
2017-11-09,4.1886447434080765e-05,1,Low,14day
2017-11-10,3.8549333112314343e-05,1,Low,14day
2017-11-11,3.123471833532676e-05,1,Low,14day
2017-11-12,4.622845881385729e-05,1,Low,14day
2017-11-13,9.524883353151381e-05,1,Low,14day
2017-11-14,0.00012938174768351018,1,Low,14day
2017-11-15,0.000208336889045313,1,Low,14day
2017-11-16,0.00010345607006456703,1,Low,14day
2017-11-17,9.155832231044769e-05,1,Low,14day
2017-11-18,9.241874795407057e-05,1,Low,14day
2017-11-19,7.079551869537681e-05,1,Low,14day
2017-11-20,7.124697731342167e-05,1,Low,14day
2017-11-21,0.00013674826186615974,1,Low,14day
2017-11-22,0.0002476691151969135,1,Low,14day
2017-11-23,9.078862785827368e-05,1,Low,14day
2017-11-24,9.051460074260831e-05,1,Low,14day
2017-11-25,9.305457206210122e-05,1,Low,14day
2017-11-26,0.00013608213339466602,1,Low,14day
2017-11-27,5.3320920414989814e-05,1,Low,14day
2017-11-28,8.756350871408358e-05,1,Low,14day
2017-11-29,0.0001384513161610812,1,Low,14day
2017-11-30,8.654659177409485e-05,1,Low,14day
2017-12-01,9.104334458243102e-05,1,Low,14day
2017-12-02,9.373400826007128e-05,1,Low,14day
2017-12-03,0.0001033993685268797,1,Low,14day
2017-12-04,0.0002167398779420182,1,Low,14day
2017-12-05,0.00023845437681302428,1,Low,14day
2017-12-06,0.00034403931931592524,1,Low,14day
2017-12-07,0.0003004848549608141,1,Low,14day
2017-12-08,9.839573613135144e-05,1,Low,14day
2017-12-09,8.760276978136972e-05,1,Low,14day
2017-12-10,0.0001399036991642788,1,Low,14day
2017-12-11,9.720972593640909e-05,1,Low,14day
2017-12-12,0.0001048100893967785,1,Low,14day
2017-12-13,0.0001103831673390232,1,Low,14day
2017-12-14,9.065185440704226e-05,1,Low,14day
2017-12-15,0.00010953104356303811,1,Low,14day
2017-12-16,0.00013250650954432786,1,Low,14day
2017-12-17,0.0001602181000635028,1,Low,14day
2017-12-18,0.0001690475328359753,1,Low,14day
2017-12-19,0.0001704466121736914,1,Low,14day
2017-12-20,0.00011610209185164422,1,Low,14day
2017-12-21,0.00011693070700857788,1,Low,14day
2017-12-22,0.00011338370677549392,1,Low,14day
2017-12-23,7.612461195094511e-05,1,Low,14day
2017-12-24,8.338416228070855e-05,1,Low,14day
2017-12-25,7.915494643384591e-05,1,Low,14day
2017-12-26,4.936767436447553e-05,1,Low,14day
2017-12-27,5.789814895251766e-05,1,Low,14day
2017-12-28,4.3151645513717085e-05,1,Low,14day
2017-12-29,4.237681787344627e-05,1,Low,14day
2017-12-30,4.0064420318230987e-05,1,Low,14day
2017-12-31,3.3408865419914946e-05,1,Low,14day
2018-01-01,5.146488547325134e-05,1,Low,14day
2018-01-02,6.948187365196645e-05,1,Low,14day
2018-01-03,5.130396311869845e-05,1,Low,14day
2018-01-04,5.3546806157100946e-05,1,Low,14day
2018-01-05,3.4614673495525494e-05,1,Low,14day
2018-01-06,2.7326832423568703e-05,1,Low,14day
2018-01-07,2.865372516680509e-05,1,Low,14day
2018-01-08,1.6620848327875137e-05,1,Low,14day
2018-01-09,1.7415812180843204e-05,1,Low,14day
2018-01-10,0.0001156820435426198,1,Low,14day
2018-01-11,0.00010024986113421619,1,Low,14day
2018-01-12,9.507550566922873e-05,1,Low,14day
2018-01-13,4.236457607476041e-05,1,Low,14day
2018-01-14,3.760559411603026e-05,1,Low,14day
2018-01-15,2.66710248979507e-05,1,Low,14day
2018-01-16,3.606876271078363e-05,1,Low,14day
2018-01-17,3.6908626498188823e-05,1,Low,14day
2018-01-18,2.7958103601122275e-05,1,Low,14day
2018-01-19,2.5685920263640583e-05,1,Low,14day
2018-01-20,2.6572646675049327e-05,1,Low,14day
2018-01-21,3.640850991359912e-05,1,Low,14day
2018-01-22,5.372521263780072e-05,1,Low,14day
2018-01-23,4.615317811840214e-05,1,Low,14day
2018-01-24,2.794147076201625e-05,1,Low,14day
2018-01-25,2.499541369616054e-05,1,Low,14day
2018-01-26,4.980341327609494e-05,1,Low,14day
2018-01-27,6.24572130618617e-05,1,Low,14day
2018-01-28,3.69268273061607e-05,1,Low,14day
2018-01-29,8.964291919255629e-05,1,Low,14day
2018-01-30,2.5784285753616132e-05,1,Low,14day
2018-01-31,3.899070725310594e-05,1,Low,14day
2018-02-01,3.965473297284916e-05,1,Low,14day
2018-02-02,4.609872485161759e-05,1,Low,14day
2018-02-03,2.143766869266983e-05,1,Low,14day
2018-02-04,2.800253059831448e-05,1,Low,14day
2018-02-05,3.9795166230760515e-05,1,Low,14day
2018-02-06,3.543219645507634e-05,1,Low,14day
2018-02-07,8.521191193722188e-05,1,Low,14day
2018-02-08,8.45315953483805e-05,1,Low,14day
2018-02-09,8.646088099339977e-05,1,Low,14day
2018-02-10,9.615365706849843e-05,1,Low,14day
2018-02-11,0.0002018503873841837,1,Low,14day
2018-02-12,7.631548214703798e-05,1,Low,14day
2018-02-13,5.188102295505814e-05,1,Low,14day
2018-02-14,0.00011278103193035349,1,Low,14day
2018-02-15,5.4189695219974965e-05,1,Low,14day
2018-02-16,9.711077291285619e-05,1,Low,14day
2018-02-17,7.975677726790309e-05,1,Low,14day
2018-02-18,5.4499079851666465e-05,1,Low,14day
2018-02-19,4.506569530349225e-05,1,Low,14day
2018-02-20,5.623401375487447e-05,1,Low,14day
2018-02-21,3.669426223495975e-05,1,Low,14day
2018-02-22,8.429549779975787e-05,1,Low,14day
2018-02-23,0.00017944752471521497,1,Low,14day
2018-02-24,0.00010600862879073247,1,Low,14day
2018-02-25,8.621668530395254e-05,1,Low,14day
2018-02-26,0.00015310141316149384,1,Low,14day
2018-02-27,7.116115739336237e-05,1,Low,14day
2018-02-28,0.0001475017925258726,1,Low,14day
2018-03-01,0.00030625390354543924,1,Low,14day
2018-03-02,0.00011967968748649582,1,Low,14day
2018-03-03,0.0001550984161440283,1,Low,14day
2018-03-04,0.0001126216520788148,1,Low,14day
2018-03-05,5.1466256991261616e-05,1,Low,14day
2018-03-06,4.336516576586291e-05,1,Low,14day
2018-03-07,3.0869010515743867e-05,1,Low,14day
2018-03-08,5.510672053787857e-05,1,Low,14day
2018-03-09,7.170549361035228e-05,1,Low,14day
2018-03-10,9.923796460498124e-05,1,Low,14day
2018-03-11,6.15980607108213e-05,1,Low,14day
2018-03-12,3.585678496165201e-05,1,Low,14day
2018-03-13,6.65984844090417e-05,1,Low,14day
2018-03-14,6.83768157614395e-05,1,Low,14day
2018-03-15,0.00011605670442804694,1,Low,14day
2018-03-16,6.006763578625396e-05,1,Low,14day
2018-03-17,5.655291533912532e-05,1,Low,14day
2018-03-18,2.910960938606877e-05,1,Low,14day
2018-03-19,5.393346509663388e-05,1,Low,14day
2018-03-20,0.00010660905536497012,1,Low,14day
2018-03-21,8.873273327481002e-05,1,Low,14day
2018-03-22,0.0001356273132842034,1,Low,14day
2018-03-23,8.285232615889981e-05,1,Low,14day
2018-03-24,2.598787068563979e-05,1,Low,14day
2018-03-25,3.884100078721531e-05,1,Low,14day
2018-03-26,6.456264964072034e-05,1,Low,14day
2018-03-27,9.825509914662689e-05,1,Low,14day
2018-03-28,8.094061922747642e-05,1,Low,14day
2018-03-29,8.132552466122434e-05,1,Low,14day
2018-03-30,0.00015224672097247094,1,Low,14day
2018-03-31,7.189666212070733e-05,1,Low,14day
2018-04-01,5.0640177505556494e-05,1,Low,14day
2018-04-02,8.804605022305623e-05,1,Low,14day
2018-04-03,7.246272434713319e-05,1,Low,14day
2018-04-04,0.00018803536659106612,1,Low,14day
2018-04-05,0.0005623062024824321,1,Low,14day
2018-04-06,0.00018061429727822542,1,Low,14day
2018-04-07,0.00011999015987385064,1,Low,14day
2018-04-08,0.00010099357314174995,1,Low,14day
2018-04-09,0.00012461794540286064,1,Low,14day
2018-04-10,0.0001272515655728057,1,Low,14day
2018-04-11,0.00010228718019789085,1,Low,14day
2018-04-12,8.985285239759833e-05,1,Low,14day
2018-04-13,0.00021197021123953164,1,Low,14day
2018-04-14,0.00018175954755861312,1,Low,14day
2018-04-15,0.00030028008040972054,1,Low,14day
2018-04-16,0.0004294835089240223,1,Low,14day
2018-04-17,0.000787253666203469,1,Low,14day
2018-04-18,0.00046776238013990223,1,Low,14day
2018-04-19,0.0008689797832630575,1,Low,14day
2018-04-20,0.0007030150736682117,1,Low,14day
2018-04-21,0.0001389056706102565,1,Low,14day
2018-04-22,0.00010633857891662046,1,Low,14day
2018-04-23,0.0002072956267511472,1,Low,14day
2018-04-24,0.00019772366795223206,1,Low,14day
2018-04-25,0.0003070525999646634,1,Low,14day
2018-04-26,0.0002737621252890676,1,Low,14day
2018-04-27,0.0003164990630466491,1,Low,14day
2018-04-28,0.0002642446488607675,1,Low,14day
2018-04-29,0.00017352808208670467,1,Low,14day
2018-04-30,0.00023531234182883054,1,Low,14day
2018-05-01,0.0001606982114026323,1,Low,14day
2018-05-02,0.0002060571132460609,1,Low,14day
2018-05-03,0.000171149818925187,1,Low,14day
2018-05-04,0.00014563770673703402,1,Low,14day
2018-05-05,0.00032727589132264256,1,Low,14day
2018-05-06,0.0003255342016927898,1,Low,14day
2018-05-07,0.0012575483415275812,1,Low,14day
2018-05-08,0.0006136707379482687,1,Low,14day
2018-05-09,0.0002249864919576794,1,Low,14day
2018-05-10,0.00023787056852597743,1,Low,14day
2018-05-11,0.0001298438583035022,1,Low,14day
2018-05-12,0.00013288205082062632,1,Low,14day
2018-05-13,0.0007532997406087816,1,Low,14day
2018-05-14,0.0003484349581412971,1,Low,14day
2018-05-15,0.0004143403784837574,1,Low,14day
2018-05-16,0.00032920512603595853,1,Low,14day
2018-05-17,0.0002871244214475155,1,Low,14day
2018-05-18,0.0002207506913691759,1,Low,14day
2018-05-19,0.0002842338290065527,1,Low,14day
2018-05-20,0.00015490761143155396,1,Low,14day
2018-05-21,0.00014141242718324065,1,Low,14day
2018-05-22,0.0002230694080935791,1,Low,14day
2018-05-23,0.00022184112458489835,1,Low,14day
2018-05-24,0.0005007070722058415,1,Low,14day
2018-05-25,0.0002404337137704715,1,Low,14day
2018-05-26,0.0005251094116829336,1,Low,14day
2018-05-27,0.00016018295718822628,1,Low,14day
2018-05-28,0.0003097003500442952,1,Low,14day
2018-05-29,0.0004666347522288561,1,Low,14day
2018-05-30,0.00046185674727894366,1,Low,14day
2018-05-31,0.00030365324346348643,1,Low,14day
2018-06-01,0.00028351659420877695,1,Low,14day
2018-06-02,0.0003140149638056755,1,Low,14day
2018-06-03,0.0004227334866300225,1,Low,14day
2018-06-04,0.0010090383002534509,1,Low,14day
2018-06-05,0.0006798947579227388,1,Low,14day
2018-06-06,0.0008050623000599444,1,Low,14day
2018-06-07,0.0012876936234533787,1,Low,14day
2018-06-08,0.0021270783618092537,1,Low,14day
2018-06-09,0.002049919217824936,1,Low,14day
2018-06-10,0.001592320972122252,1,Low,14day
2018-06-11,0.004325080197304487,1,Low,14day
2018-06-12,0.007104462943971157,1,Low,14day
2018-06-13,0.0033011543564498425,1,Low,14day
2018-06-14,0.005928353872150183,1,Low,14day
2018-06-15,0.002914871321991086,1,Low,14day
2018-06-16,0.004133973736315966,1,Low,14day
2018-06-17,0.0021640213672071695,1,Low,14day
2018-06-18,0.0020462467800825834,1,Low,14day
2018-06-19,0.002373249502852559,1,Low,14day
2018-06-20,0.005707985255867243,1,Low,14day
2018-06-21,0.004476281814277172,1,Low,14day
2018-06-22,0.0020819748751819134,1,Low,14day
2018-06-23,0.0025411329697817564,1,Low,14day
2018-06-24,0.0036510431673377752,1,Low,14day
2018-06-25,0.0038672026712447405,1,Low,14day
2018-06-26,0.003152637742459774,1,Low,14day
2018-06-27,0.0067309061996638775,1,Low,14day
2018-06-28,0.02269631251692772,1,Low,14day
2018-06-29,0.035462405532598495,1,Low,14day
2018-06-30,0.022998858243227005,1,Low,14day
2018-07-01,0.00808524340391159,1,Low,14day
2018-07-02,0.026556065306067467,1,Low,14day
2018-07-03,0.026094049215316772,1,Low,14day
2018-07-04,0.13522642850875854,1,Low,14day
2018-07-05,0.19918504357337952,1,Low,14day
2018-07-06,0.15198791027069092,1,Low,14day
2018-07-07,0.05966656282544136,1,Low,14day
2018-07-08,0.04617927968502045,1,Low,14day
2018-07-09,0.044453881680965424,1,Low,14day
2018-07-10,0.09382942318916321,1,Low,14day
2018-07-11,0.06801647692918777,1,Low,14day
2018-07-12,0.028041373938322067,1,Low,14day
2018-07-13,0.043958671391010284,1,Low,14day
2018-07-14,0.08568521589040756,1,Low,14day
2018-07-15,0.1950080692768097,1,Low,14day
2018-07-16,0.973719596862793,4,Very High,14day
2018-07-17,0.9900386333465576,4,Very High,14day
2018-07-18,0.9843889474868774,4,Very High,14day
2018-07-19,0.9804663062095642,4,Very High,14day
2018-07-20,0.9934171438217163,4,Very High,14day
2018-07-21,0.993213415145874,4,Very High,14day
2018-07-22,0.9916808009147644,4,Very High,14day
2018-07-23,0.9884442687034607,4,Very High,14day
2018-07-24,0.9758222103118896,4,Very High,14day
2018-07-25,0.9723766446113586,4,Very High,14day
2018-07-26,0.9960224628448486,4,Very High,14day
2018-07-27,0.9973711967468262,4,Very High,14day
2018-07-28,0.9962265491485596,4,Very High,14day
2018-07-29,0.9932640790939331,4,Very High,14day
2018-07-30,0.9848836660385132,4,Very High,14day
2018-07-31,0.23909030854701996,1,Low,14day
2018-08-01,0.11729557812213898,1,Low,14day
2018-08-02,0.016221603378653526,1,Low,14day
2018-08-03,0.008903630077838898,1,Low,14day
2018-08-04,0.009526182897388935,1,Low,14day
2018-08-05,0.004256480373442173,1,Low,14day
2018-08-06,0.0015611849958077073,1,Low,14day
2018-08-07,0.003540989011526108,1,Low,14day
2018-08-08,0.001740280189551413,1,Low,14day
2018-08-09,0.001520078512839973,1,Low,14day
2018-08-10,0.009502300061285496,1,Low,14day
2018-08-11,0.006095412652939558,1,Low,14day
2018-08-12,0.004484014585614204,1,Low,14day
2018-08-13,0.004982581827789545,1,Low,14day
2018-08-14,0.0038828421384096146,1,Low,14day
2018-08-15,0.008754068985581398,1,Low,14day
2018-08-16,0.0024286890402436256,1,Low,14day
2018-08-17,0.016352057456970215,1,Low,14day
2018-08-18,0.01891937293112278,1,Low,14day
2018-08-19,0.019573919475078583,1,Low,14day
2018-08-20,0.01869450882077217,1,Low,14day
2018-08-21,0.037257853895425797,1,Low,14day
2018-08-22,0.05044351518154144,1,Low,14day
2018-08-23,0.020844675600528717,1,Low,14day
2018-08-24,0.01309154275804758,1,Low,14day
2018-08-25,0.015431375242769718,1,Low,14day
2018-08-26,0.01852238178253174,1,Low,14day
2018-08-27,0.01535540260374546,1,Low,14day
2018-08-28,0.009510583244264126,1,Low,14day
2018-08-29,0.024053871631622314,1,Low,14day
2018-08-30,0.009738614782691002,1,Low,14day
2018-08-31,0.003498378209769726,1,Low,14day
2018-09-01,0.006359269842505455,1,Low,14day
2018-09-02,0.011981548741459846,1,Low,14day
2018-09-03,0.03687266632914543,1,Low,14day
2018-09-04,0.045525215566158295,1,Low,14day
2018-09-05,0.045371051877737045,1,Low,14day
2018-09-06,0.008527873083949089,1,Low,14day
2018-09-07,0.004278372973203659,1,Low,14day
2018-09-08,0.0062088314443826675,1,Low,14day
2018-09-09,0.004986354149878025,1,Low,14day
2018-09-10,0.00408486183732748,1,Low,14day
2018-09-11,0.002061918145045638,1,Low,14day
2018-09-12,0.003246871056035161,1,Low,14day
2018-09-13,0.010113436728715897,1,Low,14day
2018-09-14,0.0035116500221192837,1,Low,14day
2018-09-15,0.0026241650339215994,1,Low,14day
2018-09-16,0.0011875203344970942,1,Low,14day
2018-09-17,0.0009403228177689016,1,Low,14day
2018-09-18,0.001234809635207057,1,Low,14day
2018-09-19,0.001517180586233735,1,Low,14day
2018-09-20,0.0014112264616414905,1,Low,14day
2018-09-21,0.002580939792096615,1,Low,14day
2018-09-22,0.00778482249006629,1,Low,14day
2018-09-23,0.010534880682826042,1,Low,14day
2018-09-24,0.0036532001104205847,1,Low,14day
2018-09-25,0.0045736427418887615,1,Low,14day
2018-09-26,0.002969763008877635,1,Low,14day
2018-09-27,0.0030730548314750195,1,Low,14day
2018-09-28,0.0018086049240082502,1,Low,14day
2018-09-29,0.000693675538059324,1,Low,14day
2018-09-30,0.000937212782446295,1,Low,14day
2018-10-01,0.0008020129171200097,1,Low,14day
2018-10-02,0.00036170054227113724,1,Low,14day
2018-10-03,0.0002896788064390421,1,Low,14day
2018-10-04,0.00042191240936517715,1,Low,14day
2018-10-05,0.0007098141359165311,1,Low,14day
2018-10-06,0.0002847839205060154,1,Low,14day
2018-10-07,0.0003092825354542583,1,Low,14day
2018-10-08,0.0002848623844329268,1,Low,14day
2018-10-09,0.00034731003688648343,1,Low,14day
2018-10-10,0.00041094041080214083,1,Low,14day
2018-10-11,0.000394491566112265,1,Low,14day
2018-10-12,0.000488150428282097,1,Low,14day
2018-10-13,0.000551205244846642,1,Low,14day
2018-10-14,0.0012855753302574158,1,Low,14day
2018-10-15,0.0012518675066530704,1,Low,14day
2018-10-16,0.0014022712130099535,1,Low,14day
2018-10-17,0.001569752232171595,1,Low,14day
2018-10-18,0.0007760752341710031,1,Low,14day
2018-10-19,0.00130948715377599,1,Low,14day
2018-10-20,0.002345132874324918,1,Low,14day
2018-10-21,0.0031144237145781517,1,Low,14day
2018-10-22,0.002830806188285351,1,Low,14day
2018-10-23,0.0024896422401070595,1,Low,14day
2018-10-24,0.002774065127596259,1,Low,14day
2018-10-25,0.003309685969725251,1,Low,14day
2018-10-26,0.003362202551215887,1,Low,14day
2018-10-27,0.0027742828242480755,1,Low,14day
2018-10-28,0.004228082951158285,1,Low,14day
2018-10-29,0.0033006053417921066,1,Low,14day
2018-10-30,0.0030490653589367867,1,Low,14day
2018-10-31,0.002571251941844821,1,Low,14day
2018-11-01,0.0012452643131837249,1,Low,14day
2018-11-02,0.0013010355178266764,1,Low,14day
2018-11-03,0.0011169661302119493,1,Low,14day
2018-11-04,0.001676900777965784,1,Low,14day
2018-11-05,0.001950962352566421,1,Low,14day
2018-11-06,0.0015765468124300241,1,Low,14day
2018-11-07,0.001385873882099986,1,Low,14day
2018-11-08,0.0034974722657352686,1,Low,14day
2018-11-09,0.0013272706419229507,1,Low,14day
2018-11-10,0.0013603630941361189,1,Low,14day
2018-11-11,0.0009915073169395328,1,Low,14day
2018-11-12,0.0012217788025736809,1,Low,14day
2018-11-13,0.004195839632302523,1,Low,14day
2018-11-14,0.0024798798840492964,1,Low,14day
2018-11-15,0.001926301745697856,1,Low,14day
2018-11-16,0.0020489399321377277,1,Low,14day
2018-11-17,0.0012676843907684088,1,Low,14day
2018-11-18,0.0012358915992081165,1,Low,14day
2018-11-19,0.0013579113874584436,1,Low,14day
2018-11-20,0.0015636561438441277,1,Low,14day
2018-11-21,0.0009304415434598923,1,Low,14day
2018-11-22,0.0008642412140034139,1,Low,14day
2018-11-23,0.0006064836634323001,1,Low,14day
2018-11-24,0.001097175758332014,1,Low,14day
2018-11-25,0.0009609624394215643,1,Low,14day
2018-11-26,0.0004040885833092034,1,Low,14day
2018-11-27,0.000698594085406512,1,Low,14day
2018-11-28,0.0006840188289061189,1,Low,14day
2018-11-29,0.0007884770166128874,1,Low,14day
2018-11-30,0.0010105280671268702,1,Low,14day
2018-12-01,0.0008900485699996352,1,Low,14day
2018-12-02,0.0004983451217412949,1,Low,14day
2018-12-03,0.0006029264768585563,1,Low,14day
2018-12-04,0.0006004184833727777,1,Low,14day
2018-12-05,0.0006844191811978817,1,Low,14day
2018-12-06,0.0013884895015507936,1,Low,14day
2018-12-07,0.0006922193570062518,1,Low,14day
2018-12-08,0.00036858805106021464,1,Low,14day
2018-12-09,0.0012525664642453194,1,Low,14day
2018-12-10,0.0009622300276532769,1,Low,14day
2018-12-11,0.0002773003070615232,1,Low,14day
2018-12-12,0.0002613771357573569,1,Low,14day
2018-12-13,0.00035696313716471195,1,Low,14day
2018-12-14,0.000375699601136148,1,Low,14day
2018-12-15,0.0013550622388720512,1,Low,14day
2018-12-16,0.0013393053086474538,1,Low,14day
2018-12-17,0.0012464242754504085,1,Low,14day
2018-12-18,0.0012691149022430182,1,Low,14day
2018-12-19,0.0005466327420435846,1,Low,14day
2018-12-20,0.0005399269284680486,1,Low,14day
2018-12-21,0.0004210032057017088,1,Low,14day
2018-12-22,0.0007189369644038379,1,Low,14day
2018-12-23,0.00035493035102263093,1,Low,14day
2018-12-24,0.0003591215645428747,1,Low,14day
2018-12-25,0.0008767678518779576,1,Low,14day
2018-12-26,0.0009684902615845203,1,Low,14day
2018-12-27,0.0004571252502501011,1,Low,14day
2018-12-28,0.00033817795338109136,1,Low,14day
2018-12-29,0.000321637955494225,1,Low,14day
2018-12-30,0.00034542029607109725,1,Low,14day
2018-12-31,0.0003427984775044024,1,Low,14day
2019-01-01,8.086647721938789e-05,1,Low,14day
2019-01-02,5.8858833654085174e-05,1,Low,14day
2019-01-03,5.439498272608034e-05,1,Low,14day
2019-01-04,7.095374166965485e-05,1,Low,14day
2019-01-05,5.606133709079586e-05,1,Low,14day
2019-01-06,8.221090683946386e-05,1,Low,14day
2019-01-07,8.140420686686411e-05,1,Low,14day
2019-01-08,7.193280180217698e-05,1,Low,14day
2019-01-09,6.478268915088847e-05,1,Low,14day
2019-01-10,6.548155943164602e-05,1,Low,14day
2019-01-11,9.328104351880029e-05,1,Low,14day
2019-01-12,0.00010115762415807694,1,Low,14day
2019-01-13,6.438280979637057e-05,1,Low,14day
2019-01-14,9.9831166153308e-05,1,Low,14day
2019-01-15,8.442220132565126e-05,1,Low,14day
2019-01-16,7.358649600064382e-05,1,Low,14day
2019-01-17,4.769088263856247e-05,1,Low,14day
2019-01-18,6.730101449647918e-05,1,Low,14day
2019-01-19,0.00016865677025634795,1,Low,14day
2019-01-20,0.00023640479776076972,1,Low,14day
2019-01-21,0.00022070670092944056,1,Low,14day
2019-01-22,0.00019880688341800123,1,Low,14day
2019-01-23,0.00018891540821641684,1,Low,14day
2019-01-24,0.00013419269816949964,1,Low,14day
2019-01-25,0.0002465593861415982,1,Low,14day
2019-01-26,0.000571506330743432,1,Low,14day
2019-01-27,0.00022110986174084246,1,Low,14day
2019-01-28,0.00019341371080372483,1,Low,14day
2019-01-29,0.00016745830362197012,1,Low,14day
2019-01-30,0.00040743834688328207,1,Low,14day
2019-01-31,0.00014299496251624078,1,Low,14day
2019-02-01,0.00015720856026746333,1,Low,14day
2019-02-02,9.481384768150747e-05,1,Low,14day
2019-02-03,0.00016881719056982547,1,Low,14day
2019-02-04,0.00017357822798658162,1,Low,14day
2019-02-05,0.00034299641265533864,1,Low,14day
2019-02-06,0.00018300588999409229,1,Low,14day
2019-02-07,0.00027762807440012693,1,Low,14day
2019-02-08,0.00033967854687944055,1,Low,14day
2019-02-09,0.00015466776676476002,1,Low,14day
2019-02-10,0.0001584933343110606,1,Low,14day
2019-02-11,0.00036849232856184244,1,Low,14day
2019-02-12,0.0005094064981676638,1,Low,14day
2019-02-13,0.00012967509974259883,1,Low,14day
2019-02-14,0.0002927453024312854,1,Low,14day
2019-02-15,0.0001757356949383393,1,Low,14day
2019-02-16,0.00010291254875482991,1,Low,14day
2019-02-17,0.00022072502179071307,1,Low,14day
2019-02-18,0.0002703963837120682,1,Low,14day
2019-02-19,0.00029674568213522434,1,Low,14day
2019-02-20,0.0004634220676962286,1,Low,14day
2019-02-21,0.0002526803582441062,1,Low,14day
2019-02-22,0.0001504917599959299,1,Low,14day
2019-02-23,0.00047458705375902355,1,Low,14day
2019-02-24,0.0002981298021040857,1,Low,14day
2019-02-25,0.0004601383407134563,1,Low,14day
2019-02-26,0.0002777893387246877,1,Low,14day
2019-02-27,0.0003516066644806415,1,Low,14day
2019-02-28,0.0001237100805155933,1,Low,14day
2019-03-01,0.0003063753538299352,1,Low,14day
2019-03-02,0.00042702630162239075,1,Low,14day
2019-03-03,0.0005611486849375069,1,Low,14day
2019-03-04,0.0005930156330578029,1,Low,14day
2019-03-05,0.0005656462162733078,1,Low,14day
2019-03-06,0.00046125840162858367,1,Low,14day
2019-03-07,0.00040668281144462526,1,Low,14day
2019-03-08,0.0003369857440702617,1,Low,14day
2019-03-09,0.0007245512097142637,1,Low,14day
2019-03-10,0.001052717911079526,1,Low,14day
2019-03-11,0.001896345871500671,1,Low,14day
2019-03-12,0.000873309385497123,1,Low,14day
2019-03-13,0.003844565013423562,1,Low,14day
2019-03-14,0.0020009998697787523,1,Low,14day
2019-03-15,0.0005580486613325775,1,Low,14day
2019-03-16,0.0003561894700396806,1,Low,14day
2019-03-17,0.00019677427189890295,1,Low,14day
2019-03-18,0.0016492105787619948,1,Low,14day
2019-03-19,0.0012206347892060876,1,Low,14day
2019-03-20,0.00016984065587166697,1,Low,14day
2019-03-21,0.00019032256386708468,1,Low,14day
2019-03-22,0.00023351360869128257,1,Low,14day
2019-03-23,0.0002605463960207999,1,Low,14day
2019-03-24,0.0002317566832061857,1,Low,14day
2019-03-25,9.369120380142704e-05,1,Low,14day
2019-03-26,7.45897923479788e-05,1,Low,14day
2019-03-27,0.00010671198833733797,1,Low,14day
2019-03-28,0.00011668834486044943,1,Low,14day
2019-03-29,6.36606928310357e-05,1,Low,14day
2019-03-30,7.208737952169031e-05,1,Low,14day
2019-03-31,0.00011105368321295828,1,Low,14day
2019-04-01,6.362610292853788e-05,1,Low,14day
2019-04-02,6.958976155146956e-05,1,Low,14day
2019-04-03,8.551195060135797e-05,1,Low,14day
2019-04-04,8.599252760177478e-05,1,Low,14day
2019-04-05,7.143386028474197e-05,1,Low,14day
2019-04-06,9.922243771143258e-05,1,Low,14day
2019-04-07,0.00011479372915346175,1,Low,14day
2019-04-08,7.558499783044681e-05,1,Low,14day
2019-04-09,8.053686906350777e-05,1,Low,14day
2019-04-10,7.385969365714118e-05,1,Low,14day
2019-04-11,0.00013905052037443966,1,Low,14day
2019-04-12,0.00012395309749990702,1,Low,14day
2019-04-13,0.00010882310016313568,1,Low,14day
2019-04-14,0.00013768351345788687,1,Low,14day
2019-04-15,0.00025706354063004255,1,Low,14day
2019-04-16,0.0004476938338484615,1,Low,14day
2019-04-17,0.00038032789598219097,1,Low,14day
2019-04-18,9.224512177752331e-05,1,Low,14day
2019-04-19,0.0001173127893707715,1,Low,14day
2019-04-20,0.00026147859171032906,1,Low,14day
2019-04-21,0.00016347295604646206,1,Low,14day
2019-04-22,0.0003640593495219946,1,Low,14day
2019-04-23,0.0011824240209534764,1,Low,14day
2019-04-24,0.0007487428956665099,1,Low,14day
2019-04-25,0.0006663046660833061,1,Low,14day
2019-04-26,0.00030259063350968063,1,Low,14day
2019-04-27,0.0002907714806497097,1,Low,14day
2019-04-28,0.00020036679052282125,1,Low,14day
2019-04-29,0.00024155201390385628,1,Low,14day
2019-04-30,0.0004136257048230618,1,Low,14day
2019-05-01,0.00047187553718686104,1,Low,14day
2019-05-02,0.0001569690357428044,1,Low,14day
2019-05-03,7.32951593818143e-05,1,Low,14day
2019-05-04,6.607828981941566e-05,1,Low,14day
2019-05-05,7.827335502952337e-05,1,Low,14day
2019-05-06,7.617348455823958e-05,1,Low,14day
2019-05-07,0.00011591425572987646,1,Low,14day
2019-05-08,7.207809539977461e-05,1,Low,14day
2019-05-09,0.00010019710316555575,1,Low,14day
2019-05-10,0.00022493906726595014,1,Low,14day
2019-05-11,0.00020601859432645142,1,Low,14day
2019-05-12,0.0003458150022197515,1,Low,14day
2019-05-13,0.00029786559753119946,1,Low,14day
2019-05-14,0.0005532656796276569,1,Low,14day
2019-05-15,0.0006083596963435411,1,Low,14day
2019-05-16,0.0007590576424263418,1,Low,14day
2019-05-17,0.002370169386267662,1,Low,14day
2019-05-18,0.00023221407900564373,1,Low,14day
2019-05-19,0.00012608335237018764,1,Low,14day
2019-05-20,0.00011894926865352318,1,Low,14day
2019-05-21,0.00022296755923889577,1,Low,14day
2019-05-22,0.00019055463781114668,1,Low,14day
2019-05-23,0.0001805373321985826,1,Low,14day
2019-05-24,7.722162263235077e-05,1,Low,14day
2019-05-25,4.224076837999746e-05,1,Low,14day
2019-05-26,5.8846435422310606e-05,1,Low,14day
2019-05-27,7.560200901934877e-05,1,Low,14day
2019-05-28,5.1651768444571644e-05,1,Low,14day
2019-05-29,5.2379986300366e-05,1,Low,14day
2019-05-30,3.7235498894006014e-05,1,Low,14day
2019-05-31,4.703740341938101e-05,1,Low,14day
2019-06-01,5.366238474380225e-05,1,Low,14day
2019-06-02,4.517101842793636e-05,1,Low,14day
2019-06-03,4.413902934174985e-05,1,Low,14day
2019-06-04,6.166559614939615e-05,1,Low,14day
2019-06-05,6.640632636845112e-05,1,Low,14day
2019-06-06,4.4683249143417925e-05,1,Low,14day
2019-06-07,5.35405233677011e-05,1,Low,14day
2019-06-08,4.701807120000012e-05,1,Low,14day
2019-06-09,8.698345482116565e-05,1,Low,14day
2019-06-10,0.00011391440057195723,1,Low,14day
2019-06-11,9.480815788265318e-05,1,Low,14day
2019-06-12,0.0005299639306031168,1,Low,14day
2019-06-13,0.0010461683850735426,1,Low,14day
2019-06-14,0.0077894749119877815,1,Low,14day
2019-06-15,0.021122829988598824,1,Low,14day
2019-06-16,0.01432413887232542,1,Low,14day
2019-06-17,0.013706846162676811,1,Low,14day
2019-06-18,0.0069341640919446945,1,Low,14day
2019-06-19,0.008105291984975338,1,Low,14day
2019-06-20,0.01060345396399498,1,Low,14day
2019-06-21,0.024340758100152016,1,Low,14day
2019-06-22,0.04139580577611923,1,Low,14day
2019-06-23,0.04176954925060272,1,Low,14day
2019-06-24,0.025436291471123695,1,Low,14day
2019-06-25,0.011782539077103138,1,Low,14day
2019-06-26,0.0430300273001194,1,Low,14day
2019-06-27,0.061851054430007935,1,Low,14day
2019-06-28,0.03392437845468521,1,Low,14day
2019-06-29,0.02035290189087391,1,Low,14day
2019-06-30,0.0027056874241679907,1,Low,14day
2019-07-01,0.0029279720038175583,1,Low,14day
2019-07-02,0.004004811868071556,1,Low,14day
2019-07-03,0.004300672095268965,1,Low,14day
2019-07-04,0.004931014962494373,1,Low,14day
2019-07-05,0.003861178644001484,1,Low,14day
2019-07-06,0.01869206689298153,1,Low,14day
2019-07-07,0.017203519120812416,1,Low,14day
2019-07-08,0.009120723232626915,1,Low,14day
2019-07-09,0.015793481841683388,1,Low,14day
2019-07-10,0.010713945142924786,1,Low,14day
2019-07-11,0.010878433473408222,1,Low,14day
2019-07-12,0.00724310427904129,1,Low,14day
2019-07-13,0.011645396240055561,1,Low,14day
2019-07-14,0.019240133464336395,1,Low,14day
2019-07-15,0.07955183833837509,1,Low,14day
2019-07-16,0.6011914014816284,3,High,14day
2019-07-17,0.9048542380332947,4,Very High,14day
2019-07-18,0.9168870449066162,4,Very High,14day
2019-07-19,0.9735317826271057,4,Very High,14day
2019-07-20,0.9778412580490112,4,Very High,14day
2019-07-21,0.9818172454833984,4,Very High,14day
2019-07-22,0.9776412844657898,4,Very High,14day
2019-07-23,0.9937949180603027,4,Very High,14day
2019-07-24,0.9004144072532654,4,Very High,14day
2019-07-25,0.8383103609085083,4,Very High,14day
2019-07-26,0.7633196115493774,4,Very High,14day
2019-07-27,0.8407948017120361,4,Very High,14day
2019-07-28,0.9557406306266785,4,Very High,14day
2019-07-29,0.9986879229545593,4,Very High,14day
2019-07-30,0.9993587136268616,4,Very High,14day
2019-07-31,0.9993910789489746,4,Very High,14day
2019-08-01,0.9991680383682251,4,Very High,14day
2019-08-02,0.9992563128471375,4,Very High,14day
2019-08-03,0.9990442395210266,4,Very High,14day
2019-08-04,0.9988069534301758,4,Very High,14day
2019-08-05,0.9990949630737305,4,Very High,14day
2019-08-06,0.999392032623291,4,Very High,14day
2019-08-07,0.999284565448761,4,Very High,14day
2019-08-08,0.9989921450614929,4,Very High,14day
2019-08-09,0.9975761771202087,4,Very High,14day
2019-08-10,0.9991573095321655,4,Very High,14day
2019-08-11,0.9993804693222046,4,Very High,14day
2019-08-12,0.9988687634468079,4,Very High,14day
2019-08-13,0.9986586570739746,4,Very High,14day
2019-08-14,0.9836993217468262,4,Very High,14day
2019-08-15,0.9504825472831726,4,Very High,14day
2019-08-16,0.9709151387214661,4,Very High,14day
2019-08-17,0.9731798768043518,4,Very High,14day
2019-08-18,0.9744682908058167,4,Very High,14day
2019-08-19,0.9221327900886536,4,Very High,14day
2019-08-20,0.9590957164764404,4,Very High,14day
2019-08-21,0.9956353306770325,4,Very High,14day
2019-08-22,0.9870311617851257,4,Very High,14day
2019-08-23,0.9911666512489319,4,Very High,14day
2019-08-24,0.9248548150062561,4,Very High,14day
2019-08-25,0.18410199880599976,1,Low,14day
2019-08-26,0.026994692161679268,1,Low,14day
2019-08-27,0.07950031757354736,1,Low,14day
2019-08-28,0.07843802869319916,1,Low,14day
2019-08-29,0.030883366242051125,1,Low,14day
2019-08-30,0.09597070515155792,1,Low,14day
2019-08-31,0.12005364149808884,1,Low,14day
2019-09-01,0.03101300075650215,1,Low,14day
2019-09-02,0.028716858476400375,1,Low,14day
2019-09-03,0.033701881766319275,1,Low,14day
2019-09-04,0.025105375796556473,1,Low,14day
2019-09-05,0.015524585731327534,1,Low,14day
2019-09-06,0.011759442277252674,1,Low,14day
2019-09-07,0.017278026789426804,1,Low,14day
2019-09-08,0.02953142300248146,1,Low,14day
2019-09-09,0.020917382091283798,1,Low,14day
2019-09-10,0.013070526532828808,1,Low,14day
2019-09-11,0.0033410582691431046,1,Low,14day
2019-09-12,0.001820735982619226,1,Low,14day
2019-09-13,0.002285788534209132,1,Low,14day
2019-09-14,0.0006079313461668789,1,Low,14day
2019-09-15,0.00019917839381378144,1,Low,14day
2019-09-16,0.00040762071148492396,1,Low,14day
2019-09-17,0.00037792118382640183,1,Low,14day
2019-09-18,0.00014464375271927565,1,Low,14day
2019-09-19,0.0002277176099596545,1,Low,14day
2019-09-20,0.00031415210105478764,1,Low,14day
2019-09-21,0.0010170848108828068,1,Low,14day
2019-09-22,0.0009841574355959892,1,Low,14day
2019-09-23,0.0023569974582642317,1,Low,14day
2019-09-24,0.0015505021438002586,1,Low,14day
2019-09-25,0.0015542235923931003,1,Low,14day
2019-09-26,0.002121110213920474,1,Low,14day
2019-09-27,0.002341203624382615,1,Low,14day
2019-09-28,0.0025308681651949883,1,Low,14day
2019-09-29,0.005958989262580872,1,Low,14day
2019-09-30,0.006413549650460482,1,Low,14day
2019-10-01,0.005725507624447346,1,Low,14day
2019-10-02,0.009064617566764355,1,Low,14day
2019-10-03,0.006303268019109964,1,Low,14day
2019-10-04,0.0011080960975959897,1,Low,14day
2019-10-05,0.0008026150171644986,1,Low,14day
2019-10-06,0.0010129859438166022,1,Low,14day
2019-10-07,0.0008181612356565893,1,Low,14day
2019-10-08,0.0007711477228440344,1,Low,14day
2019-10-09,0.0005392708699218929,1,Low,14day
2019-10-10,0.000557810184545815,1,Low,14day
2019-10-11,0.00044349441304802895,1,Low,14day
2019-10-12,0.0005202809115871787,1,Low,14day
2019-10-13,0.00020865953410975635,1,Low,14day
2019-10-14,0.00026463164249435067,1,Low,14day
2019-10-15,0.00015707683633081615,1,Low,14day
2019-10-16,8.132722723530605e-05,1,Low,14day
2019-10-17,8.010808960534632e-05,1,Low,14day
2019-10-18,8.729863475309685e-05,1,Low,14day
2019-10-19,0.0002932442002929747,1,Low,14day
2019-10-20,0.0004826521035283804,1,Low,14day
2019-10-21,0.00035777248558588326,1,Low,14day
2019-10-22,0.00034534174483269453,1,Low,14day
2019-10-23,0.0003746180736925453,1,Low,14day
2019-10-24,0.00033604781492613256,1,Low,14day
2019-10-25,0.0004407473898027092,1,Low,14day
2019-10-26,0.000642820552457124,1,Low,14day
2019-10-27,0.0008549229823984206,1,Low,14day
2019-10-28,0.0003008838975802064,1,Low,14day
2019-10-29,0.00015625909145455807,1,Low,14day
2019-10-30,0.0002433070621918887,1,Low,14day
2019-10-31,0.00016631290782243013,1,Low,14day
2019-11-01,0.00017927993030752987,1,Low,14day
2019-11-02,0.00021951067901682109,1,Low,14day
2019-11-03,0.00032852316508069634,1,Low,14day
2019-11-04,0.00012149866961408406,1,Low,14day
2019-11-05,0.00028603943064808846,1,Low,14day
2019-11-06,0.0006267957505770028,1,Low,14day
2019-11-07,0.0009093921398743987,1,Low,14day
2019-11-08,0.00033308184356428683,1,Low,14day
2019-11-09,0.00032827709219418466,1,Low,14day
2019-11-10,0.00035000703064724803,1,Low,14day
2019-11-11,0.00020786644017789513,1,Low,14day
2019-11-12,0.0002223116171080619,1,Low,14day
2019-11-13,0.00035460974322631955,1,Low,14day
2019-11-14,0.0004329786461312324,1,Low,14day
2019-11-15,0.0006021925364620984,1,Low,14day
2019-11-16,0.0004531423037406057,1,Low,14day
2019-11-17,0.00024055295216385275,1,Low,14day
2019-11-18,0.00016286912432406098,1,Low,14day
2019-11-19,0.00016002678603399545,1,Low,14day
2019-11-20,0.00010377530998084694,1,Low,14day
2019-11-21,8.67363705765456e-05,1,Low,14day
2019-11-22,7.161132816690952e-05,1,Low,14day
2019-11-23,8.030282333493233e-05,1,Low,14day
2019-11-24,4.5455355575541034e-05,1,Low,14day
2019-11-25,5.458313535200432e-05,1,Low,14day
2019-11-26,9.654201130615547e-05,1,Low,14day
2019-11-27,0.00010525769175728783,1,Low,14day
2019-11-28,0.00025344255845993757,1,Low,14day
2019-11-29,0.000293402757961303,1,Low,14day
2019-11-30,0.00023068768496159464,1,Low,14day
2019-12-01,0.0001964763505384326,1,Low,14day
2019-12-02,0.00023906379647087306,1,Low,14day
2019-12-03,0.0001671618956606835,1,Low,14day
2019-12-04,7.606307917740196e-05,1,Low,14day
2019-12-05,0.0002191758539993316,1,Low,14day
2019-12-06,0.00022324516612570733,1,Low,14day
2019-12-07,0.00029570271726697683,1,Low,14day
2019-12-08,0.00024720269721001387,1,Low,14day
2019-12-09,4.327234273659997e-05,1,Low,14day
2019-12-10,6.839384150225669e-05,1,Low,14day
2019-12-11,0.0004670577181968838,1,Low,14day
2019-12-12,0.0003040402662009001,1,Low,14day
2019-12-13,0.00021650771668646485,1,Low,14day
2019-12-14,0.00012448884081095457,1,Low,14day
2019-12-15,0.00031594044412486255,1,Low,14day
2019-12-16,0.000301482854411006,1,Low,14day
2019-12-17,0.00034884511842392385,1,Low,14day
2019-12-18,0.00023420191428158432,1,Low,14day
2019-12-19,0.0001783389743650332,1,Low,14day
2019-12-20,0.0002452134795021266,1,Low,14day
2019-12-21,0.00011412423191359267,1,Low,14day
2019-12-22,0.00011610253568505868,1,Low,14day
2019-12-23,0.00014811346773058176,1,Low,14day
2019-12-24,9.782766574062407e-05,1,Low,14day
2019-12-25,0.00017202053277287632,1,Low,14day
2019-12-26,9.562705963617191e-05,1,Low,14day
2019-12-27,9.234475146513432e-05,1,Low,14day
2019-12-28,0.00012257156777195632,1,Low,14day
2019-12-29,0.00012389046605676413,1,Low,14day
2019-12-30,0.00012877101835329086,1,Low,14day
2019-12-31,0.000175427136127837,1,Low,14day
2021-01-14,9.022779704537243e-05,1,Low,14day
2021-01-15,0.00010943822417175397,1,Low,14day
2021-01-16,0.00015738012734800577,1,Low,14day
2021-01-17,0.00015738012734800577,1,Low,14day
2021-01-18,0.00016595616762060672,1,Low,14day
2021-01-19,7.127640856197104e-05,1,Low,14day
2021-01-20,9.813393262447789e-05,1,Low,14day
2021-01-21,7.07092258380726e-05,1,Low,14day
2021-01-22,0.00010956687037833035,1,Low,14day
2021-01-23,4.828063538298011e-05,1,Low,14day
2021-01-24,2.6647583581507206e-05,1,Low,14day
2021-01-25,2.7310601581120864e-05,1,Low,14day
2021-01-26,2.77276303677354e-05,1,Low,14day
2021-01-27,2.45653027377557e-05,1,Low,14day
2021-01-28,2.9437258490361273e-05,1,Low,14day
2021-01-29,4.203418211545795e-05,1,Low,14day
2021-01-30,3.0145729397190735e-05,1,Low,14day
2021-01-31,2.0299432435422204e-05,1,Low,14day
2021-02-01,1.7113661670009606e-05,1,Low,14day
2021-02-02,2.374628274992574e-05,1,Low,14day
2021-02-03,3.9336810004897416e-05,1,Low,14day
2021-02-04,2.218379086116329e-05,1,Low,14day
2021-02-05,2.1787345758639276e-05,1,Low,14day
2021-02-06,2.12858594750287e-05,1,Low,14day
2021-02-07,2.970318018924445e-05,1,Low,14day
2021-02-08,3.427244519116357e-05,1,Low,14day
2021-02-09,3.068281876039691e-05,1,Low,14day
2021-02-10,4.5302982471184805e-05,1,Low,14day
2021-02-11,5.065485675004311e-05,1,Low,14day
2021-02-12,4.3973122956231236e-05,1,Low,14day
2021-02-13,5.70676893403288e-05,1,Low,14day
2021-02-14,9.408190817339346e-05,1,Low,14day
2021-02-15,0.00010358735744375736,1,Low,14day
2021-02-16,6.641544314334169e-05,1,Low,14day
2021-02-17,6.662445957772434e-05,1,Low,14day
2021-02-18,5.426720963441767e-05,1,Low,14day
2021-02-19,4.406219886732288e-05,1,Low,14day
2021-02-20,3.804232619586401e-05,1,Low,14day
2021-02-21,2.8847378416685387e-05,1,Low,14day
2021-02-22,3.0600618629250675e-05,1,Low,14day
2021-02-23,2.5518964321236126e-05,1,Low,14day
2021-02-24,3.84344020858407e-05,1,Low,14day
2021-02-25,3.7150410207686946e-05,1,Low,14day
2021-02-26,4.5364588004304096e-05,1,Low,14day
2021-02-27,6.776139343855903e-05,1,Low,14day
2021-02-28,7.216035010060295e-05,1,Low,14day
2021-03-01,2.1484251192305237e-05,1,Low,14day
2021-03-02,2.4244502128567547e-05,1,Low,14day
2021-03-03,2.750834210019093e-05,1,Low,14day
2021-03-04,4.499874194152653e-05,1,Low,14day
2021-03-05,5.812335803057067e-05,1,Low,14day
2021-03-06,7.225130684673786e-05,1,Low,14day
2021-03-07,3.6717679904541e-05,1,Low,14day
2021-03-08,2.2469459509011358e-05,1,Low,14day
2021-03-09,1.7323314750683494e-05,1,Low,14day
2021-03-10,2.358021811232902e-05,1,Low,14day
2021-03-11,4.884292502538301e-05,1,Low,14day
2021-03-12,5.198988219490275e-05,1,Low,14day
2021-03-13,4.161019023740664e-05,1,Low,14day
2021-03-14,4.188672755844891e-05,1,Low,14day
2021-03-15,5.370436338125728e-05,1,Low,14day
2021-03-16,6.319369276752695e-05,1,Low,14day
2021-03-17,6.127408414613456e-05,1,Low,14day
2021-03-18,0.00012909584620501846,1,Low,14day
2021-03-19,5.733617581427097e-05,1,Low,14day
2021-03-20,0.0002225828793598339,1,Low,14day
2021-03-21,0.0001133553814725019,1,Low,14day
2021-03-22,0.00013896144810132682,1,Low,14day
2021-03-23,6.99833981343545e-05,1,Low,14day
2021-03-24,5.9275884268572554e-05,1,Low,14day
2021-03-25,0.00012011470971629024,1,Low,14day
2021-03-26,8.2850267062895e-05,1,Low,14day
2021-03-27,3.896156340488233e-05,1,Low,14day
2021-03-28,0.00012037419219268486,1,Low,14day
2021-03-29,0.00015166206867434084,1,Low,14day
2021-03-30,0.00017772089631762356,1,Low,14day
2021-03-31,7.448402902809903e-05,1,Low,14day
2021-04-01,4.5762200898025185e-05,1,Low,14day
2021-04-02,3.502906474750489e-05,1,Low,14day
2021-04-03,3.316171932965517e-05,1,Low,14day
2021-04-04,8.576331310905516e-05,1,Low,14day
2021-04-05,0.00010546606790740043,1,Low,14day
2021-04-06,0.0001598274684511125,1,Low,14day
2021-04-07,3.1018058507470414e-05,1,Low,14day
2021-04-08,2.9405890018097125e-05,1,Low,14day
2021-04-09,3.0337976568262093e-05,1,Low,14day
2021-04-10,2.431421853543725e-05,1,Low,14day
2021-04-11,6.943014159332961e-05,1,Low,14day
2021-04-12,9.471129305893555e-05,1,Low,14day
2021-04-13,6.561644840985537e-05,1,Low,14day
2021-04-14,7.857219316065311e-05,1,Low,14day
2021-04-15,0.00011246958456467837,1,Low,14day
2021-04-16,0.0001949272264027968,1,Low,14day
2021-04-17,6.845856842119247e-05,1,Low,14day
2021-04-18,5.565883475355804e-05,1,Low,14day
2021-04-19,8.199067815439776e-05,1,Low,14day
2021-04-20,0.00016541806689929217,1,Low,14day
2021-04-21,4.70872619189322e-05,1,Low,14day
2021-04-22,9.261787636205554e-05,1,Low,14day
2021-04-23,7.998595538083464e-05,1,Low,14day
2021-04-24,9.05306515051052e-05,1,Low,14day
2021-04-25,0.00022501908824779093,1,Low,14day
2021-04-26,0.00011448938312241808,1,Low,14day
2021-04-27,0.00010037871106760576,1,Low,14day
2021-04-28,8.144053572323173e-05,1,Low,14day
2021-04-29,0.00014740308688487858,1,Low,14day
2021-04-30,0.00033107277704402804,1,Low,14day
2021-05-01,0.00019759702263399959,1,Low,14day
2021-05-02,0.0003986804513260722,1,Low,14day
2021-05-03,0.0005184260080568492,1,Low,14day
2021-05-04,0.00045295379823073745,1,Low,14day
2021-05-05,0.0003686804848257452,1,Low,14day
2021-05-06,0.00039346792618744075,1,Low,14day
2021-05-07,0.0001598035596543923,1,Low,14day
2021-05-08,0.0001150142852566205,1,Low,14day
2021-05-09,0.00010353878315072507,1,Low,14day
2021-05-10,0.00019429298117756844,1,Low,14day
2021-05-11,0.00026368768885731697,1,Low,14day
2021-05-12,0.0002479682443663478,1,Low,14day
2021-05-13,0.00024584532366134226,1,Low,14day
2021-05-14,0.0007945929537527263,1,Low,14day
2021-05-15,0.0005844566039741039,1,Low,14day
2021-05-16,0.0003458269056864083,1,Low,14day
2021-05-17,0.0013290902134031057,1,Low,14day
2021-05-18,0.015004250220954418,1,Low,14day
2021-05-19,0.006272651255130768,1,Low,14day
2021-05-20,0.009640142321586609,1,Low,14day
2021-05-21,0.03896993771195412,1,Low,14day
2021-05-22,0.01660202629864216,1,Low,14day
2021-05-23,0.003178994171321392,1,Low,14day
2021-05-24,0.001215094467625022,1,Low,14day
2021-05-25,0.005662914831191301,1,Low,14day
2021-05-26,0.0033780070953071117,1,Low,14day
2021-05-27,0.006343602668493986,1,Low,14day
2021-05-28,0.00342351570725441,1,Low,14day
2021-05-29,0.0016573051689192653,1,Low,14day
2021-05-30,0.001987392082810402,1,Low,14day
2021-05-31,0.0006154619040898979,1,Low,14day
2021-06-01,0.0006481217569671571,1,Low,14day
2021-06-02,0.002770516322925687,1,Low,14day
2021-06-03,0.0013449557591229677,1,Low,14day
2021-06-04,0.00029114820063114166,1,Low,14day
2021-06-05,0.0010082772932946682,1,Low,14day
2021-06-06,0.0005617442657239735,1,Low,14day
2021-06-07,0.0007102126837708056,1,Low,14day
2021-06-08,0.001077963039278984,1,Low,14day
2021-06-09,0.0006074506090953946,1,Low,14day
2021-06-10,0.00031387159833684564,1,Low,14day
2021-06-11,0.0004956155316904187,1,Low,14day
2021-06-12,0.0006036526756361127,1,Low,14day
2021-06-13,0.003236990887671709,1,Low,14day
2021-06-14,0.0007542773964814842,1,Low,14day
2021-06-15,0.002155412919819355,1,Low,14day
2021-06-16,0.001407804200425744,1,Low,14day
2021-06-17,0.003195492085069418,1,Low,14day
2021-06-18,0.006672273855656385,1,Low,14day
2021-06-19,0.00802423246204853,1,Low,14day
2021-06-20,0.0879710242152214,1,Low,14day
2021-06-21,0.130529522895813,1,Low,14day
2021-06-22,0.05149098485708237,1,Low,14day
2021-06-23,0.07255923748016357,1,Low,14day
2021-06-24,0.023866362869739532,1,Low,14day
2021-06-25,0.01359205599874258,1,Low,14day
2021-06-26,0.02648194693028927,1,Low,14day
2021-06-27,0.0020990786142647266,1,Low,14day
2021-06-28,0.004361005034297705,1,Low,14day
2021-06-29,0.006752373185008764,1,Low,14day
2021-06-30,0.0047613102942705154,1,Low,14day
2021-07-01,0.002455381443724036,1,Low,14day
2021-07-02,0.0014763394137844443,1,Low,14day
2021-07-03,0.0030527361668646336,1,Low,14day
2021-07-04,0.0048722331412136555,1,Low,14day
2021-07-05,0.0064879716373980045,1,Low,14day
2021-07-06,0.005755215883255005,1,Low,14day
2021-07-07,0.005502274259924889,1,Low,14day
2021-07-08,0.0047994558699429035,1,Low,14day
2021-07-09,0.003058825619518757,1,Low,14day
2021-07-10,0.007687240373343229,1,Low,14day
2021-07-11,0.021839065477252007,1,Low,14day
2021-07-12,0.10297787934541702,1,Low,14day
2021-07-13,0.29803523421287537,2,Moderate,14day
2021-07-14,0.2681659460067749,2,Moderate,14day
2021-07-15,0.8304567337036133,4,Very High,14day
2021-07-16,0.8718829154968262,4,Very High,14day
2021-07-17,0.9931672215461731,4,Very High,14day
2021-07-18,0.9901189804077148,4,Very High,14day
2021-07-19,0.9897660613059998,4,Very High,14day
2021-07-20,0.9937946796417236,4,Very High,14day
2021-07-21,0.9935261011123657,4,Very High,14day
2021-07-22,0.9964690208435059,4,Very High,14day
2021-07-23,0.9970806241035461,4,Very High,14day
2021-07-24,0.9947212934494019,4,Very High,14day
2021-07-25,0.9984556436538696,4,Very High,14day
2021-07-26,0.9985504746437073,4,Very High,14day
2021-07-27,0.9978031516075134,4,Very High,14day
2021-07-28,0.9878876209259033,4,Very High,14day
2021-07-29,0.9746633768081665,4,Very High,14day
2021-07-30,0.9944842457771301,4,Very High,14day
2021-07-31,0.9885063171386719,4,Very High,14day
2021-08-01,0.9949007034301758,4,Very High,14day
2021-08-02,0.9892244935035706,4,Very High,14day
2021-08-03,0.9743444919586182,4,Very High,14day
2021-08-04,0.9750698804855347,4,Very High,14day
2021-08-05,0.9682334661483765,4,Very High,14day
2021-08-06,0.8132527470588684,4,Very High,14day
2021-08-07,0.28027889132499695,2,Moderate,14day
2021-08-08,0.01003488339483738,1,Low,14day
2021-08-09,0.0012685589026659727,1,Low,14day
2021-08-10,0.0006430549547076225,1,Low,14day
2021-08-11,0.0004343416076153517,1,Low,14day
2021-08-12,0.00018808933964464813,1,Low,14day
2021-08-13,0.00023701143800280988,1,Low,14day
2021-08-14,0.00017040858801919967,1,Low,14day
2021-08-15,0.0003993507125414908,1,Low,14day
2021-08-16,0.00010919252963503823,1,Low,14day
2021-08-17,4.9540798499947414e-05,1,Low,14day
2021-08-18,0.00017585586465429515,1,Low,14day
2021-08-19,0.00010803327313624322,1,Low,14day
2021-08-20,9.076049173017964e-05,1,Low,14day
2021-08-21,9.734182094689459e-05,1,Low,14day
2021-08-22,0.00020597263937816024,1,Low,14day
2021-08-23,0.0009829660411924124,1,Low,14day
2021-08-24,0.0004427740059327334,1,Low,14day
2021-08-25,0.0002731827844399959,1,Low,14day
2021-08-26,0.00030368915759027004,1,Low,14day
2021-08-27,0.0003036969865206629,1,Low,14day
2021-08-28,0.0002481051778886467,1,Low,14day
2021-08-29,0.00018024285964202136,1,Low,14day
2021-08-30,0.00027448529726825655,1,Low,14day
2021-08-31,0.0016376605490222573,1,Low,14day
2021-09-01,0.03667755797505379,1,Low,14day
2021-09-02,0.30625849962234497,2,Moderate,14day
2021-09-03,0.6248912811279297,3,High,14day
2021-09-04,0.5241967439651489,3,High,14day
2021-09-05,0.36664944887161255,2,Moderate,14day
2021-09-06,0.1931609809398651,1,Low,14day
2021-09-07,0.2826383113861084,2,Moderate,14day
2021-09-08,0.9208649396896362,4,Very High,14day
2021-09-09,0.7925965189933777,4,Very High,14day
2021-09-10,0.8092536330223083,4,Very High,14day
2021-09-11,0.8259541392326355,4,Very High,14day
2021-09-12,0.819690465927124,4,Very High,14day
2021-09-13,0.9109534621238708,4,Very High,14day
2021-09-14,0.6915786862373352,3,High,14day
2021-09-15,0.6212652921676636,3,High,14day
2021-09-16,0.37578681111335754,2,Moderate,14day
2021-09-17,0.4973708391189575,2,Moderate,14day
2021-09-18,0.10874523967504501,1,Low,14day
2021-09-19,0.04042280837893486,1,Low,14day
2021-09-20,0.04253422096371651,1,Low,14day
2021-09-21,0.5724954605102539,3,High,14day
2021-09-22,0.6325945854187012,3,High,14day
2021-09-23,0.13500700891017914,1,Low,14day
2021-09-24,0.05750969052314758,1,Low,14day
2021-09-25,0.0711633712053299,1,Low,14day
2021-09-26,0.19467604160308838,1,Low,14day
2021-09-27,0.07882104068994522,1,Low,14day
2021-09-28,0.06850160658359528,1,Low,14day
2021-09-29,0.11869179457426071,1,Low,14day
2021-09-30,0.30975332856178284,2,Moderate,14day
2021-10-01,0.06452053785324097,1,Low,14day
2021-10-02,0.13710923492908478,1,Low,14day
2021-10-03,0.16299445927143097,1,Low,14day
2021-10-04,0.1405617594718933,1,Low,14day
2021-10-05,0.03494185581803322,1,Low,14day
2021-10-06,0.018327858299016953,1,Low,14day
2021-10-07,0.005307774990797043,1,Low,14day
2021-10-08,0.0025386877823621035,1,Low,14day
2021-10-09,0.0037139744963496923,1,Low,14day
2021-10-10,0.006148249376565218,1,Low,14day
2021-10-11,0.010813270695507526,1,Low,14day
2021-10-12,0.009019461460411549,1,Low,14day
2021-10-13,0.007972992956638336,1,Low,14day
2021-10-14,0.0024372742045670748,1,Low,14day
2021-10-15,0.0045636785216629505,1,Low,14day
2021-10-16,0.0032582194544374943,1,Low,14day
2021-10-17,0.002294186968356371,1,Low,14day
2021-10-18,0.004050117917358875,1,Low,14day
2021-10-19,0.0009779768297448754,1,Low,14day
2021-10-20,0.000908540328964591,1,Low,14day
2021-10-21,0.0025028844829648733,1,Low,14day
2021-10-22,0.004083930980414152,1,Low,14day
2021-10-23,0.0030982326716184616,1,Low,14day
2021-10-24,0.001707694260403514,1,Low,14day
2021-10-25,0.0017899436643347144,1,Low,14day
2021-10-26,0.0018374011851847172,1,Low,14day
2021-10-27,0.004732014611363411,1,Low,14day
2021-10-28,0.004078459460288286,1,Low,14day
2021-10-29,0.001007684739306569,1,Low,14day
2021-10-30,0.0009285883861593902,1,Low,14day
2021-10-31,0.0005427103023976088,1,Low,14day
2021-11-01,0.0005723174544982612,1,Low,14day
2021-11-02,0.000529500946868211,1,Low,14day
2021-11-03,0.0006715862546116114,1,Low,14day
2021-11-04,0.0006868332275189459,1,Low,14day
2021-11-05,0.0003566825180314481,1,Low,14day
2021-11-06,0.00022378668654710054,1,Low,14day
2021-11-07,0.00023622947628609836,1,Low,14day
2021-11-08,0.00039351030136458576,1,Low,14day
2021-11-09,0.0003156360471621156,1,Low,14day
2021-11-10,0.0002873884222935885,1,Low,14day
2021-11-11,0.00047233299119398,1,Low,14day
2021-11-12,0.0004210435436107218,1,Low,14day
2021-11-13,0.00038521731039509177,1,Low,14day
2021-11-14,0.00035558026866056025,1,Low,14day
2021-11-15,0.00018349706078879535,1,Low,14day
2021-11-16,0.00027298906934447587,1,Low,14day
2021-11-17,0.0006804651929996908,1,Low,14day
2021-11-18,0.0009327430743724108,1,Low,14day
2021-11-19,0.002526623662561178,1,Low,14day
2021-11-20,0.0011207381030544639,1,Low,14day
2021-11-21,0.0009120091563090682,1,Low,14day
2021-11-22,0.0004231717612128705,1,Low,14day
2021-11-23,0.00020036658679600805,1,Low,14day
2021-11-24,0.00025717189419083297,1,Low,14day
2021-11-25,0.00028560723876580596,1,Low,14day
2021-11-26,0.00022949818230699748,1,Low,14day
2021-11-27,0.0002506685850676149,1,Low,14day
2021-11-28,0.0002418917283648625,1,Low,14day
2021-11-29,0.00023447359853889793,1,Low,14day
2021-11-30,0.0003193926240783185,1,Low,14day
2021-12-01,0.0005198863218538463,1,Low,14day
2021-12-02,0.00042684804066084325,1,Low,14day
2021-12-03,0.00024085084442049265,1,Low,14day
2021-12-04,0.0001054876993293874,1,Low,14day
2021-12-05,0.00011356094182701781,1,Low,14day
2021-12-06,9.565797518007457e-05,1,Low,14day
2021-12-07,0.00010897658648900688,1,Low,14day
2021-12-08,0.00011161943984916434,1,Low,14day
2021-12-09,0.00015294499462470412,1,Low,14day
2021-12-10,0.0003397452528588474,1,Low,14day
2021-12-11,0.00018324806296732277,1,Low,14day
2021-12-12,0.0001863296638475731,1,Low,14day
2021-12-13,0.00016611148021183908,1,Low,14day
2021-12-14,0.00014452256436925381,1,Low,14day
2021-12-15,0.00029837293550372124,1,Low,14day
2021-12-16,0.00021010494674555957,1,Low,14day
2021-12-17,0.00021247993572615087,1,Low,14day
2021-12-18,0.00025569149875082076,1,Low,14day
2021-12-19,0.0001914694585138932,1,Low,14day
2021-12-20,8.929371688282117e-05,1,Low,14day
2021-12-21,0.00015500173321925104,1,Low,14day
2021-12-22,0.0003915336565114558,1,Low,14day
2021-12-23,0.0005469449097290635,1,Low,14day
2021-12-24,0.0004583766858559102,1,Low,14day
2021-12-25,0.00047908572014421225,1,Low,14day
2021-12-26,0.00026634603273123503,1,Low,14day
2021-12-27,0.00029881586669944227,1,Low,14day
2021-12-28,0.00022394207189790905,1,Low,14day
2021-12-29,0.00028209431911818683,1,Low,14day
2021-12-30,0.00022822493338026106,1,Low,14day
2021-12-31,0.000205600808840245,1,Low,14day
2022-01-01,9.203083027387038e-05,1,Low,14day
2022-01-02,8.22379588498734e-05,1,Low,14day
2022-01-03,0.00033303708187304437,1,Low,14day
2022-01-04,0.00048552360385656357,1,Low,14day
2022-01-05,0.0002661558974068612,1,Low,14day
2022-01-06,0.00040684916893951595,1,Low,14day
2022-01-07,0.0005904818535782397,1,Low,14day
2022-01-08,0.0005079751717858016,1,Low,14day
2022-01-09,0.00038707387284375727,1,Low,14day
2022-01-10,0.0005843053804710507,1,Low,14day
2022-01-11,0.0003332161868456751,1,Low,14day
2022-01-12,0.0005699684843420982,1,Low,14day
2022-01-13,0.0012454309035092592,1,Low,14day
2022-01-14,0.0005401145317591727,1,Low,14day
2022-01-15,0.00016014584980439395,1,Low,14day
2022-01-16,0.00010897585161728784,1,Low,14day
2022-01-17,8.99765727808699e-05,1,Low,14day
2022-01-18,6.815938104409724e-05,1,Low,14day
2022-01-19,0.00021380375255830586,1,Low,14day
2022-01-20,0.00027842778945341706,1,Low,14day
2022-01-21,0.0004785727069247514,1,Low,14day
2022-01-22,0.0009680617367848754,1,Low,14day
2022-01-23,0.00034739862894639373,1,Low,14day
2022-01-24,0.0002434757916489616,1,Low,14day
2022-01-25,0.00038146626320667565,1,Low,14day
2022-01-26,0.00038500491064041853,1,Low,14day
2022-01-27,0.0003188878472428769,1,Low,14day
2022-01-28,0.00018402656132820994,1,Low,14day
2022-01-29,0.00010532365558901802,1,Low,14day
2022-01-30,0.0001371681282762438,1,Low,14day
2022-01-31,0.00016938587941695005,1,Low,14day
2022-02-01,0.00012155625881860033,1,Low,14day
2022-02-02,0.00012314443301875144,1,Low,14day
2022-02-03,0.0001786236825864762,1,Low,14day
2022-02-04,0.00014990627823863178,1,Low,14day
2022-02-05,4.7194844228215516e-05,1,Low,14day
2022-02-06,3.44485706591513e-05,1,Low,14day
2022-02-07,3.721725079230964e-05,1,Low,14day
2022-02-08,9.542210318613797e-05,1,Low,14day
2022-02-09,3.558878233889118e-05,1,Low,14day
2022-02-10,2.4209315597545356e-05,1,Low,14day
2022-02-11,2.7215442969463766e-05,1,Low,14day
2022-02-12,4.165159771218896e-05,1,Low,14day
2022-02-13,6.0123456933069974e-05,1,Low,14day
2022-02-14,7.756591367069632e-05,1,Low,14day
2022-02-15,5.9277132095303386e-05,1,Low,14day
2022-02-16,6.28123598289676e-05,1,Low,14day
2022-02-17,5.75464655412361e-05,1,Low,14day
2022-02-18,3.267888678237796e-05,1,Low,14day
2022-02-19,2.24933864956256e-05,1,Low,14day
2022-02-20,7.421836198773235e-05,1,Low,14day
2022-02-21,4.304059621063061e-05,1,Low,14day
2022-02-22,3.700861634570174e-05,1,Low,14day
2022-02-23,3.294736961834133e-05,1,Low,14day
2022-02-24,2.5055316655198112e-05,1,Low,14day
2022-02-25,3.173205550410785e-05,1,Low,14day
2022-02-26,1.8764556443784386e-05,1,Low,14day
2022-02-27,4.0853065002011135e-05,1,Low,14day
2022-02-28,5.793316086055711e-05,1,Low,14day
2022-03-01,7.159542292356491e-05,1,Low,14day
2022-03-02,0.0001070893558789976,1,Low,14day
2022-03-03,7.516587356803939e-05,1,Low,14day
2022-03-04,0.00011774650192819536,1,Low,14day
2022-03-05,6.910476804478094e-05,1,Low,14day
2022-03-06,0.00011179232387803495,1,Low,14day
2022-03-07,4.920209539704956e-05,1,Low,14day
2022-03-08,0.0001026072131935507,1,Low,14day
2022-03-09,0.00010942528751911595,1,Low,14day
2022-03-10,4.047636684845202e-05,1,Low,14day
2022-03-11,6.448782369261608e-05,1,Low,14day
2022-03-12,7.136577187338844e-05,1,Low,14day
2022-03-13,4.019104380859062e-05,1,Low,14day
2022-03-14,4.561967944027856e-05,1,Low,14day
2022-03-15,3.839498458546586e-05,1,Low,14day
2022-03-16,4.263685332261957e-05,1,Low,14day
2022-03-17,4.952695962856524e-05,1,Low,14day
2022-03-18,5.1478429668350145e-05,1,Low,14day
2022-03-19,6.450559885706753e-05,1,Low,14day
2022-03-20,5.1243674533907324e-05,1,Low,14day
2022-03-21,2.842754838638939e-05,1,Low,14day
2022-03-22,3.759286482818425e-05,1,Low,14day
2022-03-23,5.42381385457702e-05,1,Low,14day
2022-03-24,4.180093310424127e-05,1,Low,14day
2022-03-25,4.355390410637483e-05,1,Low,14day
2022-03-26,2.0208341084071435e-05,1,Low,14day
2022-03-27,3.4149124985560775e-05,1,Low,14day
2022-03-28,2.6241419618600048e-05,1,Low,14day
2022-03-29,2.6720770620158873e-05,1,Low,14day
2022-03-30,2.4778091756161302e-05,1,Low,14day
2022-03-31,3.862023731926456e-05,1,Low,14day
2022-04-01,4.7340210585389286e-05,1,Low,14day
2022-04-02,9.99995245365426e-05,1,Low,14day
2022-04-03,5.3286606998881325e-05,1,Low,14day
2022-04-04,4.826043004868552e-05,1,Low,14day
2022-04-05,7.942094089230523e-05,1,Low,14day
2022-04-06,5.4893615015316755e-05,1,Low,14day
2022-04-07,5.236739889369346e-05,1,Low,14day
2022-04-08,3.6053806979907677e-05,1,Low,14day
2022-04-09,3.65883533959277e-05,1,Low,14day
2022-04-10,6.083189873606898e-05,1,Low,14day
2022-04-11,7.193774217739701e-05,1,Low,14day
2022-04-12,7.387138612102717e-05,1,Low,14day
2022-04-13,6.411139474948868e-05,1,Low,14day
2022-04-14,5.5951313697732985e-05,1,Low,14day
2022-04-15,6.773084169253707e-05,1,Low,14day
2022-04-16,6.74141920171678e-05,1,Low,14day
2022-04-17,0.00010291598300682381,1,Low,14day
2022-04-18,3.027372804353945e-05,1,Low,14day
2022-04-19,2.861527718778234e-05,1,Low,14day
2022-04-20,2.0002304154331796e-05,1,Low,14day
2022-04-21,3.4232758480357006e-05,1,Low,14day
2022-04-22,3.304592246422544e-05,1,Low,14day
2022-04-23,3.38750469381921e-05,1,Low,14day
2022-04-24,3.0883762519806623e-05,1,Low,14day
2022-04-25,5.1025166612816975e-05,1,Low,14day
2022-04-26,4.620483741746284e-05,1,Low,14day
2022-04-27,4.469364648684859e-05,1,Low,14day
2022-04-28,5.307123501552269e-05,1,Low,14day
2022-04-29,3.729598392965272e-05,1,Low,14day
2022-04-30,5.787391637568362e-05,1,Low,14day
2022-05-01,6.922090688021854e-05,1,Low,14day
2022-05-02,4.5461121771950275e-05,1,Low,14day
2022-05-03,3.935342829208821e-05,1,Low,14day
2022-05-04,2.275776569149457e-05,1,Low,14day
2022-05-05,3.27870475302916e-05,1,Low,14day
2022-05-06,1.927855919348076e-05,1,Low,14day
2022-05-07,1.9498289475450292e-05,1,Low,14day
2022-05-08,2.5998280761996284e-05,1,Low,14day
2022-05-09,4.277781044947915e-05,1,Low,14day
2022-05-10,5.761933425674215e-05,1,Low,14day
2022-05-11,3.9411490433849394e-05,1,Low,14day
2022-05-12,4.340583473094739e-05,1,Low,14day
2022-05-13,5.570465873461217e-05,1,Low,14day
2022-05-14,7.140280649764463e-05,1,Low,14day
2022-05-15,0.00014364163507707417,1,Low,14day
2022-05-16,0.00014743035717401654,1,Low,14day
2022-05-17,0.0001504107058281079,1,Low,14day
2022-05-18,8.68747738422826e-05,1,Low,14day
2022-05-19,8.449484448647127e-05,1,Low,14day
2022-05-20,0.00018699407519306988,1,Low,14day
2022-05-21,0.00016218554810620844,1,Low,14day
2022-05-22,0.0003824847808573395,1,Low,14day
2022-05-23,0.0003964685893151909,1,Low,14day
2022-05-24,0.00046817277325317264,1,Low,14day
2022-05-25,0.00011915861250599846,1,Low,14day
2022-05-26,0.0005751154967583716,1,Low,14day
2022-05-27,0.0008162763551808894,1,Low,14day
2022-05-28,0.0007433879072777927,1,Low,14day
2022-05-29,0.0006926123169250786,1,Low,14day
2022-05-30,0.0006324948626570404,1,Low,14day
2022-05-31,0.00040293228812515736,1,Low,14day
2022-06-01,0.00041925004916265607,1,Low,14day
2022-06-02,0.00048241589684039354,1,Low,14day
2022-06-03,0.0005383223760873079,1,Low,14day
2022-06-04,0.0005389346042647958,1,Low,14day
2022-06-05,0.0007001493941061199,1,Low,14day
2022-06-06,0.0004786500649061054,1,Low,14day
2022-06-07,0.00030595329008065164,1,Low,14day
2022-06-08,0.00018209572590421885,1,Low,14day
2022-06-09,0.0001819828903535381,1,Low,14day
2022-06-10,0.00020615989342331886,1,Low,14day
2022-06-11,0.00025378132704645395,1,Low,14day
2022-06-12,0.0004673048679251224,1,Low,14day
2022-06-13,0.0017692273249849677,1,Low,14day
2022-06-14,0.0006349349278025329,1,Low,14day
2022-06-15,0.0011523431167006493,1,Low,14day
2022-06-16,0.0013875305885449052,1,Low,14day
2022-06-17,0.0027166877407580614,1,Low,14day
2022-06-18,0.010311739519238472,1,Low,14day
2022-06-19,0.02145032398402691,1,Low,14day
2022-06-20,0.03250698000192642,1,Low,14day
2022-06-21,0.03263292461633682,1,Low,14day
2022-06-22,0.038701239973306656,1,Low,14day
2022-06-23,0.009282784536480904,1,Low,14day
2022-06-24,0.14413312077522278,1,Low,14day
2022-06-25,0.024717314168810844,1,Low,14day
2022-06-26,0.04857920855283737,1,Low,14day
2022-06-27,0.03748737648129463,1,Low,14day
2022-06-28,0.0061489371582865715,1,Low,14day
2022-06-29,0.004103881306946278,1,Low,14day
2022-06-30,0.05489358678460121,1,Low,14day
2022-07-01,0.14899510145187378,1,Low,14day
2022-07-02,0.14988495409488678,1,Low,14day
2022-07-03,0.29046106338500977,2,Moderate,14day
2022-07-04,0.7258985638618469,3,High,14day
2022-07-05,0.8941590785980225,4,Very High,14day
2022-07-06,0.9603797793388367,4,Very High,14day
2022-07-07,0.9980271458625793,4,Very High,14day
2022-07-08,0.9997385144233704,4,Very High,14day
2022-07-09,0.9997655749320984,4,Very High,14day
2022-07-10,0.9994595646858215,4,Very High,14day
2022-07-11,0.9989891648292542,4,Very High,14day
2022-07-12,0.9965391159057617,4,Very High,14day
2022-07-13,0.9765740633010864,4,Very High,14day
2022-07-14,0.773551881313324,4,Very High,14day
2022-07-15,0.7739658951759338,4,Very High,14day
2022-07-16,0.8735834956169128,4,Very High,14day
2022-07-17,0.8683177828788757,4,Very High,14day
2022-07-18,0.9288305044174194,4,Very High,14day
2022-07-19,0.9017320871353149,4,Very High,14day
2022-07-20,0.9153677821159363,4,Very High,14day
2022-07-21,0.8974679708480835,4,Very High,14day
2022-07-22,0.8353392481803894,4,Very High,14day
2022-07-23,0.6431152820587158,3,High,14day
2022-07-24,0.34320491552352905,2,Moderate,14day
2022-07-25,0.1793319433927536,1,Low,14day
2022-07-26,0.7777772545814514,4,Very High,14day
2022-07-27,0.9066790342330933,4,Very High,14day
2022-07-28,0.9901195764541626,4,Very High,14day
2022-07-29,0.991463840007782,4,Very High,14day
2022-07-30,0.962198793888092,4,Very High,14day
2022-07-31,0.34179356694221497,2,Moderate,14day
2022-08-01,0.21527189016342163,1,Low,14day
2022-08-02,0.10115958005189896,1,Low,14day
2022-08-03,0.2265469878911972,1,Low,14day
2022-08-04,0.300632119178772,2,Moderate,14day
2022-08-05,0.42951467633247375,2,Moderate,14day
2022-08-06,0.3484500050544739,2,Moderate,14day
2022-08-07,0.04303920641541481,1,Low,14day
2022-08-08,0.02125215157866478,1,Low,14day
2022-08-09,0.030714284628629684,1,Low,14day
2022-08-10,0.012260177172720432,1,Low,14day
2022-08-11,0.025376589968800545,1,Low,14day
2022-08-12,0.02979547344148159,1,Low,14day
2022-08-13,0.05346478149294853,1,Low,14day
2022-08-14,0.040526941418647766,1,Low,14day
2022-08-15,0.02394583635032177,1,Low,14day
2022-08-16,0.01790522411465645,1,Low,14day
2022-08-17,0.03385857865214348,1,Low,14day
2022-08-18,0.029793499037623405,1,Low,14day
2022-08-19,0.6307975053787231,3,High,14day
2022-08-20,0.9933558702468872,4,Very High,14day
2022-08-21,0.9977557063102722,4,Very High,14day
2022-08-22,0.9974195957183838,4,Very High,14day
2022-08-23,0.9951699376106262,4,Very High,14day
2022-08-24,0.9958788156509399,4,Very High,14day
2022-08-25,0.9941603541374207,4,Very High,14day
2022-08-26,0.9896887540817261,4,Very High,14day
2022-08-27,0.9917238354682922,4,Very High,14day
2022-08-28,0.9963679313659668,4,Very High,14day
2022-08-29,0.9762338995933533,4,Very High,14day
2022-08-30,0.9707605838775635,4,Very High,14day
2022-08-31,0.9760065078735352,4,Very High,14day
2022-09-01,0.9752582907676697,4,Very High,14day
2022-09-02,0.33663204312324524,2,Moderate,14day
2022-09-03,0.02351839281618595,1,Low,14day
2022-09-04,0.0029146065935492516,1,Low,14day
2022-09-05,0.0013593490002676845,1,Low,14day
2022-09-06,0.00014089450996834785,1,Low,14day
2022-09-07,3.545778236002661e-05,1,Low,14day
2022-09-08,3.415589526412077e-05,1,Low,14day
2022-09-09,0.00014311705308500677,1,Low,14day
2022-09-10,0.0006608617259189487,1,Low,14day
2022-09-11,0.007204325869679451,1,Low,14day
2022-09-12,0.007520568557083607,1,Low,14day
2022-09-13,0.005087421741336584,1,Low,14day
2022-09-14,0.0029430435970425606,1,Low,14day
2022-09-15,0.005423750262707472,1,Low,14day
2022-09-16,0.005661108065396547,1,Low,14day
2022-09-17,0.0025686619337648153,1,Low,14day
2022-09-18,7.633360655745491e-05,1,Low,14day
2022-09-19,0.00010854783613467589,1,Low,14day
2022-09-20,8.190932567231357e-05,1,Low,14day
2022-09-21,3.5609253245638683e-05,1,Low,14day
2022-09-22,3.143915819237009e-05,1,Low,14day
2022-09-23,0.00012839729606639594,1,Low,14day
2022-09-24,0.0002188851503888145,1,Low,14day
2022-09-25,7.27569276932627e-05,1,Low,14day
2022-09-26,1.657247958064545e-05,1,Low,14day
2022-09-27,9.186617717205081e-06,1,Low,14day
2022-09-28,5.19612331117969e-05,1,Low,14day
2022-09-29,7.517132326029241e-05,1,Low,14day
2022-09-30,8.33904487080872e-05,1,Low,14day
2022-10-01,0.00015262419765349478,1,Low,14day
2022-10-02,7.64066498959437e-05,1,Low,14day
2022-10-03,2.0928599042235874e-05,1,Low,14day
2022-10-04,1.5958490621414967e-05,1,Low,14day
2022-10-05,2.6436307962285355e-05,1,Low,14day
2022-10-06,1.8920942238764837e-05,1,Low,14day
2022-10-07,9.024002065416425e-05,1,Low,14day
2022-10-08,0.00014389112766366452,1,Low,14day
2022-10-09,7.131617894629017e-05,1,Low,14day
2022-10-10,7.712419028393924e-05,1,Low,14day
2022-10-11,8.628676732769236e-05,1,Low,14day
2022-10-12,4.795319546246901e-05,1,Low,14day
2022-10-13,3.918199581676163e-05,1,Low,14day
2022-10-14,8.204652112908661e-05,1,Low,14day
2022-10-15,8.0808051279746e-05,1,Low,14day
2022-10-16,8.694016287336126e-05,1,Low,14day
2022-10-17,8.095891098491848e-05,1,Low,14day
2022-10-18,7.759853906463832e-05,1,Low,14day
2022-10-19,3.633303276728839e-05,1,Low,14day
2022-10-20,2.3828721168683842e-05,1,Low,14day
2022-10-21,3.35762306349352e-05,1,Low,14day
2022-10-22,3.806700624409132e-05,1,Low,14day
2022-10-23,4.305024413042702e-05,1,Low,14day
2022-10-24,4.418046955834143e-05,1,Low,14day
2022-10-25,6.838588160462677e-05,1,Low,14day
2022-10-26,4.5214204874355346e-05,1,Low,14day
2022-10-27,4.073763921041973e-05,1,Low,14day
2022-10-28,4.6433997340500355e-05,1,Low,14day
2022-10-29,6.756125367246568e-05,1,Low,14day
2022-10-30,7.007849490037188e-05,1,Low,14day
2022-10-31,7.256167737068608e-05,1,Low,14day
2022-11-01,7.572113099740818e-05,1,Low,14day
2022-11-02,5.6225162552436814e-05,1,Low,14day
2022-11-03,6.831418431829661e-05,1,Low,14day
2022-11-04,6.374617078108713e-05,1,Low,14day
2022-11-05,5.097143002785742e-05,1,Low,14day
2022-11-06,4.4725878979079425e-05,1,Low,14day
2022-11-07,3.4224856790388e-05,1,Low,14day
2022-11-08,3.8758818845963106e-05,1,Low,14day
2022-11-09,3.748382368939929e-05,1,Low,14day
2022-11-10,2.918117752415128e-05,1,Low,14day
2022-11-11,3.820228812401183e-05,1,Low,14day
2022-11-12,6.871298683108762e-05,1,Low,14day
2022-11-13,4.093316601938568e-05,1,Low,14day
2022-11-14,2.651814247656148e-05,1,Low,14day
2022-11-15,4.1077262721955776e-05,1,Low,14day
2022-11-16,3.8206297176657245e-05,1,Low,14day
2022-11-17,4.138659642194398e-05,1,Low,14day
2022-11-18,2.9638411433552392e-05,1,Low,14day
2022-11-19,3.873775858664885e-05,1,Low,14day
2022-11-20,3.737994484254159e-05,1,Low,14day
2022-11-21,4.3050735257565975e-05,1,Low,14day
2022-11-22,4.485427416511811e-05,1,Low,14day
2022-11-23,4.2785031837411225e-05,1,Low,14day
2022-11-24,4.0987499232869595e-05,1,Low,14day
2022-11-25,4.1952127503464e-05,1,Low,14day
2022-11-26,4.528065619524568e-05,1,Low,14day
2022-11-27,6.357715756166726e-05,1,Low,14day
2022-11-28,4.806577635463327e-05,1,Low,14day
2022-11-29,5.463130582938902e-05,1,Low,14day
2022-11-30,7.90879494161345e-05,1,Low,14day
2022-12-01,5.841858728672378e-05,1,Low,14day
2022-12-02,4.9013415264198557e-05,1,Low,14day
2022-12-03,5.5633947340538725e-05,1,Low,14day
2022-12-04,3.0571947718271986e-05,1,Low,14day
2022-12-05,3.816722164629027e-05,1,Low,14day
2022-12-06,4.839698158320971e-05,1,Low,14day
2022-12-07,5.632675311062485e-05,1,Low,14day
2022-12-08,4.9825313908513635e-05,1,Low,14day
2022-12-09,4.658084435504861e-05,1,Low,14day
2022-12-10,7.74506843299605e-05,1,Low,14day
2022-12-11,0.000208504221518524,1,Low,14day
2022-12-12,0.0001759370497893542,1,Low,14day
2022-12-13,0.00022020329197403044,1,Low,14day
2022-12-14,0.00018078538414556533,1,Low,14day
2022-12-15,7.474936865037307e-05,1,Low,14day
2022-12-16,4.2742089135572314e-05,1,Low,14day
2022-12-17,5.0837155868066475e-05,1,Low,14day
2022-12-18,5.452305049402639e-05,1,Low,14day
2022-12-19,9.137776942225173e-05,1,Low,14day
2022-12-20,0.00010367087088525295,1,Low,14day
2022-12-21,6.335268699331209e-05,1,Low,14day
2022-12-22,0.00010965602996293455,1,Low,14day
2022-12-23,0.00013512746954802424,1,Low,14day
2022-12-24,0.00015623719082213938,1,Low,14day
2022-12-25,0.00014403856766875833,1,Low,14day
2022-12-26,7.66963858040981e-05,1,Low,14day
2022-12-27,4.901121792499907e-05,1,Low,14day
2022-12-28,2.9341967092477717e-05,1,Low,14day
2022-12-29,3.2952524634310976e-05,1,Low,14day
2022-12-30,2.41391608142294e-05,1,Low,14day
2022-12-31,3.308672967250459e-05,1,Low,14day
2023-01-01,3.664680843940005e-05,1,Low,14day
2023-01-02,3.638462658273056e-05,1,Low,14day
2023-01-03,6.913152174092829e-05,1,Low,14day
2023-01-04,0.00030817880178801715,1,Low,14day
2023-01-05,0.00022908279788680375,1,Low,14day
2023-01-06,0.00013613171176984906,1,Low,14day
2023-01-07,6.23800078756176e-05,1,Low,14day
2023-01-08,8.352383156307042e-05,1,Low,14day
2023-01-09,5.015649367123842e-05,1,Low,14day
2023-01-10,7.032928260741755e-05,1,Low,14day
2023-01-11,0.00028295788797549903,1,Low,14day
2023-01-12,0.0003579252806957811,1,Low,14day
2023-01-13,0.00019830990640912205,1,Low,14day
2023-01-14,0.00016955538012553006,1,Low,14day
2023-01-15,0.00011940075637539849,1,Low,14day
2023-01-16,0.00010127072891918942,1,Low,14day
2023-01-17,0.00018341484246775508,1,Low,14day
2023-01-18,0.00030511902878060937,1,Low,14day
2023-01-19,0.0003185296372976154,1,Low,14day
2023-01-20,0.0002461464609950781,1,Low,14day
2023-01-21,0.00013025308726355433,1,Low,14day
2023-01-22,0.00014729589747730643,1,Low,14day
2023-01-23,0.00011753023136407137,1,Low,14day
2023-01-24,7.112052117008716e-05,1,Low,14day
2023-01-25,0.0003600896743591875,1,Low,14day
2023-01-26,0.00033993899705819786,1,Low,14day
2023-01-27,0.00040751349297352135,1,Low,14day
2023-01-28,0.0010791461681947112,1,Low,14day
2023-01-29,0.0002674210991244763,1,Low,14day
2023-01-30,7.790579547872767e-05,1,Low,14day
2023-01-31,0.0001003654979285784,1,Low,14day
2023-02-01,0.0001158125014626421,1,Low,14day
2023-02-02,6.628713163081557e-05,1,Low,14day
2023-02-03,9.946856152964756e-05,1,Low,14day
2023-02-04,6.711867172271013e-05,1,Low,14day
2023-02-05,0.000152648935909383,1,Low,14day
2023-02-06,0.00013308734924066812,1,Low,14day
2023-02-07,0.00014363806985784322,1,Low,14day
2023-02-08,0.00028536171885207295,1,Low,14day
2023-02-09,0.00022789897047914565,1,Low,14day
2023-02-10,9.375394438393414e-05,1,Low,14day
2023-02-11,4.9611197027843446e-05,1,Low,14day
2023-02-12,7.654265937162563e-05,1,Low,14day
2023-02-13,7.699734851485118e-05,1,Low,14day
2023-02-14,3.1774663511896506e-05,1,Low,14day
2023-02-15,2.979737109853886e-05,1,Low,14day
2023-02-16,2.47350508288946e-05,1,Low,14day
2023-02-17,2.4214532459154725e-05,1,Low,14day
2023-02-18,2.9554330467362888e-05,1,Low,14day
2023-02-19,3.199730781489052e-05,1,Low,14day
2023-02-20,2.6198209525318816e-05,1,Low,14day
2023-02-21,2.6039100703201257e-05,1,Low,14day
2023-02-22,2.937102544819936e-05,1,Low,14day
2023-02-23,4.442975114216097e-05,1,Low,14day
2023-02-24,3.66019994544331e-05,1,Low,14day
2023-02-25,2.787262201309204e-05,1,Low,14day
2023-02-26,2.7504487661644816e-05,1,Low,14day
2023-02-27,3.428673153393902e-05,1,Low,14day
2023-02-28,3.743163324543275e-05,1,Low,14day
2023-03-01,5.200212763156742e-05,1,Low,14day
2023-03-02,9.503933688392863e-05,1,Low,14day
2023-03-03,0.00012204162339912727,1,Low,14day
2023-03-04,0.00011061687837354839,1,Low,14day
2023-03-05,8.375592733500525e-05,1,Low,14day
2023-03-06,0.0001074131578207016,1,Low,14day
2023-03-07,7.337459828704596e-05,1,Low,14day
2023-03-08,3.5672710509970784e-05,1,Low,14day
2023-03-09,5.2155541197862476e-05,1,Low,14day
2023-03-10,3.9284885133383796e-05,1,Low,14day
2023-03-11,1.6739739294280298e-05,1,Low,14day
2023-03-12,1.8764823835226707e-05,1,Low,14day
2023-03-13,2.204840893682558e-05,1,Low,14day
2023-03-14,1.5239955246215686e-05,1,Low,14day
2023-03-15,2.4672761355759576e-05,1,Low,14day
2023-03-16,5.621058153337799e-05,1,Low,14day
2023-03-17,4.3361073039704934e-05,1,Low,14day
2023-03-18,4.356657518655993e-05,1,Low,14day
2023-03-19,4.046031244797632e-05,1,Low,14day
2023-03-20,0.00010119718353962526,1,Low,14day
2023-03-21,6.871476216474548e-05,1,Low,14day
2023-03-22,7.278330303961411e-05,1,Low,14day
2023-03-23,0.0001328781363554299,1,Low,14day
2023-03-24,0.0002012995391851291,1,Low,14day
2023-03-25,0.00021669483976438642,1,Low,14day
2023-03-26,0.0001148553637904115,1,Low,14day
2023-03-27,0.0001402801281074062,1,Low,14day
2023-03-28,0.0002082016580970958,1,Low,14day
2023-03-29,0.0002872558543458581,1,Low,14day
2023-03-30,0.00025452038971707225,1,Low,14day
2023-03-31,0.00033278093906119466,1,Low,14day
2023-04-01,0.0003021394950337708,1,Low,14day
2023-04-02,0.0002709295367822051,1,Low,14day
2023-04-03,0.00024700150243006647,1,Low,14day
2023-04-04,0.00016293686348944902,1,Low,14day
2023-04-05,0.00024912419030442834,1,Low,14day
2023-04-06,4.900462590740062e-05,1,Low,14day
2023-04-07,0.00013097508053760976,1,Low,14day
2023-04-08,0.00015553056437056512,1,Low,14day
2023-04-09,0.0004203809949103743,1,Low,14day
2023-04-10,0.00041067818528972566,1,Low,14day
2023-04-11,0.0003673756727948785,1,Low,14day
2023-04-12,0.00020097715605515987,1,Low,14day
2023-04-13,0.00014699759776704013,1,Low,14day
2023-04-14,0.00018866662867367268,1,Low,14day
2023-04-15,6.127910455688834e-05,1,Low,14day
2023-04-16,6.572779966518283e-05,1,Low,14day
2023-04-17,5.727119787479751e-05,1,Low,14day
2023-04-18,5.327939288690686e-05,1,Low,14day
2023-04-19,8.114812226267532e-05,1,Low,14day
2023-04-20,0.00018307167920283973,1,Low,14day
2023-04-21,5.718127067666501e-05,1,Low,14day
2023-04-22,3.8331399991875514e-05,1,Low,14day
2023-04-23,7.157958316383883e-05,1,Low,14day
2023-04-24,8.557795081287622e-05,1,Low,14day
2023-04-25,4.994547998649068e-05,1,Low,14day
2023-04-26,6.438441050704569e-05,1,Low,14day
2023-04-27,5.715542283724062e-05,1,Low,14day
2023-04-28,0.0001329756050836295,1,Low,14day
2023-04-29,0.0002598490391392261,1,Low,14day
2023-04-30,0.00019554748723749071,1,Low,14day
2023-05-01,0.0004567184660118073,1,Low,14day
2023-05-02,0.0002697045565582812,1,Low,14day
2023-05-03,0.00015979105955921113,1,Low,14day
2023-05-04,0.00020473440235946327,1,Low,14day
2023-05-05,0.00014035800995770842,1,Low,14day
2023-05-06,0.00023111874179448932,1,Low,14day
2023-05-07,0.00032652978552505374,1,Low,14day
2023-05-08,0.00024247037072200328,1,Low,14day
2023-05-09,8.838370558805764e-05,1,Low,14day
2023-05-10,9.174543811241165e-05,1,Low,14day
2023-05-11,8.717709715710953e-05,1,Low,14day
2023-05-12,8.260193862952292e-05,1,Low,14day
2023-05-13,6.908302020747215e-05,1,Low,14day
2023-05-14,0.00014124895096756518,1,Low,14day
2023-05-15,0.00010801690223161131,1,Low,14day
2023-05-16,4.4512024032883346e-05,1,Low,14day
2023-05-17,9.192627476295456e-05,1,Low,14day
2023-05-18,4.254692976246588e-05,1,Low,14day
2023-05-19,3.033126449736301e-05,1,Low,14day
2023-05-20,4.255825115251355e-05,1,Low,14day
2023-05-21,4.5312750444281846e-05,1,Low,14day
2023-05-22,5.210612653172575e-05,1,Low,14day
2023-05-23,3.544263745425269e-05,1,Low,14day
2023-05-24,5.542409053305164e-05,1,Low,14day
2023-05-25,9.194959420710802e-05,1,Low,14day
2023-05-26,0.00012062146561220288,1,Low,14day
2023-05-27,0.00018375828221905977,1,Low,14day
2023-05-28,0.000248693919274956,1,Low,14day
2023-05-29,0.00027394096832722425,1,Low,14day
2023-05-30,0.0003181220672558993,1,Low,14day
2023-05-31,0.0005700765759684145,1,Low,14day
2023-06-01,0.0016116074984893203,1,Low,14day
2023-06-02,0.001904468983411789,1,Low,14day
2023-06-03,0.012479200027883053,1,Low,14day
2023-06-04,0.0013674508081749082,1,Low,14day
2023-06-05,0.010243031196296215,1,Low,14day
2023-06-06,0.008565563708543777,1,Low,14day
2023-06-07,0.0038717021234333515,1,Low,14day
2023-06-08,0.0020353388972580433,1,Low,14day
2023-06-09,0.0006054281839169562,1,Low,14day
2023-06-10,0.0007017439347691834,1,Low,14day
2023-06-11,0.0029090039897710085,1,Low,14day
2023-06-12,0.006831091362982988,1,Low,14day
2023-06-13,0.016501225531101227,1,Low,14day
2023-06-14,0.017106246203184128,1,Low,14day
2023-06-15,0.07222892343997955,1,Low,14day
2023-06-16,0.09870970249176025,1,Low,14day
2023-06-17,0.8786852955818176,4,Very High,14day
2023-06-18,0.9389215707778931,4,Very High,14day
2023-06-19,0.84527587890625,4,Very High,14day
2023-06-20,0.954857587814331,4,Very High,14day
2023-06-21,0.9486895203590393,4,Very High,14day
2023-06-22,0.9339463710784912,4,Very High,14day
2023-06-23,0.39843133091926575,2,Moderate,14day
2023-06-24,0.19059303402900696,1,Low,14day
2023-06-25,0.4633721709251404,2,Moderate,14day
2023-06-26,0.5046948790550232,3,High,14day
2023-06-27,0.7823372483253479,4,Very High,14day
2023-06-28,0.9860965609550476,4,Very High,14day
2023-06-29,0.9918718338012695,4,Very High,14day
2023-06-30,0.9623717665672302,4,Very High,14day
2023-07-01,0.8581833839416504,4,Very High,14day
2023-07-02,0.765090823173523,4,Very High,14day
2023-07-03,0.7266883254051208,3,High,14day
2023-07-04,0.5463901162147522,3,High,14day
2023-07-05,0.6714755296707153,3,High,14day
2023-07-06,0.7695648670196533,4,Very High,14day
2023-07-07,0.9612078666687012,4,Very High,14day
2023-07-08,0.9929775595664978,4,Very High,14day
2023-07-09,0.9992560744285583,4,Very High,14day
2023-07-10,0.9995512366294861,4,Very High,14day
2023-07-11,0.9997535347938538,4,Very High,14day
2023-07-12,0.9997214674949646,4,Very High,14day
2023-07-13,0.9997064471244812,4,Very High,14day
2023-07-14,0.9996448755264282,4,Very High,14day
2023-07-15,0.9994099140167236,4,Very High,14day
2023-07-16,0.9994016885757446,4,Very High,14day
2023-07-17,0.9977710247039795,4,Very High,14day
2023-07-18,0.9904252886772156,4,Very High,14day
2023-07-19,0.9779617786407471,4,Very High,14day
2023-07-20,0.9444055557250977,4,Very High,14day
2023-07-21,0.9785303473472595,4,Very High,14day
2023-07-22,0.9712167382240295,4,Very High,14day
2023-07-23,0.9984690546989441,4,Very High,14day
2023-07-24,0.9994875192642212,4,Very High,14day
2023-07-25,0.9992507100105286,4,Very High,14day
2023-07-26,0.9994563460350037,4,Very High,14day
2023-07-27,0.9994418025016785,4,Very High,14day
2023-07-28,0.9992709755897522,4,Very High,14day
2023-07-29,0.9992334842681885,4,Very High,14day
2023-07-30,0.999581515789032,4,Very High,14day
2023-07-31,0.99950110912323,4,Very High,14day
2023-08-01,0.9994671940803528,4,Very High,14day
2023-08-02,0.9995261430740356,4,Very High,14day
2023-08-03,0.9992747902870178,4,Very High,14day
2023-08-04,0.9992005228996277,4,Very High,14day
2023-08-05,0.9984431862831116,4,Very High,14day
2023-08-06,0.9982559084892273,4,Very High,14day
2023-08-07,0.9970163106918335,4,Very High,14day
2023-08-08,0.9892710447311401,4,Very High,14day
2023-08-09,0.06271487474441528,1,Low,14day
2023-08-10,0.08982272446155548,1,Low,14day
2023-08-11,0.02945663221180439,1,Low,14day
2023-08-12,0.031184742227196693,1,Low,14day
2023-08-13,0.008744565770030022,1,Low,14day
2023-08-14,0.013241264037787914,1,Low,14day
2023-08-15,0.004684047307819128,1,Low,14day
2023-08-16,0.0017885955749079585,1,Low,14day
2023-08-17,0.0016375310951843858,1,Low,14day
2023-08-18,0.0018697823397815228,1,Low,14day
2023-08-19,0.0016059605404734612,1,Low,14day
2023-08-20,0.0008529103361070156,1,Low,14day
2023-08-21,0.000777852488681674,1,Low,14day
2023-08-22,0.0005551486392505467,1,Low,14day
2023-08-23,0.0003419653221499175,1,Low,14day
2023-08-24,0.000225053183385171,1,Low,14day
2023-08-25,0.00016104287351481616,1,Low,14day
2023-08-26,0.00015552938566543162,1,Low,14day
2023-08-27,8.219734445447102e-05,1,Low,14day
2023-08-28,0.00024226379173342139,1,Low,14day
2023-08-29,5.9607034927466884e-05,1,Low,14day
2023-08-30,9.266097549698316e-06,1,Low,14day
2023-08-31,9.940960808307864e-06,1,Low,14day
2023-09-01,1.9349765352671966e-05,1,Low,14day
2023-09-02,1.2164359759481158e-05,1,Low,14day
2023-09-03,5.393568426370621e-05,1,Low,14day
2023-09-04,6.639543425990269e-05,1,Low,14day
2023-09-05,2.3731319743092172e-05,1,Low,14day
2023-09-06,2.9614000595756806e-05,1,Low,14day
2023-09-07,5.2663421229226515e-05,1,Low,14day
2023-09-08,5.179980144021101e-05,1,Low,14day
2023-09-09,0.0001796485303202644,1,Low,14day
2023-09-10,0.0006140316836535931,1,Low,14day
2023-09-11,0.0008231633109971881,1,Low,14day
2023-09-12,0.000581544591113925,1,Low,14day
2023-09-13,0.00039334059692919254,1,Low,14day
2023-09-14,0.000204609299544245,1,Low,14day
2023-09-15,0.00020260082965251058,1,Low,14day
2023-09-16,0.0003185475361533463,1,Low,14day
2023-09-17,0.0016041129129007459,1,Low,14day
2023-09-18,0.006807183381170034,1,Low,14day
2023-09-19,0.011934910900890827,1,Low,14day
2023-09-20,0.016507340595126152,1,Low,14day
2023-09-21,0.01381764654070139,1,Low,14day
2023-09-22,0.0025806992780417204,1,Low,14day
2023-09-23,0.0028252392075955868,1,Low,14day
2023-09-24,0.011539788916707039,1,Low,14day
2023-09-25,0.001489864895120263,1,Low,14day
2023-09-26,0.0007711639045737684,1,Low,14day
2023-09-27,0.0009256137418560684,1,Low,14day
2023-09-28,0.0006012462545186281,1,Low,14day
2023-09-29,0.00046605884563177824,1,Low,14day
2023-09-30,0.0005564958555623889,1,Low,14day
2023-10-01,0.00045648778905160725,1,Low,14day
2023-10-02,0.00020581480930559337,1,Low,14day
2023-10-03,0.00011050786270061508,1,Low,14day
2023-10-04,5.444858834380284e-05,1,Low,14day
2023-10-05,8.49211064632982e-05,1,Low,14day
2023-10-06,0.00014343796647153795,1,Low,14day
2023-10-07,0.00012489382061176002,1,Low,14day
2023-10-08,0.0002713674621190876,1,Low,14day
2023-10-09,0.00042784976540133357,1,Low,14day
2023-10-10,0.00030095616239123046,1,Low,14day
2023-10-11,0.00015267965500243008,1,Low,14day
2023-10-12,0.0001886876707430929,1,Low,14day
2023-10-13,0.00016903318464756012,1,Low,14day
2023-10-14,0.00011241007450735196,1,Low,14day
2023-10-15,0.00014910325990058482,1,Low,14day
2023-10-16,0.0002030520117841661,1,Low,14day
2023-10-17,0.0001925575197674334,1,Low,14day
2023-10-18,6.605422095162794e-05,1,Low,14day
2023-10-19,7.372458640020341e-05,1,Low,14day
2023-10-20,0.00011698335583787411,1,Low,14day
2023-10-21,0.00014925333380233496,1,Low,14day
2023-10-22,0.00014546421880368143,1,Low,14day
2023-10-23,0.0001481517538195476,1,Low,14day
2023-10-24,0.00010050734272226691,1,Low,14day
2023-10-25,0.00011862734390888363,1,Low,14day
2023-10-26,0.000123733319924213,1,Low,14day
2023-10-27,9.248672722605988e-05,1,Low,14day
2023-10-28,0.00013731508806813508,1,Low,14day
2023-10-29,6.538708839798346e-05,1,Low,14day
2023-10-30,4.15529721067287e-05,1,Low,14day
2023-10-31,4.639606413547881e-05,1,Low,14day
2023-11-01,6.977103475946933e-05,1,Low,14day
2023-11-02,6.444061000365764e-05,1,Low,14day
2023-11-03,7.222251588245854e-05,1,Low,14day
2023-11-04,6.779759132768959e-05,1,Low,14day
2023-11-05,7.131564052542672e-05,1,Low,14day
2023-11-06,9.130242688115686e-05,1,Low,14day
2023-11-07,0.00012418189726304263,1,Low,14day
2023-11-08,0.00014802833902649581,1,Low,14day
2023-11-09,6.551322439918295e-05,1,Low,14day
2023-11-10,3.9668349927524105e-05,1,Low,14day
2023-11-11,0.00012168046669103205,1,Low,14day
2023-11-12,7.804335473338142e-05,1,Low,14day
2023-11-13,9.112133557209745e-05,1,Low,14day
2023-11-14,0.00019467517267912626,1,Low,14day
2023-11-15,0.0002620448649395257,1,Low,14day
2023-11-16,0.00033326447010040283,1,Low,14day
2023-11-17,0.00013128154387231916,1,Low,14day
2023-11-18,9.544685599394143e-05,1,Low,14day
2023-11-19,8.537132816854864e-05,1,Low,14day
2023-11-20,9.862908336799592e-05,1,Low,14day
2023-11-21,0.00012680533109232783,1,Low,14day
2023-11-22,9.387909813085571e-05,1,Low,14day
2023-11-23,9.855508687905967e-05,1,Low,14day
2023-11-24,0.00012342305853962898,1,Low,14day
2023-11-25,0.00013254063378553838,1,Low,14day
2023-11-26,0.00025381907471455634,1,Low,14day
2023-11-27,0.0001961893867701292,1,Low,14day
2023-11-28,0.00019844534108415246,1,Low,14day
2023-11-29,0.0001872918801382184,1,Low,14day
2023-11-30,0.00013862569176126271,1,Low,14day
2023-12-01,0.00035317521542310715,1,Low,14day
2023-12-02,0.00039390739402733743,1,Low,14day
2023-12-03,0.0006434693932533264,1,Low,14day
2023-12-04,0.0005228715599514544,1,Low,14day
2023-12-05,0.0003408956981729716,1,Low,14day
2023-12-06,0.00018247601110488176,1,Low,14day
2023-12-07,0.00010308658966096118,1,Low,14day
2023-12-08,4.424282815307379e-05,1,Low,14day
2023-12-09,6.98804942658171e-05,1,Low,14day
2023-12-10,6.429538188967854e-05,1,Low,14day
2023-12-11,7.556827767984942e-05,1,Low,14day
2023-12-12,8.338424959219992e-05,1,Low,14day
2023-12-13,8.725794032216072e-05,1,Low,14day
2023-12-14,6.583676440641284e-05,1,Low,14day
2023-12-15,6.379226397257298e-05,1,Low,14day
2023-12-16,5.925683944951743e-05,1,Low,14day
2023-12-17,7.040684431558475e-05,1,Low,14day
