latitude,longitude,timestamp,flood_probability,risk_class,risk_label,forecast_horizon
28.5,68.75,2019-08-01,0.03475066274404526,1,Low,spatial_event
28.5,69.0,2019-08-01,0.03452583774924278,1,Low,spatial_event
28.5,69.25,2019-08-01,0.031914133578538895,1,Low,spatial_event
28.5,69.5,2019-08-01,0.031914133578538895,1,Low,spatial_event
28.5,69.75,2019-08-01,0.019525989890098572,1,Low,spatial_event
28.25,68.25,2019-08-01,0.09440042078495026,1,Low,spatial_event
28.25,68.5,2019-08-01,0.042869340628385544,1,Low,spatial_event
28.25,68.75,2019-08-01,0.04450247809290886,1,Low,spatial_event
28.25,69.0,2019-08-01,0.025022344663739204,1,Low,spatial_event
28.25,69.25,2019-08-01,0.049161672592163086,1,Low,spatial_event
28.25,69.5,2019-08-01,0.05262579768896103,1,Low,spatial_event
28.25,69.75,2019-08-01,0.04090367630124092,1,Low,spatial_event
28.0,67.75,2019-08-01,0.04741333797574043,1,Low,spatial_event
28.0,68.0,2019-08-01,0.0783458799123764,1,Low,spatial_event
28.0,68.25,2019-08-01,0.08970160037279129,1,Low,spatial_event
28.0,68.5,2019-08-01,0.051315970718860626,1,Low,spatial_event
28.0,68.75,2019-08-01,0.04306882992386818,1,Low,spatial_event
28.0,69.0,2019-08-01,0.05537562072277069,1,Low,spatial_event
28.0,69.25,2019-08-01,0.08539165556430817,1,Low,spatial_event
28.0,69.5,2019-08-01,0.038037631660699844,1,Low,spatial_event
28.0,69.75,2019-08-01,0.03657825291156769,1,Low,spatial_event
28.0,70.0,2019-08-01,0.06850910931825638,1,Low,spatial_event
27.75,67.25,2019-08-01,0.018226517364382744,1,Low,spatial_event
27.75,67.5,2019-08-01,0.03672204539179802,1,Low,spatial_event
27.75,67.75,2019-08-01,0.08837275207042694,1,Low,spatial_event
27.75,68.0,2019-08-01,0.10794037580490112,1,Low,spatial_event
27.75,68.25,2019-08-01,0.08694436401128769,1,Low,spatial_event
27.75,68.5,2019-08-01,0.05150284245610237,1,Low,spatial_event
27.75,68.75,2019-08-01,0.2409549057483673,1,Low,spatial_event
27.75,69.0,2019-08-01,0.055712614208459854,1,Low,spatial_event
27.75,69.25,2019-08-01,0.06073962152004242,1,Low,spatial_event
27.75,69.5,2019-08-01,0.06021352857351303,1,Low,spatial_event
27.75,69.75,2019-08-01,0.15097960829734802,1,Low,spatial_event
27.75,70.0,2019-08-01,0.17370179295539856,1,Low,spatial_event
27.5,67.25,2019-08-01,0.018226517364382744,1,Low,spatial_event
27.5,67.5,2019-08-01,0.04152242839336395,1,Low,spatial_event
27.5,67.75,2019-08-01,0.09199907630681992,1,Low,spatial_event
27.5,68.0,2019-08-01,0.11368883401155472,1,Low,spatial_event
27.5,68.25,2019-08-01,0.05537562072277069,1,Low,spatial_event
27.5,68.5,2019-08-01,0.0956404060125351,1,Low,spatial_event
27.5,68.75,2019-08-01,0.3106732666492462,2,Moderate,spatial_event
27.5,69.0,2019-08-01,0.06424979865550995,1,Low,spatial_event
27.5,69.25,2019-08-01,0.057992514222860336,1,Low,spatial_event
27.5,69.5,2019-08-01,0.0603846050798893,1,Low,spatial_event
27.5,69.75,2019-08-01,0.05408204346895218,1,Low,spatial_event
27.5,70.0,2019-08-01,0.029690084978938103,1,Low,spatial_event
27.25,67.25,2019-08-01,0.04015403613448143,1,Low,spatial_event
27.25,67.5,2019-08-01,0.05310504883527756,1,Low,spatial_event
27.25,67.75,2019-08-01,0.09735171496868134,1,Low,spatial_event
27.25,68.0,2019-08-01,0.40409305691719055,2,Moderate,spatial_event
27.25,68.25,2019-08-01,0.10910366475582123,1,Low,spatial_event
27.25,68.5,2019-08-01,0.09619458764791489,1,Low,spatial_event
27.25,68.75,2019-08-01,0.08424828946590424,1,Low,spatial_event
27.25,69.0,2019-08-01,0.050803106278181076,1,Low,spatial_event
27.25,69.25,2019-08-01,0.07244013994932175,1,Low,spatial_event
27.25,69.5,2019-08-01,0.061060816049575806,1,Low,spatial_event
27.25,69.75,2019-08-01,0.03067522868514061,1,Low,spatial_event
27.0,67.25,2019-08-01,0.05136428028345108,1,Low,spatial_event
27.0,67.5,2019-08-01,0.04544699937105179,1,Low,spatial_event
27.0,67.75,2019-08-01,0.10219665616750717,1,Low,spatial_event
27.0,68.0,2019-08-01,0.062532439827919,1,Low,spatial_event
27.0,68.25,2019-08-01,0.08793246746063232,1,Low,spatial_event
27.0,68.5,2019-08-01,0.07793280482292175,1,Low,spatial_event
27.0,68.75,2019-08-01,0.053599219769239426,1,Low,spatial_event
27.0,69.0,2019-08-01,0.05211777612566948,1,Low,spatial_event
27.0,69.25,2019-08-01,0.16350945830345154,1,Low,spatial_event
27.0,69.5,2019-08-01,0.18406647443771362,1,Low,spatial_event
26.75,67.25,2019-08-01,0.03173159435391426,1,Low,spatial_event
26.75,67.5,2019-08-01,0.07435866445302963,1,Low,spatial_event
26.75,67.75,2019-08-01,0.31754812598228455,2,Moderate,spatial_event
26.75,68.0,2019-08-01,0.048875585198402405,1,Low,spatial_event
26.75,68.25,2019-08-01,0.31511783599853516,2,Moderate,spatial_event
26.75,68.5,2019-08-01,0.07725443691015244,1,Low,spatial_event
26.75,68.75,2019-08-01,0.06467672437429428,1,Low,spatial_event
26.75,69.0,2019-08-01,0.054982054978609085,1,Low,spatial_event
26.75,69.25,2019-08-01,0.14784738421440125,1,Low,spatial_event
26.75,69.5,2019-08-01,0.1167430430650711,1,Low,spatial_event
26.75,69.75,2019-08-01,0.06123628094792366,1,Low,spatial_event
26.5,67.25,2019-08-01,0.02804591879248619,1,Low,spatial_event
26.5,67.5,2019-08-01,0.10567350685596466,1,Low,spatial_event
26.5,67.75,2019-08-01,0.09256988763809204,1,Low,spatial_event
26.5,68.0,2019-08-01,0.3569994270801544,2,Moderate,spatial_event
26.5,68.25,2019-08-01,0.12845279276371002,1,Low,spatial_event
26.5,68.5,2019-08-01,0.10257340222597122,1,Low,spatial_event
26.5,68.75,2019-08-01,0.0633775070309639,1,Low,spatial_event
26.5,69.0,2019-08-01,0.03931425139307976,1,Low,spatial_event
26.5,69.25,2019-08-01,0.03328598290681839,1,Low,spatial_event
26.5,69.5,2019-08-01,0.06123628094792366,1,Low,spatial_event
26.5,69.75,2019-08-01,0.06123628094792366,1,Low,spatial_event
26.5,70.0,2019-08-01,0.015374181792140007,1,Low,spatial_event
26.5,70.25,2019-08-01,0.015374181792140007,1,Low,spatial_event
26.25,67.25,2019-08-01,0.022235335782170296,1,Low,spatial_event
26.25,67.5,2019-08-01,0.05068478360772133,1,Low,spatial_event
26.25,67.75,2019-08-01,0.053561918437480927,1,Low,spatial_event
26.25,68.0,2019-08-01,0.057806339114904404,1,Low,spatial_event
26.25,68.25,2019-08-01,0.08908842504024506,1,Low,spatial_event
26.25,68.5,2019-08-01,0.16422082483768463,1,Low,spatial_event
26.25,68.75,2019-08-01,0.1421913504600525,1,Low,spatial_event
26.25,69.0,2019-08-01,0.044509582221508026,1,Low,spatial_event
26.25,69.25,2019-08-01,0.05897987261414528,1,Low,spatial_event
26.25,69.5,2019-08-01,0.03931425139307976,1,Low,spatial_event
26.25,69.75,2019-08-01,0.017116593196988106,1,Low,spatial_event
26.25,70.0,2019-08-01,0.015614950098097324,1,Low,spatial_event
26.25,70.25,2019-08-01,0.015374181792140007,1,Low,spatial_event
26.0,67.5,2019-08-01,0.040040284395217896,1,Low,spatial_event
26.0,67.75,2019-08-01,0.01786603406071663,1,Low,spatial_event
26.0,68.0,2019-08-01,0.16084665060043335,1,Low,spatial_event
26.0,68.25,2019-08-01,0.20660415291786194,1,Low,spatial_event
26.0,68.5,2019-08-01,0.05736187472939491,1,Low,spatial_event
26.0,68.75,2019-08-01,0.04931950196623802,1,Low,spatial_event
26.0,69.0,2019-08-01,0.07077128440141678,1,Low,spatial_event
26.0,69.25,2019-08-01,0.05897987261414528,1,Low,spatial_event
26.0,69.5,2019-08-01,0.04148174077272415,1,Low,spatial_event
26.0,69.75,2019-08-01,0.04148174077272415,1,Low,spatial_event
26.0,70.0,2019-08-01,0.03931425139307976,1,Low,spatial_event
25.75,67.5,2019-08-01,0.0382530502974987,1,Low,spatial_event
25.75,67.75,2019-08-01,0.04227041080594063,1,Low,spatial_event
25.75,68.0,2019-08-01,0.0235559344291687,1,Low,spatial_event
25.75,68.25,2019-08-01,0.020204655826091766,1,Low,spatial_event
25.75,68.5,2019-08-01,0.052978161722421646,1,Low,spatial_event
25.75,68.75,2019-08-01,0.05064922943711281,1,Low,spatial_event
25.75,69.0,2019-08-01,0.05907297506928444,1,Low,spatial_event
25.75,69.25,2019-08-01,0.049568451941013336,1,Low,spatial_event
25.75,69.5,2019-08-01,0.054518330842256546,1,Low,spatial_event
25.75,69.75,2019-08-01,0.03733108565211296,1,Low,spatial_event
25.75,70.0,2019-08-01,0.03013516589999199,1,Low,spatial_event
25.75,70.25,2019-08-01,0.03462107852101326,1,Low,spatial_event
25.75,70.5,2019-08-01,0.033513594418764114,1,Low,spatial_event
25.75,70.75,2019-08-01,0.11596741527318954,1,Low,spatial_event
25.5,67.25,2019-08-01,0.20899948477745056,1,Low,spatial_event
25.5,67.5,2019-08-01,0.04725135490298271,1,Low,spatial_event
25.5,67.75,2019-08-01,0.05872471630573273,1,Low,spatial_event
25.5,68.0,2019-08-01,0.11202383041381836,1,Low,spatial_event
25.5,68.25,2019-08-01,0.021236754953861237,1,Low,spatial_event
25.5,68.5,2019-08-01,0.17011809349060059,1,Low,spatial_event
25.5,68.75,2019-08-01,0.06290282309055328,1,Low,spatial_event
25.5,69.0,2019-08-01,0.03524450585246086,1,Low,spatial_event
25.5,69.25,2019-08-01,0.047888971865177155,1,Low,spatial_event
25.5,69.5,2019-08-01,0.03996938839554787,1,Low,spatial_event
25.5,69.75,2019-08-01,0.026747731491923332,1,Low,spatial_event
25.5,70.0,2019-08-01,0.031134601682424545,1,Low,spatial_event
25.5,70.25,2019-08-01,0.03013516589999199,1,Low,spatial_event
25.5,70.5,2019-08-01,0.05238041654229164,1,Low,spatial_event
25.5,70.75,2019-08-01,0.04934455826878548,1,Low,spatial_event
25.25,67.0,2019-08-01,0.07544401288032532,1,Low,spatial_event
25.25,67.25,2019-08-01,0.12043795734643936,1,Low,spatial_event
25.25,67.5,2019-08-01,0.13337606191635132,1,Low,spatial_event
25.25,67.75,2019-08-01,0.060140710324048996,1,Low,spatial_event
25.25,68.0,2019-08-01,0.040313512086868286,1,Low,spatial_event
25.25,68.25,2019-08-01,0.11196388304233551,1,Low,spatial_event
25.25,68.5,2019-08-01,0.025630157440900803,1,Low,spatial_event
25.25,68.75,2019-08-01,0.020605498924851418,1,Low,spatial_event
25.25,69.0,2019-08-01,0.04662425071001053,1,Low,spatial_event
25.25,69.25,2019-08-01,0.1430656760931015,1,Low,spatial_event
25.25,69.5,2019-08-01,0.02408025786280632,1,Low,spatial_event
25.25,69.75,2019-08-01,0.017691761255264282,1,Low,spatial_event
25.25,70.0,2019-08-01,0.013284070417284966,1,Low,spatial_event
25.25,70.25,2019-08-01,0.02128300629556179,1,Low,spatial_event
25.25,70.5,2019-08-01,0.05550520494580269,1,Low,spatial_event
25.25,70.75,2019-08-01,0.05550520494580269,1,Low,spatial_event
25.25,71.0,2019-08-01,0.05550520494580269,1,Low,spatial_event
25.0,66.75,2019-08-01,0.13703669607639313,1,Low,spatial_event
25.0,67.0,2019-08-01,0.08027923852205276,1,Low,spatial_event
25.0,67.25,2019-08-01,0.16632990539073944,1,Low,spatial_event
25.0,67.5,2019-08-01,0.36795949935913086,2,Moderate,spatial_event
25.0,67.75,2019-08-01,0.06906427443027496,1,Low,spatial_event
25.0,68.0,2019-08-01,0.02762201428413391,1,Low,spatial_event
25.0,68.25,2019-08-01,0.017006054520606995,1,Low,spatial_event
25.0,68.5,2019-08-01,0.027226591482758522,1,Low,spatial_event
25.0,68.75,2019-08-01,0.11361049115657806,1,Low,spatial_event
25.0,69.0,2019-08-01,0.02818228490650654,1,Low,spatial_event
25.0,69.25,2019-08-01,0.024194519966840744,1,Low,spatial_event
25.0,69.5,2019-08-01,0.0233567226678133,1,Low,spatial_event
25.0,69.75,2019-08-01,0.02128300629556179,1,Low,spatial_event
25.0,70.0,2019-08-01,0.02128300629556179,1,Low,spatial_event
25.0,70.25,2019-08-01,0.07787399739027023,1,Low,spatial_event
25.0,70.5,2019-08-01,0.07787399739027023,1,Low,spatial_event
25.0,70.75,2019-08-01,0.05550520494580269,1,Low,spatial_event
25.0,71.0,2019-08-01,0.05515376105904579,1,Low,spatial_event
24.75,66.75,2019-08-01,0.6181145310401917,3,High,spatial_event
24.75,67.0,2019-08-01,0.2373124212026596,1,Low,spatial_event
24.75,67.25,2019-08-01,0.1297009438276291,1,Low,spatial_event
24.75,67.5,2019-08-01,0.11608941107988358,1,Low,spatial_event
24.75,67.75,2019-08-01,0.06804212927818298,1,Low,spatial_event
24.75,68.0,2019-08-01,0.018075283616781235,1,Low,spatial_event
24.75,68.25,2019-08-01,0.11383388191461563,1,Low,spatial_event
24.75,68.5,2019-08-01,0.03286612778902054,1,Low,spatial_event
24.75,68.75,2019-08-01,0.12471630424261093,1,Low,spatial_event
24.75,69.0,2019-08-01,0.04646959900856018,1,Low,spatial_event
24.75,69.25,2019-08-01,0.03252673149108887,1,Low,spatial_event
24.75,69.5,2019-08-01,0.034120824187994,1,Low,spatial_event
24.75,69.75,2019-08-01,0.04385659471154213,1,Low,spatial_event
24.75,70.0,2019-08-01,0.0973263531923294,1,Low,spatial_event
24.75,70.25,2019-08-01,0.02483082190155983,1,Low,spatial_event
24.75,70.5,2019-08-01,0.05515376105904579,1,Low,spatial_event
24.75,70.75,2019-08-01,0.05338316783308983,1,Low,spatial_event
24.75,71.0,2019-08-01,0.05814163386821747,1,Low,spatial_event
24.5,67.25,2019-08-01,0.2776106297969818,2,Moderate,spatial_event
24.5,67.5,2019-08-01,0.3460966646671295,2,Moderate,spatial_event
24.5,67.75,2019-08-01,0.30321240425109863,2,Moderate,spatial_event
24.5,68.0,2019-08-01,0.026138518005609512,1,Low,spatial_event
24.5,68.25,2019-08-01,0.03373761847615242,1,Low,spatial_event
24.5,68.5,2019-08-01,0.037675026804208755,1,Low,spatial_event
24.5,68.75,2019-08-01,0.1455046534538269,1,Low,spatial_event
24.5,69.0,2019-08-01,0.03749954700469971,1,Low,spatial_event
24.5,69.25,2019-08-01,0.03529771789908409,1,Low,spatial_event
24.5,69.5,2019-08-01,0.022470863536000252,1,Low,spatial_event
24.5,69.75,2019-08-01,0.03177861496806145,1,Low,spatial_event
24.5,70.0,2019-08-01,0.03069888800382614,1,Low,spatial_event
24.5,70.25,2019-08-01,0.07175266742706299,1,Low,spatial_event
24.5,70.5,2019-08-01,0.026903118938207626,1,Low,spatial_event
24.5,70.75,2019-08-01,0.027025578543543816,1,Low,spatial_event
24.5,71.0,2019-08-01,0.05506233870983124,1,Low,spatial_event
24.25,67.25,2019-08-01,0.2776106297969818,2,Moderate,spatial_event
24.25,67.5,2019-08-01,0.14464609324932098,1,Low,spatial_event
24.25,67.75,2019-08-01,0.14363297820091248,1,Low,spatial_event
24.25,68.0,2019-08-01,0.1873416155576706,1,Low,spatial_event
24.25,68.25,2019-08-01,0.17722180485725403,1,Low,spatial_event
24.25,68.5,2019-08-01,0.037675026804208755,1,Low,spatial_event
24.25,68.75,2019-08-01,0.08927654474973679,1,Low,spatial_event
24.25,69.0,2019-08-01,0.3531765043735504,2,Moderate,spatial_event
24.25,69.25,2019-08-01,0.12703953683376312,1,Low,spatial_event
24.25,69.5,2019-08-01,0.2751007378101349,2,Moderate,spatial_event
24.25,69.75,2019-08-01,0.036461930721998215,1,Low,spatial_event
24.25,70.0,2019-08-01,0.0464317686855793,1,Low,spatial_event
24.25,70.25,2019-08-01,0.021972183138132095,1,Low,spatial_event
24.25,70.5,2019-08-01,0.10832574963569641,1,Low,spatial_event
24.25,70.75,2019-08-01,0.027010435238480568,1,Low,spatial_event
24.25,71.0,2019-08-01,0.016220949590206146,1,Low,spatial_event
24.0,67.25,2019-08-01,0.2776106297969818,2,Moderate,spatial_event
24.0,67.5,2019-08-01,0.28186723589897156,2,Moderate,spatial_event
24.0,67.75,2019-08-01,0.2691768705844879,2,Moderate,spatial_event
24.0,68.0,2019-08-01,0.1827920526266098,1,Low,spatial_event
24.0,68.25,2019-08-01,0.026491975411772728,1,Low,spatial_event
24.0,68.5,2019-08-01,0.0888829305768013,1,Low,spatial_event
24.0,68.75,2019-08-01,0.23984608054161072,1,Low,spatial_event
23.75,67.5,2019-08-01,0.2652953565120697,2,Moderate,spatial_event
23.75,67.75,2019-08-01,0.2652953565120697,2,Moderate,spatial_event
23.75,68.0,2019-08-01,0.2652953565120697,2,Moderate,spatial_event
23.75,68.25,2019-08-01,0.26504114270210266,2,Moderate,spatial_event
28.5,68.75,2019-08-02,0.02770516276359558,1,Low,spatial_event
28.5,69.0,2019-08-02,0.02118738740682602,1,Low,spatial_event
28.5,69.25,2019-08-02,0.025089934468269348,1,Low,spatial_event
28.5,69.5,2019-08-02,0.021280750632286072,1,Low,spatial_event
28.5,69.75,2019-08-02,0.01458094734698534,1,Low,spatial_event
28.25,68.25,2019-08-02,0.05718220770359039,1,Low,spatial_event
28.25,68.5,2019-08-02,0.0621739886701107,1,Low,spatial_event
28.25,68.75,2019-08-02,0.038933005183935165,1,Low,spatial_event
28.25,69.0,2019-08-02,0.025826072320342064,1,Low,spatial_event
28.25,69.25,2019-08-02,0.02580844610929489,1,Low,spatial_event
28.25,69.5,2019-08-02,0.0259704552590847,1,Low,spatial_event
28.25,69.75,2019-08-02,0.039717305451631546,1,Low,spatial_event
28.0,67.75,2019-08-02,0.04063359647989273,1,Low,spatial_event
28.0,68.0,2019-08-02,0.06501898914575577,1,Low,spatial_event
28.0,68.25,2019-08-02,0.07037672400474548,1,Low,spatial_event
28.0,68.5,2019-08-02,0.2571502923965454,2,Moderate,spatial_event
28.0,68.75,2019-08-02,0.04469307139515877,1,Low,spatial_event
28.0,69.0,2019-08-02,0.035164136439561844,1,Low,spatial_event
28.0,69.25,2019-08-02,0.04731949791312218,1,Low,spatial_event
28.0,69.5,2019-08-02,0.04659147188067436,1,Low,spatial_event
28.0,69.75,2019-08-02,0.03910144045948982,1,Low,spatial_event
28.0,70.0,2019-08-02,0.03157557174563408,1,Low,spatial_event
27.75,67.25,2019-08-02,0.013606690801680088,1,Low,spatial_event
27.75,67.5,2019-08-02,0.04602351784706116,1,Low,spatial_event
27.75,67.75,2019-08-02,0.07855331897735596,1,Low,spatial_event
27.75,68.0,2019-08-02,0.06255074590444565,1,Low,spatial_event
27.75,68.25,2019-08-02,0.07841096073389053,1,Low,spatial_event
27.75,68.5,2019-08-02,0.02473490871489048,1,Low,spatial_event
27.75,68.75,2019-08-02,0.031018495559692383,1,Low,spatial_event
27.75,69.0,2019-08-02,0.035164136439561844,1,Low,spatial_event
27.75,69.25,2019-08-02,0.03639936074614525,1,Low,spatial_event
27.75,69.5,2019-08-02,0.03768054023385048,1,Low,spatial_event
27.75,69.75,2019-08-02,0.08478482812643051,1,Low,spatial_event
27.75,70.0,2019-08-02,0.08510465174913406,1,Low,spatial_event
27.5,67.25,2019-08-02,0.03014608472585678,1,Low,spatial_event
27.5,67.5,2019-08-02,0.049154072999954224,1,Low,spatial_event
27.5,67.75,2019-08-02,0.07292207330465317,1,Low,spatial_event
27.5,68.0,2019-08-02,0.07418576627969742,1,Low,spatial_event
27.5,68.25,2019-08-02,0.05212567746639252,1,Low,spatial_event
27.5,68.5,2019-08-02,0.037496235221624374,1,Low,spatial_event
27.5,68.75,2019-08-02,0.13568323850631714,1,Low,spatial_event
27.5,69.0,2019-08-02,0.03578311577439308,1,Low,spatial_event
27.5,69.25,2019-08-02,0.03578311577439308,1,Low,spatial_event
27.5,69.5,2019-08-02,0.09699195623397827,1,Low,spatial_event
27.5,69.75,2019-08-02,0.02814457379281521,1,Low,spatial_event
27.5,70.0,2019-08-02,0.053318578749895096,1,Low,spatial_event
27.25,67.25,2019-08-02,0.055076394230127335,1,Low,spatial_event
27.25,67.5,2019-08-02,0.049154072999954224,1,Low,spatial_event
27.25,67.75,2019-08-02,0.07295691967010498,1,Low,spatial_event
27.25,68.0,2019-08-02,0.3756769597530365,2,Moderate,spatial_event
27.25,68.25,2019-08-02,0.055602047592401505,1,Low,spatial_event
27.25,68.5,2019-08-02,0.04673449695110321,1,Low,spatial_event
27.25,68.75,2019-08-02,0.0451803021132946,1,Low,spatial_event
27.25,69.0,2019-08-02,0.028115132823586464,1,Low,spatial_event
27.25,69.25,2019-08-02,0.0857413113117218,1,Low,spatial_event
27.25,69.5,2019-08-02,0.028652019798755646,1,Low,spatial_event
27.25,69.75,2019-08-02,0.022939464077353477,1,Low,spatial_event
27.0,67.25,2019-08-02,0.04793085530400276,1,Low,spatial_event
27.0,67.5,2019-08-02,0.057903118431568146,1,Low,spatial_event
27.0,67.75,2019-08-02,0.08941846340894699,1,Low,spatial_event
27.0,68.0,2019-08-02,0.041096772998571396,1,Low,spatial_event
27.0,68.25,2019-08-02,0.05222807079553604,1,Low,spatial_event
27.0,68.5,2019-08-02,0.04538678377866745,1,Low,spatial_event
27.0,68.75,2019-08-02,0.030526265501976013,1,Low,spatial_event
27.0,69.0,2019-08-02,0.029049580916762352,1,Low,spatial_event
27.0,69.25,2019-08-02,0.09520108997821808,1,Low,spatial_event
27.0,69.5,2019-08-02,0.05559556186199188,1,Low,spatial_event
26.75,67.25,2019-08-02,0.05307259038090706,1,Low,spatial_event
26.75,67.5,2019-08-02,0.059177789837121964,1,Low,spatial_event
26.75,67.75,2019-08-02,0.09690234065055847,1,Low,spatial_event
26.75,68.0,2019-08-02,0.02535085193812847,1,Low,spatial_event
26.75,68.25,2019-08-02,0.08945619314908981,1,Low,spatial_event
26.75,68.5,2019-08-02,0.03250747546553612,1,Low,spatial_event
26.75,68.75,2019-08-02,0.033582866191864014,1,Low,spatial_event
26.75,69.0,2019-08-02,0.030744627118110657,1,Low,spatial_event
26.75,69.25,2019-08-02,0.08961373567581177,1,Low,spatial_event
26.75,69.5,2019-08-02,0.06600494682788849,1,Low,spatial_event
26.75,69.75,2019-08-02,0.06600494682788849,1,Low,spatial_event
26.5,67.25,2019-08-02,0.06153714656829834,1,Low,spatial_event
26.5,67.5,2019-08-02,0.07440812140703201,1,Low,spatial_event
26.5,67.75,2019-08-02,0.06568939238786697,1,Low,spatial_event
26.5,68.0,2019-08-02,0.09963185340166092,1,Low,spatial_event
26.5,68.25,2019-08-02,0.041055046021938324,1,Low,spatial_event
26.5,68.5,2019-08-02,0.021158136427402496,1,Low,spatial_event
26.5,68.75,2019-08-02,0.020018581300973892,1,Low,spatial_event
26.5,69.0,2019-08-02,0.019238131120800972,1,Low,spatial_event
26.5,69.25,2019-08-02,0.023152586072683334,1,Low,spatial_event
26.5,69.5,2019-08-02,0.06600494682788849,1,Low,spatial_event
26.5,69.75,2019-08-02,0.05525517836213112,1,Low,spatial_event
26.5,70.0,2019-08-02,0.017283564433455467,1,Low,spatial_event
26.5,70.25,2019-08-02,0.020808763802051544,1,Low,spatial_event
26.25,67.25,2019-08-02,0.050664812326431274,1,Low,spatial_event
26.25,67.5,2019-08-02,0.06485937535762787,1,Low,spatial_event
26.25,67.75,2019-08-02,0.04977775737643242,1,Low,spatial_event
26.25,68.0,2019-08-02,0.03450393304228783,1,Low,spatial_event
26.25,68.25,2019-08-02,0.02365398034453392,1,Low,spatial_event
26.25,68.5,2019-08-02,0.043638624250888824,1,Low,spatial_event
26.25,68.75,2019-08-02,0.021158136427402496,1,Low,spatial_event
26.25,69.0,2019-08-02,0.02446608990430832,1,Low,spatial_event
26.25,69.25,2019-08-02,0.01696149632334709,1,Low,spatial_event
26.25,69.5,2019-08-02,0.023152586072683334,1,Low,spatial_event
26.25,69.75,2019-08-02,0.017283564433455467,1,Low,spatial_event
26.25,70.0,2019-08-02,0.020808763802051544,1,Low,spatial_event
26.25,70.25,2019-08-02,0.020808763802051544,1,Low,spatial_event
26.0,67.5,2019-08-02,0.2467658668756485,1,Low,spatial_event
26.0,67.75,2019-08-02,0.1857086718082428,1,Low,spatial_event
26.0,68.0,2019-08-02,0.01878712885081768,1,Low,spatial_event
26.0,68.25,2019-08-02,0.04722388833761215,1,Low,spatial_event
26.0,68.5,2019-08-02,0.030534522607922554,1,Low,spatial_event
26.0,68.75,2019-08-02,0.04606420174241066,1,Low,spatial_event
26.0,69.0,2019-08-02,0.039402201771736145,1,Low,spatial_event
26.0,69.25,2019-08-02,0.014078676700592041,1,Low,spatial_event
26.0,69.5,2019-08-02,0.019238131120800972,1,Low,spatial_event
26.0,69.75,2019-08-02,0.019238131120800972,1,Low,spatial_event
26.0,70.0,2019-08-02,0.023152586072683334,1,Low,spatial_event
25.75,67.5,2019-08-02,0.26140570640563965,2,Moderate,spatial_event
25.75,67.75,2019-08-02,0.25027069449424744,2,Moderate,spatial_event
25.75,68.0,2019-08-02,0.06457334011793137,1,Low,spatial_event
25.75,68.25,2019-08-02,0.049606431275606155,1,Low,spatial_event
25.75,68.5,2019-08-02,0.039263587445020676,1,Low,spatial_event
25.75,68.75,2019-08-02,0.04217386990785599,1,Low,spatial_event
25.75,69.0,2019-08-02,0.03704054281115532,1,Low,spatial_event
25.75,69.25,2019-08-02,0.033416181802749634,1,Low,spatial_event
25.75,69.5,2019-08-02,0.013666003942489624,1,Low,spatial_event
25.75,69.75,2019-08-02,0.023152586072683334,1,Low,spatial_event
25.75,70.0,2019-08-02,0.019734950736165047,1,Low,spatial_event
25.75,70.25,2019-08-02,0.019734950736165047,1,Low,spatial_event
25.75,70.5,2019-08-02,0.02422988787293434,1,Low,spatial_event
25.75,70.75,2019-08-02,0.017353445291519165,1,Low,spatial_event
25.5,67.25,2019-08-02,0.6379108428955078,3,High,spatial_event
25.5,67.5,2019-08-02,0.29954543709754944,2,Moderate,spatial_event
25.5,67.75,2019-08-02,0.2696760296821594,2,Moderate,spatial_event
25.5,68.0,2019-08-02,0.09467173367738724,1,Low,spatial_event
25.5,68.25,2019-08-02,0.07284063845872879,1,Low,spatial_event
25.5,68.5,2019-08-02,0.09868064522743225,1,Low,spatial_event
25.5,68.75,2019-08-02,0.03839705511927605,1,Low,spatial_event
25.5,69.0,2019-08-02,0.04243553802371025,1,Low,spatial_event
25.5,69.25,2019-08-02,0.07471029460430145,1,Low,spatial_event
25.5,69.5,2019-08-02,0.02694157138466835,1,Low,spatial_event
25.5,69.75,2019-08-02,0.013793885707855225,1,Low,spatial_event
25.5,70.0,2019-08-02,0.019734950736165047,1,Low,spatial_event
25.5,70.25,2019-08-02,0.02274130843579769,1,Low,spatial_event
25.5,70.5,2019-08-02,0.027514681220054626,1,Low,spatial_event
25.5,70.75,2019-08-02,0.00788415502756834,1,Low,spatial_event
25.25,67.0,2019-08-02,0.14556872844696045,1,Low,spatial_event
25.25,67.25,2019-08-02,0.11128894239664078,1,Low,spatial_event
25.25,67.5,2019-08-02,0.10122755914926529,1,Low,spatial_event
25.25,67.75,2019-08-02,0.3397896885871887,2,Moderate,spatial_event
25.25,68.0,2019-08-02,0.09525845944881439,1,Low,spatial_event
25.25,68.25,2019-08-02,0.055985935032367706,1,Low,spatial_event
25.25,68.5,2019-08-02,0.11361711472272873,1,Low,spatial_event
25.25,68.75,2019-08-02,0.04096151888370514,1,Low,spatial_event
25.25,69.0,2019-08-02,0.029840171337127686,1,Low,spatial_event
25.25,69.25,2019-08-02,0.20145849883556366,1,Low,spatial_event
25.25,69.5,2019-08-02,0.02868577465415001,1,Low,spatial_event
25.25,69.75,2019-08-02,0.021072059869766235,1,Low,spatial_event
25.25,70.0,2019-08-02,0.02274130843579769,1,Low,spatial_event
25.25,70.25,2019-08-02,0.02274130843579769,1,Low,spatial_event
25.25,70.5,2019-08-02,0.008910002186894417,1,Low,spatial_event
25.25,70.75,2019-08-02,0.00788415502756834,1,Low,spatial_event
25.25,71.0,2019-08-02,0.013939354568719864,1,Low,spatial_event
25.0,66.75,2019-08-02,0.2398432046175003,1,Low,spatial_event
25.0,67.0,2019-08-02,0.09465546905994415,1,Low,spatial_event
25.0,67.25,2019-08-02,0.14297661185264587,1,Low,spatial_event
25.0,67.5,2019-08-02,0.44575777649879456,2,Moderate,spatial_event
25.0,67.75,2019-08-02,0.1818806529045105,1,Low,spatial_event
25.0,68.0,2019-08-02,0.13541394472122192,1,Low,spatial_event
25.0,68.25,2019-08-02,0.12781785428524017,1,Low,spatial_event
25.0,68.5,2019-08-02,0.28680849075317383,2,Moderate,spatial_event
25.0,68.75,2019-08-02,0.6572338342666626,3,High,spatial_event
25.0,69.0,2019-08-02,0.12463810294866562,1,Low,spatial_event
25.0,69.25,2019-08-02,0.03805863484740257,1,Low,spatial_event
25.0,69.5,2019-08-02,0.017106784507632256,1,Low,spatial_event
25.0,69.75,2019-08-02,0.02366044372320175,1,Low,spatial_event
25.0,70.0,2019-08-02,0.02366044372320175,1,Low,spatial_event
25.0,70.25,2019-08-02,0.05410395562648773,1,Low,spatial_event
25.0,70.5,2019-08-02,0.05589454621076584,1,Low,spatial_event
25.0,70.75,2019-08-02,0.015275374054908752,1,Low,spatial_event
25.0,71.0,2019-08-02,0.0180532094091177,1,Low,spatial_event
24.75,66.75,2019-08-02,0.5886860489845276,3,High,spatial_event
24.75,67.0,2019-08-02,0.2068006694316864,1,Low,spatial_event
24.75,67.25,2019-08-02,0.22813747823238373,1,Low,spatial_event
24.75,67.5,2019-08-02,0.17952601611614227,1,Low,spatial_event
24.75,67.75,2019-08-02,0.12555964291095734,1,Low,spatial_event
24.75,68.0,2019-08-02,0.07929199188947678,1,Low,spatial_event
24.75,68.25,2019-08-02,0.5142290592193604,3,High,spatial_event
24.75,68.5,2019-08-02,0.24861958622932434,1,Low,spatial_event
24.75,68.75,2019-08-02,0.8458318114280701,4,Very High,spatial_event
24.75,69.0,2019-08-02,0.2604687213897705,2,Moderate,spatial_event
24.75,69.25,2019-08-02,0.018149664625525475,1,Low,spatial_event
24.75,69.5,2019-08-02,0.02586796134710312,1,Low,spatial_event
24.75,69.75,2019-08-02,0.052144672721624374,1,Low,spatial_event
24.75,70.0,2019-08-02,0.19105218350887299,1,Low,spatial_event
24.75,70.25,2019-08-02,0.17798806726932526,1,Low,spatial_event
24.75,70.5,2019-08-02,0.059216585010290146,1,Low,spatial_event
24.75,70.75,2019-08-02,0.024378813803195953,1,Low,spatial_event
24.75,71.0,2019-08-02,0.02138429507613182,1,Low,spatial_event
24.5,67.25,2019-08-02,0.24243631958961487,1,Low,spatial_event
24.5,67.5,2019-08-02,0.13150419294834137,1,Low,spatial_event
24.5,67.75,2019-08-02,0.6861881017684937,3,High,spatial_event
24.5,68.0,2019-08-02,0.1499984860420227,1,Low,spatial_event
24.5,68.25,2019-08-02,0.07654236257076263,1,Low,spatial_event
24.5,68.5,2019-08-02,0.15262965857982635,1,Low,spatial_event
24.5,68.75,2019-08-02,0.4712792634963989,2,Moderate,spatial_event
24.5,69.0,2019-08-02,0.18346653878688812,1,Low,spatial_event
24.5,69.25,2019-08-02,0.07587116211652756,1,Low,spatial_event
24.5,69.5,2019-08-02,0.05263107642531395,1,Low,spatial_event
24.5,69.75,2019-08-02,0.15070638060569763,1,Low,spatial_event
24.5,70.0,2019-08-02,0.17798806726932526,1,Low,spatial_event
24.5,70.25,2019-08-02,0.17798806726932526,1,Low,spatial_event
24.5,70.5,2019-08-02,0.18187735974788666,1,Low,spatial_event
24.5,70.75,2019-08-02,0.026053600013256073,1,Low,spatial_event
24.5,71.0,2019-08-02,0.03238063305616379,1,Low,spatial_event
24.25,67.25,2019-08-02,0.24243631958961487,1,Low,spatial_event
24.25,67.5,2019-08-02,0.23444432020187378,1,Low,spatial_event
24.25,67.75,2019-08-02,0.327998548746109,2,Moderate,spatial_event
24.25,68.0,2019-08-02,0.517535924911499,3,High,spatial_event
24.25,68.25,2019-08-02,0.43928372859954834,2,Moderate,spatial_event
24.25,68.5,2019-08-02,0.15098455548286438,1,Low,spatial_event
24.25,68.75,2019-08-02,0.2911210060119629,2,Moderate,spatial_event
24.25,69.0,2019-08-02,0.2912341058254242,2,Moderate,spatial_event
24.25,69.25,2019-08-02,0.18008238077163696,1,Low,spatial_event
24.25,69.5,2019-08-02,0.14174656569957733,1,Low,spatial_event
24.25,69.75,2019-08-02,0.1362840235233307,1,Low,spatial_event
24.25,70.0,2019-08-02,0.18226996064186096,1,Low,spatial_event
24.25,70.25,2019-08-02,0.18004725873470306,1,Low,spatial_event
24.25,70.5,2019-08-02,0.03963940963149071,1,Low,spatial_event
24.25,70.75,2019-08-02,0.028183408081531525,1,Low,spatial_event
24.25,71.0,2019-08-02,0.014208492822945118,1,Low,spatial_event
24.0,67.25,2019-08-02,0.24243631958961487,1,Low,spatial_event
24.0,67.5,2019-08-02,0.2158762365579605,1,Low,spatial_event
24.0,67.75,2019-08-02,0.20530752837657928,1,Low,spatial_event
24.0,68.0,2019-08-02,0.25755149126052856,2,Moderate,spatial_event
24.0,68.25,2019-08-02,0.14413569867610931,1,Low,spatial_event
24.0,68.5,2019-08-02,0.20582401752471924,1,Low,spatial_event
24.0,68.75,2019-08-02,0.18849270045757294,1,Low,spatial_event
23.75,67.5,2019-08-02,0.2311820685863495,1,Low,spatial_event
23.75,67.75,2019-08-02,0.2311820685863495,1,Low,spatial_event
23.75,68.0,2019-08-02,0.2311820685863495,1,Low,spatial_event
23.75,68.25,2019-08-02,0.21720333397388458,1,Low,spatial_event
28.5,68.75,2019-08-03,0.023786228150129318,1,Low,spatial_event
28.5,69.0,2019-08-03,0.019020911306142807,1,Low,spatial_event
28.5,69.25,2019-08-03,0.019146770238876343,1,Low,spatial_event
28.5,69.5,2019-08-03,0.019146770238876343,1,Low,spatial_event
28.5,69.75,2019-08-03,0.013369581662118435,1,Low,spatial_event
28.25,68.25,2019-08-03,0.03132282942533493,1,Low,spatial_event
28.25,68.5,2019-08-03,0.034500762820243835,1,Low,spatial_event
28.25,68.75,2019-08-03,0.03716327250003815,1,Low,spatial_event
28.25,69.0,2019-08-03,0.02207411825656891,1,Low,spatial_event
28.25,69.25,2019-08-03,0.02207411825656891,1,Low,spatial_event
28.25,69.5,2019-08-03,0.022213218733668327,1,Low,spatial_event
28.25,69.75,2019-08-03,0.037831343710422516,1,Low,spatial_event
28.0,67.75,2019-08-03,0.01875470019876957,1,Low,spatial_event
28.0,68.0,2019-08-03,0.0301231499761343,1,Low,spatial_event
28.0,68.25,2019-08-03,0.03879596292972565,1,Low,spatial_event
28.0,68.5,2019-08-03,0.1288595348596573,1,Low,spatial_event
28.0,68.75,2019-08-03,0.042673151940107346,1,Low,spatial_event
28.0,69.0,2019-08-03,0.026392092928290367,1,Low,spatial_event
28.0,69.25,2019-08-03,0.042673151940107346,1,Low,spatial_event
28.0,69.5,2019-08-03,0.037686366587877274,1,Low,spatial_event
28.0,69.75,2019-08-03,0.03175070509314537,1,Low,spatial_event
28.0,70.0,2019-08-03,0.013089368119835854,1,Low,spatial_event
27.75,67.25,2019-08-03,0.014271310530602932,1,Low,spatial_event
27.75,67.5,2019-08-03,0.04132379963994026,1,Low,spatial_event
27.75,67.75,2019-08-03,0.0367191880941391,1,Low,spatial_event
27.75,68.0,2019-08-03,0.03132282942533493,1,Low,spatial_event
27.75,68.25,2019-08-03,0.04326168820261955,1,Low,spatial_event
27.75,68.5,2019-08-03,0.020064666867256165,1,Low,spatial_event
27.75,68.75,2019-08-03,0.03755611926317215,1,Low,spatial_event
27.75,69.0,2019-08-03,0.023999210447072983,1,Low,spatial_event
27.75,69.25,2019-08-03,0.016670923680067062,1,Low,spatial_event
27.75,69.5,2019-08-03,0.01861109398305416,1,Low,spatial_event
27.75,69.75,2019-08-03,0.012014277279376984,1,Low,spatial_event
27.75,70.0,2019-08-03,0.011899078264832497,1,Low,spatial_event
27.5,67.25,2019-08-03,0.031705331057310104,1,Low,spatial_event
27.5,67.5,2019-08-03,0.046853359788656235,1,Low,spatial_event
27.5,67.75,2019-08-03,0.0367191880941391,1,Low,spatial_event
27.5,68.0,2019-08-03,0.03738081455230713,1,Low,spatial_event
27.5,68.25,2019-08-03,0.023999210447072983,1,Low,spatial_event
27.5,68.5,2019-08-03,0.035789381712675095,1,Low,spatial_event
27.5,68.75,2019-08-03,0.03635505959391594,1,Low,spatial_event
27.5,69.0,2019-08-03,0.015714354813098907,1,Low,spatial_event
27.5,69.25,2019-08-03,0.01861109398305416,1,Low,spatial_event
27.5,69.5,2019-08-03,0.018138227984309196,1,Low,spatial_event
27.5,69.75,2019-08-03,0.01319991983473301,1,Low,spatial_event
27.5,70.0,2019-08-03,0.012425282970070839,1,Low,spatial_event
27.25,67.25,2019-08-03,0.04045072942972183,1,Low,spatial_event
27.25,67.5,2019-08-03,0.044914744794368744,1,Low,spatial_event
27.25,67.75,2019-08-03,0.038749370723962784,1,Low,spatial_event
27.25,68.0,2019-08-03,0.2094763070344925,1,Low,spatial_event
27.25,68.25,2019-08-03,0.04334273934364319,1,Low,spatial_event
27.25,68.5,2019-08-03,0.03635505959391594,1,Low,spatial_event
27.25,68.75,2019-08-03,0.015029946342110634,1,Low,spatial_event
27.25,69.0,2019-08-03,0.012286536395549774,1,Low,spatial_event
27.25,69.25,2019-08-03,0.011943455785512924,1,Low,spatial_event
27.25,69.5,2019-08-03,0.010509778745472431,1,Low,spatial_event
27.25,69.75,2019-08-03,0.013531366363167763,1,Low,spatial_event
27.0,67.25,2019-08-03,0.031840674579143524,1,Low,spatial_event
27.0,67.5,2019-08-03,0.02059466764330864,1,Low,spatial_event
27.0,67.75,2019-08-03,0.036839812994003296,1,Low,spatial_event
27.0,68.0,2019-08-03,0.020972082391381264,1,Low,spatial_event
27.0,68.25,2019-08-03,0.04223404452204704,1,Low,spatial_event
27.0,68.5,2019-08-03,0.01376853883266449,1,Low,spatial_event
27.0,68.75,2019-08-03,0.011657635681331158,1,Low,spatial_event
27.0,69.0,2019-08-03,0.012701774947345257,1,Low,spatial_event
27.0,69.25,2019-08-03,0.011849568225443363,1,Low,spatial_event
27.0,69.5,2019-08-03,0.011443103663623333,1,Low,spatial_event
26.75,67.25,2019-08-03,0.043896209448575974,1,Low,spatial_event
26.75,67.5,2019-08-03,0.0312009509652853,1,Low,spatial_event
26.75,67.75,2019-08-03,0.03803560882806778,1,Low,spatial_event
26.75,68.0,2019-08-03,0.020603040233254433,1,Low,spatial_event
26.75,68.25,2019-08-03,0.1421348750591278,1,Low,spatial_event
26.75,68.5,2019-08-03,0.01376853883266449,1,Low,spatial_event
26.75,68.75,2019-08-03,0.012051877565681934,1,Low,spatial_event
26.75,69.0,2019-08-03,0.012051877565681934,1,Low,spatial_event
26.75,69.25,2019-08-03,0.0107111856341362,1,Low,spatial_event
26.75,69.5,2019-08-03,0.007880672812461853,1,Low,spatial_event
26.75,69.75,2019-08-03,0.007109701633453369,1,Low,spatial_event
26.5,67.25,2019-08-03,0.03371932730078697,1,Low,spatial_event
26.5,67.5,2019-08-03,0.013533052988350391,1,Low,spatial_event
26.5,67.75,2019-08-03,0.02665245160460472,1,Low,spatial_event
26.5,68.0,2019-08-03,0.3588666617870331,2,Moderate,spatial_event
26.5,68.25,2019-08-03,0.03205740079283714,1,Low,spatial_event
26.5,68.5,2019-08-03,0.008392011746764183,1,Low,spatial_event
26.5,68.75,2019-08-03,0.0071199857629835606,1,Low,spatial_event
26.5,69.0,2019-08-03,0.0071199857629835606,1,Low,spatial_event
26.5,69.25,2019-08-03,0.0071199857629835606,1,Low,spatial_event
26.5,69.5,2019-08-03,0.007880672812461853,1,Low,spatial_event
26.5,69.75,2019-08-03,0.007109701633453369,1,Low,spatial_event
26.5,70.0,2019-08-03,0.007505958434194326,1,Low,spatial_event
26.5,70.25,2019-08-03,0.007103373296558857,1,Low,spatial_event
26.25,67.25,2019-08-03,0.08944827318191528,1,Low,spatial_event
26.25,67.5,2019-08-03,0.0714142844080925,1,Low,spatial_event
26.25,67.75,2019-08-03,0.05281756445765495,1,Low,spatial_event
26.25,68.0,2019-08-03,0.013573559932410717,1,Low,spatial_event
26.25,68.25,2019-08-03,0.017942063510417938,1,Low,spatial_event
26.25,68.5,2019-08-03,0.008392011746764183,1,Low,spatial_event
26.25,68.75,2019-08-03,0.008392011746764183,1,Low,spatial_event
26.25,69.0,2019-08-03,0.008392011746764183,1,Low,spatial_event
26.25,69.25,2019-08-03,0.0075082601979374886,1,Low,spatial_event
26.25,69.5,2019-08-03,0.006527488119900227,1,Low,spatial_event
26.25,69.75,2019-08-03,0.006527488119900227,1,Low,spatial_event
26.25,70.0,2019-08-03,0.006527488119900227,1,Low,spatial_event
26.25,70.25,2019-08-03,0.0071199857629835606,1,Low,spatial_event
26.0,67.5,2019-08-03,0.09155019372701645,1,Low,spatial_event
26.0,67.75,2019-08-03,0.05743884667754173,1,Low,spatial_event
26.0,68.0,2019-08-03,0.014974378980696201,1,Low,spatial_event
26.0,68.25,2019-08-03,0.006136471871286631,1,Low,spatial_event
26.0,68.5,2019-08-03,0.015415559522807598,1,Low,spatial_event
26.0,68.75,2019-08-03,0.05596483126282692,1,Low,spatial_event
26.0,69.0,2019-08-03,0.09293000400066376,1,Low,spatial_event
26.0,69.25,2019-08-03,0.0075082601979374886,1,Low,spatial_event
26.0,69.5,2019-08-03,0.0071199857629835606,1,Low,spatial_event
26.0,69.75,2019-08-03,0.0071199857629835606,1,Low,spatial_event
26.0,70.0,2019-08-03,0.006747698877006769,1,Low,spatial_event
25.75,67.5,2019-08-03,0.11813797056674957,1,Low,spatial_event
25.75,67.75,2019-08-03,0.08268062770366669,1,Low,spatial_event
25.75,68.0,2019-08-03,0.008788657374680042,1,Low,spatial_event
25.75,68.25,2019-08-03,0.0058153122663497925,1,Low,spatial_event
25.75,68.5,2019-08-03,0.016080956906080246,1,Low,spatial_event
25.75,68.75,2019-08-03,0.016133258119225502,1,Low,spatial_event
25.75,69.0,2019-08-03,0.017793143168091774,1,Low,spatial_event
25.75,69.25,2019-08-03,0.017376046627759933,1,Low,spatial_event
25.75,69.5,2019-08-03,0.0050520203076303005,1,Low,spatial_event
25.75,69.75,2019-08-03,0.00713730975985527,1,Low,spatial_event
25.75,70.0,2019-08-03,0.00713730975985527,1,Low,spatial_event
25.75,70.25,2019-08-03,0.008910002186894417,1,Low,spatial_event
25.75,70.5,2019-08-03,0.008910002186894417,1,Low,spatial_event
25.75,70.75,2019-08-03,0.006353044416755438,1,Low,spatial_event
25.5,67.25,2019-08-03,0.23114950954914093,1,Low,spatial_event
25.5,67.5,2019-08-03,0.2741342782974243,2,Moderate,spatial_event
25.5,67.75,2019-08-03,0.07751751691102982,1,Low,spatial_event
25.5,68.0,2019-08-03,0.029371365904808044,1,Low,spatial_event
25.5,68.25,2019-08-03,0.017917528748512268,1,Low,spatial_event
25.5,68.5,2019-08-03,0.030395139008760452,1,Low,spatial_event
25.5,68.75,2019-08-03,0.016133258119225502,1,Low,spatial_event
25.5,69.0,2019-08-03,0.01851234957575798,1,Low,spatial_event
25.5,69.25,2019-08-03,0.13912463188171387,1,Low,spatial_event
25.5,69.5,2019-08-03,0.045497119426727295,1,Low,spatial_event
25.5,69.75,2019-08-03,0.004775693640112877,1,Low,spatial_event
25.5,70.0,2019-08-03,0.008162839338183403,1,Low,spatial_event
25.5,70.25,2019-08-03,0.008910002186894417,1,Low,spatial_event
25.5,70.5,2019-08-03,0.008910002186894417,1,Low,spatial_event
25.5,70.75,2019-08-03,0.04913908615708351,1,Low,spatial_event
25.25,67.0,2019-08-03,0.14578616619110107,1,Low,spatial_event
25.25,67.25,2019-08-03,0.22452738881111145,1,Low,spatial_event
25.25,67.5,2019-08-03,0.2066083699464798,1,Low,spatial_event
25.25,67.75,2019-08-03,0.29556965827941895,2,Moderate,spatial_event
25.25,68.0,2019-08-03,0.10790420323610306,1,Low,spatial_event
25.25,68.25,2019-08-03,0.01638764515519142,1,Low,spatial_event
25.25,68.5,2019-08-03,0.051674943417310715,1,Low,spatial_event
25.25,68.75,2019-08-03,0.06743726879358292,1,Low,spatial_event
25.25,69.0,2019-08-03,0.06308295577764511,1,Low,spatial_event
25.25,69.25,2019-08-03,0.14699873328208923,1,Low,spatial_event
25.25,69.5,2019-08-03,0.06360197067260742,1,Low,spatial_event
25.25,69.75,2019-08-03,0.007922185584902763,1,Low,spatial_event
25.25,70.0,2019-08-03,0.009502026252448559,1,Low,spatial_event
25.25,70.25,2019-08-03,0.008910002186894417,1,Low,spatial_event
25.25,70.5,2019-08-03,0.04913908615708351,1,Low,spatial_event
25.25,70.75,2019-08-03,0.04913908615708351,1,Low,spatial_event
25.25,71.0,2019-08-03,0.04913908615708351,1,Low,spatial_event
25.0,66.75,2019-08-03,0.2257222980260849,1,Low,spatial_event
25.0,67.0,2019-08-03,0.19467654824256897,1,Low,spatial_event
25.0,67.25,2019-08-03,0.2552904188632965,2,Moderate,spatial_event
25.0,67.5,2019-08-03,0.211039200425148,1,Low,spatial_event
25.0,67.75,2019-08-03,0.2886044979095459,2,Moderate,spatial_event
25.0,68.0,2019-08-03,0.8712613582611084,4,Very High,spatial_event
25.0,68.25,2019-08-03,0.37435147166252136,2,Moderate,spatial_event
25.0,68.5,2019-08-03,0.1618412733078003,1,Low,spatial_event
25.0,68.75,2019-08-03,0.18321798741817474,1,Low,spatial_event
25.0,69.0,2019-08-03,0.20327633619308472,1,Low,spatial_event
25.0,69.25,2019-08-03,0.2181946337223053,1,Low,spatial_event
25.0,69.5,2019-08-03,0.017344273626804352,1,Low,spatial_event
25.0,69.75,2019-08-03,0.009502026252448559,1,Low,spatial_event
25.0,70.0,2019-08-03,0.02366044372320175,1,Low,spatial_event
25.0,70.25,2019-08-03,0.12805268168449402,1,Low,spatial_event
25.0,70.5,2019-08-03,0.12805268168449402,1,Low,spatial_event
25.0,70.75,2019-08-03,0.04913908615708351,1,Low,spatial_event
25.0,71.0,2019-08-03,0.04882587119936943,1,Low,spatial_event
24.75,66.75,2019-08-03,0.6503034830093384,3,High,spatial_event
24.75,67.0,2019-08-03,0.28583404421806335,2,Moderate,spatial_event
24.75,67.25,2019-08-03,0.28583404421806335,2,Moderate,spatial_event
24.75,67.5,2019-08-03,0.2726423740386963,2,Moderate,spatial_event
24.75,67.75,2019-08-03,0.6697746515274048,3,High,spatial_event
24.75,68.0,2019-08-03,0.36131978034973145,2,Moderate,spatial_event
24.75,68.25,2019-08-03,0.8226430416107178,4,Very High,spatial_event
24.75,68.5,2019-08-03,0.5748581290245056,3,High,spatial_event
24.75,68.75,2019-08-03,0.4299848973751068,2,Moderate,spatial_event
24.75,69.0,2019-08-03,0.46684858202934265,2,Moderate,spatial_event
24.75,69.25,2019-08-03,0.05180107802152634,1,Low,spatial_event
24.75,69.5,2019-08-03,0.020707271993160248,1,Low,spatial_event
24.75,69.75,2019-08-03,0.08121320605278015,1,Low,spatial_event
24.75,70.0,2019-08-03,0.06598158180713654,1,Low,spatial_event
24.75,70.25,2019-08-03,0.04913908615708351,1,Low,spatial_event
24.75,70.5,2019-08-03,0.04882587119936943,1,Low,spatial_event
24.75,70.75,2019-08-03,0.04724826291203499,1,Low,spatial_event
24.75,71.0,2019-08-03,0.05148961767554283,1,Low,spatial_event
24.5,67.25,2019-08-03,0.3158232867717743,2,Moderate,spatial_event
24.5,67.5,2019-08-03,0.49663469195365906,2,Moderate,spatial_event
24.5,67.75,2019-08-03,0.7367334961891174,3,High,spatial_event
24.5,68.0,2019-08-03,0.503772497177124,3,High,spatial_event
24.5,68.25,2019-08-03,0.7107563614845276,3,High,spatial_event
24.5,68.5,2019-08-03,0.4981861114501953,2,Moderate,spatial_event
24.5,68.75,2019-08-03,0.3775089681148529,2,Moderate,spatial_event
24.5,69.0,2019-08-03,0.3307441771030426,2,Moderate,spatial_event
24.5,69.25,2019-08-03,0.026023246347904205,1,Low,spatial_event
24.5,69.5,2019-08-03,0.012983633205294609,1,Low,spatial_event
24.5,69.75,2019-08-03,0.14650759100914001,1,Low,spatial_event
24.5,70.0,2019-08-03,0.059787821024656296,1,Low,spatial_event
24.5,70.25,2019-08-03,0.05338608846068382,1,Low,spatial_event
24.5,70.5,2019-08-03,0.05473393201828003,1,Low,spatial_event
24.5,70.75,2019-08-03,0.05476371571421623,1,Low,spatial_event
24.5,71.0,2019-08-03,0.06917762756347656,1,Low,spatial_event
24.25,67.25,2019-08-03,0.0977632999420166,1,Low,spatial_event
24.25,67.5,2019-08-03,0.33509984612464905,2,Moderate,spatial_event
24.25,67.75,2019-08-03,0.30484074354171753,2,Moderate,spatial_event
24.25,68.0,2019-08-03,0.5939580798149109,3,High,spatial_event
24.25,68.25,2019-08-03,0.6149739623069763,3,High,spatial_event
24.25,68.5,2019-08-03,0.33936119079589844,2,Moderate,spatial_event
24.25,68.75,2019-08-03,0.3997025191783905,2,Moderate,spatial_event
24.25,69.0,2019-08-03,0.05721760541200638,1,Low,spatial_event
24.25,69.25,2019-08-03,0.06587021052837372,1,Low,spatial_event
24.25,69.5,2019-08-03,0.038393717259168625,1,Low,spatial_event
24.25,69.75,2019-08-03,0.17282085120677948,1,Low,spatial_event
24.25,70.0,2019-08-03,0.16806216537952423,1,Low,spatial_event
24.25,70.25,2019-08-03,0.15791340172290802,1,Low,spatial_event
24.25,70.5,2019-08-03,0.2156267762184143,1,Low,spatial_event
24.25,70.75,2019-08-03,0.28784286975860596,2,Moderate,spatial_event
24.25,71.0,2019-08-03,0.03527363762259483,1,Low,spatial_event
24.0,67.25,2019-08-03,0.0977632999420166,1,Low,spatial_event
24.0,67.5,2019-08-03,0.2149040400981903,1,Low,spatial_event
24.0,67.75,2019-08-03,0.19533248245716095,1,Low,spatial_event
24.0,68.0,2019-08-03,0.21436558663845062,1,Low,spatial_event
24.0,68.25,2019-08-03,0.21859218180179596,1,Low,spatial_event
24.0,68.5,2019-08-03,0.31314146518707275,2,Moderate,spatial_event
24.0,68.75,2019-08-03,0.03994901850819588,1,Low,spatial_event
23.75,67.5,2019-08-03,0.021265249699354172,1,Low,spatial_event
23.75,67.75,2019-08-03,0.2311820685863495,1,Low,spatial_event
23.75,68.0,2019-08-03,0.2311820685863495,1,Low,spatial_event
23.75,68.25,2019-08-03,0.2068006694316864,1,Low,spatial_event
28.5,68.75,2019-08-04,0.012324288487434387,1,Low,spatial_event
28.5,69.0,2019-08-04,0.012845075689256191,1,Low,spatial_event
28.5,69.25,2019-08-04,0.01351000927388668,1,Low,spatial_event
28.5,69.5,2019-08-04,0.01559460163116455,1,Low,spatial_event
28.5,69.75,2019-08-04,0.009319324046373367,1,Low,spatial_event
28.25,68.25,2019-08-04,0.030379241332411766,1,Low,spatial_event
28.25,68.5,2019-08-04,0.013016733340919018,1,Low,spatial_event
28.25,68.75,2019-08-04,0.017523720860481262,1,Low,spatial_event
28.25,69.0,2019-08-04,0.010992944240570068,1,Low,spatial_event
28.25,69.25,2019-08-04,0.010580462403595448,1,Low,spatial_event
28.25,69.5,2019-08-04,0.012875135987997055,1,Low,spatial_event
28.25,69.75,2019-08-04,0.019625209271907806,1,Low,spatial_event
28.0,67.75,2019-08-04,0.01927969790995121,1,Low,spatial_event
28.0,68.0,2019-08-04,0.029152782633900642,1,Low,spatial_event
28.0,68.25,2019-08-04,0.0361274890601635,1,Low,spatial_event
28.0,68.5,2019-08-04,0.07322165369987488,1,Low,spatial_event
28.0,68.75,2019-08-04,0.018852515146136284,1,Low,spatial_event
28.0,69.0,2019-08-04,0.010865751653909683,1,Low,spatial_event
28.0,69.25,2019-08-04,0.020771080628037453,1,Low,spatial_event
28.0,69.5,2019-08-04,0.018501613289117813,1,Low,spatial_event
28.0,69.75,2019-08-04,0.01773921586573124,1,Low,spatial_event
28.0,70.0,2019-08-04,0.017681248486042023,1,Low,spatial_event
27.75,67.25,2019-08-04,0.018869413062930107,1,Low,spatial_event
27.75,67.5,2019-08-04,0.02131473831832409,1,Low,spatial_event
27.75,67.75,2019-08-04,0.03131430223584175,1,Low,spatial_event
27.75,68.0,2019-08-04,0.031518951058387756,1,Low,spatial_event
27.75,68.25,2019-08-04,0.03980068117380142,1,Low,spatial_event
27.75,68.5,2019-08-04,0.010386588983237743,1,Low,spatial_event
27.75,68.75,2019-08-04,0.018377555534243584,1,Low,spatial_event
27.75,69.0,2019-08-04,0.010865751653909683,1,Low,spatial_event
27.75,69.25,2019-08-04,0.013041537255048752,1,Low,spatial_event
27.75,69.5,2019-08-04,0.00940562505275011,1,Low,spatial_event
27.75,69.75,2019-08-04,0.00824060570448637,1,Low,spatial_event
27.75,70.0,2019-08-04,0.008563843555748463,1,Low,spatial_event
27.5,67.25,2019-08-04,0.014271310530602932,1,Low,spatial_event
27.5,67.5,2019-08-04,0.041926924139261246,1,Low,spatial_event
27.5,67.75,2019-08-04,0.03131430223584175,1,Low,spatial_event
27.5,68.0,2019-08-04,0.0352901816368103,1,Low,spatial_event
27.5,68.25,2019-08-04,0.024587402120232582,1,Low,spatial_event
27.5,68.5,2019-08-04,0.016540514305233955,1,Low,spatial_event
27.5,68.75,2019-08-04,0.01705361157655716,1,Low,spatial_event
27.5,69.0,2019-08-04,0.009490163065493107,1,Low,spatial_event
27.5,69.25,2019-08-04,0.010509287938475609,1,Low,spatial_event
27.5,69.5,2019-08-04,0.008669565431773663,1,Low,spatial_event
27.5,69.75,2019-08-04,0.0077203419059515,1,Low,spatial_event
27.5,70.0,2019-08-04,0.00824060570448637,1,Low,spatial_event
27.25,67.25,2019-08-04,0.03424284979701042,1,Low,spatial_event
27.25,67.5,2019-08-04,0.04050743952393532,1,Low,spatial_event
27.25,67.75,2019-08-04,0.03305590897798538,1,Low,spatial_event
27.25,68.0,2019-08-04,0.04885151982307434,1,Low,spatial_event
27.25,68.25,2019-08-04,0.043477267026901245,1,Low,spatial_event
27.25,68.5,2019-08-04,0.018862364813685417,1,Low,spatial_event
27.25,68.75,2019-08-04,0.009020970202982426,1,Low,spatial_event
27.25,69.0,2019-08-04,0.008451858535408974,1,Low,spatial_event
27.25,69.25,2019-08-04,0.008132467046380043,1,Low,spatial_event
27.25,69.5,2019-08-04,0.008061579428613186,1,Low,spatial_event
27.25,69.75,2019-08-04,0.010148080997169018,1,Low,spatial_event
27.0,67.25,2019-08-04,0.04045072942972183,1,Low,spatial_event
27.0,67.5,2019-08-04,0.01934269815683365,1,Low,spatial_event
27.0,67.75,2019-08-04,0.05536132678389549,1,Low,spatial_event
27.0,68.0,2019-08-04,0.02775673381984234,1,Low,spatial_event
27.0,68.25,2019-08-04,0.043477267026901245,1,Low,spatial_event
27.0,68.5,2019-08-04,0.01928948611021042,1,Low,spatial_event
27.0,68.75,2019-08-04,0.008011891506612301,1,Low,spatial_event
27.0,69.0,2019-08-04,0.008738644421100616,1,Low,spatial_event
27.0,69.25,2019-08-04,0.008980432525277138,1,Low,spatial_event
27.0,69.5,2019-08-04,0.006573325954377651,1,Low,spatial_event
26.75,67.25,2019-08-04,0.05551479011774063,1,Low,spatial_event
26.75,67.5,2019-08-04,0.033075470477342606,1,Low,spatial_event
26.75,67.75,2019-08-04,0.37402620911598206,2,Moderate,spatial_event
26.75,68.0,2019-08-04,0.027335483580827713,1,Low,spatial_event
26.75,68.25,2019-08-04,0.012602875009179115,1,Low,spatial_event
26.75,68.5,2019-08-04,0.008011891506612301,1,Low,spatial_event
26.75,68.75,2019-08-04,0.007851211354136467,1,Low,spatial_event
26.75,69.0,2019-08-04,0.007851211354136467,1,Low,spatial_event
26.75,69.25,2019-08-04,0.009979644790291786,1,Low,spatial_event
26.75,69.5,2019-08-04,0.008411644957959652,1,Low,spatial_event
26.75,69.75,2019-08-04,0.009265710599720478,1,Low,spatial_event
26.5,67.25,2019-08-04,0.028131796047091484,1,Low,spatial_event
26.5,67.5,2019-08-04,0.018520677462220192,1,Low,spatial_event
26.5,67.75,2019-08-04,0.11161144077777863,1,Low,spatial_event
26.5,68.0,2019-08-04,0.3887147009372711,2,Moderate,spatial_event
26.5,68.25,2019-08-04,0.014556597918272018,1,Low,spatial_event
26.5,68.5,2019-08-04,0.007179209962487221,1,Low,spatial_event
26.5,68.75,2019-08-04,0.007593326270580292,1,Low,spatial_event
26.5,69.0,2019-08-04,0.007227540481835604,1,Low,spatial_event
26.5,69.25,2019-08-04,0.007301761768758297,1,Low,spatial_event
26.5,69.5,2019-08-04,0.008006754331290722,1,Low,spatial_event
26.5,69.75,2019-08-04,0.01665603183209896,1,Low,spatial_event
26.5,70.0,2019-08-04,0.02504778653383255,1,Low,spatial_event
26.5,70.25,2019-08-04,0.022160202264785767,1,Low,spatial_event
26.25,67.25,2019-08-04,0.04357672482728958,1,Low,spatial_event
26.25,67.5,2019-08-04,0.029521435499191284,1,Low,spatial_event
26.25,67.75,2019-08-04,0.015414482913911343,1,Low,spatial_event
26.25,68.0,2019-08-04,0.022199086844921112,1,Low,spatial_event
26.25,68.25,2019-08-04,0.09925572574138641,1,Low,spatial_event
26.25,68.5,2019-08-04,0.012814571149647236,1,Low,spatial_event
26.25,68.75,2019-08-04,0.007196680177003145,1,Low,spatial_event
26.25,69.0,2019-08-04,0.007824831642210484,1,Low,spatial_event
26.25,69.25,2019-08-04,0.0057398476637899876,1,Low,spatial_event
26.25,69.5,2019-08-04,0.007301761768758297,1,Low,spatial_event
26.25,69.75,2019-08-04,0.008395317941904068,1,Low,spatial_event
26.25,70.0,2019-08-04,0.019410543143749237,1,Low,spatial_event
26.25,70.25,2019-08-04,0.019410543143749237,1,Low,spatial_event
26.0,67.5,2019-08-04,0.04442315176129341,1,Low,spatial_event
26.0,67.75,2019-08-04,0.012706403620541096,1,Low,spatial_event
26.0,68.0,2019-08-04,0.013439471833407879,1,Low,spatial_event
26.0,68.25,2019-08-04,0.0070714280009269714,1,Low,spatial_event
26.0,68.5,2019-08-04,0.047031838446855545,1,Low,spatial_event
26.0,68.75,2019-08-04,0.017366783693432808,1,Low,spatial_event
26.0,69.0,2019-08-04,0.017776643857359886,1,Low,spatial_event
26.0,69.25,2019-08-04,0.006071620155125856,1,Low,spatial_event
26.0,69.5,2019-08-04,0.007301761768758297,1,Low,spatial_event
26.0,69.75,2019-08-04,0.007301761768758297,1,Low,spatial_event
26.0,70.0,2019-08-04,0.016906630247831345,1,Low,spatial_event
25.75,67.5,2019-08-04,0.08164984732866287,1,Low,spatial_event
25.75,67.75,2019-08-04,0.01849615015089512,1,Low,spatial_event
25.75,68.0,2019-08-04,0.015489584766328335,1,Low,spatial_event
25.75,68.25,2019-08-04,0.025225665420293808,1,Low,spatial_event
25.75,68.5,2019-08-04,0.0764656513929367,1,Low,spatial_event
25.75,68.75,2019-08-04,0.026692844927310944,1,Low,spatial_event
25.75,69.0,2019-08-04,0.02687050774693489,1,Low,spatial_event
25.75,69.25,2019-08-04,0.11866030842065811,1,Low,spatial_event
25.75,69.5,2019-08-04,0.020526474341750145,1,Low,spatial_event
25.75,69.75,2019-08-04,0.0075230891816318035,1,Low,spatial_event
25.75,70.0,2019-08-04,0.016612734645605087,1,Low,spatial_event
25.75,70.25,2019-08-04,0.03151882067322731,1,Low,spatial_event
25.75,70.5,2019-08-04,0.036253903061151505,1,Low,spatial_event
25.75,70.75,2019-08-04,0.04480191320180893,1,Low,spatial_event
25.5,67.25,2019-08-04,0.04732917994260788,1,Low,spatial_event
25.5,67.5,2019-08-04,0.0507536306977272,1,Low,spatial_event
25.5,67.75,2019-08-04,0.03573151305317879,1,Low,spatial_event
25.5,68.0,2019-08-04,0.022965513169765472,1,Low,spatial_event
25.5,68.25,2019-08-04,0.015253741294145584,1,Low,spatial_event
25.5,68.5,2019-08-04,0.0299850981682539,1,Low,spatial_event
25.5,68.75,2019-08-04,0.10181992501020432,1,Low,spatial_event
25.5,69.0,2019-08-04,0.25012797117233276,2,Moderate,spatial_event
25.5,69.25,2019-08-04,0.1417507380247116,1,Low,spatial_event
25.5,69.5,2019-08-04,0.35082435607910156,2,Moderate,spatial_event
25.5,69.75,2019-08-04,0.013370770961046219,1,Low,spatial_event
25.5,70.0,2019-08-04,0.032450199127197266,1,Low,spatial_event
25.5,70.25,2019-08-04,0.036253903061151505,1,Low,spatial_event
25.5,70.5,2019-08-04,0.036253903061151505,1,Low,spatial_event
25.5,70.75,2019-08-04,0.036253903061151505,1,Low,spatial_event
25.25,67.0,2019-08-04,0.029165470972657204,1,Low,spatial_event
25.25,67.25,2019-08-04,0.0507536306977272,1,Low,spatial_event
25.25,67.5,2019-08-04,0.0507536306977272,1,Low,spatial_event
25.25,67.75,2019-08-04,0.06318400800228119,1,Low,spatial_event
25.25,68.0,2019-08-04,0.3014572858810425,2,Moderate,spatial_event
25.25,68.25,2019-08-04,0.31550461053848267,2,Moderate,spatial_event
25.25,68.5,2019-08-04,0.10155054926872253,1,Low,spatial_event
25.25,68.75,2019-08-04,0.12726591527462006,1,Low,spatial_event
25.25,69.0,2019-08-04,0.43949776887893677,2,Moderate,spatial_event
25.25,69.25,2019-08-04,0.25929245352745056,2,Moderate,spatial_event
25.25,69.5,2019-08-04,0.3728869557380676,2,Moderate,spatial_event
25.25,69.75,2019-08-04,0.013728535734117031,1,Low,spatial_event
25.25,70.0,2019-08-04,0.03796590119600296,1,Low,spatial_event
25.25,70.25,2019-08-04,0.03796590119600296,1,Low,spatial_event
25.25,70.5,2019-08-04,0.03796590119600296,1,Low,spatial_event
25.25,70.75,2019-08-04,0.03796590119600296,1,Low,spatial_event
25.25,71.0,2019-08-04,0.04101715236902237,1,Low,spatial_event
25.0,66.75,2019-08-04,0.05596421658992767,1,Low,spatial_event
25.0,67.0,2019-08-04,0.046854015439748764,1,Low,spatial_event
25.0,67.25,2019-08-04,0.06420448422431946,1,Low,spatial_event
25.0,67.5,2019-08-04,0.0490301288664341,1,Low,spatial_event
25.0,67.75,2019-08-04,0.38303622603416443,2,Moderate,spatial_event
25.0,68.0,2019-08-04,0.3395821452140808,2,Moderate,spatial_event
25.0,68.25,2019-08-04,0.15617944300174713,1,Low,spatial_event
25.0,68.5,2019-08-04,0.06290235370397568,1,Low,spatial_event
25.0,68.75,2019-08-04,0.15890620648860931,1,Low,spatial_event
25.0,69.0,2019-08-04,0.20536938309669495,1,Low,spatial_event
25.0,69.25,2019-08-04,0.4855405390262604,2,Moderate,spatial_event
25.0,69.5,2019-08-04,0.018207870423793793,1,Low,spatial_event
25.0,69.75,2019-08-04,0.018958112224936485,1,Low,spatial_event
25.0,70.0,2019-08-04,0.04322817921638489,1,Low,spatial_event
25.0,70.25,2019-08-04,0.05307351425290108,1,Low,spatial_event
25.0,70.5,2019-08-04,0.05307351425290108,1,Low,spatial_event
25.0,70.75,2019-08-04,0.046681854873895645,1,Low,spatial_event
25.0,71.0,2019-08-04,0.040753502398729324,1,Low,spatial_event
24.75,66.75,2019-08-04,0.05264386162161827,1,Low,spatial_event
24.75,67.0,2019-08-04,0.07299743592739105,1,Low,spatial_event
24.75,67.25,2019-08-04,0.06783389300107956,1,Low,spatial_event
24.75,67.5,2019-08-04,0.5351170897483826,3,High,spatial_event
24.75,67.75,2019-08-04,0.36423230171203613,2,Moderate,spatial_event
24.75,68.0,2019-08-04,0.32533910870552063,2,Moderate,spatial_event
24.75,68.25,2019-08-04,0.11451519280672073,1,Low,spatial_event
24.75,68.5,2019-08-04,0.06801753491163254,1,Low,spatial_event
24.75,68.75,2019-08-04,0.06973745673894882,1,Low,spatial_event
24.75,69.0,2019-08-04,0.04558323696255684,1,Low,spatial_event
24.75,69.25,2019-08-04,0.11100251227617264,1,Low,spatial_event
24.75,69.5,2019-08-04,0.019465597346425056,1,Low,spatial_event
24.75,69.75,2019-08-04,0.042399462312459946,1,Low,spatial_event
24.75,70.0,2019-08-04,0.04579973965883255,1,Low,spatial_event
24.75,70.25,2019-08-04,0.04322817921638489,1,Low,spatial_event
24.75,70.5,2019-08-04,0.046383533626794815,1,Low,spatial_event
24.75,70.75,2019-08-04,0.04488115757703781,1,Low,spatial_event
24.75,71.0,2019-08-04,0.046383533626794815,1,Low,spatial_event
24.5,67.25,2019-08-04,0.08089103549718857,1,Low,spatial_event
24.5,67.5,2019-08-04,0.49711835384368896,2,Moderate,spatial_event
24.5,67.75,2019-08-04,0.23128418624401093,1,Low,spatial_event
24.5,68.0,2019-08-04,0.16005755960941315,1,Low,spatial_event
24.5,68.25,2019-08-04,0.6277333498001099,3,High,spatial_event
24.5,68.5,2019-08-04,0.2902733385562897,2,Moderate,spatial_event
24.5,68.75,2019-08-04,0.09108257293701172,1,Low,spatial_event
24.5,69.0,2019-08-04,0.0884944424033165,1,Low,spatial_event
24.5,69.25,2019-08-04,0.02033279463648796,1,Low,spatial_event
24.5,69.5,2019-08-04,0.027704140171408653,1,Low,spatial_event
24.5,69.75,2019-08-04,0.056137699633836746,1,Low,spatial_event
24.5,70.0,2019-08-04,0.04168330132961273,1,Low,spatial_event
24.5,70.25,2019-08-04,0.019764414057135582,1,Low,spatial_event
24.5,70.5,2019-08-04,0.019764414057135582,1,Low,spatial_event
24.5,70.75,2019-08-04,0.015336317010223866,1,Low,spatial_event
24.5,71.0,2019-08-04,0.0349411815404892,1,Low,spatial_event
24.25,67.25,2019-08-04,0.07741869240999222,1,Low,spatial_event
24.25,67.5,2019-08-04,0.39395514130592346,2,Moderate,spatial_event
24.25,67.75,2019-08-04,0.10145904868841171,1,Low,spatial_event
24.25,68.0,2019-08-04,0.20907525718212128,1,Low,spatial_event
24.25,68.25,2019-08-04,0.5848308801651001,3,High,spatial_event
24.25,68.5,2019-08-04,0.26763609051704407,2,Moderate,spatial_event
24.25,68.75,2019-08-04,0.2564323842525482,2,Moderate,spatial_event
24.25,69.0,2019-08-04,0.05479144677519798,1,Low,spatial_event
24.25,69.25,2019-08-04,0.05624562129378319,1,Low,spatial_event
24.25,69.5,2019-08-04,0.05247485265135765,1,Low,spatial_event
24.25,69.75,2019-08-04,0.036765556782484055,1,Low,spatial_event
24.25,70.0,2019-08-04,0.01606295071542263,1,Low,spatial_event
24.25,70.25,2019-08-04,0.02007906883955002,1,Low,spatial_event
24.25,70.5,2019-08-04,0.021360652521252632,1,Low,spatial_event
24.25,70.75,2019-08-04,0.07327831536531448,1,Low,spatial_event
24.25,71.0,2019-08-04,0.011290192604064941,1,Low,spatial_event
24.0,67.25,2019-08-04,0.07741869240999222,1,Low,spatial_event
24.0,67.5,2019-08-04,0.44022995233535767,2,Moderate,spatial_event
24.0,67.75,2019-08-04,0.23037415742874146,1,Low,spatial_event
24.0,68.0,2019-08-04,0.25175338983535767,2,Moderate,spatial_event
24.0,68.25,2019-08-04,0.5669198036193848,3,High,spatial_event
24.0,68.5,2019-08-04,0.5106292366981506,3,High,spatial_event
24.0,68.75,2019-08-04,0.047354236245155334,1,Low,spatial_event
23.75,67.5,2019-08-04,0.07741869240999222,1,Low,spatial_event
23.75,67.75,2019-08-04,0.05183009058237076,1,Low,spatial_event
23.75,68.0,2019-08-04,0.05643432214856148,1,Low,spatial_event
23.75,68.25,2019-08-04,0.0654594749212265,1,Low,spatial_event
28.5,68.75,2019-08-05,0.022929999977350235,1,Low,spatial_event
28.5,69.0,2019-08-05,0.012557242065668106,1,Low,spatial_event
28.5,69.25,2019-08-05,0.01320747472345829,1,Low,spatial_event
28.5,69.5,2019-08-05,0.013757225126028061,1,Low,spatial_event
28.5,69.75,2019-08-05,0.0089610256254673,1,Low,spatial_event
28.25,68.25,2019-08-05,0.014809765852987766,1,Low,spatial_event
28.25,68.5,2019-08-05,0.015026374720036983,1,Low,spatial_event
28.25,68.75,2019-08-05,0.016031019389629364,1,Low,spatial_event
28.25,69.0,2019-08-05,0.008205213584005833,1,Low,spatial_event
28.25,69.25,2019-08-05,0.01221861969679594,1,Low,spatial_event
28.25,69.5,2019-08-05,0.01221861969679594,1,Low,spatial_event
28.25,69.75,2019-08-05,0.019689423963427544,1,Low,spatial_event
28.0,67.75,2019-08-05,0.03780871629714966,1,Low,spatial_event
28.0,68.0,2019-08-05,0.10874336957931519,1,Low,spatial_event
28.0,68.25,2019-08-05,0.019925041124224663,1,Low,spatial_event
28.0,68.5,2019-08-05,0.05465957149863243,1,Low,spatial_event
28.0,68.75,2019-08-05,0.01836298406124115,1,Low,spatial_event
28.0,69.0,2019-08-05,0.0129777817055583,1,Low,spatial_event
28.0,69.25,2019-08-05,0.02007346600294113,1,Low,spatial_event
28.0,69.5,2019-08-05,0.014254007488489151,1,Low,spatial_event
28.0,69.75,2019-08-05,0.013628332875669003,1,Low,spatial_event
28.0,70.0,2019-08-05,0.014518682844936848,1,Low,spatial_event
27.75,67.25,2019-08-05,0.05937196686863899,1,Low,spatial_event
27.75,67.5,2019-08-05,0.04097030311822891,1,Low,spatial_event
27.75,67.75,2019-08-05,0.12077007442712784,1,Low,spatial_event
27.75,68.0,2019-08-05,0.11248191446065903,1,Low,spatial_event
27.75,68.25,2019-08-05,0.023186413571238518,1,Low,spatial_event
27.75,68.5,2019-08-05,0.012881137430667877,1,Low,spatial_event
27.75,68.75,2019-08-05,0.019286617636680603,1,Low,spatial_event
27.75,69.0,2019-08-05,0.013388678431510925,1,Low,spatial_event
27.75,69.25,2019-08-05,0.013803676702082157,1,Low,spatial_event
27.75,69.5,2019-08-05,0.014377875253558159,1,Low,spatial_event
27.75,69.75,2019-08-05,0.011812285520136356,1,Low,spatial_event
27.75,70.0,2019-08-05,0.028786739334464073,1,Low,spatial_event
27.5,67.25,2019-08-05,0.06250037252902985,1,Low,spatial_event
27.5,67.5,2019-08-05,0.03946143016219139,1,Low,spatial_event
27.5,67.75,2019-08-05,0.12077007442712784,1,Low,spatial_event
27.5,68.0,2019-08-05,0.1337454617023468,1,Low,spatial_event
27.5,68.25,2019-08-05,0.013716835528612137,1,Low,spatial_event
27.5,68.5,2019-08-05,0.02068091556429863,1,Low,spatial_event
27.5,68.75,2019-08-05,0.019674059003591537,1,Low,spatial_event
27.5,69.0,2019-08-05,0.013803676702082157,1,Low,spatial_event
27.5,69.25,2019-08-05,0.010696658864617348,1,Low,spatial_event
27.5,69.5,2019-08-05,0.008824433200061321,1,Low,spatial_event
27.5,69.75,2019-08-05,0.010645447298884392,1,Low,spatial_event
27.5,70.0,2019-08-05,0.02029443345963955,1,Low,spatial_event
27.25,67.25,2019-08-05,0.15925398468971252,1,Low,spatial_event
27.25,67.5,2019-08-05,0.0747007206082344,1,Low,spatial_event
27.25,67.75,2019-08-05,0.12077007442712784,1,Low,spatial_event
27.25,68.0,2019-08-05,0.13688328862190247,1,Low,spatial_event
27.25,68.25,2019-08-05,0.02231725864112377,1,Low,spatial_event
27.25,68.5,2019-08-05,0.019903764128684998,1,Low,spatial_event
27.25,68.75,2019-08-05,0.0200851671397686,1,Low,spatial_event
27.25,69.0,2019-08-05,0.010645447298884392,1,Low,spatial_event
27.25,69.25,2019-08-05,0.009750265628099442,1,Low,spatial_event
27.25,69.5,2019-08-05,0.011760068126022816,1,Low,spatial_event
27.25,69.75,2019-08-05,0.02535865269601345,1,Low,spatial_event
27.0,67.25,2019-08-05,0.15206822752952576,1,Low,spatial_event
27.0,67.5,2019-08-05,0.09046277403831482,1,Low,spatial_event
27.0,67.75,2019-08-05,0.14473237097263336,1,Low,spatial_event
27.0,68.0,2019-08-05,0.03205570578575134,1,Low,spatial_event
27.0,68.25,2019-08-05,0.05551357939839363,1,Low,spatial_event
27.0,68.5,2019-08-05,0.045730844140052795,1,Low,spatial_event
27.0,68.75,2019-08-05,0.024539930745959282,1,Low,spatial_event
27.0,69.0,2019-08-05,0.02535865269601345,1,Low,spatial_event
27.0,69.25,2019-08-05,0.021496854722499847,1,Low,spatial_event
27.0,69.5,2019-08-05,0.022396471351385117,1,Low,spatial_event
26.75,67.25,2019-08-05,0.22497892379760742,1,Low,spatial_event
26.75,67.5,2019-08-05,0.22830866277217865,1,Low,spatial_event
26.75,67.75,2019-08-05,0.21017679572105408,1,Low,spatial_event
26.75,68.0,2019-08-05,0.032864443957805634,1,Low,spatial_event
26.75,68.25,2019-08-05,0.0329216830432415,1,Low,spatial_event
26.75,68.5,2019-08-05,0.042935267090797424,1,Low,spatial_event
26.75,68.75,2019-08-05,0.024055814370512962,1,Low,spatial_event
26.75,69.0,2019-08-05,0.024055814370512962,1,Low,spatial_event
26.75,69.25,2019-08-05,0.025041261687874794,1,Low,spatial_event
26.75,69.5,2019-08-05,0.021496854722499847,1,Low,spatial_event
26.75,69.75,2019-08-05,0.019042911008000374,1,Low,spatial_event
26.5,67.25,2019-08-05,0.16567395627498627,1,Low,spatial_event
26.5,67.5,2019-08-05,0.16207890212535858,1,Low,spatial_event
26.5,67.75,2019-08-05,0.22830866277217865,1,Low,spatial_event
26.5,68.0,2019-08-05,0.06715589761734009,1,Low,spatial_event
26.5,68.25,2019-08-05,0.0481078177690506,1,Low,spatial_event
26.5,68.5,2019-08-05,0.03872057422995567,1,Low,spatial_event
26.5,68.75,2019-08-05,0.021823739632964134,1,Low,spatial_event
26.5,69.0,2019-08-05,0.020786797627806664,1,Low,spatial_event
26.5,69.25,2019-08-05,0.019722631201148033,1,Low,spatial_event
26.5,69.5,2019-08-05,0.02015143446624279,1,Low,spatial_event
26.5,69.75,2019-08-05,0.019042911008000374,1,Low,spatial_event
26.5,70.0,2019-08-05,0.024539930745959282,1,Low,spatial_event
26.5,70.25,2019-08-05,0.023008529096841812,1,Low,spatial_event
26.25,67.25,2019-08-05,0.20669585466384888,1,Low,spatial_event
26.25,67.5,2019-08-05,0.14713351428508759,1,Low,spatial_event
26.25,67.75,2019-08-05,0.1909964382648468,1,Low,spatial_event
26.25,68.0,2019-08-05,0.05871370807290077,1,Low,spatial_event
26.25,68.25,2019-08-05,0.16322264075279236,1,Low,spatial_event
26.25,68.5,2019-08-05,0.04429212212562561,1,Low,spatial_event
26.25,68.75,2019-08-05,0.02146867848932743,1,Low,spatial_event
26.25,69.0,2019-08-05,0.02146867848932743,1,Low,spatial_event
26.25,69.25,2019-08-05,0.015764253214001656,1,Low,spatial_event
26.25,69.5,2019-08-05,0.019722631201148033,1,Low,spatial_event
26.25,69.75,2019-08-05,0.021823739632964134,1,Low,spatial_event
26.25,70.0,2019-08-05,0.021823739632964134,1,Low,spatial_event
26.25,70.25,2019-08-05,0.020786797627806664,1,Low,spatial_event
26.0,67.5,2019-08-05,0.21695548295974731,1,Low,spatial_event
26.0,67.75,2019-08-05,0.14778481423854828,1,Low,spatial_event
26.0,68.0,2019-08-05,0.037149813026189804,1,Low,spatial_event
26.0,68.25,2019-08-05,0.07804977148771286,1,Low,spatial_event
26.0,68.5,2019-08-05,0.10261918604373932,1,Low,spatial_event
26.0,68.75,2019-08-05,0.03656456246972084,1,Low,spatial_event
26.0,69.0,2019-08-05,0.03420112654566765,1,Low,spatial_event
26.0,69.25,2019-08-05,0.01623789593577385,1,Low,spatial_event
26.0,69.5,2019-08-05,0.019722631201148033,1,Low,spatial_event
26.0,69.75,2019-08-05,0.019722631201148033,1,Low,spatial_event
26.0,70.0,2019-08-05,0.019722631201148033,1,Low,spatial_event
25.75,67.5,2019-08-05,0.21695548295974731,1,Low,spatial_event
25.75,67.75,2019-08-05,0.04824724793434143,1,Low,spatial_event
25.75,68.0,2019-08-05,0.0410454161465168,1,Low,spatial_event
25.75,68.25,2019-08-05,0.044665221124887466,1,Low,spatial_event
25.75,68.5,2019-08-05,0.09694986790418625,1,Low,spatial_event
25.75,68.75,2019-08-05,0.09788484871387482,1,Low,spatial_event
25.75,69.0,2019-08-05,0.10062569379806519,1,Low,spatial_event
25.75,69.25,2019-08-05,0.3335895836353302,2,Moderate,spatial_event
25.75,69.5,2019-08-05,0.026791168376803398,1,Low,spatial_event
25.75,69.75,2019-08-05,0.01717916503548622,1,Low,spatial_event
25.75,70.0,2019-08-05,0.01717916503548622,1,Low,spatial_event
25.75,70.25,2019-08-05,0.03353822976350784,1,Low,spatial_event
25.75,70.5,2019-08-05,0.03149624541401863,1,Low,spatial_event
25.75,70.75,2019-08-05,0.05716228857636452,1,Low,spatial_event
25.5,67.25,2019-08-05,0.2460440695285797,1,Low,spatial_event
25.5,67.5,2019-08-05,0.22880598902702332,1,Low,spatial_event
25.5,67.75,2019-08-05,0.045427437871694565,1,Low,spatial_event
25.5,68.0,2019-08-05,0.04037092626094818,1,Low,spatial_event
25.5,68.25,2019-08-05,0.03944884240627289,1,Low,spatial_event
25.5,68.5,2019-08-05,0.29188117384910583,2,Moderate,spatial_event
25.5,68.75,2019-08-05,0.29892051219940186,2,Moderate,spatial_event
25.5,69.0,2019-08-05,0.5950143933296204,3,High,spatial_event
25.5,69.25,2019-08-05,0.3515947163105011,2,Moderate,spatial_event
25.5,69.5,2019-08-05,0.5458518862724304,3,High,spatial_event
25.5,69.75,2019-08-05,0.033787958323955536,1,Low,spatial_event
25.5,70.0,2019-08-05,0.03149624541401863,1,Low,spatial_event
25.5,70.25,2019-08-05,0.03149624541401863,1,Low,spatial_event
25.5,70.5,2019-08-05,0.038564592599868774,1,Low,spatial_event
25.5,70.75,2019-08-05,0.038564592599868774,1,Low,spatial_event
25.25,67.0,2019-08-05,0.034197740256786346,1,Low,spatial_event
25.25,67.25,2019-08-05,0.05158285051584244,1,Low,spatial_event
25.25,67.5,2019-08-05,0.05158285051584244,1,Low,spatial_event
25.25,67.75,2019-08-05,0.05075515806674957,1,Low,spatial_event
25.25,68.0,2019-08-05,0.03792925551533699,1,Low,spatial_event
25.25,68.25,2019-08-05,0.6504375338554382,3,High,spatial_event
25.25,68.5,2019-08-05,0.28370827436447144,2,Moderate,spatial_event
25.25,68.75,2019-08-05,0.37911665439605713,2,Moderate,spatial_event
25.25,69.0,2019-08-05,0.6846384406089783,3,High,spatial_event
25.25,69.25,2019-08-05,0.43766435980796814,2,Moderate,spatial_event
25.25,69.5,2019-08-05,0.6460514068603516,3,High,spatial_event
25.25,69.75,2019-08-05,0.03353822976350784,1,Low,spatial_event
25.25,70.0,2019-08-05,0.03149624541401863,1,Low,spatial_event
25.25,70.25,2019-08-05,0.04007892683148384,1,Low,spatial_event
25.25,70.5,2019-08-05,0.043906088918447495,1,Low,spatial_event
25.25,70.75,2019-08-05,0.043906088918447495,1,Low,spatial_event
25.25,71.0,2019-08-05,0.04166189581155777,1,Low,spatial_event
25.0,66.75,2019-08-05,0.03823256492614746,1,Low,spatial_event
25.0,67.0,2019-08-05,0.048470638692379,1,Low,spatial_event
25.0,67.25,2019-08-05,0.049913279712200165,1,Low,spatial_event
25.0,67.5,2019-08-05,0.049832671880722046,1,Low,spatial_event
25.0,67.75,2019-08-05,0.09354428946971893,1,Low,spatial_event
25.0,68.0,2019-08-05,0.4332693815231323,2,Moderate,spatial_event
25.0,68.25,2019-08-05,0.3114771842956543,2,Moderate,spatial_event
25.0,68.5,2019-08-05,0.3894162178039551,2,Moderate,spatial_event
25.0,68.75,2019-08-05,0.39718616008758545,2,Moderate,spatial_event
25.0,69.0,2019-08-05,0.36970388889312744,2,Moderate,spatial_event
25.0,69.25,2019-08-05,0.6803314685821533,3,High,spatial_event
25.0,69.5,2019-08-05,0.05372384935617447,1,Low,spatial_event
25.0,69.75,2019-08-05,0.04007892683148384,1,Low,spatial_event
25.0,70.0,2019-08-05,0.043906088918447495,1,Low,spatial_event
25.0,70.25,2019-08-05,0.05389709770679474,1,Low,spatial_event
25.0,70.5,2019-08-05,0.05389709770679474,1,Low,spatial_event
25.0,70.75,2019-08-05,0.04741121456027031,1,Low,spatial_event
25.0,71.0,2019-08-05,0.04710846394300461,1,Low,spatial_event
24.75,66.75,2019-08-05,0.04013644531369209,1,Low,spatial_event
24.75,67.0,2019-08-05,0.07493895292282104,1,Low,spatial_event
24.75,67.25,2019-08-05,0.0783095434308052,1,Low,spatial_event
24.75,67.5,2019-08-05,0.038111768662929535,1,Low,spatial_event
24.75,67.75,2019-08-05,0.4912024438381195,2,Moderate,spatial_event
24.75,68.0,2019-08-05,0.35364004969596863,2,Moderate,spatial_event
24.75,68.25,2019-08-05,0.3150841295719147,2,Moderate,spatial_event
24.75,68.5,2019-08-05,0.3673612177371979,2,Moderate,spatial_event
24.75,68.75,2019-08-05,0.380632609128952,2,Moderate,spatial_event
24.75,69.0,2019-08-05,0.298184335231781,2,Moderate,spatial_event
24.75,69.25,2019-08-05,0.06544341892004013,1,Low,spatial_event
24.75,69.5,2019-08-05,0.0450507290661335,1,Low,spatial_event
24.75,69.75,2019-08-05,0.035040613263845444,1,Low,spatial_event
24.75,70.0,2019-08-05,0.0447574108839035,1,Low,spatial_event
24.75,70.25,2019-08-05,0.043906088918447495,1,Low,spatial_event
24.75,70.5,2019-08-05,0.04710846394300461,1,Low,spatial_event
24.75,70.75,2019-08-05,0.04710591584444046,1,Low,spatial_event
24.75,71.0,2019-08-05,0.04710846394300461,1,Low,spatial_event
24.5,67.25,2019-08-05,0.05472107231616974,1,Low,spatial_event
24.5,67.5,2019-08-05,0.6167897582054138,3,High,spatial_event
24.5,67.75,2019-08-05,0.3250353932380676,2,Moderate,spatial_event
24.5,68.0,2019-08-05,0.17868152260780334,1,Low,spatial_event
24.5,68.25,2019-08-05,0.479032039642334,2,Moderate,spatial_event
24.5,68.5,2019-08-05,0.39889708161354065,2,Moderate,spatial_event
24.5,68.75,2019-08-05,0.3677302598953247,2,Moderate,spatial_event
24.5,69.0,2019-08-05,0.3534615933895111,2,Moderate,spatial_event
24.5,69.25,2019-08-05,0.050873156636953354,1,Low,spatial_event
24.5,69.5,2019-08-05,0.027939192950725555,1,Low,spatial_event
24.5,69.75,2019-08-05,0.042258501052856445,1,Low,spatial_event
24.5,70.0,2019-08-05,0.043906088918447495,1,Low,spatial_event
24.5,70.25,2019-08-05,0.04741121456027031,1,Low,spatial_event
24.5,70.5,2019-08-05,0.04741121456027031,1,Low,spatial_event
24.5,70.75,2019-08-05,0.048642586916685104,1,Low,spatial_event
24.5,71.0,2019-08-05,0.07371880114078522,1,Low,spatial_event
24.25,67.25,2019-08-05,0.0725208967924118,1,Low,spatial_event
24.25,67.5,2019-08-05,0.6891381144523621,3,High,spatial_event
24.25,67.75,2019-08-05,0.13848091661930084,1,Low,spatial_event
24.25,68.0,2019-08-05,0.646848201751709,3,High,spatial_event
24.25,68.25,2019-08-05,0.6955929398536682,3,High,spatial_event
24.25,68.5,2019-08-05,0.20408077538013458,1,Low,spatial_event
24.25,68.75,2019-08-05,0.17876628041267395,1,Low,spatial_event
24.25,69.0,2019-08-05,0.05003710463643074,1,Low,spatial_event
24.25,69.25,2019-08-05,0.05919697880744934,1,Low,spatial_event
24.25,69.5,2019-08-05,0.06696232408285141,1,Low,spatial_event
24.25,69.75,2019-08-05,0.047827959060668945,1,Low,spatial_event
24.25,70.0,2019-08-05,0.054004039615392685,1,Low,spatial_event
24.25,70.25,2019-08-05,0.04969898983836174,1,Low,spatial_event
24.25,70.5,2019-08-05,0.06904307752847672,1,Low,spatial_event
24.25,70.75,2019-08-05,0.06551029533147812,1,Low,spatial_event
24.25,71.0,2019-08-05,0.035018619149923325,1,Low,spatial_event
24.0,67.25,2019-08-05,0.07511910051107407,1,Low,spatial_event
24.0,67.5,2019-08-05,0.4929724335670471,2,Moderate,spatial_event
24.0,67.75,2019-08-05,0.2934378981590271,2,Moderate,spatial_event
24.0,68.0,2019-08-05,0.5135880708694458,3,High,spatial_event
24.0,68.25,2019-08-05,0.7223216891288757,3,High,spatial_event
24.0,68.5,2019-08-05,0.16660182178020477,1,Low,spatial_event
24.0,68.75,2019-08-05,0.06696232408285141,1,Low,spatial_event
23.75,67.5,2019-08-05,0.07511910051107407,1,Low,spatial_event
23.75,67.75,2019-08-05,0.05230814591050148,1,Low,spatial_event
23.75,68.0,2019-08-05,0.05472107231616974,1,Low,spatial_event
23.75,68.25,2019-08-05,0.07556663453578949,1,Low,spatial_event
28.5,68.75,2019-08-06,0.08911722153425217,1,Low,spatial_event
28.5,69.0,2019-08-06,0.10951928049325943,1,Low,spatial_event
28.5,69.25,2019-08-06,0.026490818709135056,1,Low,spatial_event
28.5,69.5,2019-08-06,0.02509571984410286,1,Low,spatial_event
28.5,69.75,2019-08-06,0.05883414298295975,1,Low,spatial_event
28.25,68.25,2019-08-06,0.029081182554364204,1,Low,spatial_event
28.25,68.5,2019-08-06,0.03099595382809639,1,Low,spatial_event
28.25,68.75,2019-08-06,0.13948829472064972,1,Low,spatial_event
28.25,69.0,2019-08-06,0.08919749408960342,1,Low,spatial_event
28.25,69.25,2019-08-06,0.04912137985229492,1,Low,spatial_event
28.25,69.5,2019-08-06,0.14462482929229736,1,Low,spatial_event
28.25,69.75,2019-08-06,0.2036360800266266,1,Low,spatial_event
28.0,67.75,2019-08-06,0.10747820138931274,1,Low,spatial_event
28.0,68.0,2019-08-06,0.014250029809772968,1,Low,spatial_event
28.0,68.25,2019-08-06,0.014250029809772968,1,Low,spatial_event
28.0,68.5,2019-08-06,0.03675692155957222,1,Low,spatial_event
28.0,68.75,2019-08-06,0.02435445971786976,1,Low,spatial_event
28.0,69.0,2019-08-06,0.015987122431397438,1,Low,spatial_event
28.0,69.25,2019-08-06,0.02074332721531391,1,Low,spatial_event
28.0,69.5,2019-08-06,0.020068276673555374,1,Low,spatial_event
28.0,69.75,2019-08-06,0.009974882937967777,1,Low,spatial_event
28.0,70.0,2019-08-06,0.009974882937967777,1,Low,spatial_event
27.75,67.25,2019-08-06,0.08968932926654816,1,Low,spatial_event
27.75,67.5,2019-08-06,0.05938651040196419,1,Low,spatial_event
27.75,67.75,2019-08-06,0.11644431948661804,1,Low,spatial_event
27.75,68.0,2019-08-06,0.019903764128684998,1,Low,spatial_event
27.75,68.25,2019-08-06,0.019267195835709572,1,Low,spatial_event
27.75,68.5,2019-08-06,0.007596056908369064,1,Low,spatial_event
27.75,68.75,2019-08-06,0.007512539625167847,1,Low,spatial_event
27.75,69.0,2019-08-06,0.008380734361708164,1,Low,spatial_event
27.75,69.25,2019-08-06,0.010022906586527824,1,Low,spatial_event
27.75,69.5,2019-08-06,0.010022906586527824,1,Low,spatial_event
27.75,69.75,2019-08-06,0.008227934129536152,1,Low,spatial_event
27.75,70.0,2019-08-06,0.008550683036446571,1,Low,spatial_event
27.5,67.25,2019-08-06,0.059542279690504074,1,Low,spatial_event
27.5,67.5,2019-08-06,0.03970564529299736,1,Low,spatial_event
27.5,67.75,2019-08-06,0.11248191446065903,1,Low,spatial_event
27.5,68.0,2019-08-06,0.02231725864112377,1,Low,spatial_event
27.5,68.25,2019-08-06,0.008530131541192532,1,Low,spatial_event
27.5,68.5,2019-08-06,0.011539501138031483,1,Low,spatial_event
27.5,68.75,2019-08-06,0.012099075131118298,1,Low,spatial_event
27.5,69.0,2019-08-06,0.010022906586527824,1,Low,spatial_event
27.5,69.25,2019-08-06,0.010022906586527824,1,Low,spatial_event
27.5,69.5,2019-08-06,0.008267613127827644,1,Low,spatial_event
27.5,69.75,2019-08-06,0.009974882937967777,1,Low,spatial_event
27.5,70.0,2019-08-06,0.008341854438185692,1,Low,spatial_event
27.25,67.25,2019-08-06,0.07357831299304962,1,Low,spatial_event
27.25,67.5,2019-08-06,0.03970564529299736,1,Low,spatial_event
27.25,67.75,2019-08-06,0.11248191446065903,1,Low,spatial_event
27.25,68.0,2019-08-06,0.022759955376386642,1,Low,spatial_event
27.25,68.25,2019-08-06,0.012952170334756374,1,Low,spatial_event
27.25,68.5,2019-08-06,0.011539501138031483,1,Low,spatial_event
27.25,68.75,2019-08-06,0.012099075131118298,1,Low,spatial_event
27.25,69.0,2019-08-06,0.009974882937967777,1,Low,spatial_event
27.25,69.25,2019-08-06,0.008666271343827248,1,Low,spatial_event
27.25,69.5,2019-08-06,0.011020074598491192,1,Low,spatial_event
27.25,69.75,2019-08-06,0.009761159308254719,1,Low,spatial_event
27.0,67.25,2019-08-06,0.1612703651189804,1,Low,spatial_event
27.0,67.5,2019-08-06,0.03641187399625778,1,Low,spatial_event
27.0,67.75,2019-08-06,0.11542996764183044,1,Low,spatial_event
27.0,68.0,2019-08-06,0.013197858817875385,1,Low,spatial_event
27.0,68.25,2019-08-06,0.012952170334756374,1,Low,spatial_event
27.0,68.5,2019-08-06,0.012099075131118298,1,Low,spatial_event
27.0,68.75,2019-08-06,0.010645447298884392,1,Low,spatial_event
27.0,69.0,2019-08-06,0.01031281054019928,1,Low,spatial_event
27.0,69.25,2019-08-06,0.008550683036446571,1,Low,spatial_event
27.0,69.5,2019-08-06,0.009091753512620926,1,Low,spatial_event
26.75,67.25,2019-08-06,0.22060434520244598,1,Low,spatial_event
26.75,67.5,2019-08-06,0.15527121722698212,1,Low,spatial_event
26.75,67.75,2019-08-06,0.14187347888946533,1,Low,spatial_event
26.75,68.0,2019-08-06,0.008530131541192532,1,Low,spatial_event
26.75,68.25,2019-08-06,0.011849446222186089,1,Low,spatial_event
26.75,68.5,2019-08-06,0.009972264990210533,1,Low,spatial_event
26.75,68.75,2019-08-06,0.011005839332938194,1,Low,spatial_event
26.75,69.0,2019-08-06,0.01031281054019928,1,Low,spatial_event
26.75,69.25,2019-08-06,0.009982301853597164,1,Low,spatial_event
26.75,69.5,2019-08-06,0.008669032715260983,1,Low,spatial_event
26.75,69.75,2019-08-06,0.007821545004844666,1,Low,spatial_event
26.5,67.25,2019-08-06,0.1735253632068634,1,Low,spatial_event
26.5,67.5,2019-08-06,0.10339932143688202,1,Low,spatial_event
26.5,67.75,2019-08-06,0.13823434710502625,1,Low,spatial_event
26.5,68.0,2019-08-06,0.03140848129987717,1,Low,spatial_event
26.5,68.25,2019-08-06,0.009797711856663227,1,Low,spatial_event
26.5,68.5,2019-08-06,0.009972264990210533,1,Low,spatial_event
26.5,68.75,2019-08-06,0.009343705140054226,1,Low,spatial_event
26.5,69.0,2019-08-06,0.008856186643242836,1,Low,spatial_event
26.5,69.25,2019-08-06,0.008401365950703621,1,Low,spatial_event
26.5,69.5,2019-08-06,0.00873467605561018,1,Low,spatial_event
26.5,69.75,2019-08-06,0.00841402355581522,1,Low,spatial_event
26.5,70.0,2019-08-06,0.009463164024055004,1,Low,spatial_event
26.5,70.25,2019-08-06,0.009463164024055004,1,Low,spatial_event
26.25,67.25,2019-08-06,0.168529212474823,1,Low,spatial_event
26.25,67.5,2019-08-06,0.14120417833328247,1,Low,spatial_event
26.25,67.75,2019-08-06,0.19297291338443756,1,Low,spatial_event
26.25,68.0,2019-08-06,0.017269745469093323,1,Low,spatial_event
26.25,68.25,2019-08-06,0.010273701511323452,1,Low,spatial_event
26.25,68.5,2019-08-06,0.010298623703420162,1,Low,spatial_event
26.25,68.75,2019-08-06,0.00897994451224804,1,Low,spatial_event
26.25,69.0,2019-08-06,0.008235455490648746,1,Low,spatial_event
26.25,69.25,2019-08-06,0.008208828046917915,1,Low,spatial_event
26.25,69.5,2019-08-06,0.008401365950703621,1,Low,spatial_event
26.25,69.75,2019-08-06,0.008864074945449829,1,Low,spatial_event
26.25,70.0,2019-08-06,0.008864074945449829,1,Low,spatial_event
26.25,70.25,2019-08-06,0.008401365950703621,1,Low,spatial_event
26.0,67.5,2019-08-06,0.2100149542093277,1,Low,spatial_event
26.0,67.75,2019-08-06,0.14265397191047668,1,Low,spatial_event
26.0,68.0,2019-08-06,0.01717916503548622,1,Low,spatial_event
26.0,68.25,2019-08-06,0.008393088355660439,1,Low,spatial_event
26.0,68.5,2019-08-06,0.018709007650613785,1,Low,spatial_event
26.0,68.75,2019-08-06,0.015973258763551712,1,Low,spatial_event
26.0,69.0,2019-08-06,0.013225758448243141,1,Low,spatial_event
26.0,69.25,2019-08-06,0.006373755168169737,1,Low,spatial_event
26.0,69.5,2019-08-06,0.008401365950703621,1,Low,spatial_event
26.0,69.75,2019-08-06,0.008401365950703621,1,Low,spatial_event
26.0,70.0,2019-08-06,0.007564812898635864,1,Low,spatial_event
25.75,67.5,2019-08-06,0.21695548295974731,1,Low,spatial_event
25.75,67.75,2019-08-06,0.2100149542093277,1,Low,spatial_event
25.75,68.0,2019-08-06,0.02110452391207218,1,Low,spatial_event
25.75,68.25,2019-08-06,0.019204318523406982,1,Low,spatial_event
25.75,68.5,2019-08-06,0.014235829003155231,1,Low,spatial_event
25.75,68.75,2019-08-06,0.018905557692050934,1,Low,spatial_event
25.75,69.0,2019-08-06,0.018572859466075897,1,Low,spatial_event
25.75,69.25,2019-08-06,0.01761999912559986,1,Low,spatial_event
25.75,69.5,2019-08-06,0.006682711187750101,1,Low,spatial_event
25.75,69.75,2019-08-06,0.00796610489487648,1,Low,spatial_event
25.75,70.0,2019-08-06,0.00796610489487648,1,Low,spatial_event
25.75,70.25,2019-08-06,0.008126834407448769,1,Low,spatial_event
25.75,70.5,2019-08-06,0.010004820302128792,1,Low,spatial_event
25.75,70.75,2019-08-06,0.020716633647680283,1,Low,spatial_event
25.5,67.25,2019-08-06,0.24479889869689941,1,Low,spatial_event
25.5,67.5,2019-08-06,0.22880598902702332,1,Low,spatial_event
25.5,67.75,2019-08-06,0.18855616450309753,1,Low,spatial_event
25.5,68.0,2019-08-06,0.016873572021722794,1,Low,spatial_event
25.5,68.25,2019-08-06,0.02110452391207218,1,Low,spatial_event
25.5,68.5,2019-08-06,0.03103235922753811,1,Low,spatial_event
25.5,68.75,2019-08-06,0.021927395835518837,1,Low,spatial_event
25.5,69.0,2019-08-06,0.06776183843612671,1,Low,spatial_event
25.5,69.25,2019-08-06,0.020560944452881813,1,Low,spatial_event
25.5,69.5,2019-08-06,0.027382412925362587,1,Low,spatial_event
25.5,69.75,2019-08-06,0.005704578943550587,1,Low,spatial_event
25.5,70.0,2019-08-06,0.009310998022556305,1,Low,spatial_event
25.5,70.25,2019-08-06,0.009310998022556305,1,Low,spatial_event
25.5,70.5,2019-08-06,0.022590255364775658,1,Low,spatial_event
25.5,70.75,2019-08-06,0.022590255364775658,1,Low,spatial_event
25.25,67.0,2019-08-06,0.16960804164409637,1,Low,spatial_event
25.25,67.25,2019-08-06,0.25081220269203186,2,Moderate,spatial_event
25.25,67.5,2019-08-06,0.23912793397903442,1,Low,spatial_event
25.25,67.75,2019-08-06,0.03730354085564613,1,Low,spatial_event
25.25,68.0,2019-08-06,0.03273780271410942,1,Low,spatial_event
25.25,68.25,2019-08-06,0.01765120029449463,1,Low,spatial_event
25.25,68.5,2019-08-06,0.03703102841973305,1,Low,spatial_event
25.25,68.75,2019-08-06,0.14263635873794556,1,Low,spatial_event
25.25,69.0,2019-08-06,0.05260305106639862,1,Low,spatial_event
25.25,69.25,2019-08-06,0.01820729486644268,1,Low,spatial_event
25.25,69.5,2019-08-06,0.03122539073228836,1,Low,spatial_event
25.25,69.75,2019-08-06,0.007950869388878345,1,Low,spatial_event
25.25,70.0,2019-08-06,0.018393754959106445,1,Low,spatial_event
25.25,70.25,2019-08-06,0.022590255364775658,1,Low,spatial_event
25.25,70.5,2019-08-06,0.022590255364775658,1,Low,spatial_event
25.25,70.75,2019-08-06,0.022590255364775658,1,Low,spatial_event
25.25,71.0,2019-08-06,0.10625173896551132,1,Low,spatial_event
25.0,66.75,2019-08-06,0.03883529454469681,1,Low,spatial_event
25.0,67.0,2019-08-06,0.07877404987812042,1,Low,spatial_event
25.0,67.25,2019-08-06,0.20511962473392487,1,Low,spatial_event
25.0,67.5,2019-08-06,0.04826819896697998,1,Low,spatial_event
25.0,67.75,2019-08-06,0.04356851801276207,1,Low,spatial_event
25.0,68.0,2019-08-06,0.036129821091890335,1,Low,spatial_event
25.0,68.25,2019-08-06,0.21878227591514587,1,Low,spatial_event
25.0,68.5,2019-08-06,0.27002787590026855,2,Moderate,spatial_event
25.0,68.75,2019-08-06,0.13899675011634827,1,Low,spatial_event
25.0,69.0,2019-08-06,0.13899675011634827,1,Low,spatial_event
25.0,69.25,2019-08-06,0.3694738447666168,2,Moderate,spatial_event
25.0,69.5,2019-08-06,0.013801301829516888,1,Low,spatial_event
25.0,69.75,2019-08-06,0.022590255364775658,1,Low,spatial_event
25.0,70.0,2019-08-06,0.022590255364775658,1,Low,spatial_event
25.0,70.25,2019-08-06,0.028054915368556976,1,Low,spatial_event
25.0,70.5,2019-08-06,0.02633768320083618,1,Low,spatial_event
25.0,70.75,2019-08-06,0.19874586164951324,1,Low,spatial_event
25.0,71.0,2019-08-06,0.19767728447914124,1,Low,spatial_event
24.75,66.75,2019-08-06,0.03690841421484947,1,Low,spatial_event
24.75,67.0,2019-08-06,0.0742543488740921,1,Low,spatial_event
24.75,67.25,2019-08-06,0.04552733153104782,1,Low,spatial_event
24.75,67.5,2019-08-06,0.035040613263845444,1,Low,spatial_event
24.75,67.75,2019-08-06,0.052583247423172,1,Low,spatial_event
24.75,68.0,2019-08-06,0.21878227591514587,1,Low,spatial_event
24.75,68.25,2019-08-06,0.7659512758255005,4,Very High,spatial_event
24.75,68.5,2019-08-06,0.19814206659793854,1,Low,spatial_event
24.75,68.75,2019-08-06,0.348472535610199,2,Moderate,spatial_event
24.75,69.0,2019-08-06,0.12801693379878998,1,Low,spatial_event
24.75,69.25,2019-08-06,0.01534753292798996,1,Low,spatial_event
24.75,69.5,2019-08-06,0.024892281740903854,1,Low,spatial_event
24.75,69.75,2019-08-06,0.023190053179860115,1,Low,spatial_event
24.75,70.0,2019-08-06,0.021763930097222328,1,Low,spatial_event
24.75,70.25,2019-08-06,0.021200217306613922,1,Low,spatial_event
24.75,70.5,2019-08-06,0.04096275568008423,1,Low,spatial_event
24.75,70.75,2019-08-06,0.19073811173439026,1,Low,spatial_event
24.75,71.0,2019-08-06,0.19767728447914124,1,Low,spatial_event
24.5,67.25,2019-08-06,0.07239838689565659,1,Low,spatial_event
24.5,67.5,2019-08-06,0.09328543394804001,1,Low,spatial_event
24.5,67.75,2019-08-06,0.7965799570083618,4,Very High,spatial_event
24.5,68.0,2019-08-06,0.8061650991439819,4,Very High,spatial_event
24.5,68.25,2019-08-06,0.18246854841709137,1,Low,spatial_event
24.5,68.5,2019-08-06,0.08443084359169006,1,Low,spatial_event
24.5,68.75,2019-08-06,0.20940591394901276,1,Low,spatial_event
24.5,69.0,2019-08-06,0.16320784389972687,1,Low,spatial_event
24.5,69.25,2019-08-06,0.026288578286767006,1,Low,spatial_event
24.5,69.5,2019-08-06,0.016993727535009384,1,Low,spatial_event
24.5,69.75,2019-08-06,0.015188999474048615,1,Low,spatial_event
24.5,70.0,2019-08-06,0.04122772067785263,1,Low,spatial_event
24.5,70.25,2019-08-06,0.19767728447914124,1,Low,spatial_event
24.5,70.5,2019-08-06,0.19767728447914124,1,Low,spatial_event
24.5,70.75,2019-08-06,0.20306983590126038,1,Low,spatial_event
24.5,71.0,2019-08-06,0.1636670082807541,1,Low,spatial_event
24.25,67.25,2019-08-06,0.05417170375585556,1,Low,spatial_event
24.25,67.5,2019-08-06,0.43033769726753235,2,Moderate,spatial_event
24.25,67.75,2019-08-06,0.8253141045570374,4,Very High,spatial_event
24.25,68.0,2019-08-06,0.9198359847068787,4,Very High,spatial_event
24.25,68.25,2019-08-06,0.5770106315612793,3,High,spatial_event
24.25,68.5,2019-08-06,0.06588556617498398,1,Low,spatial_event
24.25,68.75,2019-08-06,0.027685239911079407,1,Low,spatial_event
24.25,69.0,2019-08-06,0.03072010539472103,1,Low,spatial_event
24.25,69.25,2019-08-06,0.03072010539472103,1,Low,spatial_event
24.25,69.5,2019-08-06,0.05700981989502907,1,Low,spatial_event
24.25,69.75,2019-08-06,0.04463398829102516,1,Low,spatial_event
24.25,70.0,2019-08-06,0.20442676544189453,1,Low,spatial_event
24.25,70.25,2019-08-06,0.18203721940517426,1,Low,spatial_event
24.25,70.5,2019-08-06,0.1921054571866989,1,Low,spatial_event
24.25,70.75,2019-08-06,0.24432773888111115,1,Low,spatial_event
24.25,71.0,2019-08-06,0.13412104547023773,1,Low,spatial_event
24.0,67.25,2019-08-06,0.06926309317350388,1,Low,spatial_event
24.0,67.5,2019-08-06,0.3752330243587494,2,Moderate,spatial_event
24.0,67.75,2019-08-06,0.05271923542022705,1,Low,spatial_event
24.0,68.0,2019-08-06,0.05382394790649414,1,Low,spatial_event
24.0,68.25,2019-08-06,0.09590715169906616,1,Low,spatial_event
24.0,68.5,2019-08-06,0.0425536148250103,1,Low,spatial_event
24.0,68.75,2019-08-06,0.018542129546403885,1,Low,spatial_event
23.75,67.5,2019-08-06,0.05417170375585556,1,Low,spatial_event
23.75,67.75,2019-08-06,0.03746405243873596,1,Low,spatial_event
23.75,68.0,2019-08-06,0.0368170365691185,1,Low,spatial_event
23.75,68.25,2019-08-06,0.054501790553331375,1,Low,spatial_event
28.5,68.75,2019-08-07,0.0250434260815382,1,Low,spatial_event
28.5,69.0,2019-08-07,0.024879783391952515,1,Low,spatial_event
28.5,69.25,2019-08-07,0.025089934468269348,1,Low,spatial_event
28.5,69.5,2019-08-07,0.025089934468269348,1,Low,spatial_event
28.5,69.75,2019-08-07,0.0164752509444952,1,Low,spatial_event
28.25,68.25,2019-08-07,0.023066546767950058,1,Low,spatial_event
28.25,68.5,2019-08-07,0.0239641722291708,1,Low,spatial_event
28.25,68.75,2019-08-07,0.03125469386577606,1,Low,spatial_event
28.25,69.0,2019-08-07,0.017100201919674873,1,Low,spatial_event
28.25,69.25,2019-08-07,0.019503671675920486,1,Low,spatial_event
28.25,69.5,2019-08-07,0.027135435491800308,1,Low,spatial_event
28.25,69.75,2019-08-07,0.031516965478658676,1,Low,spatial_event
28.0,67.75,2019-08-07,0.026972463354468346,1,Low,spatial_event
28.0,68.0,2019-08-07,0.023066546767950058,1,Low,spatial_event
28.0,68.25,2019-08-07,0.023066546767950058,1,Low,spatial_event
28.0,68.5,2019-08-07,0.02845657989382744,1,Low,spatial_event
28.0,68.75,2019-08-07,0.02091463841497898,1,Low,spatial_event
28.0,69.0,2019-08-07,0.029074538499116898,1,Low,spatial_event
28.0,69.25,2019-08-07,0.033758316189050674,1,Low,spatial_event
28.0,69.5,2019-08-07,0.033758316189050674,1,Low,spatial_event
28.0,69.75,2019-08-07,0.031024152413010597,1,Low,spatial_event
28.0,70.0,2019-08-07,0.031983572989702225,1,Low,spatial_event
27.75,67.25,2019-08-07,0.05386209860444069,1,Low,spatial_event
27.75,67.5,2019-08-07,0.03517502173781395,1,Low,spatial_event
27.75,67.75,2019-08-07,0.04065287858247757,1,Low,spatial_event
27.75,68.0,2019-08-07,0.023066546767950058,1,Low,spatial_event
27.75,68.25,2019-08-07,0.023024389520287514,1,Low,spatial_event
27.75,68.5,2019-08-07,0.012015849351882935,1,Low,spatial_event
27.75,68.75,2019-08-07,0.013101231306791306,1,Low,spatial_event
27.75,69.0,2019-08-07,0.012888820841908455,1,Low,spatial_event
27.75,69.25,2019-08-07,0.018129728734493256,1,Low,spatial_event
27.75,69.5,2019-08-07,0.01842162199318409,1,Low,spatial_event
27.75,69.75,2019-08-07,0.017748814076185226,1,Low,spatial_event
27.75,70.0,2019-08-07,0.00875042099505663,1,Low,spatial_event
27.5,67.25,2019-08-07,0.06272891908884048,1,Low,spatial_event
27.5,67.5,2019-08-07,0.061470914632081985,1,Low,spatial_event
27.5,67.75,2019-08-07,0.08636394888162613,1,Low,spatial_event
27.5,68.0,2019-08-07,0.03947411850094795,1,Low,spatial_event
27.5,68.25,2019-08-07,0.022100120782852173,1,Low,spatial_event
27.5,68.5,2019-08-07,0.02308860793709755,1,Low,spatial_event
27.5,68.75,2019-08-07,0.022596055641770363,1,Low,spatial_event
27.5,69.0,2019-08-07,0.02100876346230507,1,Low,spatial_event
27.5,69.25,2019-08-07,0.019392702728509903,1,Low,spatial_event
27.5,69.5,2019-08-07,0.008872420527040958,1,Low,spatial_event
27.5,69.75,2019-08-07,0.009311878122389317,1,Low,spatial_event
27.5,70.0,2019-08-07,0.008829860016703606,1,Low,spatial_event
27.25,67.25,2019-08-07,0.06414048373699188,1,Low,spatial_event
27.25,67.5,2019-08-07,0.06184254586696625,1,Low,spatial_event
27.25,67.75,2019-08-07,0.09087999165058136,1,Low,spatial_event
27.25,68.0,2019-08-07,0.03947411850094795,1,Low,spatial_event
27.25,68.25,2019-08-07,0.02333695814013481,1,Low,spatial_event
27.25,68.5,2019-08-07,0.02308860793709755,1,Low,spatial_event
27.25,68.75,2019-08-07,0.010984828695654869,1,Low,spatial_event
27.25,69.0,2019-08-07,0.009311878122389317,1,Low,spatial_event
27.25,69.25,2019-08-07,0.008205481804907322,1,Low,spatial_event
27.25,69.5,2019-08-07,0.008065241388976574,1,Low,spatial_event
27.25,69.75,2019-08-07,0.009627562947571278,1,Low,spatial_event
27.0,67.25,2019-08-07,0.053834836930036545,1,Low,spatial_event
27.0,67.5,2019-08-07,0.04144905507564545,1,Low,spatial_event
27.0,67.75,2019-08-07,0.0721127837896347,1,Low,spatial_event
27.0,68.0,2019-08-07,0.0462866835296154,1,Low,spatial_event
27.0,68.25,2019-08-07,0.021875491365790367,1,Low,spatial_event
27.0,68.5,2019-08-07,0.009263880550861359,1,Low,spatial_event
27.0,68.75,2019-08-07,0.009024389088153839,1,Low,spatial_event
27.0,69.0,2019-08-07,0.009783926419913769,1,Low,spatial_event
27.0,69.25,2019-08-07,0.009176001884043217,1,Low,spatial_event
27.0,69.5,2019-08-07,0.00764725636690855,1,Low,spatial_event
26.75,67.25,2019-08-07,0.08481714874505997,1,Low,spatial_event
26.75,67.5,2019-08-07,0.07694181799888611,1,Low,spatial_event
26.75,67.75,2019-08-07,0.037840697914361954,1,Low,spatial_event
26.75,68.0,2019-08-07,0.07869074493646622,1,Low,spatial_event
26.75,68.25,2019-08-07,0.008677298203110695,1,Low,spatial_event
26.75,68.5,2019-08-07,0.008677298203110695,1,Low,spatial_event
26.75,68.75,2019-08-07,0.009164719842374325,1,Low,spatial_event
26.75,69.0,2019-08-07,0.009164719842374325,1,Low,spatial_event
26.75,69.25,2019-08-07,0.010884961113333702,1,Low,spatial_event
26.75,69.5,2019-08-07,0.008594935759902,1,Low,spatial_event
26.75,69.75,2019-08-07,0.008829860016703606,1,Low,spatial_event
26.5,67.25,2019-08-07,0.08429671078920364,1,Low,spatial_event
26.5,67.5,2019-08-07,0.06562598794698715,1,Low,spatial_event
26.5,67.75,2019-08-07,0.04718293622136116,1,Low,spatial_event
26.5,68.0,2019-08-07,0.06321769952774048,1,Low,spatial_event
26.5,68.25,2019-08-07,0.008677298203110695,1,Low,spatial_event
26.5,68.5,2019-08-07,0.009909771382808685,1,Low,spatial_event
26.5,68.75,2019-08-07,0.008864074945449829,1,Low,spatial_event
26.5,69.0,2019-08-07,0.008864074945449829,1,Low,spatial_event
26.5,69.25,2019-08-07,0.008864074945449829,1,Low,spatial_event
26.5,69.5,2019-08-07,0.008594935759902,1,Low,spatial_event
26.5,69.75,2019-08-07,0.007754634600132704,1,Low,spatial_event
26.5,70.0,2019-08-07,0.009311878122389317,1,Low,spatial_event
26.5,70.25,2019-08-07,0.008722282946109772,1,Low,spatial_event
26.25,67.25,2019-08-07,0.10827313363552094,1,Low,spatial_event
26.25,67.5,2019-08-07,0.22715699672698975,1,Low,spatial_event
26.25,67.75,2019-08-07,0.1498645842075348,1,Low,spatial_event
26.25,68.0,2019-08-07,0.03441235423088074,1,Low,spatial_event
26.25,68.25,2019-08-07,0.007631596643477678,1,Low,spatial_event
26.25,68.5,2019-08-07,0.00850408710539341,1,Low,spatial_event
26.25,68.75,2019-08-07,0.007890771143138409,1,Low,spatial_event
26.25,69.0,2019-08-07,0.008401365950703621,1,Low,spatial_event
26.25,69.25,2019-08-07,0.008401365950703621,1,Low,spatial_event
26.25,69.5,2019-08-07,0.008864074945449829,1,Low,spatial_event
26.25,69.75,2019-08-07,0.008864074945449829,1,Low,spatial_event
26.25,70.0,2019-08-07,0.008864074945449829,1,Low,spatial_event
26.25,70.25,2019-08-07,0.008843429386615753,1,Low,spatial_event
26.0,67.5,2019-08-07,0.27024081349372864,2,Moderate,spatial_event
26.0,67.75,2019-08-07,0.17543146014213562,1,Low,spatial_event
26.0,68.0,2019-08-07,0.007596208248287439,1,Low,spatial_event
26.0,68.25,2019-08-07,0.0066525377333164215,1,Low,spatial_event
26.0,68.5,2019-08-07,0.00850408710539341,1,Low,spatial_event
26.0,68.75,2019-08-07,0.007376864552497864,1,Low,spatial_event
26.0,69.0,2019-08-07,0.009854698553681374,1,Low,spatial_event
26.0,69.25,2019-08-07,0.008401365950703621,1,Low,spatial_event
26.0,69.5,2019-08-07,0.008864074945449829,1,Low,spatial_event
26.0,69.75,2019-08-07,0.008864074945449829,1,Low,spatial_event
26.0,70.0,2019-08-07,0.007809774950146675,1,Low,spatial_event
25.75,67.5,2019-08-07,0.277383416891098,2,Moderate,spatial_event
25.75,67.75,2019-08-07,0.2222895473241806,1,Low,spatial_event
25.75,68.0,2019-08-07,0.025614939630031586,1,Low,spatial_event
25.75,68.25,2019-08-07,0.0071382359601557255,1,Low,spatial_event
25.75,68.5,2019-08-07,0.0061502899043262005,1,Low,spatial_event
25.75,68.75,2019-08-07,0.010386398062109947,1,Low,spatial_event
25.75,69.0,2019-08-07,0.009068482555449009,1,Low,spatial_event
25.75,69.25,2019-08-07,0.008199915289878845,1,Low,spatial_event
25.75,69.5,2019-08-07,0.007451225072145462,1,Low,spatial_event
25.75,69.75,2019-08-07,0.008537745103240013,1,Low,spatial_event
25.75,70.0,2019-08-07,0.008126834407448769,1,Low,spatial_event
25.75,70.25,2019-08-07,0.007950869388878345,1,Low,spatial_event
25.75,70.5,2019-08-07,0.022590255364775658,1,Low,spatial_event
25.75,70.75,2019-08-07,0.030293812975287437,1,Low,spatial_event
25.5,67.25,2019-08-07,0.2709634006023407,2,Moderate,spatial_event
25.5,67.5,2019-08-07,0.277383416891098,2,Moderate,spatial_event
25.5,67.75,2019-08-07,0.2273782640695572,1,Low,spatial_event
25.5,68.0,2019-08-07,0.027168475091457367,1,Low,spatial_event
25.5,68.25,2019-08-07,0.025614939630031586,1,Low,spatial_event
25.5,68.5,2019-08-07,0.00796610489487648,1,Low,spatial_event
25.5,68.75,2019-08-07,0.010012767277657986,1,Low,spatial_event
25.5,69.0,2019-08-07,0.012027879245579243,1,Low,spatial_event
25.5,69.25,2019-08-07,0.009824157692492008,1,Low,spatial_event
25.5,69.5,2019-08-07,0.008623037487268448,1,Low,spatial_event
25.5,69.75,2019-08-07,0.0059822634793818,1,Low,spatial_event
25.5,70.0,2019-08-07,0.008486530743539333,1,Low,spatial_event
25.5,70.25,2019-08-07,0.019619064405560493,1,Low,spatial_event
25.5,70.5,2019-08-07,0.024088243022561073,1,Low,spatial_event
25.5,70.75,2019-08-07,0.024088243022561073,1,Low,spatial_event
25.25,67.0,2019-08-07,0.21304340660572052,1,Low,spatial_event
25.25,67.25,2019-08-07,0.3168542683124542,2,Moderate,spatial_event
25.25,67.5,2019-08-07,0.2636198103427887,2,Moderate,spatial_event
25.25,67.75,2019-08-07,0.03939279913902283,1,Low,spatial_event
25.25,68.0,2019-08-07,0.026292899623513222,1,Low,spatial_event
25.25,68.25,2019-08-07,0.01759340800344944,1,Low,spatial_event
25.25,68.5,2019-08-07,0.04370509088039398,1,Low,spatial_event
25.25,68.75,2019-08-07,0.02868683449923992,1,Low,spatial_event
25.25,69.0,2019-08-07,0.008336002938449383,1,Low,spatial_event
25.25,69.25,2019-08-07,0.01182057149708271,1,Low,spatial_event
25.25,69.5,2019-08-07,0.008553201332688332,1,Low,spatial_event
25.25,69.75,2019-08-07,0.007950869388878345,1,Low,spatial_event
25.25,70.0,2019-08-07,0.019619064405560493,1,Low,spatial_event
25.25,70.25,2019-08-07,0.024088243022561073,1,Low,spatial_event
25.25,70.5,2019-08-07,0.024088243022561073,1,Low,spatial_event
25.25,70.75,2019-08-07,0.024088243022561073,1,Low,spatial_event
25.25,71.0,2019-08-07,0.024088243022561073,1,Low,spatial_event
25.0,66.75,2019-08-07,0.14124362170696259,1,Low,spatial_event
25.0,67.0,2019-08-07,0.3594031035900116,2,Moderate,spatial_event
25.0,67.25,2019-08-07,0.2347763478755951,1,Low,spatial_event
25.0,67.5,2019-08-07,0.26231661438941956,2,Moderate,spatial_event
25.0,67.75,2019-08-07,0.044843655079603195,1,Low,spatial_event
25.0,68.0,2019-08-07,0.044843655079603195,1,Low,spatial_event
25.0,68.25,2019-08-07,0.03751213103532791,1,Low,spatial_event
25.0,68.5,2019-08-07,0.14849244058132172,1,Low,spatial_event
25.0,68.75,2019-08-07,0.1722000539302826,1,Low,spatial_event
25.0,69.0,2019-08-07,0.02919968217611313,1,Low,spatial_event
25.0,69.25,2019-08-07,0.02411862462759018,1,Low,spatial_event
25.0,69.5,2019-08-07,0.025844745337963104,1,Low,spatial_event
25.0,69.75,2019-08-07,0.018393754959106445,1,Low,spatial_event
25.0,70.0,2019-08-07,0.024088243022561073,1,Low,spatial_event
25.0,70.25,2019-08-07,0.02990420162677765,1,Low,spatial_event
25.0,70.5,2019-08-07,0.02990420162677765,1,Low,spatial_event
25.0,70.75,2019-08-07,0.024088243022561073,1,Low,spatial_event
25.0,71.0,2019-08-07,0.1126580461859703,1,Low,spatial_event
24.75,66.75,2019-08-07,0.048425979912281036,1,Low,spatial_event
24.75,67.0,2019-08-07,0.23738379776477814,1,Low,spatial_event
24.75,67.25,2019-08-07,0.23738379776477814,1,Low,spatial_event
24.75,67.5,2019-08-07,0.21310627460479736,1,Low,spatial_event
24.75,67.75,2019-08-07,0.2987205982208252,2,Moderate,spatial_event
24.75,68.0,2019-08-07,0.17651905119419098,1,Low,spatial_event
24.75,68.25,2019-08-07,0.5605030655860901,3,High,spatial_event
24.75,68.5,2019-08-07,0.52833491563797,3,High,spatial_event
24.75,68.75,2019-08-07,0.16166028380393982,1,Low,spatial_event
24.75,69.0,2019-08-07,0.17772449553012848,1,Low,spatial_event
24.75,69.25,2019-08-07,0.016269423067569733,1,Low,spatial_event
24.75,69.5,2019-08-07,0.02334548532962799,1,Low,spatial_event
24.75,69.75,2019-08-07,0.022590255364775658,1,Low,spatial_event
24.75,70.0,2019-08-07,0.024088243022561073,1,Low,spatial_event
24.75,70.25,2019-08-07,0.022608164697885513,1,Low,spatial_event
24.75,70.5,2019-08-07,0.022608164697885513,1,Low,spatial_event
24.75,70.75,2019-08-07,0.07731044292449951,1,Low,spatial_event
24.75,71.0,2019-08-07,0.1063288152217865,1,Low,spatial_event
24.5,67.25,2019-08-07,0.05849441885948181,1,Low,spatial_event
24.5,67.5,2019-08-07,0.21467627584934235,1,Low,spatial_event
24.5,67.75,2019-08-07,0.6559091210365295,3,High,spatial_event
24.5,68.0,2019-08-07,0.7097156643867493,3,High,spatial_event
24.5,68.25,2019-08-07,0.2621554434299469,2,Moderate,spatial_event
24.5,68.5,2019-08-07,0.07594165951013565,1,Low,spatial_event
24.5,68.75,2019-08-07,0.07685326039791107,1,Low,spatial_event
24.5,69.0,2019-08-07,0.0348983071744442,1,Low,spatial_event
24.5,69.25,2019-08-07,0.02465721033513546,1,Low,spatial_event
24.5,69.5,2019-08-07,0.015250138938426971,1,Low,spatial_event
24.5,69.75,2019-08-07,0.024170005694031715,1,Low,spatial_event
24.5,70.0,2019-08-07,0.022590255364775658,1,Low,spatial_event
24.5,70.25,2019-08-07,0.022608164697885513,1,Low,spatial_event
24.5,70.5,2019-08-07,0.1063288152217865,1,Low,spatial_event
24.5,70.75,2019-08-07,0.1095697358250618,1,Low,spatial_event
24.5,71.0,2019-08-07,0.08634361624717712,1,Low,spatial_event
24.25,67.25,2019-08-07,0.06646189093589783,1,Low,spatial_event
24.25,67.5,2019-08-07,0.29894527792930603,2,Moderate,spatial_event
24.25,67.75,2019-08-07,0.8356395959854126,4,Very High,spatial_event
24.25,68.0,2019-08-07,0.8069605827331543,4,Very High,spatial_event
24.25,68.25,2019-08-07,0.1901020109653473,1,Low,spatial_event
24.25,68.5,2019-08-07,0.07150895148515701,1,Low,spatial_event
24.25,68.75,2019-08-07,0.039104074239730835,1,Low,spatial_event
24.25,69.0,2019-08-07,0.031120019033551216,1,Low,spatial_event
24.25,69.25,2019-08-07,0.036054108291864395,1,Low,spatial_event
24.25,69.5,2019-08-07,0.040275417268276215,1,Low,spatial_event
24.25,69.75,2019-08-07,0.023142999038100243,1,Low,spatial_event
24.25,70.0,2019-08-07,0.04463398829102516,1,Low,spatial_event
24.25,70.25,2019-08-07,0.018901772797107697,1,Low,spatial_event
24.25,70.5,2019-08-07,0.07794293016195297,1,Low,spatial_event
24.25,70.75,2019-08-07,0.07497597485780716,1,Low,spatial_event
24.25,71.0,2019-08-07,0.07676101475954056,1,Low,spatial_event
24.0,67.25,2019-08-07,0.04274403676390648,1,Low,spatial_event
24.0,67.5,2019-08-07,0.07494979351758957,1,Low,spatial_event
24.0,67.75,2019-08-07,0.04618053510785103,1,Low,spatial_event
24.0,68.0,2019-08-07,0.07080026715993881,1,Low,spatial_event
24.0,68.25,2019-08-07,0.03711511939764023,1,Low,spatial_event
24.0,68.5,2019-08-07,0.01856914907693863,1,Low,spatial_event
24.0,68.75,2019-08-07,0.02510782703757286,1,Low,spatial_event
23.75,67.5,2019-08-07,0.06729476153850555,1,Low,spatial_event
23.75,67.75,2019-08-07,0.05260802060365677,1,Low,spatial_event
23.75,68.0,2019-08-07,0.021278204396367073,1,Low,spatial_event
23.75,68.25,2019-08-07,0.0239212978631258,1,Low,spatial_event
28.5,68.75,2019-08-08,0.026971619576215744,1,Low,spatial_event
28.5,69.0,2019-08-08,0.027978768572211266,1,Low,spatial_event
28.5,69.25,2019-08-08,0.028162214905023575,1,Low,spatial_event
28.5,69.5,2019-08-08,0.028162214905023575,1,Low,spatial_event
28.5,69.75,2019-08-08,0.017207220196723938,1,Low,spatial_event
28.25,68.25,2019-08-08,0.03516658395528793,1,Low,spatial_event
28.25,68.5,2019-08-08,0.02861090749502182,1,Low,spatial_event
28.25,68.75,2019-08-08,0.036468274891376495,1,Low,spatial_event
28.25,69.0,2019-08-08,0.02138696424663067,1,Low,spatial_event
28.25,69.25,2019-08-08,0.03105512447655201,1,Low,spatial_event
28.25,69.5,2019-08-08,0.03124900534749031,1,Low,spatial_event
28.25,69.75,2019-08-08,0.053035032004117966,1,Low,spatial_event
28.0,67.75,2019-08-08,0.023754317313432693,1,Low,spatial_event
28.0,68.0,2019-08-08,0.03386390581727028,1,Low,spatial_event
28.0,68.25,2019-08-08,0.031327396631240845,1,Low,spatial_event
28.0,68.5,2019-08-08,0.040253009647130966,1,Low,spatial_event
28.0,68.75,2019-08-08,0.03285760432481766,1,Low,spatial_event
28.0,69.0,2019-08-08,0.029038965702056885,1,Low,spatial_event
28.0,69.25,2019-08-08,0.022802868857979774,1,Low,spatial_event
28.0,69.5,2019-08-08,0.013612823560833931,1,Low,spatial_event
28.0,69.75,2019-08-08,0.013547842390835285,1,Low,spatial_event
28.0,70.0,2019-08-08,0.011439823545515537,1,Low,spatial_event
27.75,67.25,2019-08-08,0.044924236834049225,1,Low,spatial_event
27.75,67.5,2019-08-08,0.03244716674089432,1,Low,spatial_event
27.75,67.75,2019-08-08,0.04865533486008644,1,Low,spatial_event
27.75,68.0,2019-08-08,0.03386390581727028,1,Low,spatial_event
27.75,68.25,2019-08-08,0.02882213518023491,1,Low,spatial_event
27.75,68.5,2019-08-08,0.016869110986590385,1,Low,spatial_event
27.75,68.75,2019-08-08,0.019671713933348656,1,Low,spatial_event
27.75,69.0,2019-08-08,0.012902830727398396,1,Low,spatial_event
27.75,69.25,2019-08-08,0.012353228405117989,1,Low,spatial_event
27.75,69.5,2019-08-08,0.009981595911085606,1,Low,spatial_event
27.75,69.75,2019-08-08,0.010826493613421917,1,Low,spatial_event
27.75,70.0,2019-08-08,0.010152794420719147,1,Low,spatial_event
27.5,67.25,2019-08-08,0.17105244100093842,1,Low,spatial_event
27.5,67.5,2019-08-08,0.07336853444576263,1,Low,spatial_event
27.5,67.75,2019-08-08,0.04865533486008644,1,Low,spatial_event
27.5,68.0,2019-08-08,0.05401718616485596,1,Low,spatial_event
27.5,68.25,2019-08-08,0.026126109063625336,1,Low,spatial_event
27.5,68.5,2019-08-08,0.021018195897340775,1,Low,spatial_event
27.5,68.75,2019-08-08,0.020880285650491714,1,Low,spatial_event
27.5,69.0,2019-08-08,0.011345624923706055,1,Low,spatial_event
27.5,69.25,2019-08-08,0.011345624923706055,1,Low,spatial_event
27.5,69.5,2019-08-08,0.009817216545343399,1,Low,spatial_event
27.5,69.75,2019-08-08,0.010074908845126629,1,Low,spatial_event
27.5,70.0,2019-08-08,0.009770169854164124,1,Low,spatial_event
27.25,67.25,2019-08-08,0.07707076519727707,1,Low,spatial_event
27.25,67.5,2019-08-08,0.016887206584215164,1,Low,spatial_event
27.25,67.75,2019-08-08,0.04858735203742981,1,Low,spatial_event
27.25,68.0,2019-08-08,0.05148569494485855,1,Low,spatial_event
27.25,68.25,2019-08-08,0.024141648784279823,1,Low,spatial_event
27.25,68.5,2019-08-08,0.018513072282075882,1,Low,spatial_event
27.25,68.75,2019-08-08,0.00945483148097992,1,Low,spatial_event
27.25,69.0,2019-08-08,0.012074927799403667,1,Low,spatial_event
27.25,69.25,2019-08-08,0.010877725668251514,1,Low,spatial_event
27.25,69.5,2019-08-08,0.008919237181544304,1,Low,spatial_event
27.25,69.75,2019-08-08,0.009619082324206829,1,Low,spatial_event
27.0,67.25,2019-08-08,0.07707076519727707,1,Low,spatial_event
27.0,67.5,2019-08-08,0.016887206584215164,1,Low,spatial_event
27.0,67.75,2019-08-08,0.024625249207019806,1,Low,spatial_event
27.0,68.0,2019-08-08,0.014917172491550446,1,Low,spatial_event
27.0,68.25,2019-08-08,0.02448113262653351,1,Low,spatial_event
27.0,68.5,2019-08-08,0.01765967719256878,1,Low,spatial_event
27.0,68.75,2019-08-08,0.010624164715409279,1,Low,spatial_event
27.0,69.0,2019-08-08,0.010886994190514088,1,Low,spatial_event
27.0,69.25,2019-08-08,0.009510466828942299,1,Low,spatial_event
27.0,69.5,2019-08-08,0.008789587765932083,1,Low,spatial_event
26.75,67.25,2019-08-08,0.08477694541215897,1,Low,spatial_event
26.75,67.5,2019-08-08,0.019530342891812325,1,Low,spatial_event
26.75,67.75,2019-08-08,0.02544175088405609,1,Low,spatial_event
26.75,68.0,2019-08-08,0.02760235033929348,1,Low,spatial_event
26.75,68.25,2019-08-08,0.019854579120874405,1,Low,spatial_event
26.75,68.5,2019-08-08,0.010068072937428951,1,Low,spatial_event
26.75,68.75,2019-08-08,0.009978321380913258,1,Low,spatial_event
26.75,69.0,2019-08-08,0.009978321380913258,1,Low,spatial_event
26.75,69.25,2019-08-08,0.011677706614136696,1,Low,spatial_event
26.75,69.5,2019-08-08,0.009372305124998093,1,Low,spatial_event
26.75,69.75,2019-08-08,0.00999473687261343,1,Low,spatial_event
26.5,67.25,2019-08-08,0.12411573529243469,1,Low,spatial_event
26.5,67.5,2019-08-08,0.016743674874305725,1,Low,spatial_event
26.5,67.75,2019-08-08,0.02469507046043873,1,Low,spatial_event
26.5,68.0,2019-08-08,0.022647155448794365,1,Low,spatial_event
26.5,68.25,2019-08-08,0.0188372191041708,1,Low,spatial_event
26.5,68.5,2019-08-08,0.009547294117510319,1,Low,spatial_event
26.5,68.75,2019-08-08,0.009151824750006199,1,Low,spatial_event
26.5,69.0,2019-08-08,0.009651247411966324,1,Low,spatial_event
26.5,69.25,2019-08-08,0.009511060081422329,1,Low,spatial_event
26.5,69.5,2019-08-08,0.009372305124998093,1,Low,spatial_event
26.5,69.75,2019-08-08,0.00999473687261343,1,Low,spatial_event
26.5,70.0,2019-08-08,0.009807798080146313,1,Low,spatial_event
26.5,70.25,2019-08-08,0.009511060081422329,1,Low,spatial_event
26.25,67.25,2019-08-08,0.12968960404396057,1,Low,spatial_event
26.25,67.5,2019-08-08,0.05593263357877731,1,Low,spatial_event
26.25,67.75,2019-08-08,0.02617665007710457,1,Low,spatial_event
26.25,68.0,2019-08-08,0.019249852746725082,1,Low,spatial_event
26.25,68.25,2019-08-08,0.018961895257234573,1,Low,spatial_event
26.25,68.5,2019-08-08,0.009547294117510319,1,Low,spatial_event
26.25,68.75,2019-08-08,0.017276780679821968,1,Low,spatial_event
26.25,69.0,2019-08-08,0.007843277417123318,1,Low,spatial_event
26.25,69.25,2019-08-08,0.009165399707853794,1,Low,spatial_event
26.25,69.5,2019-08-08,0.009511060081422329,1,Low,spatial_event
26.25,69.75,2019-08-08,0.009511060081422329,1,Low,spatial_event
26.25,70.0,2019-08-08,0.009511060081422329,1,Low,spatial_event
26.25,70.25,2019-08-08,0.02358580380678177,1,Low,spatial_event
26.0,67.5,2019-08-08,0.27332550287246704,2,Moderate,spatial_event
26.0,67.75,2019-08-08,0.1559317409992218,1,Low,spatial_event
26.0,68.0,2019-08-08,0.038974035531282425,1,Low,spatial_event
26.0,68.25,2019-08-08,0.009989302605390549,1,Low,spatial_event
26.0,68.5,2019-08-08,0.007843277417123318,1,Low,spatial_event
26.0,68.75,2019-08-08,0.0209214948117733,1,Low,spatial_event
26.0,69.0,2019-08-08,0.007843277417123318,1,Low,spatial_event
26.0,69.25,2019-08-08,0.009165399707853794,1,Low,spatial_event
26.0,69.5,2019-08-08,0.009665555320680141,1,Low,spatial_event
26.0,69.75,2019-08-08,0.009665555320680141,1,Low,spatial_event
26.0,70.0,2019-08-08,0.023963384330272675,1,Low,spatial_event
25.75,67.5,2019-08-08,0.3168542683124542,2,Moderate,spatial_event
25.75,67.75,2019-08-08,0.0726613774895668,1,Low,spatial_event
25.75,68.0,2019-08-08,0.01991157978773117,1,Low,spatial_event
25.75,68.25,2019-08-08,0.013810279779136181,1,Low,spatial_event
25.75,68.5,2019-08-08,0.007843277417123318,1,Low,spatial_event
25.75,68.75,2019-08-08,0.009404292330145836,1,Low,spatial_event
25.75,69.0,2019-08-08,0.009404292330145836,1,Low,spatial_event
25.75,69.25,2019-08-08,0.008807486854493618,1,Low,spatial_event
25.75,69.5,2019-08-08,0.00986696220934391,1,Low,spatial_event
25.75,69.75,2019-08-08,0.023963384330272675,1,Low,spatial_event
25.75,70.0,2019-08-08,0.02273055911064148,1,Low,spatial_event
25.75,70.25,2019-08-08,0.02273055911064148,1,Low,spatial_event
25.75,70.5,2019-08-08,0.02273055911064148,1,Low,spatial_event
25.75,70.75,2019-08-08,0.03458932414650917,1,Low,spatial_event
25.5,67.25,2019-08-08,0.28418517112731934,2,Moderate,spatial_event
25.5,67.5,2019-08-08,0.3168542683124542,2,Moderate,spatial_event
25.5,67.75,2019-08-08,0.06260918825864792,1,Low,spatial_event
25.5,68.0,2019-08-08,0.025093544274568558,1,Low,spatial_event
25.5,68.25,2019-08-08,0.01991157978773117,1,Low,spatial_event
25.5,68.5,2019-08-08,0.018055304884910583,1,Low,spatial_event
25.5,68.75,2019-08-08,0.021604524925351143,1,Low,spatial_event
25.5,69.0,2019-08-08,0.016245942562818527,1,Low,spatial_event
25.5,69.25,2019-08-08,0.022788412868976593,1,Low,spatial_event
25.5,69.5,2019-08-08,0.01490829698741436,1,Low,spatial_event
25.5,69.75,2019-08-08,0.018329724669456482,1,Low,spatial_event
25.5,70.0,2019-08-08,0.02273055911064148,1,Low,spatial_event
25.5,70.25,2019-08-08,0.02273055911064148,1,Low,spatial_event
25.5,70.5,2019-08-08,0.027888379991054535,1,Low,spatial_event
25.5,70.75,2019-08-08,0.027888379991054535,1,Low,spatial_event
25.25,67.0,2019-08-08,0.08848767727613449,1,Low,spatial_event
25.25,67.25,2019-08-08,0.277383416891098,2,Moderate,spatial_event
25.25,67.5,2019-08-08,0.06274561583995819,1,Low,spatial_event
25.25,67.75,2019-08-08,0.05008060485124588,1,Low,spatial_event
25.25,68.0,2019-08-08,0.04882003366947174,1,Low,spatial_event
25.25,68.25,2019-08-08,0.06952335685491562,1,Low,spatial_event
25.25,68.5,2019-08-08,0.04208836331963539,1,Low,spatial_event
25.25,68.75,2019-08-08,0.05351579189300537,1,Low,spatial_event
25.25,69.0,2019-08-08,0.06916537880897522,1,Low,spatial_event
25.25,69.25,2019-08-08,0.023915207013487816,1,Low,spatial_event
25.25,69.5,2019-08-08,0.015300390310585499,1,Low,spatial_event
25.25,69.75,2019-08-08,0.02273055911064148,1,Low,spatial_event
25.25,70.0,2019-08-08,0.02273055911064148,1,Low,spatial_event
25.25,70.25,2019-08-08,0.027888379991054535,1,Low,spatial_event
25.25,70.5,2019-08-08,0.027888379991054535,1,Low,spatial_event
25.25,70.75,2019-08-08,0.05585348606109619,1,Low,spatial_event
25.25,71.0,2019-08-08,0.053882818669080734,1,Low,spatial_event
25.0,66.75,2019-08-08,0.04388013482093811,1,Low,spatial_event
25.0,67.0,2019-08-08,0.3170921504497528,2,Moderate,spatial_event
25.0,67.25,2019-08-08,0.05485433712601662,1,Low,spatial_event
25.0,67.5,2019-08-08,0.0539853498339653,1,Low,spatial_event
25.0,67.75,2019-08-08,0.05008060485124588,1,Low,spatial_event
25.0,68.0,2019-08-08,0.0376189723610878,1,Low,spatial_event
25.0,68.25,2019-08-08,0.03142976760864258,1,Low,spatial_event
25.0,68.5,2019-08-08,0.04208836331963539,1,Low,spatial_event
25.0,68.75,2019-08-08,0.05803205072879791,1,Low,spatial_event
25.0,69.0,2019-08-08,0.05106380954384804,1,Low,spatial_event
25.0,69.25,2019-08-08,0.0448170080780983,1,Low,spatial_event
25.0,69.5,2019-08-08,0.036658670753240585,1,Low,spatial_event
25.0,69.75,2019-08-08,0.02273055911064148,1,Low,spatial_event
25.0,70.0,2019-08-08,0.027888379991054535,1,Low,spatial_event
25.0,70.25,2019-08-08,0.06836876273155212,1,Low,spatial_event
25.0,70.5,2019-08-08,0.06836876273155212,1,Low,spatial_event
25.0,70.75,2019-08-08,0.05585348606109619,1,Low,spatial_event
25.0,71.0,2019-08-08,0.04385294392704964,1,Low,spatial_event
24.75,66.75,2019-08-08,0.04166477173566818,1,Low,spatial_event
24.75,67.0,2019-08-08,0.04192535951733589,1,Low,spatial_event
24.75,67.25,2019-08-08,0.047384776175022125,1,Low,spatial_event
24.75,67.5,2019-08-08,0.052695855498313904,1,Low,spatial_event
24.75,67.75,2019-08-08,0.04121103882789612,1,Low,spatial_event
24.75,68.0,2019-08-08,0.039368271827697754,1,Low,spatial_event
24.75,68.25,2019-08-08,0.16042712330818176,1,Low,spatial_event
24.75,68.5,2019-08-08,0.05486674979329109,1,Low,spatial_event
24.75,68.75,2019-08-08,0.05451911687850952,1,Low,spatial_event
24.75,69.0,2019-08-08,0.05106380954384804,1,Low,spatial_event
24.75,69.25,2019-08-08,0.06232411041855812,1,Low,spatial_event
24.75,69.5,2019-08-08,0.05729095637798309,1,Low,spatial_event
24.75,69.75,2019-08-08,0.05549999326467514,1,Low,spatial_event
24.75,70.0,2019-08-08,0.05549999326467514,1,Low,spatial_event
24.75,70.25,2019-08-08,0.05585348606109619,1,Low,spatial_event
24.75,70.5,2019-08-08,0.05549999326467514,1,Low,spatial_event
24.75,70.75,2019-08-08,0.05595548450946808,1,Low,spatial_event
24.75,71.0,2019-08-08,0.05549999326467514,1,Low,spatial_event
24.5,67.25,2019-08-08,0.053456664085388184,1,Low,spatial_event
24.5,67.5,2019-08-08,0.043629240244627,1,Low,spatial_event
24.5,67.75,2019-08-08,0.3328518271446228,2,Moderate,spatial_event
24.5,68.0,2019-08-08,0.23371809720993042,1,Low,spatial_event
24.5,68.25,2019-08-08,0.059020038694143295,1,Low,spatial_event
24.5,68.5,2019-08-08,0.07062128931283951,1,Low,spatial_event
24.5,68.75,2019-08-08,0.05451911687850952,1,Low,spatial_event
24.5,69.0,2019-08-08,0.049109987914562225,1,Low,spatial_event
24.5,69.25,2019-08-08,0.05988679081201553,1,Low,spatial_event
24.5,69.5,2019-08-08,0.0342101976275444,1,Low,spatial_event
24.5,69.75,2019-08-08,0.049981072545051575,1,Low,spatial_event
24.5,70.0,2019-08-08,0.04519813880324364,1,Low,spatial_event
24.5,70.25,2019-08-08,0.05585348606109619,1,Low,spatial_event
24.5,70.5,2019-08-08,0.04490885138511658,1,Low,spatial_event
24.5,70.75,2019-08-08,0.043000150471925735,1,Low,spatial_event
24.5,71.0,2019-08-08,0.04271960258483887,1,Low,spatial_event
24.25,67.25,2019-08-08,0.05344811826944351,1,Low,spatial_event
24.25,67.5,2019-08-08,0.04725758358836174,1,Low,spatial_event
24.25,67.75,2019-08-08,0.27938416600227356,2,Moderate,spatial_event
24.25,68.0,2019-08-08,0.1299261897802353,1,Low,spatial_event
24.25,68.25,2019-08-08,0.05470592901110649,1,Low,spatial_event
24.25,68.5,2019-08-08,0.07480495423078537,1,Low,spatial_event
24.25,68.75,2019-08-08,0.07480495423078537,1,Low,spatial_event
24.25,69.0,2019-08-08,0.0732763409614563,1,Low,spatial_event
24.25,69.25,2019-08-08,0.05227439105510712,1,Low,spatial_event
24.25,69.5,2019-08-08,0.0432090125977993,1,Low,spatial_event
24.25,69.75,2019-08-08,0.05950935557484627,1,Low,spatial_event
24.25,70.0,2019-08-08,0.04699738323688507,1,Low,spatial_event
24.25,70.25,2019-08-08,0.026227422058582306,1,Low,spatial_event
24.25,70.5,2019-08-08,0.05948355048894882,1,Low,spatial_event
24.25,70.75,2019-08-08,0.053937673568725586,1,Low,spatial_event
24.25,71.0,2019-08-08,0.03233072906732559,1,Low,spatial_event
24.0,67.25,2019-08-08,0.05592495575547218,1,Low,spatial_event
24.0,67.5,2019-08-08,0.06312981992959976,1,Low,spatial_event
24.0,67.75,2019-08-08,0.06726060062646866,1,Low,spatial_event
24.0,68.0,2019-08-08,0.06943665444850922,1,Low,spatial_event
24.0,68.25,2019-08-08,0.06035429611802101,1,Low,spatial_event
24.0,68.5,2019-08-08,0.0797232836484909,1,Low,spatial_event
24.0,68.75,2019-08-08,0.06119515374302864,1,Low,spatial_event
23.75,67.5,2019-08-08,0.05592495575547218,1,Low,spatial_event
23.75,67.75,2019-08-08,0.06776466220617294,1,Low,spatial_event
23.75,68.0,2019-08-08,0.060865841805934906,1,Low,spatial_event
23.75,68.25,2019-08-08,0.05679015442728996,1,Low,spatial_event
28.5,68.75,2019-08-09,0.026971619576215744,1,Low,spatial_event
28.5,69.0,2019-08-09,0.027687564492225647,1,Low,spatial_event
28.5,69.25,2019-08-09,0.02931593544781208,1,Low,spatial_event
28.5,69.5,2019-08-09,0.02931593544781208,1,Low,spatial_event
28.5,69.75,2019-08-09,0.01792043261229992,1,Low,spatial_event
28.25,68.25,2019-08-09,0.0274018794298172,1,Low,spatial_event
28.25,68.5,2019-08-09,0.0274018794298172,1,Low,spatial_event
28.25,68.75,2019-08-09,0.0274018794298172,1,Low,spatial_event
28.25,69.0,2019-08-09,0.01647191308438778,1,Low,spatial_event
28.25,69.25,2019-08-09,0.033823054283857346,1,Low,spatial_event
28.25,69.5,2019-08-09,0.03356889635324478,1,Low,spatial_event
28.25,69.75,2019-08-09,0.052553579211235046,1,Low,spatial_event
28.0,67.75,2019-08-09,0.01616155169904232,1,Low,spatial_event
28.0,68.0,2019-08-09,0.029874447733163834,1,Low,spatial_event
28.0,68.25,2019-08-09,0.033972326666116714,1,Low,spatial_event
28.0,68.5,2019-08-09,0.0288714412599802,1,Low,spatial_event
28.0,68.75,2019-08-09,0.03364460542798042,1,Low,spatial_event
28.0,69.0,2019-08-09,0.02135838009417057,1,Low,spatial_event
28.0,69.25,2019-08-09,0.018408076837658882,1,Low,spatial_event
28.0,69.5,2019-08-09,0.028039807453751564,1,Low,spatial_event
28.0,69.75,2019-08-09,0.027907907962799072,1,Low,spatial_event
28.0,70.0,2019-08-09,0.03076687641441822,1,Low,spatial_event
27.75,67.25,2019-08-09,0.11579325050115585,1,Low,spatial_event
27.75,67.5,2019-08-09,0.02702273614704609,1,Low,spatial_event
27.75,67.75,2019-08-09,0.029874447733163834,1,Low,spatial_event
27.75,68.0,2019-08-09,0.029874447733163834,1,Low,spatial_event
27.75,68.25,2019-08-09,0.03380269557237625,1,Low,spatial_event
27.75,68.5,2019-08-09,0.010011457838118076,1,Low,spatial_event
27.75,68.75,2019-08-09,0.020660262554883957,1,Low,spatial_event
27.75,69.0,2019-08-09,0.016030021011829376,1,Low,spatial_event
27.75,69.25,2019-08-09,0.01811639778316021,1,Low,spatial_event
27.75,69.5,2019-08-09,0.01811639778316021,1,Low,spatial_event
27.75,69.75,2019-08-09,0.02301853522658348,1,Low,spatial_event
27.75,70.0,2019-08-09,0.023593416437506676,1,Low,spatial_event
27.5,67.25,2019-08-09,0.05035554990172386,1,Low,spatial_event
27.5,67.5,2019-08-09,0.016485167667269707,1,Low,spatial_event
27.5,67.75,2019-08-09,0.04300085827708244,1,Low,spatial_event
27.5,68.0,2019-08-09,0.04292386397719383,1,Low,spatial_event
27.5,68.25,2019-08-09,0.012385761365294456,1,Low,spatial_event
27.5,68.5,2019-08-09,0.02246709354221821,1,Low,spatial_event
27.5,68.75,2019-08-09,0.026523800566792488,1,Low,spatial_event
27.5,69.0,2019-08-09,0.01811639778316021,1,Low,spatial_event
27.5,69.25,2019-08-09,0.01811639778316021,1,Low,spatial_event
27.5,69.5,2019-08-09,0.020896680653095245,1,Low,spatial_event
27.5,69.75,2019-08-09,0.018030302599072456,1,Low,spatial_event
27.5,70.0,2019-08-09,0.02356862649321556,1,Low,spatial_event
27.25,67.25,2019-08-09,0.06642361730337143,1,Low,spatial_event
27.25,67.5,2019-08-09,0.07607118785381317,1,Low,spatial_event
27.25,67.75,2019-08-09,0.043217599391937256,1,Low,spatial_event
27.25,68.0,2019-08-09,0.023033002391457558,1,Low,spatial_event
27.25,68.25,2019-08-09,0.023184794932603836,1,Low,spatial_event
27.25,68.5,2019-08-09,0.020679472014307976,1,Low,spatial_event
27.25,68.75,2019-08-09,0.015522793866693974,1,Low,spatial_event
27.25,69.0,2019-08-09,0.018030302599072456,1,Low,spatial_event
27.25,69.25,2019-08-09,0.028313154354691505,1,Low,spatial_event
27.25,69.5,2019-08-09,0.02209857851266861,1,Low,spatial_event
27.25,69.75,2019-08-09,0.01851343736052513,1,Low,spatial_event
27.0,67.25,2019-08-09,0.08720478415489197,1,Low,spatial_event
27.0,67.5,2019-08-09,0.020120974630117416,1,Low,spatial_event
27.0,67.75,2019-08-09,0.02169973775744438,1,Low,spatial_event
27.0,68.0,2019-08-09,0.013834231533110142,1,Low,spatial_event
27.0,68.25,2019-08-09,0.023184794932603836,1,Low,spatial_event
27.0,68.5,2019-08-09,0.02267448790371418,1,Low,spatial_event
27.0,68.75,2019-08-09,0.01527612004429102,1,Low,spatial_event
27.0,69.0,2019-08-09,0.01851343736052513,1,Low,spatial_event
27.0,69.25,2019-08-09,0.02011784352362156,1,Low,spatial_event
27.0,69.5,2019-08-09,0.028179993852972984,1,Low,spatial_event
26.75,67.25,2019-08-09,0.08674241602420807,1,Low,spatial_event
26.75,67.5,2019-08-09,0.02001621015369892,1,Low,spatial_event
26.75,67.75,2019-08-09,0.020515087991952896,1,Low,spatial_event
26.75,68.0,2019-08-09,0.022266866639256477,1,Low,spatial_event
26.75,68.25,2019-08-09,0.020341891795396805,1,Low,spatial_event
26.75,68.5,2019-08-09,0.02206222340464592,1,Low,spatial_event
26.75,68.75,2019-08-09,0.017489520832896233,1,Low,spatial_event
26.75,69.0,2019-08-09,0.018660593777894974,1,Low,spatial_event
26.75,69.25,2019-08-09,0.024064267054200172,1,Low,spatial_event
26.75,69.5,2019-08-09,0.020250821486115456,1,Low,spatial_event
26.75,69.75,2019-08-09,0.02157997526228428,1,Low,spatial_event
26.5,67.25,2019-08-09,0.08621124923229218,1,Low,spatial_event
26.5,67.5,2019-08-09,0.016815049573779106,1,Low,spatial_event
26.5,67.75,2019-08-09,0.02468961663544178,1,Low,spatial_event
26.5,68.0,2019-08-09,0.02618854120373726,1,Low,spatial_event
26.5,68.25,2019-08-09,0.023301634937524796,1,Low,spatial_event
26.5,68.5,2019-08-09,0.023301634937524796,1,Low,spatial_event
26.5,68.75,2019-08-09,0.01703265868127346,1,Low,spatial_event
26.5,69.0,2019-08-09,0.016520969569683075,1,Low,spatial_event
26.5,69.25,2019-08-09,0.016520969569683075,1,Low,spatial_event
26.5,69.5,2019-08-09,0.017163392156362534,1,Low,spatial_event
26.5,69.75,2019-08-09,0.017163392156362534,1,Low,spatial_event
26.5,70.0,2019-08-09,0.014314346015453339,1,Low,spatial_event
26.5,70.25,2019-08-09,0.016282638534903526,1,Low,spatial_event
26.25,67.25,2019-08-09,0.12474068999290466,1,Low,spatial_event
26.25,67.5,2019-08-09,0.04246028885245323,1,Low,spatial_event
26.25,67.75,2019-08-09,0.0257364921271801,1,Low,spatial_event
26.25,68.0,2019-08-09,0.02139783464372158,1,Low,spatial_event
26.25,68.25,2019-08-09,0.024314630776643753,1,Low,spatial_event
26.25,68.5,2019-08-09,0.023064173758029938,1,Low,spatial_event
26.25,68.75,2019-08-09,0.0311140026897192,1,Low,spatial_event
26.25,69.0,2019-08-09,0.024867095053195953,1,Low,spatial_event
26.25,69.25,2019-08-09,0.015812750905752182,1,Low,spatial_event
26.25,69.5,2019-08-09,0.016282638534903526,1,Low,spatial_event
26.25,69.75,2019-08-09,0.016282638534903526,1,Low,spatial_event
26.25,70.0,2019-08-09,0.018030252307653427,1,Low,spatial_event
26.25,70.25,2019-08-09,0.018030252307653427,1,Low,spatial_event
26.0,67.5,2019-08-09,0.1585323065519333,1,Low,spatial_event
26.0,67.75,2019-08-09,0.04364633560180664,1,Low,spatial_event
26.0,68.0,2019-08-09,0.06962117552757263,1,Low,spatial_event
26.0,68.25,2019-08-09,0.02880597487092018,1,Low,spatial_event
26.0,68.5,2019-08-09,0.023064173758029938,1,Low,spatial_event
26.0,68.75,2019-08-09,0.08335419744253159,1,Low,spatial_event
26.0,69.0,2019-08-09,0.027000881731510162,1,Low,spatial_event
26.0,69.25,2019-08-09,0.022763896733522415,1,Low,spatial_event
26.0,69.5,2019-08-09,0.016282638534903526,1,Low,spatial_event
26.0,69.75,2019-08-09,0.018030252307653427,1,Low,spatial_event
26.0,70.0,2019-08-09,0.018030252307653427,1,Low,spatial_event
25.75,67.5,2019-08-09,0.35992303490638733,2,Moderate,spatial_event
25.75,67.75,2019-08-09,0.08211029320955276,1,Low,spatial_event
25.75,68.0,2019-08-09,0.06741217523813248,1,Low,spatial_event
25.75,68.25,2019-08-09,0.07488314062356949,1,Low,spatial_event
25.75,68.5,2019-08-09,0.03005090169608593,1,Low,spatial_event
25.75,68.75,2019-08-09,0.03287129104137421,1,Low,spatial_event
25.75,69.0,2019-08-09,0.029543733224272728,1,Low,spatial_event
25.75,69.25,2019-08-09,0.03393253684043884,1,Low,spatial_event
25.75,69.5,2019-08-09,0.028857793658971786,1,Low,spatial_event
25.75,69.75,2019-08-09,0.018320558592677116,1,Low,spatial_event
25.75,70.0,2019-08-09,0.018320558592677116,1,Low,spatial_event
25.75,70.25,2019-08-09,0.0449136383831501,1,Low,spatial_event
25.75,70.5,2019-08-09,0.055172134190797806,1,Low,spatial_event
25.75,70.75,2019-08-09,0.06754566729068756,1,Low,spatial_event
25.5,67.25,2019-08-09,0.17046253383159637,1,Low,spatial_event
25.5,67.5,2019-08-09,0.08387836813926697,1,Low,spatial_event
25.5,67.75,2019-08-09,0.0833631232380867,1,Low,spatial_event
25.5,68.0,2019-08-09,0.07839322090148926,1,Low,spatial_event
25.5,68.25,2019-08-09,0.0671960860490799,1,Low,spatial_event
25.5,68.5,2019-08-09,0.06983400136232376,1,Low,spatial_event
25.5,68.75,2019-08-09,0.08131006360054016,1,Low,spatial_event
25.5,69.0,2019-08-09,0.035739466547966,1,Low,spatial_event
25.5,69.25,2019-08-09,0.03371281176805496,1,Low,spatial_event
25.5,69.5,2019-08-09,0.02309350296854973,1,Low,spatial_event
25.5,69.75,2019-08-09,0.045478515326976776,1,Low,spatial_event
25.5,70.0,2019-08-09,0.06471609324216843,1,Low,spatial_event
25.5,70.25,2019-08-09,0.08475319296121597,1,Low,spatial_event
25.5,70.5,2019-08-09,0.08185122907161713,1,Low,spatial_event
25.5,70.75,2019-08-09,0.039124745875597,1,Low,spatial_event
25.25,67.0,2019-08-09,0.026179999113082886,1,Low,spatial_event
25.25,67.25,2019-08-09,0.05622394382953644,1,Low,spatial_event
25.25,67.5,2019-08-09,0.05827498808503151,1,Low,spatial_event
25.25,67.75,2019-08-09,0.0833631232380867,1,Low,spatial_event
25.25,68.0,2019-08-09,0.07839322090148926,1,Low,spatial_event
25.25,68.25,2019-08-09,0.1200181245803833,1,Low,spatial_event
25.25,68.5,2019-08-09,0.07344938814640045,1,Low,spatial_event
25.25,68.75,2019-08-09,0.0818137526512146,1,Low,spatial_event
25.25,69.0,2019-08-09,0.03399593383073807,1,Low,spatial_event
25.25,69.25,2019-08-09,0.03371281176805496,1,Low,spatial_event
25.25,69.5,2019-08-09,0.025120878592133522,1,Low,spatial_event
25.25,69.75,2019-08-09,0.02874440886080265,1,Low,spatial_event
25.25,70.0,2019-08-09,0.0702720358967781,1,Low,spatial_event
25.25,70.25,2019-08-09,0.08475319296121597,1,Low,spatial_event
25.25,70.5,2019-08-09,0.06421048939228058,1,Low,spatial_event
25.25,70.75,2019-08-09,0.03937831148505211,1,Low,spatial_event
25.25,71.0,2019-08-09,0.03937831148505211,1,Low,spatial_event
25.0,66.75,2019-08-09,0.050764210522174835,1,Low,spatial_event
25.0,67.0,2019-08-09,0.08422558009624481,1,Low,spatial_event
25.0,67.25,2019-08-09,0.05652951821684837,1,Low,spatial_event
25.0,67.5,2019-08-09,0.05790708214044571,1,Low,spatial_event
25.0,67.75,2019-08-09,0.08143232762813568,1,Low,spatial_event
25.0,68.0,2019-08-09,0.08143232762813568,1,Low,spatial_event
25.0,68.25,2019-08-09,0.058142807334661484,1,Low,spatial_event
25.0,68.5,2019-08-09,0.06222999840974808,1,Low,spatial_event
25.0,68.75,2019-08-09,0.0818137526512146,1,Low,spatial_event
25.0,69.0,2019-08-09,0.03393253684043884,1,Low,spatial_event
25.0,69.25,2019-08-09,0.03487226739525795,1,Low,spatial_event
25.0,69.5,2019-08-09,0.05657577142119408,1,Low,spatial_event
25.0,69.75,2019-08-09,0.0702720358967781,1,Low,spatial_event
25.0,70.0,2019-08-09,0.08527619391679764,1,Low,spatial_event
25.0,70.25,2019-08-09,0.0784427747130394,1,Low,spatial_event
25.0,70.5,2019-08-09,0.07249656319618225,1,Low,spatial_event
25.0,70.75,2019-08-09,0.042733293026685715,1,Low,spatial_event
25.0,71.0,2019-08-09,0.04245908558368683,1,Low,spatial_event
24.75,66.75,2019-08-09,0.052049506455659866,1,Low,spatial_event
24.75,67.0,2019-08-09,0.05453100427985191,1,Low,spatial_event
24.75,67.25,2019-08-09,0.05561481788754463,1,Low,spatial_event
24.75,67.5,2019-08-09,0.05652951821684837,1,Low,spatial_event
24.75,67.75,2019-08-09,0.0610540509223938,1,Low,spatial_event
24.75,68.0,2019-08-09,0.055801063776016235,1,Low,spatial_event
24.75,68.25,2019-08-09,0.08251742273569107,1,Low,spatial_event
24.75,68.5,2019-08-09,0.07113451510667801,1,Low,spatial_event
24.75,68.75,2019-08-09,0.08330091089010239,1,Low,spatial_event
24.75,69.0,2019-08-09,0.08330091089010239,1,Low,spatial_event
24.75,69.25,2019-08-09,0.0735810250043869,1,Low,spatial_event
24.75,69.5,2019-08-09,0.08398571610450745,1,Low,spatial_event
24.75,69.75,2019-08-09,0.08740080147981644,1,Low,spatial_event
24.75,70.0,2019-08-09,0.0638076514005661,1,Low,spatial_event
24.75,70.25,2019-08-09,0.06421048939228058,1,Low,spatial_event
24.75,70.5,2019-08-09,0.05889992415904999,1,Low,spatial_event
24.75,70.75,2019-08-09,0.04281240329146385,1,Low,spatial_event
24.75,71.0,2019-08-09,0.04245908558368683,1,Low,spatial_event
24.5,67.25,2019-08-09,0.06282158195972443,1,Low,spatial_event
24.5,67.5,2019-08-09,0.06258036941289902,1,Low,spatial_event
24.5,67.75,2019-08-09,0.06671369075775146,1,Low,spatial_event
24.5,68.0,2019-08-09,0.2943499982357025,2,Moderate,spatial_event
24.5,68.25,2019-08-09,0.09690282493829727,1,Low,spatial_event
24.5,68.5,2019-08-09,0.09749284386634827,1,Low,spatial_event
24.5,68.75,2019-08-09,0.10078536719083786,1,Low,spatial_event
24.5,69.0,2019-08-09,0.06713356077671051,1,Low,spatial_event
24.5,69.25,2019-08-09,0.08767858147621155,1,Low,spatial_event
24.5,69.5,2019-08-09,0.03982244431972504,1,Low,spatial_event
24.5,69.75,2019-08-09,0.04549679905176163,1,Low,spatial_event
24.5,70.0,2019-08-09,0.0571897067129612,1,Low,spatial_event
24.5,70.25,2019-08-09,0.03937831148505211,1,Low,spatial_event
24.5,70.5,2019-08-09,0.05927374213933945,1,Low,spatial_event
24.5,70.75,2019-08-09,0.06079354137182236,1,Low,spatial_event
24.5,71.0,2019-08-09,0.05652951821684837,1,Low,spatial_event
24.25,67.25,2019-08-09,0.052771471440792084,1,Low,spatial_event
24.25,67.5,2019-08-09,0.045673154294490814,1,Low,spatial_event
24.25,67.75,2019-08-09,0.2174362689256668,1,Low,spatial_event
24.25,68.0,2019-08-09,0.1017330214381218,1,Low,spatial_event
24.25,68.25,2019-08-09,0.09190750122070312,1,Low,spatial_event
24.25,68.5,2019-08-09,0.10179124772548676,1,Low,spatial_event
24.25,68.75,2019-08-09,0.0825476422905922,1,Low,spatial_event
24.25,69.0,2019-08-09,0.05855545029044151,1,Low,spatial_event
24.25,69.25,2019-08-09,0.05855545029044151,1,Low,spatial_event
24.25,69.5,2019-08-09,0.044937487691640854,1,Low,spatial_event
24.25,69.75,2019-08-09,0.06184772774577141,1,Low,spatial_event
24.25,70.0,2019-08-09,0.042879968881607056,1,Low,spatial_event
24.25,70.25,2019-08-09,0.042033299803733826,1,Low,spatial_event
24.25,70.5,2019-08-09,0.05091376602649689,1,Low,spatial_event
24.25,70.75,2019-08-09,0.05755474045872688,1,Low,spatial_event
24.25,71.0,2019-08-09,0.038259368389844894,1,Low,spatial_event
24.0,67.25,2019-08-09,0.06682111322879791,1,Low,spatial_event
24.0,67.5,2019-08-09,0.044937487691640854,1,Low,spatial_event
24.0,67.75,2019-08-09,0.08041351288557053,1,Low,spatial_event
24.0,68.0,2019-08-09,0.050230953842401505,1,Low,spatial_event
24.0,68.25,2019-08-09,0.04780788719654083,1,Low,spatial_event
24.0,68.5,2019-08-09,0.058281686156988144,1,Low,spatial_event
24.0,68.75,2019-08-09,0.04230249673128128,1,Low,spatial_event
23.75,67.5,2019-08-09,0.051383182406425476,1,Low,spatial_event
23.75,67.75,2019-08-09,0.07535120099782944,1,Low,spatial_event
23.75,68.0,2019-08-09,0.035837214440107346,1,Low,spatial_event
23.75,68.25,2019-08-09,0.03740563988685608,1,Low,spatial_event
28.5,68.75,2019-08-10,0.03995904326438904,1,Low,spatial_event
28.5,69.0,2019-08-10,0.03970189392566681,1,Low,spatial_event
28.5,69.25,2019-08-10,0.0363062284886837,1,Low,spatial_event
28.5,69.5,2019-08-10,0.03833668306469917,1,Low,spatial_event
28.5,69.75,2019-08-10,0.02610590308904648,1,Low,spatial_event
28.25,68.25,2019-08-10,0.030259722843766212,1,Low,spatial_event
28.25,68.5,2019-08-10,0.03995904326438904,1,Low,spatial_event
28.25,68.75,2019-08-10,0.03995904326438904,1,Low,spatial_event
28.25,69.0,2019-08-10,0.025003213435411453,1,Low,spatial_event
28.25,69.25,2019-08-10,0.06285959482192993,1,Low,spatial_event
28.25,69.5,2019-08-10,0.06701352447271347,1,Low,spatial_event
28.25,69.75,2019-08-10,0.09723880141973495,1,Low,spatial_event
28.0,67.75,2019-08-10,0.025032397359609604,1,Low,spatial_event
28.0,68.0,2019-08-10,0.02485731430351734,1,Low,spatial_event
28.0,68.25,2019-08-10,0.02928752265870571,1,Low,spatial_event
28.0,68.5,2019-08-10,0.0288714412599802,1,Low,spatial_event
28.0,68.75,2019-08-10,0.03413189947605133,1,Low,spatial_event
28.0,69.0,2019-08-10,0.02244359627366066,1,Low,spatial_event
28.0,69.25,2019-08-10,0.03963533416390419,1,Low,spatial_event
28.0,69.5,2019-08-10,0.028543544933199883,1,Low,spatial_event
28.0,69.75,2019-08-10,0.027494892477989197,1,Low,spatial_event
28.0,70.0,2019-08-10,0.03335702046751976,1,Low,spatial_event
27.75,67.25,2019-08-10,0.0661383718252182,1,Low,spatial_event
27.75,67.5,2019-08-10,0.02647019736468792,1,Low,spatial_event
27.75,67.75,2019-08-10,0.05047336220741272,1,Low,spatial_event
27.75,68.0,2019-08-10,0.05385875701904297,1,Low,spatial_event
27.75,68.25,2019-08-10,0.038983266800642014,1,Low,spatial_event
27.75,68.5,2019-08-10,0.021340766921639442,1,Low,spatial_event
27.75,68.75,2019-08-10,0.04162879288196564,1,Low,spatial_event
27.75,69.0,2019-08-10,0.03267795592546463,1,Low,spatial_event
27.75,69.25,2019-08-10,0.029454289004206657,1,Low,spatial_event
27.75,69.5,2019-08-10,0.027624910697340965,1,Low,spatial_event
27.75,69.75,2019-08-10,0.033303141593933105,1,Low,spatial_event
27.75,70.0,2019-08-10,0.04825802147388458,1,Low,spatial_event
27.5,67.25,2019-08-10,0.017862468957901,1,Low,spatial_event
27.5,67.5,2019-08-10,0.02647019736468792,1,Low,spatial_event
27.5,67.75,2019-08-10,0.10512617975473404,1,Low,spatial_event
27.5,68.0,2019-08-10,0.11571525782346725,1,Low,spatial_event
27.5,68.25,2019-08-10,0.029991749674081802,1,Low,spatial_event
27.5,68.5,2019-08-10,0.02344469167292118,1,Low,spatial_event
27.5,68.75,2019-08-10,0.027672920376062393,1,Low,spatial_event
27.5,69.0,2019-08-10,0.028039807453751564,1,Low,spatial_event
27.5,69.25,2019-08-10,0.027782661840319633,1,Low,spatial_event
27.5,69.5,2019-08-10,0.033326853066682816,1,Low,spatial_event
27.5,69.75,2019-08-10,0.027494892477989197,1,Low,spatial_event
27.5,70.0,2019-08-10,0.0447118766605854,1,Low,spatial_event
27.25,67.25,2019-08-10,0.018717462196946144,1,Low,spatial_event
27.25,67.5,2019-08-10,0.0263839028775692,1,Low,spatial_event
27.25,67.75,2019-08-10,0.12176202982664108,1,Low,spatial_event
27.25,68.0,2019-08-10,0.12580250203609467,1,Low,spatial_event
27.25,68.25,2019-08-10,0.027445033192634583,1,Low,spatial_event
27.25,68.5,2019-08-10,0.024490894749760628,1,Low,spatial_event
27.25,68.75,2019-08-10,0.01834155060350895,1,Low,spatial_event
27.25,69.0,2019-08-10,0.018030302599072456,1,Low,spatial_event
27.25,69.25,2019-08-10,0.031332649290561676,1,Low,spatial_event
27.25,69.5,2019-08-10,0.02209857851266861,1,Low,spatial_event
27.25,69.75,2019-08-10,0.017351435497403145,1,Low,spatial_event
27.0,67.25,2019-08-10,0.018717462196946144,1,Low,spatial_event
27.0,67.5,2019-08-10,0.0263839028775692,1,Low,spatial_event
27.0,67.75,2019-08-10,0.1353011578321457,1,Low,spatial_event
27.0,68.0,2019-08-10,0.03932151198387146,1,Low,spatial_event
27.0,68.25,2019-08-10,0.027445033192634583,1,Low,spatial_event
27.0,68.5,2019-08-10,0.015185731463134289,1,Low,spatial_event
27.0,68.75,2019-08-10,0.01786327175796032,1,Low,spatial_event
27.0,69.0,2019-08-10,0.01851343736052513,1,Low,spatial_event
27.0,69.25,2019-08-10,0.021084526553750038,1,Low,spatial_event
27.0,69.5,2019-08-10,0.026691164821386337,1,Low,spatial_event
26.75,67.25,2019-08-10,0.025403117761015892,1,Low,spatial_event
26.75,67.5,2019-08-10,0.027364974841475487,1,Low,spatial_event
26.75,67.75,2019-08-10,0.06706812977790833,1,Low,spatial_event
26.75,68.0,2019-08-10,0.062308214604854584,1,Low,spatial_event
26.75,68.25,2019-08-10,0.024896806105971336,1,Low,spatial_event
26.75,68.5,2019-08-10,0.024775948375463486,1,Low,spatial_event
26.75,68.75,2019-08-10,0.017351435497403145,1,Low,spatial_event
26.75,69.0,2019-08-10,0.01851343736052513,1,Low,spatial_event
26.75,69.25,2019-08-10,0.026194719597697258,1,Low,spatial_event
26.75,69.5,2019-08-10,0.021223755553364754,1,Low,spatial_event
26.75,69.75,2019-08-10,0.021223755553364754,1,Low,spatial_event
26.5,67.25,2019-08-10,0.1109745129942894,1,Low,spatial_event
26.5,67.5,2019-08-10,0.09486890584230423,1,Low,spatial_event
26.5,67.75,2019-08-10,0.06652852147817612,1,Low,spatial_event
26.5,68.0,2019-08-10,0.060469795018434525,1,Low,spatial_event
26.5,68.25,2019-08-10,0.021369168534874916,1,Low,spatial_event
26.5,68.5,2019-08-10,0.02721446380019188,1,Low,spatial_event
26.5,68.75,2019-08-10,0.017179977148771286,1,Low,spatial_event
26.5,69.0,2019-08-10,0.015417927876114845,1,Low,spatial_event
26.5,69.25,2019-08-10,0.016260746866464615,1,Low,spatial_event
26.5,69.5,2019-08-10,0.021223755553364754,1,Low,spatial_event
26.5,69.75,2019-08-10,0.021223755553364754,1,Low,spatial_event
26.5,70.0,2019-08-10,0.01786327175796032,1,Low,spatial_event
26.5,70.25,2019-08-10,0.01786327175796032,1,Low,spatial_event
26.25,67.25,2019-08-10,0.1562936007976532,1,Low,spatial_event
26.25,67.5,2019-08-10,0.16121958196163177,1,Low,spatial_event
26.25,67.75,2019-08-10,0.10132297873497009,1,Low,spatial_event
26.25,68.0,2019-08-10,0.06864234805107117,1,Low,spatial_event
26.25,68.25,2019-08-10,0.025746872648596764,1,Low,spatial_event
26.25,68.5,2019-08-10,0.02611086331307888,1,Low,spatial_event
26.25,68.75,2019-08-10,0.03677638992667198,1,Low,spatial_event
26.25,69.0,2019-08-10,0.02508045919239521,1,Low,spatial_event
26.25,69.25,2019-08-10,0.0190985519438982,1,Low,spatial_event
26.25,69.5,2019-08-10,0.016260746866464615,1,Low,spatial_event
26.25,69.75,2019-08-10,0.01786327175796032,1,Low,spatial_event
26.25,70.0,2019-08-10,0.01786327175796032,1,Low,spatial_event
26.25,70.25,2019-08-10,0.01786327175796032,1,Low,spatial_event
26.0,67.5,2019-08-10,0.18750183284282684,1,Low,spatial_event
26.0,67.75,2019-08-10,0.11614710092544556,1,Low,spatial_event
26.0,68.0,2019-08-10,0.03248891606926918,1,Low,spatial_event
26.0,68.25,2019-08-10,0.029235685244202614,1,Low,spatial_event
26.0,68.5,2019-08-10,0.02611086331307888,1,Low,spatial_event
26.0,68.75,2019-08-10,0.04156526178121567,1,Low,spatial_event
26.0,69.0,2019-08-10,0.02562643773853779,1,Low,spatial_event
26.0,69.25,2019-08-10,0.016206733882427216,1,Low,spatial_event
26.0,69.5,2019-08-10,0.019980207085609436,1,Low,spatial_event
26.0,69.75,2019-08-10,0.020485788583755493,1,Low,spatial_event
26.0,70.0,2019-08-10,0.04434957355260849,1,Low,spatial_event
25.75,67.5,2019-08-10,0.19919192790985107,1,Low,spatial_event
25.75,67.75,2019-08-10,0.19660954177379608,1,Low,spatial_event
25.75,68.0,2019-08-10,0.05198565497994423,1,Low,spatial_event
25.75,68.25,2019-08-10,0.1950278878211975,1,Low,spatial_event
25.75,68.5,2019-08-10,0.02642189897596836,1,Low,spatial_event
25.75,68.75,2019-08-10,0.028837917372584343,1,Low,spatial_event
25.75,69.0,2019-08-10,0.02723853290081024,1,Low,spatial_event
25.75,69.25,2019-08-10,0.030887212604284286,1,Low,spatial_event
25.75,69.5,2019-08-10,0.0326649509370327,1,Low,spatial_event
25.75,69.75,2019-08-10,0.018380187451839447,1,Low,spatial_event
25.75,70.0,2019-08-10,0.039891038089990616,1,Low,spatial_event
25.75,70.25,2019-08-10,0.039891038089990616,1,Low,spatial_event
25.75,70.5,2019-08-10,0.04950849711894989,1,Low,spatial_event
25.75,70.75,2019-08-10,0.1452728509902954,1,Low,spatial_event
25.5,67.25,2019-08-10,0.18143783509731293,1,Low,spatial_event
25.5,67.5,2019-08-10,0.18772977590560913,1,Low,spatial_event
25.5,67.75,2019-08-10,0.08840926736593246,1,Low,spatial_event
25.5,68.0,2019-08-10,0.0962878167629242,1,Low,spatial_event
25.5,68.25,2019-08-10,0.0966440811753273,1,Low,spatial_event
25.5,68.5,2019-08-10,0.06855344772338867,1,Low,spatial_event
25.5,68.75,2019-08-10,0.0345071442425251,1,Low,spatial_event
25.5,69.0,2019-08-10,0.028514521196484566,1,Low,spatial_event
25.5,69.25,2019-08-10,0.04094383120536804,1,Low,spatial_event
25.5,69.5,2019-08-10,0.032535530626773834,1,Low,spatial_event
25.5,69.75,2019-08-10,0.023306209594011307,1,Low,spatial_event
25.5,70.0,2019-08-10,0.03869633004069328,1,Low,spatial_event
25.5,70.25,2019-08-10,0.047301605343818665,1,Low,spatial_event
25.5,70.5,2019-08-10,0.046999529004096985,1,Low,spatial_event
25.5,70.75,2019-08-10,0.04874851554632187,1,Low,spatial_event
25.25,67.0,2019-08-10,0.12801139056682587,1,Low,spatial_event
25.25,67.25,2019-08-10,0.18772977590560913,1,Low,spatial_event
25.25,67.5,2019-08-10,0.380323588848114,2,Moderate,spatial_event
25.25,67.75,2019-08-10,0.09435779601335526,1,Low,spatial_event
25.25,68.0,2019-08-10,0.07460425794124603,1,Low,spatial_event
25.25,68.25,2019-08-10,0.0865703597664833,1,Low,spatial_event
25.25,68.5,2019-08-10,0.1454111635684967,1,Low,spatial_event
25.25,68.75,2019-08-10,0.07175081223249435,1,Low,spatial_event
25.25,69.0,2019-08-10,0.04119454696774483,1,Low,spatial_event
25.25,69.25,2019-08-10,0.06860193610191345,1,Low,spatial_event
25.25,69.5,2019-08-10,0.06964778900146484,1,Low,spatial_event
25.25,69.75,2019-08-10,0.040506236255168915,1,Low,spatial_event
25.25,70.0,2019-08-10,0.06663218140602112,1,Low,spatial_event
25.25,70.25,2019-08-10,0.09887395799160004,1,Low,spatial_event
25.25,70.5,2019-08-10,0.059722382575273514,1,Low,spatial_event
25.25,70.75,2019-08-10,0.05599024519324303,1,Low,spatial_event
25.25,71.0,2019-08-10,0.055136539041996,1,Low,spatial_event
25.0,66.75,2019-08-10,0.05312364548444748,1,Low,spatial_event
25.0,67.0,2019-08-10,0.20330315828323364,1,Low,spatial_event
25.0,67.25,2019-08-10,0.3669130504131317,2,Moderate,spatial_event
25.0,67.5,2019-08-10,0.09558355063199997,1,Low,spatial_event
25.0,67.75,2019-08-10,0.0962878167629242,1,Low,spatial_event
25.0,68.0,2019-08-10,0.07460425794124603,1,Low,spatial_event
25.0,68.25,2019-08-10,0.06819556653499603,1,Low,spatial_event
25.0,68.5,2019-08-10,0.1454111635684967,1,Low,spatial_event
25.0,68.75,2019-08-10,0.04004678875207901,1,Low,spatial_event
25.0,69.0,2019-08-10,0.042267438024282455,1,Low,spatial_event
25.0,69.25,2019-08-10,0.11767739802598953,1,Low,spatial_event
25.0,69.5,2019-08-10,0.06152883544564247,1,Low,spatial_event
25.0,69.75,2019-08-10,0.06090371683239937,1,Low,spatial_event
25.0,70.0,2019-08-10,0.06701485067605972,1,Low,spatial_event
25.0,70.25,2019-08-10,0.1209157183766365,1,Low,spatial_event
25.0,70.5,2019-08-10,0.1209157183766365,1,Low,spatial_event
25.0,70.75,2019-08-10,0.05599024519324303,1,Low,spatial_event
25.0,71.0,2019-08-10,0.05478730425238609,1,Low,spatial_event
24.75,66.75,2019-08-10,0.05446524918079376,1,Low,spatial_event
24.75,67.0,2019-08-10,0.059366803616285324,1,Low,spatial_event
24.75,67.25,2019-08-10,0.08375359326601028,1,Low,spatial_event
24.75,67.5,2019-08-10,0.09129926562309265,1,Low,spatial_event
24.75,67.75,2019-08-10,0.07603218406438828,1,Low,spatial_event
24.75,68.0,2019-08-10,0.06819556653499603,1,Low,spatial_event
24.75,68.25,2019-08-10,0.1935882717370987,1,Low,spatial_event
24.75,68.5,2019-08-10,0.14048141241073608,1,Low,spatial_event
24.75,68.75,2019-08-10,0.3261983096599579,2,Moderate,spatial_event
24.75,69.0,2019-08-10,0.06845777481794357,1,Low,spatial_event
24.75,69.25,2019-08-10,0.099673330783844,1,Low,spatial_event
24.75,69.5,2019-08-10,0.06155601888895035,1,Low,spatial_event
24.75,69.75,2019-08-10,0.14335861802101135,1,Low,spatial_event
24.75,70.0,2019-08-10,0.22289356589317322,1,Low,spatial_event
24.75,70.25,2019-08-10,0.09644877910614014,1,Low,spatial_event
24.75,70.5,2019-08-10,0.09009011834859848,1,Low,spatial_event
24.75,70.75,2019-08-10,0.06261023879051208,1,Low,spatial_event
24.75,71.0,2019-08-10,0.05563592165708542,1,Low,spatial_event
24.5,67.25,2019-08-10,0.05990742892026901,1,Low,spatial_event
24.5,67.5,2019-08-10,0.10010252892971039,1,Low,spatial_event
24.5,67.75,2019-08-10,0.6602420806884766,3,High,spatial_event
24.5,68.0,2019-08-10,0.6919869184494019,3,High,spatial_event
24.5,68.25,2019-08-10,0.11086799949407578,1,Low,spatial_event
24.5,68.5,2019-08-10,0.1115325540304184,1,Low,spatial_event
24.5,68.75,2019-08-10,0.1115325540304184,1,Low,spatial_event
24.5,69.0,2019-08-10,0.10046228766441345,1,Low,spatial_event
24.5,69.25,2019-08-10,0.09810518473386765,1,Low,spatial_event
24.5,69.5,2019-08-10,0.062367793172597885,1,Low,spatial_event
24.5,69.75,2019-08-10,0.11675693094730377,1,Low,spatial_event
24.5,70.0,2019-08-10,0.06001836061477661,1,Low,spatial_event
24.5,70.25,2019-08-10,0.06194557994604111,1,Low,spatial_event
24.5,70.5,2019-08-10,0.06018936261534691,1,Low,spatial_event
24.5,70.75,2019-08-10,0.04775065928697586,1,Low,spatial_event
24.5,71.0,2019-08-10,0.07091496139764786,1,Low,spatial_event
24.25,67.25,2019-08-10,0.0855294018983841,1,Low,spatial_event
24.25,67.5,2019-08-10,0.05268605053424835,1,Low,spatial_event
24.25,67.75,2019-08-10,0.6523218154907227,3,High,spatial_event
24.25,68.0,2019-08-10,0.5373637080192566,3,High,spatial_event
24.25,68.25,2019-08-10,0.11086799949407578,1,Low,spatial_event
24.25,68.5,2019-08-10,0.1115325540304184,1,Low,spatial_event
24.25,68.75,2019-08-10,0.11491169780492783,1,Low,spatial_event
24.25,69.0,2019-08-10,0.07200939208269119,1,Low,spatial_event
24.25,69.25,2019-08-10,0.09474506229162216,1,Low,spatial_event
24.25,69.5,2019-08-10,0.09712085872888565,1,Low,spatial_event
24.25,69.75,2019-08-10,0.06541559100151062,1,Low,spatial_event
24.25,70.0,2019-08-10,0.06442798674106598,1,Low,spatial_event
24.25,70.25,2019-08-10,0.04369104281067848,1,Low,spatial_event
24.25,70.5,2019-08-10,0.07136267423629761,1,Low,spatial_event
24.25,70.75,2019-08-10,0.05865739285945892,1,Low,spatial_event
24.25,71.0,2019-08-10,0.04061752185225487,1,Low,spatial_event
24.0,67.25,2019-08-10,0.059366803616285324,1,Low,spatial_event
24.0,67.5,2019-08-10,0.04953800141811371,1,Low,spatial_event
24.0,67.75,2019-08-10,0.04953800141811371,1,Low,spatial_event
24.0,68.0,2019-08-10,0.055342014878988266,1,Low,spatial_event
24.0,68.25,2019-08-10,0.05405732989311218,1,Low,spatial_event
24.0,68.5,2019-08-10,0.07383082062005997,1,Low,spatial_event
24.0,68.75,2019-08-10,0.05858667567372322,1,Low,spatial_event
23.75,67.5,2019-08-10,0.0855294018983841,1,Low,spatial_event
23.75,67.75,2019-08-10,0.0871131494641304,1,Low,spatial_event
23.75,68.0,2019-08-10,0.06368651241064072,1,Low,spatial_event
23.75,68.25,2019-08-10,0.05889301374554634,1,Low,spatial_event
28.5,68.75,2019-08-11,0.03995904326438904,1,Low,spatial_event
28.5,69.0,2019-08-11,0.03970189392566681,1,Low,spatial_event
28.5,69.25,2019-08-11,0.0363062284886837,1,Low,spatial_event
28.5,69.5,2019-08-11,0.042419109493494034,1,Low,spatial_event
28.5,69.75,2019-08-11,0.024994300678372383,1,Low,spatial_event
28.25,68.25,2019-08-11,0.06102016568183899,1,Low,spatial_event
28.25,68.5,2019-08-11,0.04011628404259682,1,Low,spatial_event
28.25,68.75,2019-08-11,0.03995904326438904,1,Low,spatial_event
28.25,69.0,2019-08-11,0.05479469150304794,1,Low,spatial_event
28.25,69.25,2019-08-11,0.05479469150304794,1,Low,spatial_event
28.25,69.5,2019-08-11,0.06976474821567535,1,Low,spatial_event
28.25,69.75,2019-08-11,0.1215825006365776,1,Low,spatial_event
28.0,67.75,2019-08-11,0.026286832988262177,1,Low,spatial_event
28.0,68.0,2019-08-11,0.0491548515856266,1,Low,spatial_event
28.0,68.25,2019-08-11,0.03945200517773628,1,Low,spatial_event
28.0,68.5,2019-08-11,0.15954060852527618,1,Low,spatial_event
28.0,68.75,2019-08-11,0.038868457078933716,1,Low,spatial_event
28.0,69.0,2019-08-11,0.0708136260509491,1,Low,spatial_event
28.0,69.25,2019-08-11,0.1538880467414856,1,Low,spatial_event
28.0,69.5,2019-08-11,0.11171190440654755,1,Low,spatial_event
28.0,69.75,2019-08-11,0.08923459053039551,1,Low,spatial_event
28.0,70.0,2019-08-11,0.37377357482910156,2,Moderate,spatial_event
27.75,67.25,2019-08-11,0.08571776002645493,1,Low,spatial_event
27.75,67.5,2019-08-11,0.024825319647789,1,Low,spatial_event
27.75,67.75,2019-08-11,0.06625863164663315,1,Low,spatial_event
27.75,68.0,2019-08-11,0.05301271378993988,1,Low,spatial_event
27.75,68.25,2019-08-11,0.06030812859535217,1,Low,spatial_event
27.75,68.5,2019-08-11,0.032337602227926254,1,Low,spatial_event
27.75,68.75,2019-08-11,0.0469496063888073,1,Low,spatial_event
27.75,69.0,2019-08-11,0.07438135892152786,1,Low,spatial_event
27.75,69.25,2019-08-11,0.0409136600792408,1,Low,spatial_event
27.75,69.5,2019-08-11,0.0409136600792408,1,Low,spatial_event
27.75,69.75,2019-08-11,0.12242108583450317,1,Low,spatial_event
27.75,70.0,2019-08-11,0.13463646173477173,1,Low,spatial_event
27.5,67.25,2019-08-11,0.06193726509809494,1,Low,spatial_event
27.5,67.5,2019-08-11,0.029249994084239006,1,Low,spatial_event
27.5,67.75,2019-08-11,0.06745436787605286,1,Low,spatial_event
27.5,68.0,2019-08-11,0.16298997402191162,1,Low,spatial_event
27.5,68.25,2019-08-11,0.07977388799190521,1,Low,spatial_event
27.5,68.5,2019-08-11,0.12225009500980377,1,Low,spatial_event
27.5,68.75,2019-08-11,0.24201053380966187,1,Low,spatial_event
27.5,69.0,2019-08-11,0.0409136600792408,1,Low,spatial_event
27.5,69.25,2019-08-11,0.04641884192824364,1,Low,spatial_event
27.5,69.5,2019-08-11,0.12616445124149323,1,Low,spatial_event
27.5,69.75,2019-08-11,0.03942900896072388,1,Low,spatial_event
27.5,70.0,2019-08-11,0.11630524694919586,1,Low,spatial_event
27.25,67.25,2019-08-11,0.05361437425017357,1,Low,spatial_event
27.25,67.5,2019-08-11,0.031167620792984962,1,Low,spatial_event
27.25,67.75,2019-08-11,0.13743160665035248,1,Low,spatial_event
27.25,68.0,2019-08-11,0.2945467531681061,2,Moderate,spatial_event
27.25,68.25,2019-08-11,0.1483239233493805,1,Low,spatial_event
27.25,68.5,2019-08-11,0.06380175054073334,1,Low,spatial_event
27.25,68.75,2019-08-11,0.028790973126888275,1,Low,spatial_event
27.25,69.0,2019-08-11,0.03942900896072388,1,Low,spatial_event
27.25,69.25,2019-08-11,0.18444980680942535,1,Low,spatial_event
27.25,69.5,2019-08-11,0.047505058348178864,1,Low,spatial_event
27.25,69.75,2019-08-11,0.040461890399456024,1,Low,spatial_event
27.0,67.25,2019-08-11,0.07077429443597794,1,Low,spatial_event
27.0,67.5,2019-08-11,0.031167620792984962,1,Low,spatial_event
27.0,67.75,2019-08-11,0.11906486004590988,1,Low,spatial_event
27.0,68.0,2019-08-11,0.04995189607143402,1,Low,spatial_event
27.0,68.25,2019-08-11,0.09285882860422134,1,Low,spatial_event
27.0,68.5,2019-08-11,0.06325679272413254,1,Low,spatial_event
27.0,68.75,2019-08-11,0.02860906533896923,1,Low,spatial_event
27.0,69.0,2019-08-11,0.024995962157845497,1,Low,spatial_event
27.0,69.25,2019-08-11,0.0851423442363739,1,Low,spatial_event
27.0,69.5,2019-08-11,0.10460177809000015,1,Low,spatial_event
26.75,67.25,2019-08-11,0.0291274543851614,1,Low,spatial_event
26.75,67.5,2019-08-11,0.045270588248968124,1,Low,spatial_event
26.75,67.75,2019-08-11,0.11012087017297745,1,Low,spatial_event
26.75,68.0,2019-08-11,0.03421890363097191,1,Low,spatial_event
26.75,68.25,2019-08-11,0.15583758056163788,1,Low,spatial_event
26.75,68.5,2019-08-11,0.06462552398443222,1,Low,spatial_event
26.75,68.75,2019-08-11,0.02641121856868267,1,Low,spatial_event
26.75,69.0,2019-08-11,0.02641121856868267,1,Low,spatial_event
26.75,69.25,2019-08-11,0.10412655770778656,1,Low,spatial_event
26.75,69.5,2019-08-11,0.08566751331090927,1,Low,spatial_event
26.75,69.75,2019-08-11,0.08566751331090927,1,Low,spatial_event
26.5,67.25,2019-08-11,0.09703397750854492,1,Low,spatial_event
26.5,67.5,2019-08-11,0.09997901320457458,1,Low,spatial_event
26.5,67.75,2019-08-11,0.027790367603302002,1,Low,spatial_event
26.5,68.0,2019-08-11,0.18973314762115479,1,Low,spatial_event
26.5,68.25,2019-08-11,0.07102372497320175,1,Low,spatial_event
26.5,68.5,2019-08-11,0.09579018503427505,1,Low,spatial_event
26.5,68.75,2019-08-11,0.02807084657251835,1,Low,spatial_event
26.5,69.0,2019-08-11,0.02572740614414215,1,Low,spatial_event
26.5,69.25,2019-08-11,0.024347877129912376,1,Low,spatial_event
26.5,69.5,2019-08-11,0.08566751331090927,1,Low,spatial_event
26.5,69.75,2019-08-11,0.08566751331090927,1,Low,spatial_event
26.5,70.0,2019-08-11,0.02707931399345398,1,Low,spatial_event
26.5,70.25,2019-08-11,0.025690406560897827,1,Low,spatial_event
26.25,67.25,2019-08-11,0.1011921837925911,1,Low,spatial_event
26.25,67.5,2019-08-11,0.09357522428035736,1,Low,spatial_event
26.25,67.75,2019-08-11,0.10883484035730362,1,Low,spatial_event
26.25,68.0,2019-08-11,0.06653968244791031,1,Low,spatial_event
26.25,68.25,2019-08-11,0.07539191097021103,1,Low,spatial_event
26.25,68.5,2019-08-11,0.0792602151632309,1,Low,spatial_event
26.25,68.75,2019-08-11,0.09737426042556763,1,Low,spatial_event
26.25,69.0,2019-08-11,0.058314986526966095,1,Low,spatial_event
26.25,69.25,2019-08-11,0.025409400463104248,1,Low,spatial_event
26.25,69.5,2019-08-11,0.024347877129912376,1,Low,spatial_event
26.25,69.75,2019-08-11,0.02707931399345398,1,Low,spatial_event
26.25,70.0,2019-08-11,0.025690406560897827,1,Low,spatial_event
26.25,70.25,2019-08-11,0.025690406560897827,1,Low,spatial_event
26.0,67.5,2019-08-11,0.21022912859916687,1,Low,spatial_event
26.0,67.75,2019-08-11,0.1196151152253151,1,Low,spatial_event
26.0,68.0,2019-08-11,0.08587653189897537,1,Low,spatial_event
26.0,68.25,2019-08-11,0.24612870812416077,1,Low,spatial_event
26.0,68.5,2019-08-11,0.13151244819164276,1,Low,spatial_event
26.0,68.75,2019-08-11,0.07927639037370682,1,Low,spatial_event
26.0,69.0,2019-08-11,0.07518313080072403,1,Low,spatial_event
26.0,69.25,2019-08-11,0.025409400463104248,1,Low,spatial_event
26.0,69.5,2019-08-11,0.027382075786590576,1,Low,spatial_event
26.0,69.75,2019-08-11,0.030443279072642326,1,Low,spatial_event
26.0,70.0,2019-08-11,0.024729756638407707,1,Low,spatial_event
25.75,67.5,2019-08-11,0.21022912859916687,1,Low,spatial_event
25.75,67.75,2019-08-11,0.1442413479089737,1,Low,spatial_event
25.75,68.0,2019-08-11,0.1784748136997223,1,Low,spatial_event
25.75,68.25,2019-08-11,0.026480676606297493,1,Low,spatial_event
25.75,68.5,2019-08-11,0.13432030379772186,1,Low,spatial_event
25.75,68.75,2019-08-11,0.1898781657218933,1,Low,spatial_event
25.75,69.0,2019-08-11,0.1293560266494751,1,Low,spatial_event
25.75,69.25,2019-08-11,0.10090033710002899,1,Low,spatial_event
25.75,69.5,2019-08-11,0.18289756774902344,1,Low,spatial_event
25.75,69.75,2019-08-11,0.09022700041532516,1,Low,spatial_event
25.75,70.0,2019-08-11,0.09022700041532516,1,Low,spatial_event
25.75,70.25,2019-08-11,0.07587944716215134,1,Low,spatial_event
25.75,70.5,2019-08-11,0.13486915826797485,1,Low,spatial_event
25.75,70.75,2019-08-11,0.42599722743034363,2,Moderate,spatial_event
25.5,67.25,2019-08-11,0.1771930456161499,1,Low,spatial_event
25.5,67.5,2019-08-11,0.4176350235939026,2,Moderate,spatial_event
25.5,67.75,2019-08-11,0.15440982580184937,1,Low,spatial_event
25.5,68.0,2019-08-11,0.05157922953367233,1,Low,spatial_event
25.5,68.25,2019-08-11,0.10048257559537888,1,Low,spatial_event
25.5,68.5,2019-08-11,0.20766739547252655,1,Low,spatial_event
25.5,68.75,2019-08-11,0.2350824773311615,1,Low,spatial_event
25.5,69.0,2019-08-11,0.14934515953063965,1,Low,spatial_event
25.5,69.25,2019-08-11,0.1968737542629242,1,Low,spatial_event
25.5,69.5,2019-08-11,0.6099685430526733,3,High,spatial_event
25.5,69.75,2019-08-11,0.14990025758743286,1,Low,spatial_event
25.5,70.0,2019-08-11,0.10924866795539856,1,Low,spatial_event
25.5,70.25,2019-08-11,0.2645946443080902,2,Moderate,spatial_event
25.5,70.5,2019-08-11,0.1388448178768158,1,Low,spatial_event
25.5,70.75,2019-08-11,0.15939882397651672,1,Low,spatial_event
25.25,67.0,2019-08-11,0.13831907510757446,1,Low,spatial_event
25.25,67.25,2019-08-11,0.19684584438800812,1,Low,spatial_event
25.25,67.5,2019-08-11,0.4020217955112457,2,Moderate,spatial_event
25.25,67.75,2019-08-11,0.317085862159729,2,Moderate,spatial_event
25.25,68.0,2019-08-11,0.29782789945602417,2,Moderate,spatial_event
25.25,68.25,2019-08-11,0.3115818202495575,2,Moderate,spatial_event
25.25,68.5,2019-08-11,0.20218373835086823,1,Low,spatial_event
25.25,68.75,2019-08-11,0.22756247222423553,1,Low,spatial_event
25.25,69.0,2019-08-11,0.1754784733057022,1,Low,spatial_event
25.25,69.25,2019-08-11,0.607826828956604,3,High,spatial_event
25.25,69.5,2019-08-11,0.1574137657880783,1,Low,spatial_event
25.25,69.75,2019-08-11,0.26051926612854004,2,Moderate,spatial_event
25.25,70.0,2019-08-11,0.32627537846565247,2,Moderate,spatial_event
25.25,70.25,2019-08-11,0.26978540420532227,2,Moderate,spatial_event
25.25,70.5,2019-08-11,0.26978540420532227,2,Moderate,spatial_event
25.25,70.75,2019-08-11,0.13306094706058502,1,Low,spatial_event
25.25,71.0,2019-08-11,0.15494048595428467,1,Low,spatial_event
25.0,66.75,2019-08-11,0.1719934642314911,1,Low,spatial_event
25.0,67.0,2019-08-11,0.0865703597664833,1,Low,spatial_event
25.0,67.25,2019-08-11,0.31742438673973083,2,Moderate,spatial_event
25.0,67.5,2019-08-11,0.3828279972076416,2,Moderate,spatial_event
25.0,67.75,2019-08-11,0.29457879066467285,2,Moderate,spatial_event
25.0,68.0,2019-08-11,0.29457879066467285,2,Moderate,spatial_event
25.0,68.25,2019-08-11,0.3012172281742096,2,Moderate,spatial_event
25.0,68.5,2019-08-11,0.1821022629737854,1,Low,spatial_event
25.0,68.75,2019-08-11,0.205609992146492,1,Low,spatial_event
25.0,69.0,2019-08-11,0.22756247222423553,1,Low,spatial_event
25.0,69.25,2019-08-11,0.38099348545074463,2,Moderate,spatial_event
25.0,69.5,2019-08-11,0.2677058279514313,2,Moderate,spatial_event
25.0,69.75,2019-08-11,0.3811114430427551,2,Moderate,spatial_event
25.0,70.0,2019-08-11,0.4015011191368103,2,Moderate,spatial_event
25.0,70.25,2019-08-11,0.3273221552371979,2,Moderate,spatial_event
25.0,70.5,2019-08-11,0.3273221552371979,2,Moderate,spatial_event
25.0,70.75,2019-08-11,0.13353364169597626,1,Low,spatial_event
25.0,71.0,2019-08-11,0.15849995613098145,1,Low,spatial_event
24.75,66.75,2019-08-11,0.05622481927275658,1,Low,spatial_event
24.75,67.0,2019-08-11,0.05469634756445885,1,Low,spatial_event
24.75,67.25,2019-08-11,0.30352625250816345,2,Moderate,spatial_event
24.75,67.5,2019-08-11,0.31819668412208557,2,Moderate,spatial_event
24.75,67.75,2019-08-11,0.28368598222732544,2,Moderate,spatial_event
24.75,68.0,2019-08-11,0.2877295911312103,2,Moderate,spatial_event
24.75,68.25,2019-08-11,0.8098234534263611,4,Very High,spatial_event
24.75,68.5,2019-08-11,0.43085208535194397,2,Moderate,spatial_event
24.75,68.75,2019-08-11,0.4178905487060547,2,Moderate,spatial_event
24.75,69.0,2019-08-11,0.4704764485359192,2,Moderate,spatial_event
24.75,69.25,2019-08-11,0.19364136457443237,1,Low,spatial_event
24.75,69.5,2019-08-11,0.38501280546188354,2,Moderate,spatial_event
24.75,69.75,2019-08-11,0.2917828857898712,2,Moderate,spatial_event
24.75,70.0,2019-08-11,0.2931121289730072,2,Moderate,spatial_event
24.75,70.25,2019-08-11,0.34479203820228577,2,Moderate,spatial_event
24.75,70.5,2019-08-11,0.28390270471572876,2,Moderate,spatial_event
24.75,70.75,2019-08-11,0.14252948760986328,1,Low,spatial_event
24.75,71.0,2019-08-11,0.1590464860200882,1,Low,spatial_event
24.5,67.25,2019-08-11,0.03067009709775448,1,Low,spatial_event
24.5,67.5,2019-08-11,0.37395179271698,2,Moderate,spatial_event
24.5,67.75,2019-08-11,0.7415146827697754,3,High,spatial_event
24.5,68.0,2019-08-11,0.8282838463783264,4,Very High,spatial_event
24.5,68.25,2019-08-11,0.3078431487083435,2,Moderate,spatial_event
24.5,68.5,2019-08-11,0.39970049262046814,2,Moderate,spatial_event
24.5,68.75,2019-08-11,0.5600632429122925,3,High,spatial_event
24.5,69.0,2019-08-11,0.5310852527618408,3,High,spatial_event
24.5,69.25,2019-08-11,0.38320574164390564,2,Moderate,spatial_event
24.5,69.5,2019-08-11,0.27709656953811646,2,Moderate,spatial_event
24.5,69.75,2019-08-11,0.28379353880882263,2,Moderate,spatial_event
24.5,70.0,2019-08-11,0.3293648064136505,2,Moderate,spatial_event
24.5,70.25,2019-08-11,0.528485894203186,3,High,spatial_event
24.5,70.5,2019-08-11,0.4749690592288971,2,Moderate,spatial_event
24.5,70.75,2019-08-11,0.1775510609149933,1,Low,spatial_event
24.5,71.0,2019-08-11,0.13455693423748016,1,Low,spatial_event
24.25,67.25,2019-08-11,0.029284842312335968,1,Low,spatial_event
24.25,67.5,2019-08-11,0.23026219010353088,1,Low,spatial_event
24.25,67.75,2019-08-11,0.43016019463539124,2,Moderate,spatial_event
24.25,68.0,2019-08-11,0.45859310030937195,2,Moderate,spatial_event
24.25,68.25,2019-08-11,0.3134877681732178,2,Moderate,spatial_event
24.25,68.5,2019-08-11,0.10740074515342712,1,Low,spatial_event
24.25,68.75,2019-08-11,0.09764502197504044,1,Low,spatial_event
24.25,69.0,2019-08-11,0.06582861393690109,1,Low,spatial_event
24.25,69.25,2019-08-11,0.2665378451347351,2,Moderate,spatial_event
24.25,69.5,2019-08-11,0.3423658311367035,2,Moderate,spatial_event
24.25,69.75,2019-08-11,0.18796367943286896,1,Low,spatial_event
24.25,70.0,2019-08-11,0.1425565779209137,1,Low,spatial_event
24.25,70.25,2019-08-11,0.09462355822324753,1,Low,spatial_event
24.25,70.5,2019-08-11,0.12095027416944504,1,Low,spatial_event
24.25,70.75,2019-08-11,0.16468313336372375,1,Low,spatial_event
24.25,71.0,2019-08-11,0.12267184257507324,1,Low,spatial_event
24.0,67.25,2019-08-11,0.040985748171806335,1,Low,spatial_event
24.0,67.5,2019-08-11,0.05158425122499466,1,Low,spatial_event
24.0,67.75,2019-08-11,0.060097865760326385,1,Low,spatial_event
24.0,68.0,2019-08-11,0.06705179810523987,1,Low,spatial_event
24.0,68.25,2019-08-11,0.04640842601656914,1,Low,spatial_event
24.0,68.5,2019-08-11,0.04640842601656914,1,Low,spatial_event
24.0,68.75,2019-08-11,0.04369115084409714,1,Low,spatial_event
23.75,67.5,2019-08-11,0.039270251989364624,1,Low,spatial_event
23.75,67.75,2019-08-11,0.039270251989364624,1,Low,spatial_event
23.75,68.0,2019-08-11,0.036809470504522324,1,Low,spatial_event
23.75,68.25,2019-08-11,0.02985837310552597,1,Low,spatial_event
28.5,68.75,2019-08-12,0.08948249369859695,1,Low,spatial_event
28.5,69.0,2019-08-12,0.07167354971170425,1,Low,spatial_event
28.5,69.25,2019-08-12,0.06990198791027069,1,Low,spatial_event
28.5,69.5,2019-08-12,0.07341675460338593,1,Low,spatial_event
28.5,69.75,2019-08-12,0.04460775852203369,1,Low,spatial_event
28.25,68.25,2019-08-12,0.28318557143211365,2,Moderate,spatial_event
28.25,68.5,2019-08-12,0.09344438463449478,1,Low,spatial_event
28.25,68.75,2019-08-12,0.08948249369859695,1,Low,spatial_event
28.25,69.0,2019-08-12,0.04710641875863075,1,Low,spatial_event
28.25,69.25,2019-08-12,0.06010959669947624,1,Low,spatial_event
28.25,69.5,2019-08-12,0.057693492621183395,1,Low,spatial_event
28.25,69.75,2019-08-12,0.08861242234706879,1,Low,spatial_event
28.0,67.75,2019-08-12,0.08240161091089249,1,Low,spatial_event
28.0,68.0,2019-08-12,0.25691884756088257,2,Moderate,spatial_event
28.0,68.25,2019-08-12,0.10128993541002274,1,Low,spatial_event
28.0,68.5,2019-08-12,0.03416626155376434,1,Low,spatial_event
28.0,68.75,2019-08-12,0.03111654706299305,1,Low,spatial_event
28.0,69.0,2019-08-12,0.06327159702777863,1,Low,spatial_event
28.0,69.25,2019-08-12,0.08720551431179047,1,Low,spatial_event
28.0,69.5,2019-08-12,0.2634633183479309,2,Moderate,spatial_event
28.0,69.75,2019-08-12,0.07212222367525101,1,Low,spatial_event
28.0,70.0,2019-08-12,0.0609646700322628,1,Low,spatial_event
27.75,67.25,2019-08-12,0.1805991232395172,1,Low,spatial_event
27.75,67.5,2019-08-12,0.03552635386586189,1,Low,spatial_event
27.75,67.75,2019-08-12,0.5398030877113342,3,High,spatial_event
27.75,68.0,2019-08-12,0.11583685874938965,1,Low,spatial_event
27.75,68.25,2019-08-12,0.3721464276313782,2,Moderate,spatial_event
27.75,68.5,2019-08-12,0.0600392147898674,1,Low,spatial_event
27.75,68.75,2019-08-12,0.037400104105472565,1,Low,spatial_event
27.75,69.0,2019-08-12,0.054438527673482895,1,Low,spatial_event
27.75,69.25,2019-08-12,0.0612429603934288,1,Low,spatial_event
27.75,69.5,2019-08-12,0.26535412669181824,2,Moderate,spatial_event
27.75,69.75,2019-08-12,0.19207048416137695,1,Low,spatial_event
27.75,70.0,2019-08-12,0.19207048416137695,1,Low,spatial_event
27.5,67.25,2019-08-12,0.05871167033910751,1,Low,spatial_event
27.5,67.5,2019-08-12,0.03345303609967232,1,Low,spatial_event
27.5,67.75,2019-08-12,0.13551849126815796,1,Low,spatial_event
27.5,68.0,2019-08-12,0.5305789709091187,3,High,spatial_event
27.5,68.25,2019-08-12,0.0759686678647995,1,Low,spatial_event
27.5,68.5,2019-08-12,0.12590791285037994,1,Low,spatial_event
27.5,68.75,2019-08-12,0.13923853635787964,1,Low,spatial_event
27.5,69.0,2019-08-12,0.04098866134881973,1,Low,spatial_event
27.5,69.25,2019-08-12,0.2880077362060547,2,Moderate,spatial_event
27.5,69.5,2019-08-12,0.5409786105155945,3,High,spatial_event
27.5,69.75,2019-08-12,0.06990198791027069,1,Low,spatial_event
27.5,70.0,2019-08-12,0.19207048416137695,1,Low,spatial_event
27.25,67.25,2019-08-12,0.02834409289062023,1,Low,spatial_event
27.25,67.5,2019-08-12,0.028287429362535477,1,Low,spatial_event
27.25,67.75,2019-08-12,0.1543123871088028,1,Low,spatial_event
27.25,68.0,2019-08-12,0.09689594060182571,1,Low,spatial_event
27.25,68.25,2019-08-12,0.14073437452316284,1,Low,spatial_event
27.25,68.5,2019-08-12,0.12115032970905304,1,Low,spatial_event
27.25,68.75,2019-08-12,0.05563068389892578,1,Low,spatial_event
27.25,69.0,2019-08-12,0.03249005228281021,1,Low,spatial_event
27.25,69.25,2019-08-12,0.26584869623184204,2,Moderate,spatial_event
27.25,69.5,2019-08-12,0.08367600291967392,1,Low,spatial_event
27.25,69.75,2019-08-12,0.07167354971170425,1,Low,spatial_event
27.0,67.25,2019-08-12,0.02840251289308071,1,Low,spatial_event
27.0,67.5,2019-08-12,0.030112382024526596,1,Low,spatial_event
27.0,67.75,2019-08-12,0.18135298788547516,1,Low,spatial_event
27.0,68.0,2019-08-12,0.08490819483995438,1,Low,spatial_event
27.0,68.25,2019-08-12,0.07107070833444595,1,Low,spatial_event
27.0,68.5,2019-08-12,0.07714901119470596,1,Low,spatial_event
27.0,68.75,2019-08-12,0.06295763701200485,1,Low,spatial_event
27.0,69.0,2019-08-12,0.021200746297836304,1,Low,spatial_event
27.0,69.25,2019-08-12,0.13689102232456207,1,Low,spatial_event
27.0,69.5,2019-08-12,0.16603130102157593,1,Low,spatial_event
26.75,67.25,2019-08-12,0.041975121945142746,1,Low,spatial_event
26.75,67.5,2019-08-12,0.04446468502283096,1,Low,spatial_event
26.75,67.75,2019-08-12,0.09573844820261002,1,Low,spatial_event
26.75,68.0,2019-08-12,0.04389320686459541,1,Low,spatial_event
26.75,68.25,2019-08-12,0.0708591639995575,1,Low,spatial_event
26.75,68.5,2019-08-12,0.07660061866044998,1,Low,spatial_event
26.75,68.75,2019-08-12,0.06456544995307922,1,Low,spatial_event
26.75,69.0,2019-08-12,0.02609851025044918,1,Low,spatial_event
26.75,69.25,2019-08-12,0.1905566304922104,1,Low,spatial_event
26.75,69.5,2019-08-12,0.1376873403787613,1,Low,spatial_event
26.75,69.75,2019-08-12,0.12840768694877625,1,Low,spatial_event
26.5,67.25,2019-08-12,0.03019028529524803,1,Low,spatial_event
26.5,67.5,2019-08-12,0.04194173216819763,1,Low,spatial_event
26.5,67.75,2019-08-12,0.08204774558544159,1,Low,spatial_event
26.5,68.0,2019-08-12,0.04829024896025658,1,Low,spatial_event
26.5,68.25,2019-08-12,0.2557918429374695,2,Moderate,spatial_event
26.5,68.5,2019-08-12,0.19044366478919983,1,Low,spatial_event
26.5,68.75,2019-08-12,0.06845401227474213,1,Low,spatial_event
26.5,69.0,2019-08-12,0.022975217550992966,1,Low,spatial_event
26.5,69.25,2019-08-12,0.05150856822729111,1,Low,spatial_event
26.5,69.5,2019-08-12,0.14900773763656616,1,Low,spatial_event
26.5,69.75,2019-08-12,0.14900773763656616,1,Low,spatial_event
26.5,70.0,2019-08-12,0.022957265377044678,1,Low,spatial_event
26.5,70.25,2019-08-12,0.02177504450082779,1,Low,spatial_event
26.25,67.25,2019-08-12,0.021845025941729546,1,Low,spatial_event
26.25,67.5,2019-08-12,0.018107591196894646,1,Low,spatial_event
26.25,67.75,2019-08-12,0.03942570462822914,1,Low,spatial_event
26.25,68.0,2019-08-12,0.01818789914250374,1,Low,spatial_event
26.25,68.25,2019-08-12,0.10271954536437988,1,Low,spatial_event
26.25,68.5,2019-08-12,0.05378047004342079,1,Low,spatial_event
26.25,68.75,2019-08-12,0.07390525937080383,1,Low,spatial_event
26.25,69.0,2019-08-12,0.05606518313288689,1,Low,spatial_event
26.25,69.25,2019-08-12,0.07100019603967667,1,Low,spatial_event
26.25,69.5,2019-08-12,0.047715697437524796,1,Low,spatial_event
26.25,69.75,2019-08-12,0.021545138210058212,1,Low,spatial_event
26.25,70.0,2019-08-12,0.020434116944670677,1,Low,spatial_event
26.25,70.25,2019-08-12,0.020434116944670677,1,Low,spatial_event
26.0,67.5,2019-08-12,0.145938441157341,1,Low,spatial_event
26.0,67.75,2019-08-12,0.1179363951086998,1,Low,spatial_event
26.0,68.0,2019-08-12,0.05353555828332901,1,Low,spatial_event
26.0,68.25,2019-08-12,0.03853556513786316,1,Low,spatial_event
26.0,68.5,2019-08-12,0.09491018950939178,1,Low,spatial_event
26.0,68.75,2019-08-12,0.10637301951646805,1,Low,spatial_event
26.0,69.0,2019-08-12,0.05695982277393341,1,Low,spatial_event
26.0,69.25,2019-08-12,0.06683504581451416,1,Low,spatial_event
26.0,69.5,2019-08-12,0.04730822145938873,1,Low,spatial_event
26.0,69.75,2019-08-12,0.020434116944670677,1,Low,spatial_event
26.0,70.0,2019-08-12,0.020434116944670677,1,Low,spatial_event
25.75,67.5,2019-08-12,0.13834568858146667,1,Low,spatial_event
25.75,67.75,2019-08-12,0.14735698699951172,1,Low,spatial_event
25.75,68.0,2019-08-12,0.1594693809747696,1,Low,spatial_event
25.75,68.25,2019-08-12,0.04240787401795387,1,Low,spatial_event
25.75,68.5,2019-08-12,0.10936383903026581,1,Low,spatial_event
25.75,68.75,2019-08-12,0.11849059164524078,1,Low,spatial_event
25.75,69.0,2019-08-12,0.0992666557431221,1,Low,spatial_event
25.75,69.25,2019-08-12,0.0992666557431221,1,Low,spatial_event
25.75,69.5,2019-08-12,0.045271288603544235,1,Low,spatial_event
25.75,69.75,2019-08-12,0.020434116944670677,1,Low,spatial_event
25.75,70.0,2019-08-12,0.023388274013996124,1,Low,spatial_event
25.75,70.25,2019-08-12,0.019825417548418045,1,Low,spatial_event
25.75,70.5,2019-08-12,0.0773116797208786,1,Low,spatial_event
25.75,70.75,2019-08-12,0.15999065339565277,1,Low,spatial_event
25.5,67.25,2019-08-12,0.14417710900306702,1,Low,spatial_event
25.5,67.5,2019-08-12,0.15552634000778198,1,Low,spatial_event
25.5,67.75,2019-08-12,0.15552634000778198,1,Low,spatial_event
25.5,68.0,2019-08-12,0.21377503871917725,1,Low,spatial_event
25.5,68.25,2019-08-12,0.09774239361286163,1,Low,spatial_event
25.5,68.5,2019-08-12,0.5445742607116699,3,High,spatial_event
25.5,68.75,2019-08-12,0.33815306425094604,2,Moderate,spatial_event
25.5,69.0,2019-08-12,0.12780337035655975,1,Low,spatial_event
25.5,69.25,2019-08-12,0.08350680768489838,1,Low,spatial_event
25.5,69.5,2019-08-12,0.016842512413859367,1,Low,spatial_event
25.5,69.75,2019-08-12,0.013740685768425465,1,Low,spatial_event
25.5,70.0,2019-08-12,0.016073385253548622,1,Low,spatial_event
25.5,70.25,2019-08-12,0.07512758672237396,1,Low,spatial_event
25.5,70.5,2019-08-12,0.10807733982801437,1,Low,spatial_event
25.5,70.75,2019-08-12,0.09344256669282913,1,Low,spatial_event
25.25,67.0,2019-08-12,0.11241831630468369,1,Low,spatial_event
25.25,67.25,2019-08-12,0.16457206010818481,1,Low,spatial_event
25.25,67.5,2019-08-12,0.1343224048614502,1,Low,spatial_event
25.25,67.75,2019-08-12,0.10430300980806351,1,Low,spatial_event
25.25,68.0,2019-08-12,0.21485671401023865,1,Low,spatial_event
25.25,68.25,2019-08-12,0.37272655963897705,2,Moderate,spatial_event
25.25,68.5,2019-08-12,0.1405230164527893,1,Low,spatial_event
25.25,68.75,2019-08-12,0.14110992848873138,1,Low,spatial_event
25.25,69.0,2019-08-12,0.11536563187837601,1,Low,spatial_event
25.25,69.25,2019-08-12,0.2507151961326599,2,Moderate,spatial_event
25.25,69.5,2019-08-12,0.03247512876987457,1,Low,spatial_event
25.25,69.75,2019-08-12,0.02246270515024662,1,Low,spatial_event
25.25,70.0,2019-08-12,0.05134887620806694,1,Low,spatial_event
25.25,70.25,2019-08-12,0.09063011407852173,1,Low,spatial_event
25.25,70.5,2019-08-12,0.09063011407852173,1,Low,spatial_event
25.25,70.75,2019-08-12,0.09063011407852173,1,Low,spatial_event
25.25,71.0,2019-08-12,0.09063011407852173,1,Low,spatial_event
25.0,66.75,2019-08-12,0.3560487926006317,2,Moderate,spatial_event
25.0,67.0,2019-08-12,0.1073213666677475,1,Low,spatial_event
25.0,67.25,2019-08-12,0.11421515792608261,1,Low,spatial_event
25.0,67.5,2019-08-12,0.15795272588729858,1,Low,spatial_event
25.0,67.75,2019-08-12,0.251356303691864,2,Moderate,spatial_event
25.0,68.0,2019-08-12,0.24858655035495758,1,Low,spatial_event
25.0,68.25,2019-08-12,0.41357094049453735,2,Moderate,spatial_event
25.0,68.5,2019-08-12,0.1702619343996048,1,Low,spatial_event
25.0,68.75,2019-08-12,0.18435832858085632,1,Low,spatial_event
25.0,69.0,2019-08-12,0.5415170192718506,3,High,spatial_event
25.0,69.25,2019-08-12,0.026334913447499275,1,Low,spatial_event
25.0,69.5,2019-08-12,0.015388061292469501,1,Low,spatial_event
25.0,69.75,2019-08-12,0.05301341041922569,1,Low,spatial_event
25.0,70.0,2019-08-12,0.19336390495300293,1,Low,spatial_event
25.0,70.25,2019-08-12,0.10924404114484787,1,Low,spatial_event
25.0,70.5,2019-08-12,0.10924404114484787,1,Low,spatial_event
25.0,70.75,2019-08-12,0.0894199088215828,1,Low,spatial_event
25.0,71.0,2019-08-12,0.09219861030578613,1,Low,spatial_event
24.75,66.75,2019-08-12,0.1234329491853714,1,Low,spatial_event
24.75,67.0,2019-08-12,0.12566818296909332,1,Low,spatial_event
24.75,67.25,2019-08-12,0.12611843645572662,1,Low,spatial_event
24.75,67.5,2019-08-12,0.11421515792608261,1,Low,spatial_event
24.75,67.75,2019-08-12,0.23713621497154236,1,Low,spatial_event
24.75,68.0,2019-08-12,0.38175472617149353,2,Moderate,spatial_event
24.75,68.25,2019-08-12,0.18142567574977875,1,Low,spatial_event
24.75,68.5,2019-08-12,0.16419340670108795,1,Low,spatial_event
24.75,68.75,2019-08-12,0.17170242965221405,1,Low,spatial_event
24.75,69.0,2019-08-12,0.04310423880815506,1,Low,spatial_event
24.75,69.25,2019-08-12,0.05327930301427841,1,Low,spatial_event
24.75,69.5,2019-08-12,0.2255413979291916,1,Low,spatial_event
24.75,69.75,2019-08-12,0.07255014032125473,1,Low,spatial_event
24.75,70.0,2019-08-12,0.07339364290237427,1,Low,spatial_event
24.75,70.25,2019-08-12,0.0894199088215828,1,Low,spatial_event
24.75,70.5,2019-08-12,0.09219861030578613,1,Low,spatial_event
24.75,70.75,2019-08-12,0.06944897770881653,1,Low,spatial_event
24.75,71.0,2019-08-12,0.0925416573882103,1,Low,spatial_event
24.5,67.25,2019-08-12,0.13401302695274353,1,Low,spatial_event
24.5,67.5,2019-08-12,0.1554405391216278,1,Low,spatial_event
24.5,67.75,2019-08-12,0.23800861835479736,1,Low,spatial_event
24.5,68.0,2019-08-12,0.5640521049499512,3,High,spatial_event
24.5,68.25,2019-08-12,0.48290732502937317,2,Moderate,spatial_event
24.5,68.5,2019-08-12,0.3928469121456146,2,Moderate,spatial_event
24.5,68.75,2019-08-12,0.4845581650733948,2,Moderate,spatial_event
24.5,69.0,2019-08-12,0.18243174254894257,1,Low,spatial_event
24.5,69.25,2019-08-12,0.20799098908901215,1,Low,spatial_event
24.5,69.5,2019-08-12,0.07034846395254135,1,Low,spatial_event
24.5,69.75,2019-08-12,0.07255014032125473,1,Low,spatial_event
24.5,70.0,2019-08-12,0.0897536352276802,1,Low,spatial_event
24.5,70.25,2019-08-12,0.188035786151886,1,Low,spatial_event
24.5,70.5,2019-08-12,0.18791529536247253,1,Low,spatial_event
24.5,70.75,2019-08-12,0.10032182931900024,1,Low,spatial_event
24.5,71.0,2019-08-12,0.07667078822851181,1,Low,spatial_event
24.25,67.25,2019-08-12,0.10915835201740265,1,Low,spatial_event
24.25,67.5,2019-08-12,0.24295896291732788,1,Low,spatial_event
24.25,67.75,2019-08-12,0.22034192085266113,1,Low,spatial_event
24.25,68.0,2019-08-12,0.45542430877685547,2,Moderate,spatial_event
24.25,68.25,2019-08-12,0.2542870044708252,2,Moderate,spatial_event
24.25,68.5,2019-08-12,0.12667915225028992,1,Low,spatial_event
24.25,68.75,2019-08-12,0.13668635487556458,1,Low,spatial_event
24.25,69.0,2019-08-12,0.11648227274417877,1,Low,spatial_event
24.25,69.25,2019-08-12,0.08316143602132797,1,Low,spatial_event
24.25,69.5,2019-08-12,0.08267298340797424,1,Low,spatial_event
24.25,69.75,2019-08-12,0.07660060375928879,1,Low,spatial_event
24.25,70.0,2019-08-12,0.07660060375928879,1,Low,spatial_event
24.25,70.25,2019-08-12,0.07848595827817917,1,Low,spatial_event
24.25,70.5,2019-08-12,0.07848595827817917,1,Low,spatial_event
24.25,70.75,2019-08-12,0.07265403866767883,1,Low,spatial_event
24.25,71.0,2019-08-12,0.07044944167137146,1,Low,spatial_event
24.0,67.25,2019-08-12,0.06968013197183609,1,Low,spatial_event
24.0,67.5,2019-08-12,0.15396134555339813,1,Low,spatial_event
24.0,67.75,2019-08-12,0.18929366767406464,1,Low,spatial_event
24.0,68.0,2019-08-12,0.10404680669307709,1,Low,spatial_event
24.0,68.25,2019-08-12,0.10858679562807083,1,Low,spatial_event
24.0,68.5,2019-08-12,0.11022433638572693,1,Low,spatial_event
24.0,68.75,2019-08-12,0.11648227274417877,1,Low,spatial_event
23.75,67.5,2019-08-12,0.08604936301708221,1,Low,spatial_event
23.75,67.75,2019-08-12,0.08604936301708221,1,Low,spatial_event
23.75,68.0,2019-08-12,0.08604936301708221,1,Low,spatial_event
23.75,68.25,2019-08-12,0.06292714178562164,1,Low,spatial_event
28.5,68.75,2019-08-13,0.09386365115642548,1,Low,spatial_event
28.5,69.0,2019-08-13,0.06964265555143356,1,Low,spatial_event
28.5,69.25,2019-08-13,0.06791762262582779,1,Low,spatial_event
28.5,69.5,2019-08-13,0.07134026288986206,1,Low,spatial_event
28.5,69.75,2019-08-13,0.051861103624105453,1,Low,spatial_event
28.25,68.25,2019-08-13,0.28776392340660095,2,Moderate,spatial_event
28.25,68.5,2019-08-13,0.09386365115642548,1,Low,spatial_event
28.25,68.75,2019-08-13,0.09386365115642548,1,Low,spatial_event
28.25,69.0,2019-08-13,0.04045818746089935,1,Low,spatial_event
28.25,69.25,2019-08-13,0.055818792432546616,1,Low,spatial_event
28.25,69.5,2019-08-13,0.055323585867881775,1,Low,spatial_event
28.25,69.75,2019-08-13,0.09039833396673203,1,Low,spatial_event
28.0,67.75,2019-08-13,0.0626138225197792,1,Low,spatial_event
28.0,68.0,2019-08-13,0.352473646402359,2,Moderate,spatial_event
28.0,68.25,2019-08-13,0.07207974791526794,1,Low,spatial_event
28.0,68.5,2019-08-13,0.06704612821340561,1,Low,spatial_event
28.0,68.75,2019-08-13,0.07026098668575287,1,Low,spatial_event
28.0,69.0,2019-08-13,0.05585313215851784,1,Low,spatial_event
28.0,69.25,2019-08-13,0.11748743802309036,1,Low,spatial_event
28.0,69.5,2019-08-13,0.24738013744354248,1,Low,spatial_event
28.0,69.75,2019-08-13,0.06501294672489166,1,Low,spatial_event
28.0,70.0,2019-08-13,0.04236184433102608,1,Low,spatial_event
27.75,67.25,2019-08-13,0.04619990661740303,1,Low,spatial_event
27.75,67.5,2019-08-13,0.04835762456059456,1,Low,spatial_event
27.75,67.75,2019-08-13,0.2879834473133087,2,Moderate,spatial_event
27.75,68.0,2019-08-13,0.08387181162834167,1,Low,spatial_event
27.75,68.25,2019-08-13,0.2846482992172241,2,Moderate,spatial_event
27.75,68.5,2019-08-13,0.038258690387010574,1,Low,spatial_event
27.75,68.75,2019-08-13,0.05357895419001579,1,Low,spatial_event
27.75,69.0,2019-08-13,0.05192076042294502,1,Low,spatial_event
27.75,69.25,2019-08-13,0.06128082051873207,1,Low,spatial_event
27.75,69.5,2019-08-13,0.22017556428909302,1,Low,spatial_event
27.75,69.75,2019-08-13,0.14945723116397858,1,Low,spatial_event
27.75,70.0,2019-08-13,0.14998102188110352,1,Low,spatial_event
27.5,67.25,2019-08-13,0.04619990661740303,1,Low,spatial_event
27.5,67.5,2019-08-13,0.050865981727838516,1,Low,spatial_event
27.5,67.75,2019-08-13,0.10578667372465134,1,Low,spatial_event
27.5,68.0,2019-08-13,0.35150280594825745,2,Moderate,spatial_event
27.5,68.25,2019-08-13,0.07259830087423325,1,Low,spatial_event
27.5,68.5,2019-08-13,0.08034459501504898,1,Low,spatial_event
27.5,68.75,2019-08-13,0.05644666776061058,1,Low,spatial_event
27.5,69.0,2019-08-13,0.04484659433364868,1,Low,spatial_event
27.5,69.25,2019-08-13,0.033801618963479996,1,Low,spatial_event
27.5,69.5,2019-08-13,0.35012125968933105,2,Moderate,spatial_event
27.5,69.75,2019-08-13,0.017283564433455467,1,Low,spatial_event
27.5,70.0,2019-08-13,0.04757239297032356,1,Low,spatial_event
27.25,67.25,2019-08-13,0.05868013575673103,1,Low,spatial_event
27.25,67.5,2019-08-13,0.05770101025700569,1,Low,spatial_event
27.25,67.75,2019-08-13,0.401561439037323,2,Moderate,spatial_event
27.25,68.0,2019-08-13,0.12090378254652023,1,Low,spatial_event
27.25,68.25,2019-08-13,0.061292361468076706,1,Low,spatial_event
27.25,68.5,2019-08-13,0.16200695931911469,1,Low,spatial_event
27.25,68.75,2019-08-13,0.03230145573616028,1,Low,spatial_event
27.25,69.0,2019-08-13,0.1313762068748474,1,Low,spatial_event
27.25,69.25,2019-08-13,0.05527469515800476,1,Low,spatial_event
27.25,69.5,2019-08-13,0.01599200628697872,1,Low,spatial_event
27.25,69.75,2019-08-13,0.011984750628471375,1,Low,spatial_event
27.0,67.25,2019-08-13,0.05793117731809616,1,Low,spatial_event
27.0,67.5,2019-08-13,0.04919061064720154,1,Low,spatial_event
27.0,67.75,2019-08-13,0.1880248486995697,1,Low,spatial_event
27.0,68.0,2019-08-13,0.04110000282526016,1,Low,spatial_event
27.0,68.25,2019-08-13,0.06915576756000519,1,Low,spatial_event
27.0,68.5,2019-08-13,0.16113673150539398,1,Low,spatial_event
27.0,68.75,2019-08-13,0.03189265727996826,1,Low,spatial_event
27.0,69.0,2019-08-13,0.01786462776362896,1,Low,spatial_event
27.0,69.25,2019-08-13,0.05525517836213112,1,Low,spatial_event
27.0,69.5,2019-08-13,0.03372936323285103,1,Low,spatial_event
26.75,67.25,2019-08-13,0.08253210783004761,1,Low,spatial_event
26.75,67.5,2019-08-13,0.07837960869073868,1,Low,spatial_event
26.75,67.75,2019-08-13,0.13102415204048157,1,Low,spatial_event
26.75,68.0,2019-08-13,0.0446433462202549,1,Low,spatial_event
26.75,68.25,2019-08-13,0.054173510521650314,1,Low,spatial_event
26.75,68.5,2019-08-13,0.04065484553575516,1,Low,spatial_event
26.75,68.75,2019-08-13,0.01790763810276985,1,Low,spatial_event
26.75,69.0,2019-08-13,0.016648458316922188,1,Low,spatial_event
26.75,69.25,2019-08-13,0.06807128340005875,1,Low,spatial_event
26.75,69.5,2019-08-13,0.040219005197286606,1,Low,spatial_event
26.75,69.75,2019-08-13,0.036400433629751205,1,Low,spatial_event
26.5,67.25,2019-08-13,0.04764125123620033,1,Low,spatial_event
26.5,67.5,2019-08-13,0.08063505589962006,1,Low,spatial_event
26.5,67.75,2019-08-13,0.23232677578926086,1,Low,spatial_event
26.5,68.0,2019-08-13,0.14859504997730255,1,Low,spatial_event
26.5,68.25,2019-08-13,0.1852060705423355,1,Low,spatial_event
26.5,68.5,2019-08-13,0.046335309743881226,1,Low,spatial_event
26.5,68.75,2019-08-13,0.01790763810276985,1,Low,spatial_event
26.5,69.0,2019-08-13,0.018270332366228104,1,Low,spatial_event
26.5,69.25,2019-08-13,0.017283564433455467,1,Low,spatial_event
26.5,69.5,2019-08-13,0.05525517836213112,1,Low,spatial_event
26.5,69.75,2019-08-13,0.05525517836213112,1,Low,spatial_event
26.5,70.0,2019-08-13,0.01638861373066902,1,Low,spatial_event
26.5,70.25,2019-08-13,0.01638861373066902,1,Low,spatial_event
26.25,67.25,2019-08-13,0.043416716158390045,1,Low,spatial_event
26.25,67.5,2019-08-13,0.053150542080402374,1,Low,spatial_event
26.25,67.75,2019-08-13,0.07564079761505127,1,Low,spatial_event
26.25,68.0,2019-08-13,0.034687742590904236,1,Low,spatial_event
26.25,68.25,2019-08-13,0.11148859560489655,1,Low,spatial_event
26.25,68.5,2019-08-13,0.09847953915596008,1,Low,spatial_event
26.25,68.75,2019-08-13,0.04841620475053787,1,Low,spatial_event
26.25,69.0,2019-08-13,0.03358576074242592,1,Low,spatial_event
26.25,69.25,2019-08-13,0.01786462776362896,1,Low,spatial_event
26.25,69.5,2019-08-13,0.017283564433455467,1,Low,spatial_event
26.25,69.75,2019-08-13,0.01638861373066902,1,Low,spatial_event
26.25,70.0,2019-08-13,0.01638861373066902,1,Low,spatial_event
26.25,70.25,2019-08-13,0.01638861373066902,1,Low,spatial_event
26.0,67.5,2019-08-13,0.2769756317138672,2,Moderate,spatial_event
26.0,67.75,2019-08-13,0.2274557501077652,1,Low,spatial_event
26.0,68.0,2019-08-13,0.055728979408741,1,Low,spatial_event
26.0,68.25,2019-08-13,0.0399036779999733,1,Low,spatial_event
26.0,68.5,2019-08-13,0.10286310315132141,1,Low,spatial_event
26.0,68.75,2019-08-13,0.10999306291341782,1,Low,spatial_event
26.0,69.0,2019-08-13,0.032817862927913666,1,Low,spatial_event
26.0,69.25,2019-08-13,0.017283564433455467,1,Low,spatial_event
26.0,69.5,2019-08-13,0.01638861373066902,1,Low,spatial_event
26.0,69.75,2019-08-13,0.020022785291075706,1,Low,spatial_event
26.0,70.0,2019-08-13,0.020022785291075706,1,Low,spatial_event
25.75,67.5,2019-08-13,0.32674023509025574,2,Moderate,spatial_event
25.75,67.75,2019-08-13,0.2670121490955353,2,Moderate,spatial_event
25.75,68.0,2019-08-13,0.03588159382343292,1,Low,spatial_event
25.75,68.25,2019-08-13,0.051202066242694855,1,Low,spatial_event
25.75,68.5,2019-08-13,0.04610462859272957,1,Low,spatial_event
25.75,68.75,2019-08-13,0.14342539012432098,1,Low,spatial_event
25.75,69.0,2019-08-13,0.1136307343840599,1,Low,spatial_event
25.75,69.25,2019-08-13,0.03337749093770981,1,Low,spatial_event
25.75,69.5,2019-08-13,0.014322786591947079,1,Low,spatial_event
25.75,69.75,2019-08-13,0.02458163909614086,1,Low,spatial_event
25.75,70.0,2019-08-13,0.02458163909614086,1,Low,spatial_event
25.75,70.25,2019-08-13,0.02540171518921852,1,Low,spatial_event
25.75,70.5,2019-08-13,0.02458163909614086,1,Low,spatial_event
25.75,70.75,2019-08-13,0.03149190545082092,1,Low,spatial_event
25.5,67.25,2019-08-13,0.29058030247688293,2,Moderate,spatial_event
25.5,67.5,2019-08-13,0.30386021733283997,2,Moderate,spatial_event
25.5,67.75,2019-08-13,0.31576845049858093,2,Moderate,spatial_event
25.5,68.0,2019-08-13,0.1310100257396698,1,Low,spatial_event
25.5,68.25,2019-08-13,0.06402930617332458,1,Low,spatial_event
25.5,68.5,2019-08-13,0.2660687267780304,2,Moderate,spatial_event
25.5,68.75,2019-08-13,0.5958667397499084,3,High,spatial_event
25.5,69.0,2019-08-13,0.1249559074640274,1,Low,spatial_event
25.5,69.25,2019-08-13,0.1698743999004364,1,Low,spatial_event
25.5,69.5,2019-08-13,0.039393410086631775,1,Low,spatial_event
25.5,69.75,2019-08-13,0.01687321625649929,1,Low,spatial_event
25.5,70.0,2019-08-13,0.023071954026818275,1,Low,spatial_event
25.5,70.25,2019-08-13,0.07247168570756912,1,Low,spatial_event
25.5,70.5,2019-08-13,0.25069910287857056,2,Moderate,spatial_event
25.5,70.75,2019-08-13,0.12756669521331787,1,Low,spatial_event
25.25,67.0,2019-08-13,0.11207690834999084,1,Low,spatial_event
25.25,67.25,2019-08-13,0.30386021733283997,2,Moderate,spatial_event
25.25,67.5,2019-08-13,0.1310100257396698,1,Low,spatial_event
25.25,67.75,2019-08-13,0.12727774679660797,1,Low,spatial_event
25.25,68.0,2019-08-13,0.12799298763275146,1,Low,spatial_event
25.25,68.25,2019-08-13,0.23106072843074799,1,Low,spatial_event
25.25,68.5,2019-08-13,0.21265502274036407,1,Low,spatial_event
25.25,68.75,2019-08-13,0.16044725477695465,1,Low,spatial_event
25.25,69.0,2019-08-13,0.04629093408584595,1,Low,spatial_event
25.25,69.25,2019-08-13,0.5230181813240051,3,High,spatial_event
25.25,69.5,2019-08-13,0.11363106966018677,1,Low,spatial_event
25.25,69.75,2019-08-13,0.028100276365876198,1,Low,spatial_event
25.25,70.0,2019-08-13,0.07024151086807251,1,Low,spatial_event
25.25,70.25,2019-08-13,0.1257692277431488,1,Low,spatial_event
25.25,70.5,2019-08-13,0.12211484462022781,1,Low,spatial_event
25.25,70.75,2019-08-13,0.12211484462022781,1,Low,spatial_event
25.25,71.0,2019-08-13,0.06928281486034393,1,Low,spatial_event
25.0,66.75,2019-08-13,0.0943748727440834,1,Low,spatial_event
25.0,67.0,2019-08-13,0.1196497306227684,1,Low,spatial_event
25.0,67.25,2019-08-13,0.12651081383228302,1,Low,spatial_event
25.0,67.5,2019-08-13,0.125501811504364,1,Low,spatial_event
25.0,67.75,2019-08-13,0.11681098490953445,1,Low,spatial_event
25.0,68.0,2019-08-13,0.15070515871047974,1,Low,spatial_event
25.0,68.25,2019-08-13,0.19939935207366943,1,Low,spatial_event
25.0,68.5,2019-08-13,0.22772318124771118,1,Low,spatial_event
25.0,68.75,2019-08-13,0.16837725043296814,1,Low,spatial_event
25.0,69.0,2019-08-13,0.5718575716018677,3,High,spatial_event
25.0,69.25,2019-08-13,0.1218646988272667,1,Low,spatial_event
25.0,69.5,2019-08-13,0.060809068381786346,1,Low,spatial_event
25.0,69.75,2019-08-13,0.08730535209178925,1,Low,spatial_event
25.0,70.0,2019-08-13,0.24973435699939728,1,Low,spatial_event
25.0,70.25,2019-08-13,0.14800918102264404,1,Low,spatial_event
25.0,70.5,2019-08-13,0.14800918102264404,1,Low,spatial_event
25.0,70.75,2019-08-13,0.12211484462022781,1,Low,spatial_event
25.0,71.0,2019-08-13,0.07024151086807251,1,Low,spatial_event
24.75,66.75,2019-08-13,0.10083620250225067,1,Low,spatial_event
24.75,67.0,2019-08-13,0.13245230913162231,1,Low,spatial_event
24.75,67.25,2019-08-13,0.12237556278705597,1,Low,spatial_event
24.75,67.5,2019-08-13,0.10965356975793839,1,Low,spatial_event
24.75,67.75,2019-08-13,0.351629376411438,2,Moderate,spatial_event
24.75,68.0,2019-08-13,0.39983782172203064,2,Moderate,spatial_event
24.75,68.25,2019-08-13,0.7427336573600769,3,High,spatial_event
24.75,68.5,2019-08-13,0.1078089252114296,1,Low,spatial_event
24.75,68.75,2019-08-13,0.05462286248803139,1,Low,spatial_event
24.75,69.0,2019-08-13,0.2011156529188156,1,Low,spatial_event
24.75,69.25,2019-08-13,0.06562931090593338,1,Low,spatial_event
24.75,69.5,2019-08-13,0.2597521245479584,2,Moderate,spatial_event
24.75,69.75,2019-08-13,0.10154898464679718,1,Low,spatial_event
24.75,70.0,2019-08-13,0.10154898464679718,1,Low,spatial_event
24.75,70.25,2019-08-13,0.09344256669282913,1,Low,spatial_event
24.75,70.5,2019-08-13,0.09344256669282913,1,Low,spatial_event
24.75,70.75,2019-08-13,0.09002155810594559,1,Low,spatial_event
24.75,71.0,2019-08-13,0.07247168570756912,1,Low,spatial_event
24.5,67.25,2019-08-13,0.1038571372628212,1,Low,spatial_event
24.5,67.5,2019-08-13,0.14028601348400116,1,Low,spatial_event
24.5,67.75,2019-08-13,0.4142085909843445,2,Moderate,spatial_event
24.5,68.0,2019-08-13,0.5018922686576843,3,High,spatial_event
24.5,68.25,2019-08-13,0.20381903648376465,1,Low,spatial_event
24.5,68.5,2019-08-13,0.490665465593338,2,Moderate,spatial_event
24.5,68.75,2019-08-13,0.17722885310649872,1,Low,spatial_event
24.5,69.0,2019-08-13,0.19503886997699738,1,Low,spatial_event
24.5,69.25,2019-08-13,0.2167760133743286,1,Low,spatial_event
24.5,69.5,2019-08-13,0.0710502490401268,1,Low,spatial_event
24.5,69.75,2019-08-13,0.0710502490401268,1,Low,spatial_event
24.5,70.0,2019-08-13,0.09344256669282913,1,Low,spatial_event
24.5,70.25,2019-08-13,0.19446857273578644,1,Low,spatial_event
24.5,70.5,2019-08-13,0.19235846400260925,1,Low,spatial_event
24.5,70.75,2019-08-13,0.08597191423177719,1,Low,spatial_event
24.5,71.0,2019-08-13,0.0640617161989212,1,Low,spatial_event
24.25,67.25,2019-08-13,0.1038571372628212,1,Low,spatial_event
24.25,67.5,2019-08-13,0.14028601348400116,1,Low,spatial_event
24.25,67.75,2019-08-13,0.1993771195411682,1,Low,spatial_event
24.25,68.0,2019-08-13,0.198235422372818,1,Low,spatial_event
24.25,68.25,2019-08-13,0.16050930321216583,1,Low,spatial_event
24.25,68.5,2019-08-13,0.17276214063167572,1,Low,spatial_event
24.25,68.75,2019-08-13,0.16175028681755066,1,Low,spatial_event
24.25,69.0,2019-08-13,0.061614491045475006,1,Low,spatial_event
24.25,69.25,2019-08-13,0.0879550501704216,1,Low,spatial_event
24.25,69.5,2019-08-13,0.1027246043086052,1,Low,spatial_event
24.25,69.75,2019-08-13,0.07508227229118347,1,Low,spatial_event
24.25,70.0,2019-08-13,0.07508227229118347,1,Low,spatial_event
24.25,70.25,2019-08-13,0.04090486466884613,1,Low,spatial_event
24.25,70.5,2019-08-13,0.0690658837556839,1,Low,spatial_event
24.25,70.75,2019-08-13,0.06043785437941551,1,Low,spatial_event
24.25,71.0,2019-08-13,0.06165282800793648,1,Low,spatial_event
24.0,67.25,2019-08-13,0.12523481249809265,1,Low,spatial_event
24.0,67.5,2019-08-13,0.11033295094966888,1,Low,spatial_event
24.0,67.75,2019-08-13,0.08640584349632263,1,Low,spatial_event
24.0,68.0,2019-08-13,0.086789570748806,1,Low,spatial_event
24.0,68.25,2019-08-13,0.12150809913873672,1,Low,spatial_event
24.0,68.5,2019-08-13,0.09478923678398132,1,Low,spatial_event
24.0,68.75,2019-08-13,0.0941498801112175,1,Low,spatial_event
23.75,67.5,2019-08-13,0.12194668501615524,1,Low,spatial_event
23.75,67.75,2019-08-13,0.12194668501615524,1,Low,spatial_event
23.75,68.0,2019-08-13,0.12194668501615524,1,Low,spatial_event
23.75,68.25,2019-08-13,0.09410364925861359,1,Low,spatial_event
28.5,68.75,2019-08-14,0.09103979170322418,1,Low,spatial_event
28.5,69.0,2019-08-14,0.05599647015333176,1,Low,spatial_event
28.5,69.25,2019-08-14,0.05128157138824463,1,Low,spatial_event
28.5,69.5,2019-08-14,0.05391433835029602,1,Low,spatial_event
28.5,69.75,2019-08-14,0.034204691648483276,1,Low,spatial_event
28.25,68.25,2019-08-14,0.07028510421514511,1,Low,spatial_event
28.25,68.5,2019-08-14,0.054589614272117615,1,Low,spatial_event
28.25,68.75,2019-08-14,0.054589614272117615,1,Low,spatial_event
28.25,69.0,2019-08-14,0.0308691319078207,1,Low,spatial_event
28.25,69.25,2019-08-14,0.03957635164260864,1,Low,spatial_event
28.25,69.5,2019-08-14,0.03957635164260864,1,Low,spatial_event
28.25,69.75,2019-08-14,0.0706191137433052,1,Low,spatial_event
28.0,67.75,2019-08-14,0.178873211145401,1,Low,spatial_event
28.0,68.0,2019-08-14,0.713611900806427,3,High,spatial_event
28.0,68.25,2019-08-14,0.05207889899611473,1,Low,spatial_event
28.0,68.5,2019-08-14,0.01965482532978058,1,Low,spatial_event
28.0,68.75,2019-08-14,0.03578311577439308,1,Low,spatial_event
28.0,69.0,2019-08-14,0.027799785137176514,1,Low,spatial_event
28.0,69.25,2019-08-14,0.09415563195943832,1,Low,spatial_event
28.0,69.5,2019-08-14,0.22017556428909302,1,Low,spatial_event
28.0,69.75,2019-08-14,0.054589614272117615,1,Low,spatial_event
28.0,70.0,2019-08-14,0.043217483907938004,1,Low,spatial_event
27.75,67.25,2019-08-14,0.09486424177885056,1,Low,spatial_event
27.75,67.5,2019-08-14,0.10422912985086441,1,Low,spatial_event
27.75,67.75,2019-08-14,0.5983330011367798,3,High,spatial_event
27.75,68.0,2019-08-14,0.18248410522937775,1,Low,spatial_event
27.75,68.25,2019-08-14,0.2586268484592438,2,Moderate,spatial_event
27.75,68.5,2019-08-14,0.01871880143880844,1,Low,spatial_event
27.75,68.75,2019-08-14,0.01409071497619152,1,Low,spatial_event
27.75,69.0,2019-08-14,0.01409071497619152,1,Low,spatial_event
27.75,69.25,2019-08-14,0.023133721202611923,1,Low,spatial_event
27.75,69.5,2019-08-14,0.019640864804387093,1,Low,spatial_event
27.75,69.75,2019-08-14,0.08478482812643051,1,Low,spatial_event
27.75,70.0,2019-08-14,0.08010412007570267,1,Low,spatial_event
27.5,67.25,2019-08-14,0.05281292274594307,1,Low,spatial_event
27.5,67.5,2019-08-14,0.0627148300409317,1,Low,spatial_event
27.5,67.75,2019-08-14,0.15283994376659393,1,Low,spatial_event
27.5,68.0,2019-08-14,0.6299870610237122,3,High,spatial_event
27.5,68.25,2019-08-14,0.018618591129779816,1,Low,spatial_event
27.5,68.5,2019-08-14,0.020174773409962654,1,Low,spatial_event
27.5,68.75,2019-08-14,0.011405067518353462,1,Low,spatial_event
27.5,69.0,2019-08-14,0.020274639129638672,1,Low,spatial_event
27.5,69.25,2019-08-14,0.013803417794406414,1,Low,spatial_event
27.5,69.5,2019-08-14,0.034465327858924866,1,Low,spatial_event
27.5,69.75,2019-08-14,0.019213343039155006,1,Low,spatial_event
27.5,70.0,2019-08-14,0.012215149588882923,1,Low,spatial_event
27.25,67.25,2019-08-14,0.05389611795544624,1,Low,spatial_event
27.25,67.5,2019-08-14,0.059079911559820175,1,Low,spatial_event
27.25,67.75,2019-08-14,0.6183729767799377,3,High,spatial_event
27.25,68.0,2019-08-14,0.19565074145793915,1,Low,spatial_event
27.25,68.25,2019-08-14,0.044737912714481354,1,Low,spatial_event
27.25,68.5,2019-08-14,0.013179601170122623,1,Low,spatial_event
27.25,68.75,2019-08-14,0.01638861373066902,1,Low,spatial_event
27.25,69.0,2019-08-14,0.03853185474872589,1,Low,spatial_event
27.25,69.25,2019-08-14,0.05251770094037056,1,Low,spatial_event
27.25,69.5,2019-08-14,0.010163065046072006,1,Low,spatial_event
27.25,69.75,2019-08-14,0.0121268006041646,1,Low,spatial_event
27.0,67.25,2019-08-14,0.05389611795544624,1,Low,spatial_event
27.0,67.5,2019-08-14,0.06159049645066261,1,Low,spatial_event
27.0,67.75,2019-08-14,0.19165410101413727,1,Low,spatial_event
27.0,68.0,2019-08-14,0.035848017781972885,1,Low,spatial_event
27.0,68.25,2019-08-14,0.03565162047743797,1,Low,spatial_event
27.0,68.5,2019-08-14,0.03949882462620735,1,Low,spatial_event
27.0,68.75,2019-08-14,0.018243858590722084,1,Low,spatial_event
27.0,69.0,2019-08-14,0.016940122470259666,1,Low,spatial_event
27.0,69.25,2019-08-14,0.05525517836213112,1,Low,spatial_event
27.0,69.5,2019-08-14,0.03201059624552727,1,Low,spatial_event
26.75,67.25,2019-08-14,0.09218837320804596,1,Low,spatial_event
26.75,67.5,2019-08-14,0.0769886001944542,1,Low,spatial_event
26.75,67.75,2019-08-14,0.07029939442873001,1,Low,spatial_event
26.75,68.0,2019-08-14,0.031059037894010544,1,Low,spatial_event
26.75,68.25,2019-08-14,0.015926513820886612,1,Low,spatial_event
26.75,68.5,2019-08-14,0.018243858590722084,1,Low,spatial_event
26.75,68.75,2019-08-14,0.018856586888432503,1,Low,spatial_event
26.75,69.0,2019-08-14,0.016940122470259666,1,Low,spatial_event
26.75,69.25,2019-08-14,0.06807128340005875,1,Low,spatial_event
26.75,69.5,2019-08-14,0.008594935759902,1,Low,spatial_event
26.75,69.75,2019-08-14,0.008594935759902,1,Low,spatial_event
26.5,67.25,2019-08-14,0.07757604867219925,1,Low,spatial_event
26.5,67.5,2019-08-14,0.07508992403745651,1,Low,spatial_event
26.5,67.75,2019-08-14,0.20624105632305145,1,Low,spatial_event
26.5,68.0,2019-08-14,0.04948851838707924,1,Low,spatial_event
26.5,68.25,2019-08-14,0.062243178486824036,1,Low,spatial_event
26.5,68.5,2019-08-14,0.012832053005695343,1,Low,spatial_event
26.5,68.75,2019-08-14,0.022280097007751465,1,Low,spatial_event
26.5,69.0,2019-08-14,0.0219605453312397,1,Low,spatial_event
26.5,69.25,2019-08-14,0.019734950736165047,1,Low,spatial_event
26.5,69.5,2019-08-14,0.008943379856646061,1,Low,spatial_event
26.5,69.75,2019-08-14,0.009827832691371441,1,Low,spatial_event
26.5,70.0,2019-08-14,0.007236020173877478,1,Low,spatial_event
26.5,70.25,2019-08-14,0.007236020173877478,1,Low,spatial_event
26.25,67.25,2019-08-14,0.05412013456225395,1,Low,spatial_event
26.25,67.5,2019-08-14,0.06197557970881462,1,Low,spatial_event
26.25,67.75,2019-08-14,0.05363481119275093,1,Low,spatial_event
26.25,68.0,2019-08-14,0.02232062816619873,1,Low,spatial_event
26.25,68.25,2019-08-14,0.032020214945077896,1,Low,spatial_event
26.25,68.5,2019-08-14,0.040545858442783356,1,Low,spatial_event
26.25,68.75,2019-08-14,0.01433705072849989,1,Low,spatial_event
26.25,69.0,2019-08-14,0.0357431136071682,1,Low,spatial_event
26.25,69.25,2019-08-14,0.018517279997467995,1,Low,spatial_event
26.25,69.5,2019-08-14,0.007236020173877478,1,Low,spatial_event
26.25,69.75,2019-08-14,0.007236020173877478,1,Low,spatial_event
26.25,70.0,2019-08-14,0.007236020173877478,1,Low,spatial_event
26.25,70.25,2019-08-14,0.007236020173877478,1,Low,spatial_event
26.0,67.5,2019-08-14,0.13958518207073212,1,Low,spatial_event
26.0,67.75,2019-08-14,0.09849473834037781,1,Low,spatial_event
26.0,68.0,2019-08-14,0.016162075102329254,1,Low,spatial_event
26.0,68.25,2019-08-14,0.04410833120346069,1,Low,spatial_event
26.0,68.5,2019-08-14,0.03459758684039116,1,Low,spatial_event
26.0,68.75,2019-08-14,0.0359889380633831,1,Low,spatial_event
26.0,69.0,2019-08-14,0.07278420776128769,1,Low,spatial_event
26.0,69.25,2019-08-14,0.018517279997467995,1,Low,spatial_event
26.0,69.5,2019-08-14,0.007236020173877478,1,Low,spatial_event
26.0,69.75,2019-08-14,0.007236020173877478,1,Low,spatial_event
26.0,70.0,2019-08-14,0.008910002186894417,1,Low,spatial_event
25.75,67.5,2019-08-14,0.16840627789497375,1,Low,spatial_event
25.75,67.75,2019-08-14,0.11481563001871109,1,Low,spatial_event
25.75,68.0,2019-08-14,0.10761681199073792,1,Low,spatial_event
25.75,68.25,2019-08-14,0.03434532508254051,1,Low,spatial_event
25.75,68.5,2019-08-14,0.061461739242076874,1,Low,spatial_event
25.75,68.75,2019-08-14,0.17180787026882172,1,Low,spatial_event
25.75,69.0,2019-08-14,0.29152238368988037,2,Moderate,spatial_event
25.75,69.25,2019-08-14,0.0473736934363842,1,Low,spatial_event
25.75,69.5,2019-08-14,0.0063100820407271385,1,Low,spatial_event
25.75,69.75,2019-08-14,0.008910002186894417,1,Low,spatial_event
25.75,70.0,2019-08-14,0.008910002186894417,1,Low,spatial_event
25.75,70.25,2019-08-14,0.023409415036439896,1,Low,spatial_event
25.75,70.5,2019-08-14,0.025769470259547234,1,Low,spatial_event
25.75,70.75,2019-08-14,0.04385105520486832,1,Low,spatial_event
25.5,67.25,2019-08-14,0.1473819464445114,1,Low,spatial_event
25.5,67.5,2019-08-14,0.16724041104316711,1,Low,spatial_event
25.5,67.75,2019-08-14,0.15299132466316223,1,Low,spatial_event
25.5,68.0,2019-08-14,0.1824219673871994,1,Low,spatial_event
25.5,68.25,2019-08-14,0.4280641973018646,2,Moderate,spatial_event
25.5,68.5,2019-08-14,0.3573479652404785,2,Moderate,spatial_event
25.5,68.75,2019-08-14,0.663665235042572,3,High,spatial_event
25.5,69.0,2019-08-14,0.2657916247844696,2,Moderate,spatial_event
25.5,69.25,2019-08-14,0.059410057961940765,1,Low,spatial_event
25.5,69.5,2019-08-14,0.02588508278131485,1,Low,spatial_event
25.5,69.75,2019-08-14,0.011716573499143124,1,Low,spatial_event
25.5,70.0,2019-08-14,0.009867450222373009,1,Low,spatial_event
25.5,70.25,2019-08-14,0.031158173456788063,1,Low,spatial_event
25.5,70.5,2019-08-14,0.19174782931804657,1,Low,spatial_event
25.5,70.75,2019-08-14,0.06767451763153076,1,Low,spatial_event
25.25,67.0,2019-08-14,0.10515999794006348,1,Low,spatial_event
25.25,67.25,2019-08-14,0.1410994678735733,1,Low,spatial_event
25.25,67.5,2019-08-14,0.24485360085964203,1,Low,spatial_event
25.25,67.75,2019-08-14,0.1824219673871994,1,Low,spatial_event
25.25,68.0,2019-08-14,0.24035905301570892,1,Low,spatial_event
25.25,68.25,2019-08-14,0.38658928871154785,2,Moderate,spatial_event
25.25,68.5,2019-08-14,0.40006765723228455,2,Moderate,spatial_event
25.25,68.75,2019-08-14,0.41573286056518555,2,Moderate,spatial_event
25.25,69.0,2019-08-14,0.09763341397047043,1,Low,spatial_event
25.25,69.25,2019-08-14,0.07586582005023956,1,Low,spatial_event
25.25,69.5,2019-08-14,0.028268489986658096,1,Low,spatial_event
25.25,69.75,2019-08-14,0.04783577471971512,1,Low,spatial_event
25.25,70.0,2019-08-14,0.02700023725628853,1,Low,spatial_event
25.25,70.25,2019-08-14,0.03263768553733826,1,Low,spatial_event
25.25,70.5,2019-08-14,0.049554865807294846,1,Low,spatial_event
25.25,70.75,2019-08-14,0.049554865807294846,1,Low,spatial_event
25.25,71.0,2019-08-14,0.0611715205013752,1,Low,spatial_event
25.0,66.75,2019-08-14,0.3125963509082794,2,Moderate,spatial_event
25.0,67.0,2019-08-14,0.07894450426101685,1,Low,spatial_event
25.0,67.25,2019-08-14,0.1054668202996254,1,Low,spatial_event
25.0,67.5,2019-08-14,0.27817097306251526,2,Moderate,spatial_event
25.0,67.75,2019-08-14,0.27946263551712036,2,Moderate,spatial_event
25.0,68.0,2019-08-14,0.32169967889785767,2,Moderate,spatial_event
25.0,68.25,2019-08-14,0.41208356618881226,2,Moderate,spatial_event
25.0,68.5,2019-08-14,0.4898536205291748,2,Moderate,spatial_event
25.0,68.75,2019-08-14,0.5274085998535156,3,High,spatial_event
25.0,69.0,2019-08-14,0.5334425568580627,3,High,spatial_event
25.0,69.25,2019-08-14,0.06306231021881104,1,Low,spatial_event
25.0,69.5,2019-08-14,0.05420241132378578,1,Low,spatial_event
25.0,69.75,2019-08-14,0.03263768553733826,1,Low,spatial_event
25.0,70.0,2019-08-14,0.027898691594600677,1,Low,spatial_event
25.0,70.25,2019-08-14,0.02799740433692932,1,Low,spatial_event
25.0,70.5,2019-08-14,0.060749601572752,1,Low,spatial_event
25.0,70.75,2019-08-14,0.049554865807294846,1,Low,spatial_event
25.0,71.0,2019-08-14,0.0492391511797905,1,Low,spatial_event
24.75,66.75,2019-08-14,0.34072619676589966,2,Moderate,spatial_event
24.75,67.0,2019-08-14,0.18676409125328064,1,Low,spatial_event
24.75,67.25,2019-08-14,0.2854961156845093,2,Moderate,spatial_event
24.75,67.5,2019-08-14,0.24509909749031067,1,Low,spatial_event
24.75,67.75,2019-08-14,0.2841910123825073,2,Moderate,spatial_event
24.75,68.0,2019-08-14,0.22326849400997162,1,Low,spatial_event
24.75,68.25,2019-08-14,0.7049373388290405,3,High,spatial_event
24.75,68.5,2019-08-14,0.4906473755836487,2,Moderate,spatial_event
24.75,68.75,2019-08-14,0.2964242696762085,2,Moderate,spatial_event
24.75,69.0,2019-08-14,0.10255134105682373,1,Low,spatial_event
24.75,69.25,2019-08-14,0.07307501137256622,1,Low,spatial_event
24.75,69.5,2019-08-14,0.0629848912358284,1,Low,spatial_event
24.75,69.75,2019-08-14,0.01993856579065323,1,Low,spatial_event
24.75,70.0,2019-08-14,0.016627667471766472,1,Low,spatial_event
24.75,70.25,2019-08-14,0.04182063788175583,1,Low,spatial_event
24.75,70.5,2019-08-14,0.04291335493326187,1,Low,spatial_event
24.75,70.75,2019-08-14,0.040199536830186844,1,Low,spatial_event
24.75,71.0,2019-08-14,0.04291335493326187,1,Low,spatial_event
24.5,67.25,2019-08-14,0.11998862028121948,1,Low,spatial_event
24.5,67.5,2019-08-14,0.16537703573703766,1,Low,spatial_event
24.5,67.75,2019-08-14,0.21887803077697754,1,Low,spatial_event
24.5,68.0,2019-08-14,0.48951464891433716,2,Moderate,spatial_event
24.5,68.25,2019-08-14,0.2010466754436493,1,Low,spatial_event
24.5,68.5,2019-08-14,0.27269142866134644,2,Moderate,spatial_event
24.5,68.75,2019-08-14,0.04518149420619011,1,Low,spatial_event
24.5,69.0,2019-08-14,0.04497266933321953,1,Low,spatial_event
24.5,69.25,2019-08-14,0.06749632954597473,1,Low,spatial_event
24.5,69.5,2019-08-14,0.020130932331085205,1,Low,spatial_event
24.5,69.75,2019-08-14,0.016359038650989532,1,Low,spatial_event
24.5,70.0,2019-08-14,0.022543685510754585,1,Low,spatial_event
24.5,70.25,2019-08-14,0.15366172790527344,1,Low,spatial_event
24.5,70.5,2019-08-14,0.044501230120658875,1,Low,spatial_event
24.5,70.75,2019-08-14,0.045179981738328934,1,Low,spatial_event
24.5,71.0,2019-08-14,0.05246041715145111,1,Low,spatial_event
24.25,67.25,2019-08-14,0.025823364034295082,1,Low,spatial_event
24.25,67.5,2019-08-14,0.043570324778556824,1,Low,spatial_event
24.25,67.75,2019-08-14,0.2010466754436493,1,Low,spatial_event
24.25,68.0,2019-08-14,0.04662758857011795,1,Low,spatial_event
24.25,68.25,2019-08-14,0.048804644495248795,1,Low,spatial_event
24.25,68.5,2019-08-14,0.04625462368130684,1,Low,spatial_event
24.25,68.75,2019-08-14,0.05231253057718277,1,Low,spatial_event
24.25,69.0,2019-08-14,0.02792481519281864,1,Low,spatial_event
24.25,69.25,2019-08-14,0.040809266269207,1,Low,spatial_event
24.25,69.5,2019-08-14,0.026663344353437424,1,Low,spatial_event
24.25,69.75,2019-08-14,0.02109258808195591,1,Low,spatial_event
24.25,70.0,2019-08-14,0.05093763768672943,1,Low,spatial_event
24.25,70.25,2019-08-14,0.03179240971803665,1,Low,spatial_event
24.25,70.5,2019-08-14,0.06642816215753555,1,Low,spatial_event
24.25,70.75,2019-08-14,0.05409752577543259,1,Low,spatial_event
24.25,71.0,2019-08-14,0.05097416415810585,1,Low,spatial_event
24.0,67.25,2019-08-14,0.025823364034295082,1,Low,spatial_event
24.0,67.5,2019-08-14,0.03850414603948593,1,Low,spatial_event
24.0,67.75,2019-08-14,0.08827048540115356,1,Low,spatial_event
24.0,68.0,2019-08-14,0.029080966487526894,1,Low,spatial_event
24.0,68.25,2019-08-14,0.046074166893959045,1,Low,spatial_event
24.0,68.5,2019-08-14,0.03622777387499809,1,Low,spatial_event
24.0,68.75,2019-08-14,0.0251238401979208,1,Low,spatial_event
23.75,67.5,2019-08-14,0.025823364034295082,1,Low,spatial_event
23.75,67.75,2019-08-14,0.025823364034295082,1,Low,spatial_event
23.75,68.0,2019-08-14,0.027049442753195763,1,Low,spatial_event
23.75,68.25,2019-08-14,0.023564379662275314,1,Low,spatial_event
28.5,68.75,2019-08-15,0.0880388617515564,1,Low,spatial_event
28.5,69.0,2019-08-15,0.15538781881332397,1,Low,spatial_event
28.5,69.25,2019-08-15,0.1562722772359848,1,Low,spatial_event
28.5,69.5,2019-08-15,0.15433429181575775,1,Low,spatial_event
28.5,69.75,2019-08-15,0.013579071499407291,1,Low,spatial_event
28.25,68.25,2019-08-15,0.33524617552757263,2,Moderate,spatial_event
28.25,68.5,2019-08-15,0.16012080013751984,1,Low,spatial_event
28.25,68.75,2019-08-15,0.015192737802863121,1,Low,spatial_event
28.25,69.0,2019-08-15,0.012037844397127628,1,Low,spatial_event
28.25,69.25,2019-08-15,0.012151473201811314,1,Low,spatial_event
28.25,69.5,2019-08-15,0.012074602767825127,1,Low,spatial_event
28.25,69.75,2019-08-15,0.020821018144488335,1,Low,spatial_event
28.0,67.75,2019-08-15,0.7068979740142822,3,High,spatial_event
28.0,68.0,2019-08-15,0.8417216539382935,4,Very High,spatial_event
28.0,68.25,2019-08-15,0.21387432515621185,1,Low,spatial_event
28.0,68.5,2019-08-15,0.018073663115501404,1,Low,spatial_event
28.0,68.75,2019-08-15,0.014752284623682499,1,Low,spatial_event
28.0,69.0,2019-08-15,0.007616735529154539,1,Low,spatial_event
28.0,69.25,2019-08-15,0.0219599399715662,1,Low,spatial_event
28.0,69.5,2019-08-15,0.016334058716893196,1,Low,spatial_event
28.0,69.75,2019-08-15,0.012826514430344105,1,Low,spatial_event
28.0,70.0,2019-08-15,0.014345483854413033,1,Low,spatial_event
27.75,67.25,2019-08-15,0.5992781519889832,3,High,spatial_event
27.75,67.5,2019-08-15,0.08650703728199005,1,Low,spatial_event
27.75,67.75,2019-08-15,0.8613936305046082,4,Very High,spatial_event
27.75,68.0,2019-08-15,0.24443797767162323,1,Low,spatial_event
27.75,68.25,2019-08-15,0.9750246405601501,4,Very High,spatial_event
27.75,68.5,2019-08-15,0.013451824896037579,1,Low,spatial_event
27.75,68.75,2019-08-15,0.006292982026934624,1,Low,spatial_event
27.75,69.0,2019-08-15,0.006982570048421621,1,Low,spatial_event
27.75,69.25,2019-08-15,0.009513678960502148,1,Low,spatial_event
27.75,69.5,2019-08-15,0.015503930859267712,1,Low,spatial_event
27.75,69.75,2019-08-15,0.00837474875152111,1,Low,spatial_event
27.75,70.0,2019-08-15,0.009473047219216824,1,Low,spatial_event
27.5,67.25,2019-08-15,0.1819903701543808,1,Low,spatial_event
27.5,67.5,2019-08-15,0.13537727296352386,1,Low,spatial_event
27.5,67.75,2019-08-15,0.2268890142440796,1,Low,spatial_event
27.5,68.0,2019-08-15,0.986759603023529,4,Very High,spatial_event
27.5,68.25,2019-08-15,0.011262749321758747,1,Low,spatial_event
27.5,68.5,2019-08-15,0.019563287496566772,1,Low,spatial_event
27.5,68.75,2019-08-15,0.004507102537900209,1,Low,spatial_event
27.5,69.0,2019-08-15,0.006432590074837208,1,Low,spatial_event
27.5,69.25,2019-08-15,0.0051376293413341045,1,Low,spatial_event
27.5,69.5,2019-08-15,0.005321132019162178,1,Low,spatial_event
27.5,69.75,2019-08-15,0.009423159062862396,1,Low,spatial_event
27.5,70.0,2019-08-15,0.008836005814373493,1,Low,spatial_event
27.25,67.25,2019-08-15,0.1033560037612915,1,Low,spatial_event
27.25,67.5,2019-08-15,0.0285500418394804,1,Low,spatial_event
27.25,67.75,2019-08-15,0.9739686846733093,4,Very High,spatial_event
27.25,68.0,2019-08-15,0.20697714388370514,1,Low,spatial_event
27.25,68.25,2019-08-15,0.04380103200674057,1,Low,spatial_event
27.25,68.5,2019-08-15,0.004312772769480944,1,Low,spatial_event
27.25,68.75,2019-08-15,0.007342923898249865,1,Low,spatial_event
27.25,69.0,2019-08-15,0.017142634838819504,1,Low,spatial_event
27.25,69.25,2019-08-15,0.006498033180832863,1,Low,spatial_event
27.25,69.5,2019-08-15,0.006903161760419607,1,Low,spatial_event
27.25,69.75,2019-08-15,0.010594183579087257,1,Low,spatial_event
27.0,67.25,2019-08-15,0.11142689734697342,1,Low,spatial_event
27.0,67.5,2019-08-15,0.015625303611159325,1,Low,spatial_event
27.0,67.75,2019-08-15,0.07809597998857498,1,Low,spatial_event
27.0,68.0,2019-08-15,0.07148522138595581,1,Low,spatial_event
27.0,68.25,2019-08-15,0.032719310373067856,1,Low,spatial_event
27.0,68.5,2019-08-15,0.017847033217549324,1,Low,spatial_event
27.0,68.75,2019-08-15,0.007342923898249865,1,Low,spatial_event
27.0,69.0,2019-08-15,0.007481862790882587,1,Low,spatial_event
27.0,69.25,2019-08-15,0.008578503504395485,1,Low,spatial_event
27.0,69.5,2019-08-15,0.007605948485434055,1,Low,spatial_event
26.75,67.25,2019-08-15,0.024410640820860863,1,Low,spatial_event
26.75,67.5,2019-08-15,0.026239020749926567,1,Low,spatial_event
26.75,67.75,2019-08-15,0.02077525667846203,1,Low,spatial_event
26.75,68.0,2019-08-15,0.019693125039339066,1,Low,spatial_event
26.75,68.25,2019-08-15,0.0045057483948767185,1,Low,spatial_event
26.75,68.5,2019-08-15,0.006114873569458723,1,Low,spatial_event
26.75,68.75,2019-08-15,0.0057073733769357204,1,Low,spatial_event
26.75,69.0,2019-08-15,0.007481862790882587,1,Low,spatial_event
26.75,69.25,2019-08-15,0.010690745897591114,1,Low,spatial_event
26.75,69.5,2019-08-15,0.009156059473752975,1,Low,spatial_event
26.75,69.75,2019-08-15,0.009618505835533142,1,Low,spatial_event
26.5,67.25,2019-08-15,0.03167828917503357,1,Low,spatial_event
26.5,67.5,2019-08-15,0.042066335678100586,1,Low,spatial_event
26.5,67.75,2019-08-15,0.039457689970731735,1,Low,spatial_event
26.5,68.0,2019-08-15,0.03679348900914192,1,Low,spatial_event
26.5,68.25,2019-08-15,0.006470601074397564,1,Low,spatial_event
26.5,68.5,2019-08-15,0.004145970102399588,1,Low,spatial_event
26.5,68.75,2019-08-15,0.006114873569458723,1,Low,spatial_event
26.5,69.0,2019-08-15,0.007236020173877478,1,Low,spatial_event
26.5,69.25,2019-08-15,0.006314068101346493,1,Low,spatial_event
26.5,69.5,2019-08-15,0.009156059473752975,1,Low,spatial_event
26.5,69.75,2019-08-15,0.009156059473752975,1,Low,spatial_event
26.5,70.0,2019-08-15,0.007189102936536074,1,Low,spatial_event
26.5,70.25,2019-08-15,0.007189102936536074,1,Low,spatial_event
26.25,67.25,2019-08-15,0.03419533744454384,1,Low,spatial_event
26.25,67.5,2019-08-15,0.2500635087490082,2,Moderate,spatial_event
26.25,67.75,2019-08-15,0.964464545249939,4,Very High,spatial_event
26.25,68.0,2019-08-15,0.02551821619272232,1,Low,spatial_event
26.25,68.25,2019-08-15,0.012410009279847145,1,Low,spatial_event
26.25,68.5,2019-08-15,0.039411529898643494,1,Low,spatial_event
26.25,68.75,2019-08-15,0.005443417001515627,1,Low,spatial_event
26.25,69.0,2019-08-15,0.009780278429389,1,Low,spatial_event
26.25,69.25,2019-08-15,0.007717682980000973,1,Low,spatial_event
26.25,69.5,2019-08-15,0.005887595936655998,1,Low,spatial_event
26.25,69.75,2019-08-15,0.006285132374614477,1,Low,spatial_event
26.25,70.0,2019-08-15,0.006285132374614477,1,Low,spatial_event
26.25,70.25,2019-08-15,0.008852328173816204,1,Low,spatial_event
26.0,67.5,2019-08-15,0.27642369270324707,2,Moderate,spatial_event
26.0,67.75,2019-08-15,0.04695061221718788,1,Low,spatial_event
26.0,68.0,2019-08-15,0.043873779475688934,1,Low,spatial_event
26.0,68.25,2019-08-15,0.01600169762969017,1,Low,spatial_event
26.0,68.5,2019-08-15,0.01496606133878231,1,Low,spatial_event
26.0,68.75,2019-08-15,0.01274877693504095,1,Low,spatial_event
26.0,69.0,2019-08-15,0.038497377187013626,1,Low,spatial_event
26.0,69.25,2019-08-15,0.007462695240974426,1,Low,spatial_event
26.0,69.5,2019-08-15,0.006435284856706858,1,Low,spatial_event
26.0,69.75,2019-08-15,0.007740850560367107,1,Low,spatial_event
26.0,70.0,2019-08-15,0.008852328173816204,1,Low,spatial_event
25.75,67.5,2019-08-15,0.4545520842075348,2,Moderate,spatial_event
25.75,67.75,2019-08-15,0.04375471919775009,1,Low,spatial_event
25.75,68.0,2019-08-15,0.05238646641373634,1,Low,spatial_event
25.75,68.25,2019-08-15,0.01729835942387581,1,Low,spatial_event
25.75,68.5,2019-08-15,0.01513897255063057,1,Low,spatial_event
25.75,68.75,2019-08-15,0.024421624839305878,1,Low,spatial_event
25.75,69.0,2019-08-15,0.9589959383010864,4,Very High,spatial_event
25.75,69.25,2019-08-15,0.051051776856184006,1,Low,spatial_event
25.75,69.5,2019-08-15,0.01190097350627184,1,Low,spatial_event
25.75,69.75,2019-08-15,0.010109761729836464,1,Low,spatial_event
25.75,70.0,2019-08-15,0.012389973737299442,1,Low,spatial_event
25.75,70.25,2019-08-15,0.060324776917696,1,Low,spatial_event
25.75,70.5,2019-08-15,0.028191959485411644,1,Low,spatial_event
25.75,70.75,2019-08-15,0.021110445261001587,1,Low,spatial_event
25.5,67.25,2019-08-15,0.07643207907676697,1,Low,spatial_event
25.5,67.5,2019-08-15,0.1700827181339264,1,Low,spatial_event
25.5,67.75,2019-08-15,0.12659744918346405,1,Low,spatial_event
25.5,68.0,2019-08-15,0.12564559280872345,1,Low,spatial_event
25.5,68.25,2019-08-15,0.04577571898698807,1,Low,spatial_event
25.5,68.5,2019-08-15,0.3588390350341797,2,Moderate,spatial_event
25.5,68.75,2019-08-15,0.7856457233428955,4,Very High,spatial_event
25.5,69.0,2019-08-15,0.3623940050601959,2,Moderate,spatial_event
25.5,69.25,2019-08-15,0.28547412157058716,2,Moderate,spatial_event
25.5,69.5,2019-08-15,0.020462146028876305,1,Low,spatial_event
25.5,69.75,2019-08-15,0.009254791773855686,1,Low,spatial_event
25.5,70.0,2019-08-15,0.012389973737299442,1,Low,spatial_event
25.5,70.25,2019-08-15,0.060324776917696,1,Low,spatial_event
25.5,70.5,2019-08-15,0.061863064765930176,1,Low,spatial_event
25.5,70.75,2019-08-15,0.03406953066587448,1,Low,spatial_event
25.25,67.0,2019-08-15,0.05737144127488136,1,Low,spatial_event
25.25,67.25,2019-08-15,0.16428780555725098,1,Low,spatial_event
25.25,67.5,2019-08-15,0.18471980094909668,1,Low,spatial_event
25.25,67.75,2019-08-15,0.16928419470787048,1,Low,spatial_event
25.25,68.0,2019-08-15,0.16928419470787048,1,Low,spatial_event
25.25,68.25,2019-08-15,0.1366766095161438,1,Low,spatial_event
25.25,68.5,2019-08-15,0.22185036540031433,1,Low,spatial_event
25.25,68.75,2019-08-15,0.2339898645877838,1,Low,spatial_event
25.25,69.0,2019-08-15,0.1877412348985672,1,Low,spatial_event
25.25,69.25,2019-08-15,0.3948100507259369,2,Moderate,spatial_event
25.25,69.5,2019-08-15,0.020155655220150948,1,Low,spatial_event
25.25,69.75,2019-08-15,0.0209715124219656,1,Low,spatial_event
25.25,70.0,2019-08-15,0.012016058899462223,1,Low,spatial_event
25.25,70.25,2019-08-15,0.060324776917696,1,Low,spatial_event
25.25,70.5,2019-08-15,0.028191959485411644,1,Low,spatial_event
25.25,70.75,2019-08-15,0.02690836973488331,1,Low,spatial_event
25.25,71.0,2019-08-15,0.052041564136743546,1,Low,spatial_event
25.0,66.75,2019-08-15,0.08627688884735107,1,Low,spatial_event
25.0,67.0,2019-08-15,0.06795743852853775,1,Low,spatial_event
25.0,67.25,2019-08-15,0.1226811632514,1,Low,spatial_event
25.0,67.5,2019-08-15,0.16928419470787048,1,Low,spatial_event
25.0,67.75,2019-08-15,0.1786118894815445,1,Low,spatial_event
25.0,68.0,2019-08-15,0.18334312736988068,1,Low,spatial_event
25.0,68.25,2019-08-15,0.15641839802265167,1,Low,spatial_event
25.0,68.5,2019-08-15,0.21368831396102905,1,Low,spatial_event
25.0,68.75,2019-08-15,0.2359256148338318,1,Low,spatial_event
25.0,69.0,2019-08-15,0.41335365176200867,2,Moderate,spatial_event
25.0,69.25,2019-08-15,0.024385903030633926,1,Low,spatial_event
25.0,69.5,2019-08-15,0.02978297881782055,1,Low,spatial_event
25.0,69.75,2019-08-15,0.012422269210219383,1,Low,spatial_event
25.0,70.0,2019-08-15,0.028191959485411644,1,Low,spatial_event
25.0,70.25,2019-08-15,0.0349632166326046,1,Low,spatial_event
25.0,70.5,2019-08-15,0.03338192403316498,1,Low,spatial_event
25.0,70.75,2019-08-15,0.052041564136743546,1,Low,spatial_event
25.0,71.0,2019-08-15,0.053890764713287354,1,Low,spatial_event
24.75,66.75,2019-08-15,0.1028294712305069,1,Low,spatial_event
24.75,67.0,2019-08-15,0.048036061227321625,1,Low,spatial_event
24.75,67.25,2019-08-15,0.06980966776609421,1,Low,spatial_event
24.75,67.5,2019-08-15,0.15372627973556519,1,Low,spatial_event
24.75,67.75,2019-08-15,0.2004815638065338,1,Low,spatial_event
24.75,68.0,2019-08-15,0.15019899606704712,1,Low,spatial_event
24.75,68.25,2019-08-15,0.37868940830230713,2,Moderate,spatial_event
24.75,68.5,2019-08-15,0.22945086658000946,1,Low,spatial_event
24.75,68.75,2019-08-15,0.09806087613105774,1,Low,spatial_event
24.75,69.0,2019-08-15,0.06727305054664612,1,Low,spatial_event
24.75,69.25,2019-08-15,0.12416744977235794,1,Low,spatial_event
24.75,69.5,2019-08-15,0.02201876789331436,1,Low,spatial_event
24.75,69.75,2019-08-15,0.020825272426009178,1,Low,spatial_event
24.75,70.0,2019-08-15,0.020825272426009178,1,Low,spatial_event
24.75,70.25,2019-08-15,0.02690836973488331,1,Low,spatial_event
24.75,70.5,2019-08-15,0.027803856879472733,1,Low,spatial_event
24.75,70.75,2019-08-15,0.05215853080153465,1,Low,spatial_event
24.75,71.0,2019-08-15,0.05788227170705795,1,Low,spatial_event
24.5,67.25,2019-08-15,0.05026237294077873,1,Low,spatial_event
24.5,67.5,2019-08-15,0.13412009179592133,1,Low,spatial_event
24.5,67.75,2019-08-15,0.15019899606704712,1,Low,spatial_event
24.5,68.0,2019-08-15,0.4065617322921753,2,Moderate,spatial_event
24.5,68.25,2019-08-15,0.06569072604179382,1,Low,spatial_event
24.5,68.5,2019-08-15,0.17778627574443817,1,Low,spatial_event
24.5,68.75,2019-08-15,0.05912094935774803,1,Low,spatial_event
24.5,69.0,2019-08-15,0.05665582790970802,1,Low,spatial_event
24.5,69.25,2019-08-15,0.08174147456884384,1,Low,spatial_event
24.5,69.5,2019-08-15,0.02097257599234581,1,Low,spatial_event
24.5,69.75,2019-08-15,0.02169964089989662,1,Low,spatial_event
24.5,70.0,2019-08-15,0.029353749006986618,1,Low,spatial_event
24.5,70.25,2019-08-15,0.012855769135057926,1,Low,spatial_event
24.5,70.5,2019-08-15,0.012519835494458675,1,Low,spatial_event
24.5,70.75,2019-08-15,0.29546400904655457,2,Moderate,spatial_event
24.5,71.0,2019-08-15,0.49682900309562683,2,Moderate,spatial_event
24.25,67.25,2019-08-15,0.048036061227321625,1,Low,spatial_event
24.25,67.5,2019-08-15,0.20452779531478882,1,Low,spatial_event
24.25,67.75,2019-08-15,0.1788056343793869,1,Low,spatial_event
24.25,68.0,2019-08-15,0.1750924289226532,1,Low,spatial_event
24.25,68.25,2019-08-15,0.06727305054664612,1,Low,spatial_event
24.25,68.5,2019-08-15,0.06291066110134125,1,Low,spatial_event
24.25,68.75,2019-08-15,0.06579551845788956,1,Low,spatial_event
24.25,69.0,2019-08-15,0.027917714789509773,1,Low,spatial_event
24.25,69.25,2019-08-15,0.11517264693975449,1,Low,spatial_event
24.25,69.5,2019-08-15,0.021559104323387146,1,Low,spatial_event
24.25,69.75,2019-08-15,0.022359777241945267,1,Low,spatial_event
24.25,70.0,2019-08-15,0.009497557766735554,1,Low,spatial_event
24.25,70.25,2019-08-15,0.009059651754796505,1,Low,spatial_event
24.25,70.5,2019-08-15,0.0665903314948082,1,Low,spatial_event
24.25,70.75,2019-08-15,0.3596957325935364,2,Moderate,spatial_event
24.25,71.0,2019-08-15,0.10589823126792908,1,Low,spatial_event
24.0,67.25,2019-08-15,0.026653358712792397,1,Low,spatial_event
24.0,67.5,2019-08-15,0.17496490478515625,1,Low,spatial_event
24.0,67.75,2019-08-15,0.09787685424089432,1,Low,spatial_event
24.0,68.0,2019-08-15,0.10847169160842896,1,Low,spatial_event
24.0,68.25,2019-08-15,0.05665582790970802,1,Low,spatial_event
24.0,68.5,2019-08-15,0.059272002428770065,1,Low,spatial_event
24.0,68.75,2019-08-15,0.10160239040851593,1,Low,spatial_event
23.75,67.5,2019-08-15,0.026653358712792397,1,Low,spatial_event
23.75,67.75,2019-08-15,0.026653358712792397,1,Low,spatial_event
23.75,68.0,2019-08-15,0.027917714789509773,1,Low,spatial_event
23.75,68.25,2019-08-15,0.026653358712792397,1,Low,spatial_event
